q=7 n=2 |PSp|=138297600 classes=52
CLASS q=7 n=2 order=1 size=1 M=[ [ 1, 0, 0, 0 ], [ 0, 1, 0, 0 ], 
  [ 0, 0, 1, 0 ], [ 0, 0, 0, 1 ] ]
CLASS q=7 n=2 order=5 size=5531904 M=[ [ 4, 4, 6, 0 ], [ 4, 1, 6, 1 ], 
  [ 6, 6, 4, 0 ], [ 5, 6, 1, 4 ] ]
CLASS q=7 n=2 order=25 size=5531904 M=[ [ 6, 6, 0, 0 ], [ 5, 4, 3, 4 ], 
  [ 3, 3, 3, 3 ], [ 6, 6, 0, 5 ] ]
CLASS q=7 n=2 order=25 size=5531904 M=[ [ 4, 3, 3, 4 ], [ 1, 5, 0, 4 ], 
  [ 3, 6, 3, 6 ], [ 2, 1, 3, 0 ] ]
CLASS q=7 n=2 order=25 size=5531904 M=[ [ 6, 0, 2, 3 ], [ 4, 3, 6, 4 ], 
  [ 3, 0, 6, 2 ], [ 3, 6, 6, 5 ] ]
CLASS q=7 n=2 order=25 size=5531904 M=[ [ 5, 3, 0, 5 ], [ 4, 2, 5, 0 ], 
  [ 0, 2, 2, 4 ], [ 2, 1, 4, 0 ] ]
CLASS q=7 n=2 order=25 size=5531904 M=[ [ 2, 2, 0, 3 ], [ 0, 2, 1, 2 ], 
  [ 5, 2, 5, 6 ], [ 0, 5, 1, 2 ] ]
CLASS q=7 n=2 order=2 size=1225 M=[ [ 3, 0, 6, 6 ], [ 0, 3, 3, 4 ], 
  [ 4, 1, 4, 0 ], [ 4, 6, 0, 4 ] ]
CLASS q=7 n=2 order=3 size=137200 M=[ [ 3, 2, 1, 5 ], [ 0, 0, 1, 6 ], 
  [ 2, 0, 4, 3 ], [ 2, 4, 6, 1 ] ]
CLASS q=7 n=2 order=4 size=102900 M=[ [ 2, 3, 4, 2 ], [ 2, 2, 4, 1 ], 
  [ 3, 3, 4, 1 ], [ 1, 2, 6, 1 ] ]
CLASS q=7 n=2 order=6 size=137200 M=[ [ 5, 2, 4, 1 ], [ 0, 2, 6, 1 ], 
  [ 4, 4, 3, 3 ], [ 4, 0, 6, 0 ] ]
CLASS q=7 n=2 order=8 size=102900 M=[ [ 0, 6, 6, 2 ], [ 4, 0, 0, 3 ], 
  [ 0, 1, 6, 2 ], [ 3, 2, 5, 0 ] ]
CLASS q=7 n=2 order=8 size=102900 M=[ [ 3, 6, 0, 3 ], [ 4, 3, 4, 6 ], 
  [ 3, 0, 1, 2 ], [ 6, 3, 5, 2 ] ]
CLASS q=7 n=2 order=12 size=5762400 M=[ [ 3, 1, 4, 5 ], [ 2, 6, 0, 5 ], 
  [ 4, 2, 3, 5 ], [ 2, 6, 0, 3 ] ]
CLASS q=7 n=2 order=24 size=5762400 M=[ [ 3, 4, 1, 0 ], [ 4, 6, 4, 6 ], 
  [ 0, 5, 5, 6 ], [ 3, 1, 6, 2 ] ]
CLASS q=7 n=2 order=24 size=5762400 M=[ [ 6, 6, 6, 6 ], [ 3, 2, 2, 2 ], 
  [ 2, 0, 0, 2 ], [ 6, 0, 3, 2 ] ]
CLASS q=7 n=2 order=7 size=1200 M=[ [ 1, 2, 6, 2 ], [ 0, 1, 0, 0 ], 
  [ 0, 2, 0, 2 ], [ 0, 1, 3, 2 ] ]
CLASS q=7 n=2 order=7 size=1200 M=[ [ 6, 2, 6, 2 ], [ 0, 6, 0, 0 ], 
  [ 0, 2, 5, 2 ], [ 0, 1, 3, 0 ] ]
CLASS q=7 n=2 order=14 size=58800 M=[ [ 2, 6, 4, 0 ], [ 0, 2, 3, 1 ], 
  [ 1, 5, 2, 6 ], [ 4, 3, 2, 1 ] ]
CLASS q=7 n=2 order=14 size=58800 M=[ [ 2, 4, 5, 5 ], [ 0, 2, 3, 1 ], 
  [ 1, 3, 3, 4 ], [ 4, 2, 6, 0 ] ]
CLASS q=7 n=2 order=28 size=2469600 M=[ [ 3, 0, 1, 1 ], [ 1, 3, 2, 1 ], 
  [ 5, 2, 4, 5 ], [ 5, 6, 3, 6 ] ]
CLASS q=7 n=2 order=28 size=2469600 M=[ [ 3, 1, 4, 2 ], [ 1, 3, 2, 1 ], 
  [ 5, 3, 0, 6 ], [ 5, 3, 1, 3 ] ]
CLASS q=7 n=2 order=56 size=2469600 M=[ [ 0, 3, 0, 2 ], [ 5, 0, 6, 6 ], 
  [ 5, 5, 3, 0 ], [ 1, 0, 2, 2 ] ]
CLASS q=7 n=2 order=56 size=2469600 M=[ [ 1, 6, 2, 6 ], [ 5, 1, 2, 0 ], 
  [ 6, 0, 2, 3 ], [ 5, 5, 3, 4 ] ]
CLASS q=7 n=2 order=56 size=2469600 M=[ [ 0, 0, 5, 6 ], [ 5, 0, 6, 6 ], 
  [ 5, 2, 1, 4 ], [ 1, 2, 1, 4 ] ]
CLASS q=7 n=2 order=56 size=2469600 M=[ [ 1, 2, 4, 2 ], [ 5, 1, 2, 0 ], 
  [ 6, 3, 4, 6 ], [ 5, 3, 4, 2 ] ]
CLASS q=7 n=2 order=21 size=3292800 M=[ [ 5, 0, 5, 0 ], [ 2, 3, 1, 0 ], 
  [ 0, 0, 6, 0 ], [ 5, 1, 0, 6 ] ]
CLASS q=7 n=2 order=21 size=3292800 M=[ [ 2, 0, 2, 0 ], [ 5, 4, 6, 0 ], 
  [ 0, 0, 1, 0 ], [ 2, 6, 1, 1 ] ]
CLASS q=7 n=2 order=42 size=3292800 M=[ [ 3, 0, 4, 0 ], [ 5, 5, 0, 0 ], 
  [ 0, 0, 1, 0 ], [ 1, 1, 5, 1 ] ]
CLASS q=7 n=2 order=42 size=3292800 M=[ [ 4, 0, 3, 0 ], [ 2, 2, 0, 0 ], 
  [ 0, 0, 6, 0 ], [ 6, 6, 5, 6 ] ]
CLASS q=7 n=2 order=3 size=137200 M=[ [ 3, 1, 3, 3 ], [ 3, 3, 4, 0 ], 
  [ 0, 3, 6, 3 ], [ 4, 4, 5, 0 ] ]
CLASS q=7 n=2 order=6 size=3841600 M=[ [ 6, 4, 3, 2 ], [ 3, 5, 3, 1 ], 
  [ 2, 1, 5, 4 ], [ 6, 5, 0, 5 ] ]
CLASS q=7 n=2 order=7 size=67200 M=[ [ 6, 3, 4, 6 ], [ 0, 3, 1, 6 ], 
  [ 1, 6, 1, 2 ], [ 1, 3, 2, 1 ] ]
CLASS q=7 n=2 order=21 size=6585600 M=[ [ 6, 2, 4, 5 ], [ 5, 3, 6, 4 ], 
  [ 6, 0, 0, 3 ], [ 2, 0, 2, 0 ] ]
CLASS q=7 n=2 order=2 size=51450 M=[ [ 3, 0, 2, 5 ], [ 4, 4, 6, 6 ], 
  [ 1, 5, 4, 6 ], [ 6, 5, 0, 3 ] ]
CLASS q=7 n=2 order=7 size=50400 M=[ [ 3, 3, 0, 6 ], [ 1, 2, 5, 6 ], 
  [ 1, 6, 6, 5 ], [ 5, 0, 1, 6 ] ]
CLASS q=7 n=2 order=4 size=102900 M=[ [ 6, 0, 3, 4 ], [ 6, 4, 2, 2 ], 
  [ 5, 4, 4, 2 ], [ 2, 4, 0, 6 ] ]
CLASS q=7 n=2 order=14 size=2469600 M=[ [ 1, 0, 3, 5 ], [ 4, 2, 0, 2 ], 
  [ 4, 5, 6, 6 ], [ 5, 6, 0, 5 ] ]
CLASS q=7 n=2 order=28 size=4939200 M=[ [ 3, 2, 2, 1 ], [ 2, 5, 2, 3 ], 
  [ 5, 1, 6, 3 ], [ 4, 3, 3, 1 ] ]
CLASS q=7 n=2 order=14 size=705600 M=[ [ 1, 6, 6, 2 ], [ 2, 4, 2, 1 ], 
  [ 2, 1, 0, 3 ], [ 5, 0, 5, 2 ] ]
CLASS q=7 n=2 order=14 size=705600 M=[ [ 2, 3, 2, 2 ], [ 1, 0, 5, 0 ], 
  [ 4, 3, 2, 5 ], [ 2, 6, 6, 3 ] ]
CLASS q=7 n=2 order=6 size=2881200 M=[ [ 1, 0, 6, 2 ], [ 2, 2, 3, 2 ], 
  [ 4, 0, 6, 2 ], [ 2, 5, 0, 5 ] ]
CLASS q=7 n=2 order=12 size=5762400 M=[ [ 2, 1, 3, 1 ], [ 1, 2, 1, 2 ], 
  [ 3, 4, 2, 6 ], [ 6, 5, 2, 4 ] ]
CLASS q=7 n=2 order=8 size=2881200 M=[ [ 6, 5, 3, 3 ], [ 4, 2, 3, 6 ], 
  [ 3, 0, 3, 1 ], [ 5, 3, 3, 3 ] ]
CLASS q=7 n=2 order=8 size=2881200 M=[ [ 0, 6, 1, 3 ], [ 2, 5, 4, 4 ], 
  [ 6, 2, 1, 4 ], [ 0, 1, 5, 1 ] ]
CLASS q=7 n=2 order=24 size=5762400 M=[ [ 6, 3, 0, 2 ], [ 3, 6, 6, 3 ], 
  [ 6, 6, 2, 4 ], [ 1, 6, 6, 1 ] ]
CLASS q=7 n=2 order=24 size=5762400 M=[ [ 2, 1, 0, 4 ], [ 6, 1, 4, 1 ], 
  [ 0, 6, 3, 4 ], [ 5, 3, 2, 6 ] ]
CLASS q=7 n=2 order=4 size=2160900 M=[ [ 6, 3, 3, 5 ], [ 0, 2, 1, 5 ], 
  [ 2, 1, 3, 5 ], [ 3, 3, 5, 3 ] ]
CLASS q=7 n=2 order=7 size=2822400 M=[ [ 0, 5, 0, 2 ], [ 6, 6, 2, 5 ], 
  [ 6, 2, 6, 6 ], [ 4, 3, 4, 6 ] ]
CLASS q=7 n=2 order=7 size=2822400 M=[ [ 1, 5, 4, 2 ], [ 6, 0, 4, 1 ], 
  [ 2, 2, 1, 6 ], [ 2, 0, 4, 1 ] ]
CLASS q=7 n=2 order=8 size=4321800 M=[ [ 0, 2, 5, 2 ], [ 3, 6, 6, 1 ], 
  [ 2, 1, 2, 3 ], [ 0, 0, 4, 3 ] ]
CLASS q=7 n=2 order=14 size=1411200 M=[ [ 0, 6, 0, 2 ], [ 4, 0, 5, 4 ], 
  [ 1, 6, 4, 4 ], [ 4, 0, 2, 3 ] ]
q=5 n=3 |PSp|=228501000000000 classes=179
CLASS q=5 n=3 order=1 size=1 M=[ [ 1, 0, 0, 0, 0, 0 ], [ 0, 1, 0, 0, 0, 0 ], 
  [ 0, 0, 1, 0, 0, 0 ], [ 0, 0, 0, 1, 0, 0 ], [ 0, 0, 0, 0, 1, 0 ], 
  [ 0, 0, 0, 0, 0, 1 ] ]
CLASS q=5 n=3 order=3 size=5289375000 M=
[ [ 3, 2, 3, 4, 2, 4 ], [ 0, 2, 3, 3, 1, 1 ], [ 3, 4, 4, 1, 4, 4 ], 
  [ 2, 2, 2, 0, 2, 2 ], [ 2, 3, 2, 3, 4, 0 ], [ 3, 3, 2, 1, 3, 2 ] ]
CLASS q=5 n=3 order=5 size=121867200 M=
[ [ 0, 0, 4, 2, 4, 1 ], [ 2, 2, 3, 4, 1, 3 ], [ 1, 2, 4, 3, 1, 3 ], 
  [ 3, 1, 4, 3, 2, 2 ], [ 2, 1, 3, 3, 4, 2 ], [ 1, 1, 2, 4, 4, 3 ] ]
CLASS q=5 n=3 order=5 size=121867200 M=
[ [ 3, 0, 2, 1, 2, 3 ], [ 1, 4, 4, 2, 3, 4 ], [ 3, 1, 0, 4, 3, 4 ], 
  [ 4, 3, 2, 2, 1, 1 ], [ 1, 3, 4, 4, 0, 1 ], [ 3, 3, 1, 2, 2, 2 ] ]
CLASS q=5 n=3 order=15 size=1523340000000 M=
[ [ 1, 4, 2, 3, 2, 0 ], [ 3, 0, 3, 0, 4, 1 ], [ 3, 2, 1, 2, 0, 2 ], 
  [ 1, 4, 3, 4, 1, 3 ], [ 1, 2, 3, 1, 2, 2 ], [ 0, 3, 0, 4, 4, 2 ] ]
CLASS q=5 n=3 order=15 size=1523340000000 M=
[ [ 0, 0, 2, 0, 1, 3 ], [ 1, 2, 3, 2, 1, 0 ], [ 3, 3, 2, 0, 4, 2 ], 
  [ 0, 0, 3, 4, 4, 4 ], [ 1, 3, 4, 1, 2, 4 ], [ 1, 4, 2, 4, 1, 0 ] ]
CLASS q=5 n=3 order=5 size=4062240 M=
[ [ 4, 1, 4, 0, 1, 0 ], [ 4, 3, 1, 3, 2, 1 ], [ 2, 0, 3, 2, 0, 4 ], 
  [ 1, 1, 2, 4, 1, 1 ], [ 4, 0, 4, 4, 1, 3 ], [ 2, 4, 1, 0, 4, 1 ] ]
CLASS q=5 n=3 order=15 size=126945000000 M=
[ [ 0, 3, 1, 3, 3, 1 ], [ 4, 3, 2, 3, 4, 0 ], [ 2, 0, 1, 3, 0, 2 ], 
  [ 0, 2, 4, 3, 2, 2 ], [ 4, 1, 0, 3, 0, 3 ], [ 4, 2, 4, 2, 2, 3 ] ]
CLASS q=5 n=3 order=2 size=406875 M=
[ [ 3, 0, 4, 4, 1, 3 ], [ 0, 3, 4, 4, 0, 2 ], [ 4, 1, 4, 0, 1, 1 ], 
  [ 1, 4, 0, 4, 4, 4 ], [ 2, 2, 4, 4, 2, 0 ], [ 0, 1, 1, 1, 0, 2 ] ]
CLASS q=5 n=3 order=10 size=30466800000 M=
[ [ 1, 0, 2, 3, 4, 0 ], [ 4, 0, 0, 2, 2, 3 ], [ 1, 0, 0, 1, 3, 2 ], 
  [ 2, 1, 3, 3, 3, 3 ], [ 1, 4, 0, 0, 3, 4 ], [ 2, 3, 0, 4, 3, 1 ] ]
CLASS q=5 n=3 order=10 size=30466800000 M=
[ [ 1, 0, 0, 3, 3, 3 ], [ 2, 3, 4, 0, 1, 1 ], [ 2, 1, 4, 3, 0, 2 ], 
  [ 2, 2, 4, 3, 3, 3 ], [ 0, 4, 4, 4, 1, 2 ], [ 1, 0, 1, 3, 4, 0 ] ]
CLASS q=5 n=3 order=10 size=45700200000 M=
[ [ 1, 2, 0, 0, 0, 1 ], [ 1, 0, 1, 2, 2, 0 ], [ 3, 4, 3, 0, 3, 1 ], 
  [ 0, 0, 3, 3, 0, 4 ], [ 1, 2, 3, 3, 0, 3 ], [ 4, 1, 2, 1, 3, 1 ] ]
CLASS q=5 n=3 order=10 size=45700200000 M=
[ [ 1, 1, 0, 3, 3, 0 ], [ 3, 3, 1, 1, 0, 3 ], [ 4, 4, 2, 0, 1, 2 ], 
  [ 2, 0, 4, 2, 4, 3 ], [ 1, 4, 0, 0, 3, 4 ], [ 3, 1, 2, 0, 4, 1 ] ]
CLASS q=5 n=3 order=5 size=6093360 M=
[ [ 0, 0, 1, 1, 0, 2 ], [ 2, 3, 1, 1, 2, 1 ], [ 4, 1, 4, 0, 3, 1 ], 
  [ 1, 4, 0, 4, 2, 4 ], [ 4, 2, 1, 1, 0, 4 ], [ 2, 0, 2, 2, 0, 3 ] ]
CLASS q=5 n=3 order=10 size=1523340000 M=
[ [ 2, 1, 2, 3, 0, 1 ], [ 0, 4, 3, 1, 0, 2 ], [ 4, 2, 2, 4, 2, 2 ], 
  [ 4, 2, 1, 4, 0, 1 ], [ 1, 1, 2, 4, 3, 2 ], [ 1, 4, 0, 2, 1, 2 ] ]
CLASS q=5 n=3 order=10 size=1523340000 M=
[ [ 4, 3, 3, 2, 2, 3 ], [ 0, 0, 1, 3, 2, 0 ], [ 2, 3, 4, 2, 3, 0 ], 
  [ 0, 3, 3, 0, 0, 2 ], [ 2, 3, 0, 3, 4, 1 ], [ 1, 4, 0, 3, 3, 1 ] ]
CLASS q=5 n=3 order=3 size=8137500 M=
[ [ 0, 2, 4, 2, 0, 2 ], [ 3, 3, 0, 3, 0, 0 ], [ 0, 3, 3, 4, 0, 1 ], 
  [ 1, 0, 4, 0, 0, 2 ], [ 2, 0, 3, 3, 1, 4 ], [ 0, 0, 0, 0, 0, 1 ] ]
CLASS q=5 n=3 order=6 size=5289375000 M=
[ [ 0, 3, 2, 3, 3, 2 ], [ 2, 2, 1, 3, 3, 0 ], [ 1, 2, 2, 1, 3, 1 ], 
  [ 3, 1, 1, 0, 0, 4 ], [ 3, 1, 3, 0, 0, 1 ], [ 2, 3, 0, 3, 0, 0 ] ]
CLASS q=5 n=3 order=15 size=76167000000 M=
[ [ 1, 3, 0, 3, 3, 1 ], [ 3, 1, 2, 1, 3, 1 ], [ 1, 2, 4, 3, 0, 1 ], 
  [ 1, 1, 0, 3, 0, 4 ], [ 2, 3, 1, 4, 2, 1 ], [ 3, 2, 0, 0, 1, 1 ] ]
CLASS q=5 n=3 order=30 size=761670000000 M=
[ [ 3, 2, 2, 4, 3, 1 ], [ 0, 4, 3, 2, 0, 4 ], [ 2, 3, 0, 4, 1, 1 ], 
  [ 0, 1, 4, 2, 2, 2 ], [ 4, 0, 0, 0, 1, 3 ], [ 4, 3, 2, 0, 0, 4 ] ]
CLASS q=5 n=3 order=30 size=761670000000 M=
[ [ 4, 2, 3, 0, 3, 3 ], [ 2, 3, 4, 3, 2, 0 ], [ 1, 4, 0, 4, 4, 2 ], 
  [ 1, 0, 4, 2, 4, 1 ], [ 3, 2, 1, 1, 2, 2 ], [ 1, 3, 4, 2, 0, 3 ] ]
CLASS q=5 n=3 order=15 size=50778000000 M=
[ [ 3, 3, 3, 1, 3, 1 ], [ 1, 0, 0, 3, 1, 2 ], [ 0, 2, 2, 3, 2, 3 ], 
  [ 1, 1, 0, 1, 3, 0 ], [ 0, 4, 0, 0, 3, 2 ], [ 1, 2, 3, 3, 1, 4 ] ]
CLASS q=5 n=3 order=5 size=7812 M=
[ [ 4, 1, 1, 1, 3, 3 ], [ 0, 4, 0, 0, 0, 0 ], [ 0, 1, 0, 1, 3, 3 ], 
  [ 0, 4, 4, 3, 2, 2 ], [ 0, 3, 3, 3, 3, 4 ], [ 0, 2, 2, 2, 1, 0 ] ]
CLASS q=5 n=3 order=5 size=7812 M=
[ [ 4, 3, 3, 3, 4, 4 ], [ 0, 4, 0, 0, 0, 0 ], [ 0, 3, 2, 3, 4, 4 ], 
  [ 0, 2, 2, 1, 1, 1 ], [ 0, 4, 4, 4, 1, 2 ], [ 0, 1, 1, 1, 3, 2 ] ]
CLASS q=5 n=3 order=10 size=126945000 M=
[ [ 2, 3, 1, 2, 1, 0 ], [ 0, 2, 3, 4, 1, 4 ], [ 4, 4, 2, 3, 2, 0 ], 
  [ 2, 0, 2, 1, 0, 4 ], [ 4, 3, 2, 3, 0, 2 ], [ 4, 3, 2, 4, 3, 1 ] ]
CLASS q=5 n=3 order=10 size=126945000 M=
[ [ 3, 4, 1, 0, 0, 1 ], [ 0, 3, 2, 1, 4, 1 ], [ 1, 3, 0, 4, 4, 1 ], 
  [ 3, 3, 1, 2, 4, 0 ], [ 1, 3, 4, 3, 3, 1 ], [ 1, 1, 2, 0, 4, 1 ] ]
CLASS q=5 n=3 order=4 size=3967031250 M=
[ [ 2, 3, 3, 0, 4, 1 ], [ 1, 4, 1, 3, 0, 3 ], [ 4, 2, 4, 2, 2, 1 ], 
  [ 0, 4, 4, 1, 1, 0 ], [ 0, 1, 1, 3, 2, 4 ], [ 0, 2, 4, 3, 1, 2 ] ]
CLASS q=5 n=3 order=12 size=158681250000 M=
[ [ 4, 4, 0, 4, 2, 0 ], [ 0, 2, 3, 0, 4, 0 ], [ 4, 1, 2, 1, 2, 0 ], 
  [ 2, 0, 3, 3, 4, 0 ], [ 3, 1, 1, 4, 2, 1 ], [ 0, 0, 0, 0, 4, 0 ] ]
CLASS q=5 n=3 order=6 size=8137500 M=
[ [ 1, 1, 1, 3, 2, 3 ], [ 4, 2, 0, 0, 3, 1 ], [ 3, 0, 4, 4, 2, 1 ], 
  [ 4, 0, 4, 3, 1, 3 ], [ 2, 1, 3, 4, 1, 2 ], [ 1, 2, 3, 4, 3, 4 ] ]
CLASS q=5 n=3 order=15 size=2538900000 M=
[ [ 2, 1, 4, 2, 4, 4 ], [ 1, 3, 4, 0, 0, 1 ], [ 1, 1, 4, 1, 2, 4 ], 
  [ 2, 3, 2, 4, 3, 4 ], [ 0, 0, 3, 0, 0, 4 ], [ 1, 4, 2, 0, 1, 4 ] ]
CLASS q=5 n=3 order=15 size=2538900000 M=
[ [ 3, 4, 1, 3, 1, 1 ], [ 2, 2, 0, 4, 4, 3 ], [ 0, 4, 4, 2, 1, 4 ], 
  [ 2, 2, 0, 3, 4, 3 ], [ 1, 0, 0, 3, 3, 4 ], [ 3, 1, 0, 2, 1, 3 ] ]
CLASS q=5 n=3 order=30 size=2538900000 M=
[ [ 2, 4, 0, 0, 2, 4 ], [ 0, 1, 3, 0, 1, 4 ], [ 3, 2, 2, 0, 3, 0 ], 
  [ 2, 1, 2, 0, 3, 4 ], [ 4, 2, 2, 3, 3, 2 ], [ 4, 2, 0, 3, 3, 2 ] ]
CLASS q=5 n=3 order=30 size=2538900000 M=
[ [ 2, 4, 0, 0, 2, 4 ], [ 4, 1, 0, 2, 3, 1 ], [ 1, 2, 1, 4, 2, 4 ], 
  [ 4, 1, 3, 1, 4, 0 ], [ 2, 2, 1, 2, 2, 1 ], [ 1, 2, 1, 4, 4, 3 ] ]
CLASS q=5 n=3 order=6 size=105787500000 M=
[ [ 4, 2, 1, 2, 0, 0 ], [ 3, 0, 2, 1, 2, 0 ], [ 3, 2, 2, 2, 1, 1 ], 
  [ 1, 3, 4, 3, 1, 2 ], [ 0, 3, 0, 3, 0, 0 ], [ 0, 3, 3, 4, 4, 3 ] ]
CLASS q=5 n=3 order=15 size=63472500000 M=
[ [ 4, 4, 3, 3, 4, 1 ], [ 0, 2, 4, 3, 0, 4 ], [ 2, 2, 2, 4, 4, 2 ], 
  [ 1, 3, 3, 3, 4, 4 ], [ 2, 0, 0, 0, 4, 3 ], [ 4, 2, 0, 3, 1, 0 ] ]
CLASS q=5 n=3 order=15 size=63472500000 M=
[ [ 4, 4, 3, 3, 4, 1 ], [ 4, 2, 1, 0, 2, 1 ], [ 0, 2, 1, 3, 3, 1 ], 
  [ 3, 3, 4, 4, 0, 0 ], [ 0, 0, 4, 4, 3, 2 ], [ 1, 2, 1, 4, 2, 1 ] ]
CLASS q=5 n=3 order=30 size=1269450000000 M=
[ [ 0, 3, 3, 3, 3, 2 ], [ 4, 4, 0, 4, 1, 1 ], [ 0, 3, 0, 0, 1, 4 ], 
  [ 4, 1, 4, 0, 0, 3 ], [ 4, 0, 4, 1, 0, 2 ], [ 4, 0, 2, 4, 4, 3 ] ]
CLASS q=5 n=3 order=30 size=1269450000000 M=
[ [ 0, 3, 3, 3, 3, 2 ], [ 1, 4, 1, 0, 2, 2 ], [ 4, 3, 2, 2, 3, 1 ], 
  [ 0, 1, 2, 3, 3, 1 ], [ 3, 0, 1, 3, 2, 4 ], [ 0, 0, 0, 2, 2, 1 ] ]
CLASS q=5 n=3 order=6 size=5289375000 M=
[ [ 2, 2, 0, 3, 2, 0 ], [ 3, 3, 2, 4, 2, 1 ], [ 1, 1, 1, 2, 3, 4 ], 
  [ 1, 2, 4, 2, 1, 0 ], [ 1, 3, 3, 0, 4, 0 ], [ 0, 0, 3, 1, 4, 2 ] ]
CLASS q=5 n=3 order=10 size=4882500 M=
[ [ 2, 0, 4, 4, 4, 4 ], [ 1, 2, 0, 3, 2, 2 ], [ 2, 1, 4, 1, 4, 4 ], 
  [ 1, 4, 4, 2, 0, 0 ], [ 1, 1, 2, 3, 0, 1 ], [ 4, 4, 3, 2, 4, 3 ] ]
CLASS q=5 n=3 order=10 size=4882500 M=
[ [ 2, 0, 4, 4, 4, 4 ], [ 2, 2, 3, 1, 0, 0 ], [ 4, 1, 0, 2, 0, 0 ], 
  [ 4, 4, 3, 1, 4, 4 ], [ 3, 1, 3, 4, 1, 2 ], [ 2, 4, 2, 1, 3, 2 ] ]
CLASS q=5 n=3 order=30 size=63472500000 M=
[ [ 2, 2, 3, 1, 0, 3 ], [ 1, 3, 0, 3, 4, 3 ], [ 2, 3, 1, 0, 2, 3 ], 
  [ 1, 0, 1, 1, 0, 4 ], [ 0, 0, 3, 2, 1, 3 ], [ 1, 3, 3, 4, 1, 3 ] ]
CLASS q=5 n=3 order=30 size=63472500000 M=
[ [ 2, 2, 3, 1, 0, 3 ], [ 4, 3, 4, 2, 3, 2 ], [ 3, 3, 4, 3, 0, 1 ], 
  [ 0, 0, 3, 3, 2, 1 ], [ 1, 0, 1, 0, 4, 1 ], [ 0, 3, 0, 1, 3, 0 ] ]
CLASS q=5 n=3 order=4 size=7934062500 M=
[ [ 1, 1, 0, 3, 4, 4 ], [ 3, 1, 3, 1, 1, 4 ], [ 4, 2, 2, 2, 1, 3 ], 
  [ 0, 1, 2, 4, 1, 1 ], [ 2, 3, 3, 1, 3, 0 ], [ 0, 2, 2, 1, 1, 2 ] ]
CLASS q=5 n=3 order=8 size=158681250000 M=
[ [ 2, 4, 4, 0, 1, 2 ], [ 1, 4, 3, 2, 2, 3 ], [ 1, 3, 4, 4, 3, 3 ], 
  [ 3, 3, 3, 1, 3, 3 ], [ 3, 4, 4, 0, 3, 0 ], [ 2, 2, 0, 4, 3, 4 ] ]
CLASS q=5 n=3 order=12 size=158681250000 M=
[ [ 3, 2, 2, 3, 1, 1 ], [ 1, 3, 1, 0, 2, 4 ], [ 1, 2, 4, 4, 4, 4 ], 
  [ 0, 4, 4, 3, 0, 4 ], [ 0, 3, 3, 4, 3, 0 ], [ 0, 2, 1, 4, 2, 1 ] ]
CLASS q=5 n=3 order=20 size=95208750000 M=
[ [ 1, 1, 0, 3, 4, 4 ], [ 2, 1, 0, 3, 3, 1 ], [ 2, 2, 1, 1, 0, 2 ], 
  [ 2, 1, 3, 0, 2, 2 ], [ 0, 3, 2, 0, 2, 4 ], [ 2, 2, 3, 2, 2, 3 ] ]
CLASS q=5 n=3 order=20 size=95208750000 M=
[ [ 4, 4, 0, 2, 1, 1 ], [ 4, 4, 3, 0, 0, 2 ], [ 0, 3, 0, 0, 1, 4 ], 
  [ 1, 4, 1, 4, 2, 2 ], [ 2, 2, 4, 1, 4, 2 ], [ 1, 3, 1, 2, 2, 1 ] ]
CLASS q=5 n=3 order=24 size=158681250000 M=
[ [ 2, 2, 4, 3, 2, 4 ], [ 4, 1, 3, 2, 3, 0 ], [ 2, 3, 2, 1, 1, 2 ], 
  [ 1, 1, 4, 4, 4, 1 ], [ 2, 1, 1, 0, 0, 0 ], [ 4, 1, 4, 3, 0, 3 ] ]
CLASS q=5 n=3 order=24 size=158681250000 M=
[ [ 2, 1, 1, 1, 3, 1 ], [ 0, 3, 3, 0, 4, 4 ], [ 4, 3, 3, 0, 1, 4 ], 
  [ 2, 2, 2, 2, 4, 4 ], [ 1, 0, 0, 1, 0, 0 ], [ 2, 3, 2, 4, 3, 4 ] ]
CLASS q=5 n=3 order=40 size=1904175000000 M=
[ [ 0, 1, 2, 1, 0, 4 ], [ 1, 3, 1, 4, 0, 4 ], [ 3, 1, 4, 3, 1, 1 ], 
  [ 0, 3, 0, 3, 4, 4 ], [ 2, 0, 2, 0, 4, 2 ], [ 3, 4, 4, 1, 0, 4 ] ]
CLASS q=5 n=3 order=40 size=1904175000000 M=
[ [ 0, 1, 2, 1, 0, 4 ], [ 3, 3, 2, 0, 1, 0 ], [ 2, 1, 1, 0, 3, 3 ], 
  [ 1, 3, 3, 1, 2, 2 ], [ 1, 0, 4, 2, 1, 4 ], [ 4, 4, 2, 4, 3, 2 ] ]
CLASS q=5 n=3 order=60 size=1904175000000 M=
[ [ 0, 3, 0, 4, 3, 3 ], [ 2, 0, 2, 0, 0, 0 ], [ 1, 1, 2, 4, 4, 1 ], 
  [ 0, 3, 3, 2, 0, 4 ], [ 1, 3, 1, 2, 4, 3 ], [ 1, 2, 3, 3, 0, 0 ] ]
CLASS q=5 n=3 order=60 size=1904175000000 M=
[ [ 0, 2, 0, 1, 2, 2 ], [ 0, 0, 4, 1, 1, 1 ], [ 3, 4, 0, 3, 3, 1 ], 
  [ 1, 2, 0, 1, 3, 4 ], [ 3, 2, 1, 0, 3, 4 ], [ 0, 3, 0, 0, 3, 3 ] ]
CLASS q=5 n=3 order=120 size=1904175000000 M=
[ [ 1, 4, 1, 1, 2, 4 ], [ 1, 0, 3, 2, 0, 3 ], [ 2, 0, 2, 1, 3, 3 ], 
  [ 3, 0, 2, 1, 3, 0 ], [ 0, 0, 1, 4, 0, 1 ], [ 0, 2, 4, 3, 1, 4 ] ]
CLASS q=5 n=3 order=120 size=1904175000000 M=
[ [ 4, 3, 0, 1, 0, 3 ], [ 2, 0, 4, 0, 3, 4 ], [ 4, 3, 4, 0, 2, 4 ], 
  [ 3, 3, 0, 0, 1, 1 ], [ 1, 2, 3, 1, 4, 1 ], [ 1, 1, 4, 3, 4, 4 ] ]
CLASS q=5 n=3 order=120 size=1904175000000 M=
[ [ 1, 4, 1, 1, 2, 4 ], [ 2, 0, 1, 0, 3, 1 ], [ 4, 0, 3, 2, 4, 4 ], 
  [ 1, 0, 1, 0, 2, 4 ], [ 2, 0, 2, 0, 1, 2 ], [ 3, 2, 3, 2, 0, 3 ] ]
CLASS q=5 n=3 order=120 size=1904175000000 M=
[ [ 4, 3, 0, 1, 0, 3 ], [ 3, 0, 2, 3, 1, 2 ], [ 1, 3, 0, 1, 3, 0 ], 
  [ 1, 3, 4, 4, 0, 0 ], [ 3, 2, 4, 2, 0, 2 ], [ 4, 1, 3, 2, 3, 3 ] ]
CLASS q=5 n=3 order=2 size=153562500 M=
[ [ 3, 3, 3, 0, 2, 4 ], [ 1, 2, 1, 3, 3, 3 ], [ 2, 0, 0, 2, 4, 3 ], 
  [ 1, 2, 1, 0, 0, 1 ], [ 2, 4, 4, 3, 3, 1 ], [ 3, 3, 0, 1, 3, 2 ] ]
CLASS q=5 n=3 order=31 size=3685500000000 M=
[ [ 1, 1, 1, 3, 3, 3 ], [ 2, 4, 0, 0, 3, 1 ], [ 0, 4, 4, 4, 4, 2 ], 
  [ 4, 3, 2, 3, 3, 1 ], [ 3, 3, 2, 1, 3, 3 ], [ 1, 1, 0, 1, 4, 2 ] ]
CLASS q=5 n=3 order=31 size=3685500000000 M=
[ [ 2, 0, 2, 2, 0, 4 ], [ 0, 3, 3, 0, 1, 1 ], [ 3, 3, 2, 4, 0, 2 ], 
  [ 2, 3, 4, 3, 1, 3 ], [ 0, 3, 4, 1, 0, 2 ], [ 1, 2, 1, 2, 4, 1 ] ]
CLASS q=5 n=3 order=31 size=3685500000000 M=
[ [ 3, 0, 0, 1, 3, 2 ], [ 0, 3, 0, 0, 2, 2 ], [ 2, 1, 2, 0, 0, 3 ], 
  [ 0, 4, 0, 1, 3, 3 ], [ 1, 3, 3, 3, 2, 1 ], [ 0, 4, 0, 3, 3, 3 ] ]
CLASS q=5 n=3 order=31 size=3685500000000 M=
[ [ 3, 4, 1, 1, 1, 2 ], [ 3, 2, 4, 3, 4, 1 ], [ 0, 3, 1, 4, 3, 4 ], 
  [ 2, 3, 1, 1, 4, 2 ], [ 4, 1, 3, 2, 0, 4 ], [ 2, 0, 1, 4, 3, 1 ] ]
CLASS q=5 n=3 order=31 size=3685500000000 M=
[ [ 1, 2, 1, 0, 2, 2 ], [ 4, 1, 1, 0, 3, 2 ], [ 2, 4, 0, 4, 3, 1 ], 
  [ 2, 4, 0, 2, 2, 1 ], [ 2, 3, 2, 2, 2, 4 ], [ 3, 1, 2, 0, 4, 4 ] ]
CLASS q=5 n=3 order=62 size=3685500000000 M=
[ [ 2, 1, 3, 1, 4, 4 ], [ 2, 2, 0, 1, 0, 4 ], [ 3, 2, 1, 2, 3, 4 ], 
  [ 4, 4, 0, 4, 0, 1 ], [ 1, 1, 4, 3, 4, 0 ], [ 4, 4, 1, 3, 1, 3 ] ]
CLASS q=5 n=3 order=62 size=3685500000000 M=
[ [ 1, 3, 1, 1, 3, 1 ], [ 1, 3, 1, 2, 4, 3 ], [ 2, 1, 3, 4, 0, 3 ], 
  [ 1, 2, 3, 0, 0, 3 ], [ 3, 3, 4, 3, 2, 3 ], [ 0, 1, 4, 1, 3, 0 ] ]
CLASS q=5 n=3 order=62 size=3685500000000 M=
[ [ 1, 3, 3, 2, 1, 4 ], [ 1, 1, 0, 0, 0, 3 ], [ 4, 0, 1, 1, 2, 4 ], 
  [ 2, 2, 0, 1, 0, 1 ], [ 0, 1, 0, 1, 2, 4 ], [ 0, 0, 0, 4, 0, 3 ] ]
CLASS q=5 n=3 order=62 size=3685500000000 M=
[ [ 2, 2, 4, 4, 0, 4 ], [ 4, 1, 1, 4, 0, 2 ], [ 1, 3, 2, 0, 4, 4 ], 
  [ 2, 2, 1, 4, 3, 1 ], [ 4, 4, 1, 0, 4, 1 ], [ 2, 1, 1, 1, 2, 4 ] ]
CLASS q=5 n=3 order=62 size=3685500000000 M=
[ [ 3, 4, 0, 0, 3, 4 ], [ 3, 3, 1, 1, 3, 2 ], [ 3, 1, 1, 3, 0, 3 ], 
  [ 0, 2, 0, 1, 2, 4 ], [ 3, 1, 1, 2, 3, 2 ], [ 2, 0, 3, 1, 0, 1 ] ]
CLASS q=5 n=3 order=8 size=2380218750000 M=
[ [ 4, 1, 2, 4, 4, 3 ], [ 2, 3, 3, 0, 2, 1 ], [ 4, 1, 1, 3, 4, 0 ], 
  [ 3, 2, 1, 1, 2, 2 ], [ 3, 0, 3, 4, 2, 2 ], [ 4, 2, 1, 3, 4, 4 ] ]
CLASS q=5 n=3 order=24 size=4760437500000 M=
[ [ 3, 4, 2, 0, 2, 3 ], [ 0, 3, 2, 3, 1, 2 ], [ 0, 4, 2, 1, 3, 0 ], 
  [ 1, 3, 4, 3, 1, 1 ], [ 2, 1, 0, 4, 1, 0 ], [ 4, 0, 3, 4, 2, 2 ] ]
CLASS q=5 n=3 order=13 size=146475000000 M=
[ [ 3, 1, 2, 3, 2, 1 ], [ 2, 0, 2, 1, 0, 1 ], [ 2, 0, 0, 0, 0, 1 ], 
  [ 1, 4, 1, 0, 2, 2 ], [ 4, 2, 3, 4, 4, 4 ], [ 3, 4, 0, 0, 3, 2 ] ]
CLASS q=5 n=3 order=13 size=146475000000 M=
[ [ 3, 4, 3, 0, 0, 3 ], [ 4, 1, 3, 4, 1, 0 ], [ 3, 2, 0, 2, 0, 4 ], 
  [ 0, 1, 0, 2, 3, 0 ], [ 1, 3, 3, 4, 4, 4 ], [ 1, 4, 1, 1, 2, 1 ] ]
CLASS q=5 n=3 order=13 size=146475000000 M=
[ [ 3, 0, 1, 2, 2, 1 ], [ 3, 3, 1, 3, 0, 3 ], [ 3, 3, 2, 1, 0, 2 ], 
  [ 2, 1, 3, 3, 2, 1 ], [ 0, 1, 3, 2, 2, 4 ], [ 0, 0, 1, 3, 0, 2 ] ]
CLASS q=5 n=3 order=65 size=1757700000000 M=
[ [ 2, 3, 4, 4, 2, 1 ], [ 4, 1, 3, 4, 0, 1 ], [ 4, 1, 1, 3, 0, 1 ], 
  [ 2, 2, 4, 4, 2, 2 ], [ 4, 2, 3, 4, 4, 4 ], [ 3, 4, 0, 0, 3, 2 ] ]
CLASS q=5 n=3 order=65 size=1757700000000 M=
[ [ 1, 0, 1, 0, 2, 1 ], [ 1, 2, 4, 2, 0, 1 ], [ 1, 2, 2, 1, 0, 1 ], 
  [ 3, 0, 2, 3, 2, 2 ], [ 4, 2, 3, 4, 4, 4 ], [ 3, 4, 0, 0, 3, 2 ] ]
CLASS q=5 n=3 order=65 size=1757700000000 M=
[ [ 0, 4, 0, 3, 2, 3 ], [ 3, 1, 1, 2, 1, 2 ], [ 3, 0, 2, 2, 3, 1 ], 
  [ 4, 0, 2, 4, 4, 2 ], [ 1, 1, 2, 0, 1, 4 ], [ 0, 3, 2, 0, 1, 2 ] ]
CLASS q=5 n=3 order=65 size=1757700000000 M=
[ [ 1, 4, 3, 1, 3, 2 ], [ 0, 3, 3, 0, 4, 3 ], [ 0, 4, 2, 0, 2, 4 ], 
  [ 0, 2, 0, 2, 1, 3 ], [ 4, 4, 3, 0, 4, 1 ], [ 0, 2, 3, 0, 4, 3 ] ]
CLASS q=5 n=3 order=65 size=1757700000000 M=
[ [ 0, 3, 3, 4, 4, 2 ], [ 3, 4, 1, 1, 4, 1 ], [ 1, 1, 3, 1, 1, 1 ], 
  [ 3, 1, 3, 4, 4, 3 ], [ 0, 2, 0, 1, 1, 1 ], [ 4, 0, 2, 0, 3, 4 ] ]
CLASS q=5 n=3 order=65 size=1757700000000 M=
[ [ 1, 0, 0, 0, 1, 3 ], [ 0, 0, 3, 1, 1, 4 ], [ 2, 3, 1, 1, 4, 4 ], 
  [ 1, 1, 4, 2, 1, 2 ], [ 0, 3, 0, 4, 4, 4 ], [ 1, 0, 3, 0, 2, 1 ] ]
CLASS q=5 n=3 order=39 size=2929500000000 M=
[ [ 3, 4, 1, 0, 1, 3 ], [ 4, 3, 4, 1, 2, 3 ], [ 0, 2, 1, 2, 2, 3 ], 
  [ 4, 1, 2, 4, 2, 0 ], [ 4, 2, 1, 0, 0, 0 ], [ 4, 1, 0, 0, 4, 0 ] ]
CLASS q=5 n=3 order=39 size=2929500000000 M=
[ [ 2, 3, 2, 0, 4, 0 ], [ 1, 1, 0, 3, 0, 4 ], [ 1, 4, 0, 0, 2, 0 ], 
  [ 4, 1, 1, 4, 1, 3 ], [ 3, 0, 3, 0, 2, 1 ], [ 0, 4, 2, 0, 2, 3 ] ]
CLASS q=5 n=3 order=39 size=2929500000000 M=
[ [ 3, 3, 3, 3, 1, 2 ], [ 1, 1, 4, 2, 3, 3 ], [ 0, 1, 3, 0, 4, 4 ], 
  [ 0, 1, 0, 4, 1, 2 ], [ 2, 1, 3, 1, 2, 3 ], [ 0, 3, 3, 1, 1, 4 ] ]
CLASS q=5 n=3 order=26 size=146475000000 M=
[ [ 0, 4, 0, 1, 0, 4 ], [ 3, 3, 2, 0, 0, 2 ], [ 4, 1, 2, 0, 3, 4 ], 
  [ 0, 3, 4, 2, 4, 2 ], [ 4, 3, 1, 1, 2, 1 ], [ 2, 3, 4, 3, 2, 4 ] ]
CLASS q=5 n=3 order=26 size=146475000000 M=
[ [ 0, 3, 3, 2, 4, 0 ], [ 4, 1, 0, 4, 3, 4 ], [ 2, 2, 2, 1, 3, 3 ], 
  [ 2, 4, 1, 3, 2, 1 ], [ 0, 1, 1, 1, 2, 1 ], [ 1, 3, 2, 1, 4, 1 ] ]
CLASS q=5 n=3 order=26 size=146475000000 M=
[ [ 3, 4, 4, 1, 1, 4 ], [ 4, 1, 1, 2, 4, 3 ], [ 1, 1, 2, 2, 3, 2 ], 
  [ 2, 2, 0, 4, 2, 4 ], [ 4, 2, 2, 1, 4, 4 ], [ 3, 0, 2, 4, 2, 1 ] ]
CLASS q=5 n=3 order=4 size=12206250 M=
[ [ 1, 1, 4, 1, 3, 3 ], [ 1, 2, 2, 3, 4, 4 ], [ 0, 0, 2, 3, 3, 3 ], 
  [ 4, 2, 0, 3, 3, 3 ], [ 4, 2, 1, 0, 3, 4 ], [ 1, 3, 4, 0, 1, 0 ] ]
CLASS q=5 n=3 order=52 size=4394250000000 M=
[ [ 2, 2, 3, 2, 0, 4 ], [ 3, 2, 3, 3, 0, 4 ], [ 4, 1, 1, 3, 4, 1 ], 
  [ 3, 1, 1, 1, 3, 0 ], [ 0, 2, 2, 0, 0, 2 ], [ 4, 4, 4, 0, 3, 2 ] ]
CLASS q=5 n=3 order=52 size=4394250000000 M=
[ [ 3, 2, 0, 4, 2, 0 ], [ 2, 1, 2, 1, 3, 0 ], [ 4, 0, 0, 1, 4, 4 ], 
  [ 1, 0, 0, 4, 2, 1 ], [ 4, 4, 1, 1, 0, 0 ], [ 0, 3, 1, 0, 4, 0 ] ]
CLASS q=5 n=3 order=52 size=4394250000000 M=
[ [ 3, 0, 3, 2, 3, 2 ], [ 3, 4, 1, 3, 1, 3 ], [ 2, 0, 2, 1, 1, 1 ], 
  [ 3, 2, 3, 0, 0, 0 ], [ 4, 4, 1, 2, 2, 1 ], [ 2, 2, 2, 1, 2, 3 ] ]
CLASS q=5 n=3 order=130 size=1757700000000 M=
[ [ 0, 0, 2, 3, 1, 3 ], [ 0, 1, 2, 0, 2, 3 ], [ 2, 3, 4, 2, 4, 0 ], 
  [ 1, 2, 1, 0, 0, 3 ], [ 0, 0, 1, 1, 2, 2 ], [ 3, 3, 0, 4, 2, 3 ] ]
CLASS q=5 n=3 order=130 size=1757700000000 M=
[ [ 2, 1, 2, 3, 2, 0 ], [ 1, 2, 0, 3, 2, 1 ], [ 0, 3, 0, 4, 4, 3 ], 
  [ 1, 4, 3, 1, 3, 0 ], [ 1, 3, 1, 2, 2, 2 ], [ 1, 4, 3, 3, 4, 3 ] ]
CLASS q=5 n=3 order=130 size=1757700000000 M=
[ [ 0, 2, 1, 2, 4, 0 ], [ 0, 3, 2, 4, 0, 4 ], [ 4, 3, 2, 0, 0, 3 ], 
  [ 2, 0, 2, 3, 3, 0 ], [ 2, 2, 3, 4, 0, 4 ], [ 1, 2, 2, 1, 4, 0 ] ]
CLASS q=5 n=3 order=130 size=1757700000000 M=
[ [ 3, 2, 0, 2, 3, 2 ], [ 4, 4, 1, 3, 1, 2 ], [ 4, 1, 4, 4, 2, 4 ], 
  [ 1, 4, 4, 1, 4, 2 ], [ 2, 0, 0, 3, 1, 2 ], [ 0, 1, 0, 2, 0, 4 ] ]
CLASS q=5 n=3 order=130 size=1757700000000 M=
[ [ 0, 4, 4, 1, 1, 2 ], [ 2, 4, 2, 1, 3, 3 ], [ 2, 2, 1, 0, 1, 1 ], 
  [ 2, 2, 4, 0, 4, 0 ], [ 3, 4, 3, 2, 4, 0 ], [ 4, 0, 3, 0, 4, 2 ] ]
CLASS q=5 n=3 order=130 size=1757700000000 M=
[ [ 2, 2, 0, 0, 2, 1 ], [ 4, 4, 0, 2, 1, 1 ], [ 0, 4, 3, 1, 2, 2 ], 
  [ 0, 4, 0, 1, 4, 3 ], [ 3, 4, 4, 1, 0, 4 ], [ 0, 2, 0, 2, 2, 4 ] ]
CLASS q=5 n=3 order=3 size=201500000 M=
[ [ 1, 3, 3, 3, 1, 2 ], [ 0, 3, 2, 1, 1, 3 ], [ 4, 3, 3, 3, 0, 4 ], 
  [ 2, 2, 1, 1, 4, 2 ], [ 2, 2, 3, 4, 0, 1 ], [ 1, 4, 4, 0, 4, 4 ] ]
CLASS q=5 n=3 order=9 size=3627000000000 M=
[ [ 0, 0, 1, 4, 4, 2 ], [ 1, 0, 0, 1, 2, 1 ], [ 4, 0, 1, 2, 4, 0 ], 
  [ 0, 3, 1, 3, 1, 2 ], [ 2, 4, 3, 4, 4, 4 ], [ 0, 2, 1, 1, 0, 2 ] ]
CLASS q=5 n=3 order=7 size=3627000000000 M=
[ [ 0, 0, 1, 4, 2, 3 ], [ 0, 3, 1, 2, 2, 2 ], [ 4, 0, 2, 0, 3, 1 ], 
  [ 1, 0, 1, 3, 1, 2 ], [ 2, 1, 2, 4, 2, 0 ], [ 1, 1, 0, 1, 3, 4 ] ]
CLASS q=5 n=3 order=21 size=3627000000000 M=
[ [ 0, 0, 2, 0, 2, 0 ], [ 1, 3, 1, 2, 1, 1 ], [ 2, 3, 2, 2, 3, 3 ], 
  [ 1, 3, 2, 0, 1, 0 ], [ 2, 0, 1, 1, 2, 4 ], [ 4, 4, 2, 3, 3, 2 ] ]
CLASS q=5 n=3 order=21 size=3627000000000 M=
[ [ 3, 0, 1, 1, 3, 0 ], [ 2, 2, 3, 3, 3, 0 ], [ 0, 4, 2, 4, 2, 2 ], 
  [ 3, 2, 0, 4, 0, 0 ], [ 2, 4, 2, 1, 1, 3 ], [ 0, 1, 2, 0, 4, 3 ] ]
CLASS q=5 n=3 order=63 size=3627000000000 M=
[ [ 1, 1, 4, 0, 1, 0 ], [ 4, 0, 4, 4, 1, 4 ], [ 2, 3, 1, 4, 3, 3 ], 
  [ 4, 0, 1, 0, 0, 4 ], [ 1, 2, 0, 4, 3, 3 ], [ 1, 4, 4, 1, 3, 3 ] ]
CLASS q=5 n=3 order=63 size=3627000000000 M=
[ [ 1, 3, 3, 4, 2, 2 ], [ 3, 3, 2, 3, 0, 3 ], [ 0, 4, 2, 4, 3, 4 ], 
  [ 2, 3, 4, 1, 1, 4 ], [ 0, 0, 3, 1, 1, 3 ], [ 3, 4, 3, 4, 4, 4 ] ]
CLASS q=5 n=3 order=63 size=3627000000000 M=
[ [ 2, 1, 3, 0, 2, 1 ], [ 4, 0, 2, 4, 2, 0 ], [ 3, 0, 3, 4, 3, 2 ], 
  [ 2, 1, 4, 0, 2, 1 ], [ 2, 3, 2, 0, 0, 3 ], [ 4, 2, 0, 0, 2, 1 ] ]
CLASS q=5 n=3 order=63 size=3627000000000 M=
[ [ 0, 1, 4, 0, 3, 2 ], [ 3, 0, 1, 1, 2, 3 ], [ 0, 2, 1, 2, 1, 3 ], 
  [ 1, 1, 2, 0, 0, 2 ], [ 4, 2, 2, 0, 4, 4 ], [ 4, 1, 4, 3, 4, 0 ] ]
CLASS q=5 n=3 order=63 size=3627000000000 M=
[ [ 3, 2, 0, 1, 4, 3 ], [ 4, 3, 2, 0, 2, 2 ], [ 2, 0, 2, 0, 4, 2 ], 
  [ 2, 0, 2, 1, 3, 0 ], [ 2, 3, 3, 1, 4, 0 ], [ 1, 4, 1, 4, 3, 0 ] ]
CLASS q=5 n=3 order=63 size=3627000000000 M=
[ [ 2, 1, 1, 2, 3, 1 ], [ 0, 2, 1, 1, 0, 1 ], [ 1, 3, 3, 1, 1, 2 ], 
  [ 1, 2, 4, 1, 0, 3 ], [ 4, 0, 0, 4, 1, 2 ], [ 0, 2, 3, 2, 4, 3 ] ]
CLASS q=5 n=3 order=6 size=105787500000 M=
[ [ 0, 3, 2, 4, 4, 1 ], [ 0, 4, 1, 0, 0, 0 ], [ 1, 1, 0, 4, 0, 0 ], 
  [ 4, 4, 1, 1, 2, 4 ], [ 3, 2, 1, 2, 4, 2 ], [ 2, 0, 2, 3, 2, 0 ] ]
CLASS q=5 n=3 order=12 size=3173625000000 M=
[ [ 1, 4, 1, 0, 3, 1 ], [ 0, 1, 0, 0, 2, 4 ], [ 4, 4, 1, 1, 3, 3 ], 
  [ 1, 1, 4, 4, 4, 1 ], [ 0, 1, 2, 4, 3, 1 ], [ 0, 2, 0, 3, 3, 1 ] ]
CLASS q=5 n=3 order=24 size=3173625000000 M=
[ [ 4, 2, 1, 2, 0, 3 ], [ 1, 2, 0, 3, 1, 2 ], [ 0, 2, 2, 3, 4, 2 ], 
  [ 0, 4, 3, 0, 0, 0 ], [ 0, 0, 2, 0, 2, 0 ], [ 2, 3, 4, 1, 2, 2 ] ]
CLASS q=5 n=3 order=24 size=3173625000000 M=
[ [ 2, 3, 1, 3, 0, 1 ], [ 3, 3, 3, 1, 3, 2 ], [ 3, 2, 0, 3, 3, 0 ], 
  [ 4, 1, 0, 3, 3, 2 ], [ 2, 1, 1, 1, 4, 3 ], [ 1, 0, 4, 3, 3, 3 ] ]
CLASS q=5 n=3 order=10 size=3808350000 M=
[ [ 3, 1, 4, 1, 0, 0 ], [ 4, 3, 3, 1, 0, 1 ], [ 1, 4, 1, 0, 2, 4 ], 
  [ 4, 0, 0, 1, 1, 0 ], [ 1, 2, 4, 1, 4, 1 ], [ 2, 1, 4, 2, 0, 0 ] ]
CLASS q=5 n=3 order=12 size=158681250000 M=
[ [ 0, 2, 1, 0, 1, 3 ], [ 4, 1, 3, 3, 4, 3 ], [ 0, 2, 0, 4, 4, 3 ], 
  [ 2, 0, 2, 0, 3, 3 ], [ 0, 1, 3, 1, 4, 1 ], [ 2, 3, 0, 2, 4, 4 ] ]
CLASS q=5 n=3 order=20 size=190417500000 M=
[ [ 4, 1, 3, 0, 0, 2 ], [ 0, 4, 0, 1, 4, 3 ], [ 0, 4, 2, 0, 3, 4 ], 
  [ 1, 3, 3, 3, 0, 3 ], [ 4, 3, 3, 0, 4, 4 ], [ 3, 2, 4, 4, 1, 1 ] ]
CLASS q=5 n=3 order=30 size=76167000000 M=
[ [ 2, 1, 4, 0, 1, 1 ], [ 4, 1, 3, 3, 1, 2 ], [ 0, 2, 3, 1, 4, 1 ], 
  [ 2, 2, 1, 4, 2, 4 ], [ 1, 4, 2, 4, 3, 0 ], [ 4, 3, 4, 2, 2, 2 ] ]
CLASS q=5 n=3 order=60 size=3808350000000 M=
[ [ 3, 0, 1, 3, 0, 1 ], [ 4, 4, 4, 4, 3, 0 ], [ 3, 1, 1, 4, 4, 2 ], 
  [ 4, 0, 1, 4, 1, 3 ], [ 0, 3, 3, 4, 4, 3 ], [ 4, 3, 4, 0, 2, 0 ] ]
CLASS q=5 n=3 order=78 size=2929500000000 M=
[ [ 4, 1, 2, 2, 0, 4 ], [ 0, 4, 3, 3, 0, 2 ], [ 4, 1, 3, 1, 4, 0 ], 
  [ 3, 2, 2, 3, 3, 1 ], [ 2, 2, 1, 4, 3, 2 ], [ 4, 4, 4, 0, 1, 3 ] ]
CLASS q=5 n=3 order=78 size=2929500000000 M=
[ [ 4, 0, 0, 3, 4, 0 ], [ 1, 2, 1, 2, 3, 4 ], [ 2, 2, 3, 2, 4, 4 ], 
  [ 0, 3, 4, 4, 1, 0 ], [ 3, 0, 1, 4, 3, 2 ], [ 3, 4, 2, 3, 3, 0 ] ]
CLASS q=5 n=3 order=78 size=2929500000000 M=
[ [ 2, 1, 1, 2, 1, 4 ], [ 1, 2, 2, 0, 4, 3 ], [ 1, 1, 3, 3, 4, 3 ], 
  [ 0, 1, 3, 0, 1, 3 ], [ 2, 1, 2, 4, 0, 0 ], [ 0, 1, 2, 1, 1, 0 ] ]
CLASS q=5 n=3 order=5 size=3046680000 M=
[ [ 0, 3, 1, 4, 2, 3 ], [ 2, 4, 4, 4, 4, 3 ], [ 2, 2, 2, 3, 1, 2 ], 
  [ 1, 2, 1, 1, 1, 2 ], [ 4, 3, 1, 4, 3, 3 ], [ 0, 0, 3, 1, 2, 1 ] ]
CLASS q=5 n=3 order=5 size=3046680000 M=
[ [ 0, 3, 2, 2, 1, 3 ], [ 1, 0, 1, 0, 0, 1 ], [ 1, 0, 3, 1, 1, 0 ], 
  [ 3, 1, 4, 1, 2, 1 ], [ 1, 3, 2, 2, 0, 3 ], [ 1, 1, 4, 1, 2, 0 ] ]
CLASS q=5 n=3 order=15 size=1523340000000 M=
[ [ 4, 3, 3, 1, 4, 4 ], [ 2, 4, 0, 2, 1, 1 ], [ 0, 1, 2, 0, 0, 2 ], 
  [ 1, 0, 2, 1, 0, 3 ], [ 0, 1, 4, 2, 2, 3 ], [ 3, 3, 2, 3, 4, 4 ] ]
CLASS q=5 n=3 order=15 size=1523340000000 M=
[ [ 0, 1, 0, 2, 2, 0 ], [ 0, 1, 1, 1, 3, 4 ], [ 4, 3, 0, 1, 2, 2 ], 
  [ 4, 3, 3, 4, 3, 0 ], [ 4, 3, 4, 1, 4, 1 ], [ 3, 0, 0, 4, 2, 4 ] ]
CLASS q=5 n=3 order=12 size=158681250000 M=
[ [ 4, 0, 3, 4, 2, 0 ], [ 0, 3, 1, 2, 0, 1 ], [ 4, 3, 1, 1, 2, 2 ], 
  [ 2, 2, 4, 2, 3, 1 ], [ 0, 1, 1, 3, 1, 3 ], [ 3, 4, 3, 0, 0, 3 ] ]
CLASS q=5 n=3 order=20 size=3808350000 M=
[ [ 2, 2, 1, 4, 3, 2 ], [ 0, 3, 2, 2, 1, 1 ], [ 3, 4, 2, 1, 2, 3 ], 
  [ 4, 1, 2, 0, 1, 2 ], [ 4, 2, 3, 3, 2, 4 ], [ 4, 4, 0, 3, 4, 0 ] ]
CLASS q=5 n=3 order=20 size=3808350000 M=
[ [ 1, 2, 0, 2, 4, 1 ], [ 4, 4, 1, 1, 0, 3 ], [ 4, 2, 2, 3, 1, 4 ], 
  [ 4, 3, 4, 1, 1, 1 ], [ 2, 1, 4, 4, 2, 2 ], [ 2, 4, 2, 4, 0, 1 ] ]
CLASS q=5 n=3 order=30 size=63472500000 M=
[ [ 3, 0, 0, 2, 0, 3 ], [ 3, 3, 2, 1, 3, 3 ], [ 3, 3, 3, 3, 1, 0 ], 
  [ 3, 2, 0, 4, 2, 2 ], [ 1, 2, 1, 4, 3, 3 ], [ 3, 1, 1, 2, 2, 3 ] ]
CLASS q=5 n=3 order=30 size=63472500000 M=
[ [ 1, 4, 1, 3, 2, 1 ], [ 2, 0, 0, 4, 4, 2 ], [ 0, 4, 2, 2, 4, 2 ], 
  [ 1, 1, 1, 0, 4, 0 ], [ 2, 0, 3, 1, 2, 4 ], [ 4, 4, 3, 4, 1, 4 ] ]
CLASS q=5 n=3 order=60 size=1904175000000 M=
[ [ 1, 0, 4, 1, 4, 0 ], [ 4, 2, 4, 0, 4, 2 ], [ 4, 2, 0, 3, 4, 4 ], 
  [ 3, 1, 1, 2, 4, 3 ], [ 2, 4, 0, 3, 4, 1 ], [ 1, 0, 4, 4, 1, 2 ] ]
CLASS q=5 n=3 order=60 size=1904175000000 M=
[ [ 0, 3, 3, 1, 0, 1 ], [ 4, 2, 2, 1, 3, 1 ], [ 0, 0, 3, 0, 2, 0 ], 
  [ 3, 2, 1, 0, 0, 3 ], [ 0, 2, 4, 1, 4, 1 ], [ 1, 1, 0, 0, 2, 0 ] ]
CLASS q=5 n=3 order=24 size=3173625000000 M=
[ [ 3, 3, 4, 0, 0, 4 ], [ 1, 2, 2, 4, 2, 1 ], [ 3, 4, 1, 3, 0, 0 ], 
  [ 3, 2, 0, 2, 0, 0 ], [ 1, 4, 0, 2, 3, 1 ], [ 4, 0, 1, 4, 1, 0 ] ]
CLASS q=5 n=3 order=12 size=158681250000 M=
[ [ 2, 4, 1, 4, 3, 0 ], [ 1, 1, 1, 3, 2, 3 ], [ 2, 2, 0, 2, 0, 4 ], 
  [ 0, 1, 1, 1, 1, 2 ], [ 4, 3, 1, 0, 4, 3 ], [ 0, 4, 3, 4, 3, 0 ] ]
CLASS q=5 n=3 order=10 size=2538900000 M=
[ [ 0, 3, 0, 4, 3, 3 ], [ 1, 1, 0, 3, 3, 1 ], [ 2, 2, 1, 3, 4, 4 ], 
  [ 4, 2, 4, 3, 3, 4 ], [ 1, 1, 4, 0, 4, 2 ], [ 1, 4, 0, 0, 2, 3 ] ]
CLASS q=5 n=3 order=20 size=76167000000 M=
[ [ 3, 3, 1, 2, 1, 1 ], [ 4, 1, 3, 2, 2, 1 ], [ 3, 1, 2, 0, 3, 3 ], 
  [ 0, 0, 2, 1, 0, 3 ], [ 0, 0, 1, 1, 2, 3 ], [ 1, 0, 1, 4, 4, 0 ] ]
CLASS q=5 n=3 order=20 size=571252500000 M=
[ [ 1, 3, 0, 3, 4, 2 ], [ 1, 0, 3, 3, 4, 4 ], [ 3, 0, 0, 0, 2, 2 ], 
  [ 3, 1, 0, 1, 1, 0 ], [ 4, 2, 0, 0, 1, 3 ], [ 3, 3, 3, 3, 4, 2 ] ]
CLASS q=5 n=3 order=20 size=571252500000 M=
[ [ 1, 3, 4, 3, 0, 3 ], [ 4, 3, 2, 0, 3, 4 ], [ 4, 1, 4, 1, 2, 3 ], 
  [ 2, 0, 0, 0, 3, 1 ], [ 3, 3, 4, 0, 4, 1 ], [ 4, 3, 1, 3, 0, 3 ] ]
CLASS q=5 n=3 order=30 size=1523340000000 M=
[ [ 3, 1, 4, 0, 4, 4 ], [ 2, 1, 1, 0, 0, 0 ], [ 0, 3, 1, 4, 2, 2 ], 
  [ 0, 3, 2, 4, 2, 2 ], [ 2, 1, 4, 0, 0, 1 ], [ 2, 1, 4, 0, 4, 0 ] ]
CLASS q=5 n=3 order=30 size=1523340000000 M=
[ [ 1, 0, 3, 4, 0, 3 ], [ 3, 0, 1, 4, 4, 1 ], [ 4, 3, 4, 3, 2, 4 ], 
  [ 4, 3, 2, 2, 2, 1 ], [ 1, 2, 1, 1, 2, 1 ], [ 2, 0, 3, 4, 0, 2 ] ]
CLASS q=5 n=3 order=15 size=101556000000 M=
[ [ 0, 3, 0, 0, 2, 4 ], [ 4, 2, 4, 1, 2, 3 ], [ 0, 2, 3, 1, 1, 2 ], 
  [ 1, 3, 3, 4, 4, 2 ], [ 4, 3, 4, 2, 0, 1 ], [ 4, 3, 1, 1, 1, 3 ] ]
CLASS q=5 n=3 order=30 size=2538900000000 M=
[ [ 1, 3, 0, 4, 4, 3 ], [ 4, 0, 2, 0, 1, 1 ], [ 4, 0, 1, 0, 1, 1 ], 
  [ 2, 4, 0, 4, 3, 4 ], [ 3, 4, 3, 0, 1, 0 ], [ 4, 1, 4, 0, 3, 4 ] ]
CLASS q=5 n=3 order=30 size=63472500000 M=
[ [ 1, 3, 1, 4, 3, 1 ], [ 4, 3, 1, 4, 0, 0 ], [ 0, 4, 4, 0, 3, 0 ], 
  [ 1, 4, 3, 4, 2, 3 ], [ 1, 4, 1, 1, 3, 0 ], [ 2, 2, 4, 4, 1, 4 ] ]
CLASS q=5 n=3 order=30 size=63472500000 M=
[ [ 1, 1, 0, 2, 4, 0 ], [ 0, 0, 1, 3, 4, 2 ], [ 3, 2, 0, 4, 0, 4 ], 
  [ 1, 0, 3, 2, 0, 3 ], [ 2, 2, 3, 3, 0, 4 ], [ 2, 1, 3, 3, 3, 3 ] ]
CLASS q=5 n=3 order=10 size=1523340000 M=
[ [ 4, 4, 2, 4, 1, 4 ], [ 4, 0, 3, 1, 3, 4 ], [ 4, 2, 2, 3, 0, 0 ], 
  [ 1, 0, 1, 3, 2, 0 ], [ 1, 0, 1, 0, 4, 4 ], [ 1, 4, 0, 3, 3, 4 ] ]
CLASS q=5 n=3 order=10 size=1523340000 M=
[ [ 1, 3, 3, 2, 2, 1 ], [ 3, 3, 0, 2, 0, 3 ], [ 3, 0, 4, 1, 1, 0 ], 
  [ 3, 4, 2, 1, 3, 2 ], [ 2, 2, 4, 0, 4, 3 ], [ 3, 3, 1, 2, 1, 4 ] ]
CLASS q=5 n=3 order=30 size=761670000000 M=
[ [ 0, 0, 1, 3, 2, 4 ], [ 4, 3, 0, 1, 3, 1 ], [ 1, 3, 0, 1, 2, 1 ], 
  [ 3, 1, 2, 3, 1, 1 ], [ 4, 1, 1, 2, 2, 2 ], [ 2, 4, 1, 4, 3, 3 ] ]
CLASS q=5 n=3 order=30 size=761670000000 M=
[ [ 0, 3, 4, 1, 1, 3 ], [ 0, 3, 1, 2, 3, 3 ], [ 0, 1, 2, 3, 1, 3 ], 
  [ 4, 3, 0, 1, 2, 4 ], [ 2, 0, 3, 4, 4, 0 ], [ 2, 0, 2, 0, 1, 1 ] ]
CLASS q=5 n=3 order=20 size=95208750000 M=
[ [ 1, 0, 2, 4, 4, 1 ], [ 1, 0, 2, 2, 3, 2 ], [ 2, 1, 2, 3, 3, 1 ], 
  [ 4, 1, 0, 2, 4, 1 ], [ 4, 3, 2, 2, 3, 1 ], [ 2, 1, 3, 1, 4, 2 ] ]
CLASS q=5 n=3 order=20 size=95208750000 M=
[ [ 3, 3, 0, 3, 0, 1 ], [ 2, 1, 2, 2, 0, 2 ], [ 4, 1, 1, 0, 3, 2 ], 
  [ 0, 2, 2, 0, 0, 1 ], [ 2, 4, 1, 1, 3, 2 ], [ 1, 0, 1, 3, 4, 2 ] ]
CLASS q=5 n=3 order=60 size=1904175000000 M=
[ [ 4, 2, 0, 4, 1, 4 ], [ 2, 1, 0, 0, 1, 0 ], [ 4, 3, 1, 3, 2, 3 ], 
  [ 4, 1, 2, 1, 0, 2 ], [ 1, 0, 0, 4, 1, 1 ], [ 2, 4, 1, 4, 3, 4 ] ]
CLASS q=5 n=3 order=60 size=1904175000000 M=
[ [ 3, 2, 1, 2, 1, 2 ], [ 2, 2, 2, 2, 3, 2 ], [ 4, 3, 3, 1, 1, 1 ], 
  [ 3, 3, 4, 0, 2, 4 ], [ 2, 1, 4, 0, 2, 3 ], [ 2, 4, 1, 3, 1, 3 ] ]
CLASS q=5 n=3 order=10 size=76167000000 M=
[ [ 1, 4, 0, 1, 0, 3 ], [ 3, 1, 3, 3, 0, 2 ], [ 1, 0, 1, 3, 0, 0 ], 
  [ 4, 2, 2, 0, 3, 4 ], [ 2, 0, 2, 1, 0, 4 ], [ 3, 0, 0, 0, 1, 0 ] ]
CLASS q=5 n=3 order=10 size=76167000000 M=
[ [ 3, 0, 4, 4, 0, 1 ], [ 2, 1, 1, 0, 3, 0 ], [ 4, 4, 0, 4, 3, 4 ], 
  [ 1, 3, 4, 2, 1, 1 ], [ 2, 4, 2, 4, 0, 0 ], [ 3, 1, 0, 3, 0, 1 ] ]
CLASS q=5 n=3 order=20 size=2285010000000 M=
[ [ 2, 4, 1, 4, 2, 3 ], [ 3, 0, 3, 4, 4, 4 ], [ 0, 0, 0, 1, 2, 0 ], 
  [ 2, 1, 0, 4, 3, 3 ], [ 1, 2, 2, 4, 1, 1 ], [ 1, 0, 4, 0, 3, 2 ] ]
CLASS q=5 n=3 order=20 size=2285010000000 M=
[ [ 0, 0, 3, 2, 1, 4 ], [ 2, 1, 1, 2, 2, 0 ], [ 4, 4, 2, 2, 4, 4 ], 
  [ 4, 0, 2, 4, 0, 2 ], [ 4, 3, 4, 2, 0, 2 ], [ 1, 0, 0, 2, 2, 2 ] ]
CLASS q=5 n=3 order=5 size=36560160000 M=
[ [ 4, 4, 1, 2, 1, 3 ], [ 0, 0, 4, 0, 1, 2 ], [ 1, 0, 4, 3, 4, 1 ], 
  [ 1, 2, 1, 4, 0, 4 ], [ 0, 3, 4, 3, 0, 3 ], [ 2, 1, 2, 3, 3, 4 ] ]
CLASS q=5 n=3 order=5 size=36560160000 M=
[ [ 0, 1, 4, 3, 3, 4 ], [ 3, 0, 2, 2, 1, 2 ], [ 4, 1, 2, 1, 2, 3 ], 
  [ 4, 4, 0, 2, 2, 3 ], [ 0, 4, 0, 0, 3, 4 ], [ 2, 4, 4, 0, 3, 2 ] ]
CLASS q=5 n=3 order=5 size=36560160000 M=
[ [ 0, 1, 4, 4, 1, 3 ], [ 0, 1, 3, 2, 2, 1 ], [ 2, 1, 3, 1, 3, 4 ], 
  [ 1, 3, 4, 4, 1, 4 ], [ 2, 3, 3, 2, 4, 3 ], [ 1, 2, 4, 0, 0, 2 ] ]
CLASS q=5 n=3 order=5 size=36560160000 M=
[ [ 2, 1, 4, 1, 4, 2 ], [ 3, 3, 3, 3, 0, 1 ], [ 3, 4, 3, 3, 3, 3 ], 
  [ 0, 4, 0, 1, 0, 2 ], [ 1, 2, 1, 0, 0, 2 ], [ 1, 3, 2, 4, 2, 0 ] ]
CLASS q=5 n=3 order=10 size=914004000000 M=
[ [ 1, 3, 3, 3, 4, 1 ], [ 0, 0, 2, 4, 1, 4 ], [ 2, 3, 1, 0, 0, 4 ], 
  [ 2, 0, 2, 2, 0, 4 ], [ 4, 3, 3, 4, 2, 2 ], [ 1, 0, 1, 4, 4, 2 ] ]
CLASS q=5 n=3 order=10 size=914004000000 M=
[ [ 0, 0, 2, 4, 0, 2 ], [ 4, 2, 0, 4, 1, 4 ], [ 0, 3, 2, 0, 1, 0 ], 
  [ 1, 0, 3, 4, 3, 1 ], [ 0, 4, 0, 1, 1, 3 ], [ 4, 0, 0, 4, 4, 4 ] ]
CLASS q=5 n=3 order=10 size=914004000000 M=
[ [ 0, 2, 1, 0, 1, 2 ], [ 3, 1, 1, 3, 1, 1 ], [ 3, 4, 0, 2, 0, 4 ], 
  [ 2, 2, 1, 0, 0, 4 ], [ 1, 3, 0, 1, 0, 1 ], [ 0, 4, 0, 4, 3, 2 ] ]
CLASS q=5 n=3 order=10 size=914004000000 M=
[ [ 3, 3, 3, 0, 1, 1 ], [ 0, 4, 1, 2, 3, 1 ], [ 2, 3, 4, 4, 1, 1 ], 
  [ 3, 4, 1, 4, 0, 0 ], [ 2, 2, 3, 4, 3, 1 ], [ 0, 0, 1, 4, 2, 0 ] ]
CLASS q=5 n=3 order=20 size=2285010000000 M=
[ [ 2, 1, 4, 3, 1, 3 ], [ 1, 1, 3, 2, 3, 0 ], [ 4, 2, 2, 3, 0, 4 ], 
  [ 0, 4, 4, 3, 1, 0 ], [ 3, 1, 1, 4, 2, 4 ], [ 2, 2, 3, 0, 0, 2 ] ]
CLASS q=5 n=3 order=20 size=2285010000000 M=
[ [ 0, 2, 3, 1, 1, 1 ], [ 2, 3, 1, 2, 0, 0 ], [ 1, 3, 0, 2, 1, 2 ], 
  [ 3, 0, 3, 0, 3, 2 ], [ 0, 2, 4, 4, 1, 3 ], [ 3, 3, 0, 3, 1, 3 ] ]
CLASS q=5 n=3 order=20 size=114250500000 M=
[ [ 2, 1, 4, 2, 0, 3 ], [ 3, 4, 1, 3, 3, 3 ], [ 2, 3, 3, 4, 3, 1 ], 
  [ 4, 0, 1, 4, 0, 0 ], [ 1, 4, 1, 3, 4, 3 ], [ 4, 4, 4, 0, 2, 4 ] ]
CLASS q=5 n=3 order=30 size=1523340000000 M=
[ [ 0, 0, 2, 4, 3, 4 ], [ 1, 4, 0, 4, 4, 3 ], [ 2, 0, 0, 0, 2, 1 ], 
  [ 4, 1, 4, 0, 2, 3 ], [ 3, 2, 1, 0, 3, 2 ], [ 1, 2, 0, 3, 0, 3 ] ]
CLASS q=5 n=3 order=30 size=1523340000000 M=
[ [ 3, 2, 1, 1, 1, 1 ], [ 0, 2, 0, 1, 2, 1 ], [ 3, 1, 3, 4, 0, 2 ], 
  [ 0, 1, 0, 0, 1, 3 ], [ 1, 4, 0, 2, 1, 4 ], [ 2, 0, 0, 1, 3, 1 ] ]
CLASS q=5 n=3 order=5 size=6093360000 M=
[ [ 2, 1, 1, 3, 4, 2 ], [ 2, 1, 1, 2, 0, 3 ], [ 3, 4, 3, 1, 0, 2 ], 
  [ 1, 0, 0, 4, 1, 1 ], [ 0, 0, 2, 4, 0, 3 ], [ 1, 0, 2, 4, 3, 1 ] ]
CLASS q=5 n=3 order=10 size=2285010000000 M=
[ [ 2, 0, 4, 4, 4, 2 ], [ 2, 2, 4, 0, 2, 3 ], [ 0, 2, 3, 3, 2, 0 ], 
  [ 3, 2, 3, 3, 4, 1 ], [ 2, 0, 3, 3, 4, 2 ], [ 2, 4, 0, 4, 4, 1 ] ]
CLASS q=5 n=3 order=6 size=2380218750000 M=
[ [ 4, 4, 3, 2, 4, 1 ], [ 3, 1, 2, 3, 1, 0 ], [ 3, 2, 4, 4, 4, 1 ], 
  [ 1, 1, 2, 4, 2, 1 ], [ 3, 0, 0, 4, 0, 0 ], [ 2, 1, 3, 3, 2, 2 ] ]
CLASS q=5 n=3 order=12 size=1586812500000 M=
[ [ 0, 2, 2, 0, 3, 0 ], [ 4, 3, 1, 3, 4, 1 ], [ 0, 2, 4, 3, 1, 3 ], 
  [ 2, 3, 1, 1, 0, 4 ], [ 0, 3, 1, 1, 4, 1 ], [ 4, 0, 3, 2, 3, 3 ] ]
CLASS q=5 n=3 order=30 size=126945000000 M=
[ [ 0, 3, 0, 1, 0, 4 ], [ 2, 3, 4, 4, 1, 4 ], [ 2, 3, 2, 2, 3, 2 ], 
  [ 0, 1, 3, 0, 3, 2 ], [ 1, 4, 2, 2, 0, 0 ], [ 4, 1, 2, 0, 4, 4 ] ]
CLASS q=5 n=3 order=20 size=1142505000000 M=
[ [ 1, 0, 1, 3, 2, 0 ], [ 0, 3, 0, 1, 2, 1 ], [ 1, 2, 3, 1, 0, 3 ], 
  [ 4, 4, 0, 2, 2, 2 ], [ 2, 0, 0, 1, 3, 2 ], [ 1, 1, 1, 1, 2, 3 ] ]
CLASS q=5 n=3 order=30 size=50778000000 M=
[ [ 2, 3, 2, 0, 3, 3 ], [ 1, 4, 4, 1, 1, 4 ], [ 3, 3, 1, 3, 2, 1 ], 
  [ 2, 0, 0, 0, 3, 0 ], [ 2, 2, 0, 2, 1, 2 ], [ 1, 2, 3, 3, 1, 2 ] ]
CLASS q=5 n=3 order=60 size=3808350000000 M=
[ [ 1, 3, 4, 0, 4, 0 ], [ 0, 0, 3, 3, 3, 1 ], [ 3, 2, 4, 4, 2, 4 ], 
  [ 4, 2, 2, 1, 4, 4 ], [ 4, 0, 0, 4, 4, 4 ], [ 1, 2, 3, 1, 3, 3 ] ]
CLASS q=5 n=3 order=10 size=114250500000 M=
[ [ 0, 2, 0, 4, 2, 2 ], [ 4, 2, 1, 4, 4, 3 ], [ 1, 4, 2, 2, 2, 2 ], 
  [ 2, 3, 3, 3, 4, 2 ], [ 4, 2, 1, 2, 3, 4 ], [ 0, 1, 4, 3, 2, 0 ] ]
CLASS q=5 n=3 order=25 size=1828008000000 M=
[ [ 0, 2, 0, 1, 3, 0 ], [ 2, 1, 2, 3, 3, 4 ], [ 2, 2, 2, 3, 2, 2 ], 
  [ 1, 4, 3, 3, 1, 0 ], [ 3, 3, 1, 1, 1, 4 ], [ 0, 3, 2, 3, 2, 4 ] ]
CLASS q=5 n=3 order=25 size=1828008000000 M=
[ [ 1, 0, 0, 3, 0, 0 ], [ 2, 3, 4, 0, 3, 4 ], [ 3, 1, 2, 4, 0, 2 ], 
  [ 0, 3, 1, 3, 0, 4 ], [ 3, 0, 0, 4, 0, 1 ], [ 1, 3, 1, 2, 4, 0 ] ]
CLASS q=5 n=3 order=15 size=3046680000000 M=
[ [ 1, 2, 4, 2, 2, 0 ], [ 0, 4, 0, 0, 0, 1 ], [ 3, 4, 1, 1, 3, 0 ], 
  [ 1, 1, 4, 3, 1, 1 ], [ 4, 1, 0, 3, 4, 0 ], [ 0, 2, 1, 3, 0, 4 ] ]
q=2 n=5 |PSp|=24815256521932800 classes=198
CLASS q=2 n=5 order=1 size=1 M=[ [ 1, 0, 0, 0, 0, 0, 0, 0, 0, 0 ], 
  [ 0, 1, 0, 0, 0, 0, 0, 0, 0, 0 ], [ 0, 0, 1, 0, 0, 0, 0, 0, 0, 0 ], 
  [ 0, 0, 0, 1, 0, 0, 0, 0, 0, 0 ], [ 0, 0, 0, 0, 1, 0, 0, 0, 0, 0 ], 
  [ 0, 0, 0, 0, 0, 1, 0, 0, 0, 0 ], [ 0, 0, 0, 0, 0, 0, 1, 0, 0, 0 ], 
  [ 0, 0, 0, 0, 0, 0, 0, 1, 0, 0 ], [ 0, 0, 0, 0, 0, 0, 0, 0, 1, 0 ], 
  [ 0, 0, 0, 0, 0, 0, 0, 0, 0, 1 ] ]
CLASS q=2 n=5 order=5 size=3419209728 M=[ [ 1, 1, 1, 0, 1, 0, 0, 1, 1, 1 ], 
  [ 1, 0, 0, 1, 0, 1, 0, 0, 0, 0 ], [ 0, 1, 0, 1, 1, 1, 0, 1, 0, 1 ], 
  [ 1, 0, 1, 0, 1, 1, 0, 1, 1, 1 ], [ 0, 1, 1, 1, 0, 1, 0, 1, 0, 1 ], 
  [ 0, 1, 1, 0, 0, 1, 1, 0, 1, 0 ], [ 0, 1, 1, 0, 0, 0, 0, 0, 1, 0 ], 
  [ 1, 1, 0, 1, 1, 1, 1, 0, 0, 1 ], [ 0, 1, 1, 0, 0, 0, 1, 0, 0, 0 ], 
  [ 0, 0, 0, 1, 0, 1, 0, 0, 1, 1 ] ]
CLASS q=2 n=5 order=7 size=4923662008320 M=
[ [ 1, 1, 0, 1, 1, 0, 0, 0, 0, 1 ], [ 0, 0, 1, 1, 0, 1, 0, 0, 1, 1 ], 
  [ 0, 1, 1, 0, 1, 1, 1, 1, 1, 1 ], [ 1, 1, 0, 0, 0, 0, 0, 0, 0, 0 ], 
  [ 0, 0, 0, 1, 1, 0, 1, 1, 0, 0 ], [ 1, 1, 1, 1, 1, 0, 0, 0, 1, 0 ], 
  [ 0, 0, 0, 1, 0, 1, 0, 1, 1, 0 ], [ 0, 0, 1, 0, 1, 1, 1, 1, 0, 0 ], 
  [ 0, 0, 1, 0, 1, 1, 0, 0, 0, 0 ], [ 0, 0, 1, 0, 1, 0, 1, 0, 1, 1 ] ]
CLASS q=2 n=5 order=35 size=709007329198080 M=
[ [ 1, 1, 1, 1, 0, 0, 1, 0, 0, 1 ], [ 1, 1, 1, 0, 1, 0, 0, 0, 0, 0 ], 
  [ 0, 1, 0, 0, 0, 1, 0, 0, 1, 0 ], [ 1, 0, 0, 0, 0, 1, 1, 1, 0, 0 ], 
  [ 1, 1, 1, 0, 0, 0, 1, 0, 1, 1 ], [ 0, 0, 1, 0, 0, 0, 0, 0, 1, 0 ], 
  [ 1, 1, 0, 0, 1, 0, 1, 1, 1, 0 ], [ 0, 0, 1, 1, 1, 1, 1, 0, 0, 1 ], 
  [ 0, 1, 1, 1, 1, 0, 0, 0, 1, 1 ], [ 0, 0, 0, 0, 0, 0, 1, 1, 1, 0 ] ]
CLASS q=2 n=5 order=2 size=86955 M=[ [ 0, 0, 0, 1, 1, 1, 0, 1, 0, 0 ], 
  [ 0, 0, 1, 1, 1, 1, 0, 1, 1, 1 ], [ 1, 1, 0, 0, 0, 0, 0, 0, 1, 1 ], 
  [ 1, 0, 0, 0, 1, 1, 0, 1, 0, 0 ], [ 1, 1, 1, 0, 1, 0, 0, 0, 1, 1 ], 
  [ 1, 1, 1, 0, 0, 1, 0, 0, 1, 1 ], [ 1, 1, 1, 0, 0, 0, 1, 0, 1, 1 ], 
  [ 0, 0, 0, 0, 0, 0, 0, 1, 0, 0 ], [ 1, 0, 0, 1, 1, 1, 0, 1, 1, 0 ], 
  [ 1, 0, 0, 1, 1, 1, 0, 1, 0, 1 ] ]
CLASS q=2 n=5 order=3 size=604405760 M=[ [ 1, 0, 0, 0, 1, 1, 1, 0, 1, 0 ], 
  [ 1, 0, 1, 1, 1, 0, 0, 1, 0, 1 ], [ 1, 0, 1, 0, 1, 1, 0, 0, 0, 0 ], 
  [ 1, 0, 1, 0, 1, 0, 1, 0, 0, 1 ], [ 0, 1, 0, 1, 0, 0, 0, 0, 0, 1 ], 
  [ 1, 1, 1, 1, 1, 1, 1, 0, 1, 1 ], [ 1, 0, 0, 0, 0, 0, 1, 1, 1, 1 ], 
  [ 0, 1, 1, 0, 1, 0, 1, 0, 1, 0 ], [ 1, 0, 1, 0, 1, 1, 0, 1, 0, 1 ], 
  [ 0, 1, 0, 0, 1, 0, 1, 1, 0, 1 ] ]
CLASS q=2 n=5 order=4 size=5259038400 M=[ [ 0, 1, 1, 0, 0, 0, 0, 1, 1, 1 ], 
  [ 1, 1, 0, 1, 0, 1, 1, 1, 1, 1 ], [ 0, 1, 1, 1, 1, 1, 1, 0, 0, 0 ], 
  [ 1, 1, 1, 0, 1, 1, 0, 1, 0, 1 ], [ 0, 1, 0, 1, 0, 1, 1, 0, 0, 0 ], 
  [ 1, 1, 0, 1, 1, 0, 1, 1, 1, 0 ], [ 0, 0, 0, 0, 1, 0, 0, 1, 1, 1 ], 
  [ 1, 0, 0, 1, 1, 1, 0, 0, 0, 0 ], [ 0, 1, 1, 1, 1, 1, 0, 0, 0, 1 ], 
  [ 0, 1, 0, 1, 0, 1, 0, 0, 1, 0 ] ]
CLASS q=2 n=5 order=6 size=99726950400 M=[ [ 0, 1, 1, 1, 0, 0, 1, 1, 0, 1 ], 
  [ 0, 0, 0, 1, 1, 0, 0, 1, 1, 0 ], [ 0, 0, 0, 1, 0, 0, 0, 1, 0, 0 ], 
  [ 1, 1, 0, 0, 0, 1, 1, 1, 1, 0 ], [ 1, 1, 0, 0, 0, 1, 0, 1, 0, 1 ], 
  [ 0, 1, 1, 0, 0, 1, 1, 1, 1, 1 ], [ 0, 0, 0, 1, 1, 1, 0, 0, 1, 1 ], 
  [ 0, 1, 1, 0, 1, 0, 1, 1, 1, 0 ], [ 1, 1, 0, 1, 0, 0, 0, 0, 0, 0 ], 
  [ 0, 0, 1, 1, 0, 1, 1, 0, 1, 1 ] ]
CLASS q=2 n=5 order=8 size=4038941491200 M=
[ [ 0, 1, 0, 0, 1, 1, 1, 1, 0, 0 ], [ 1, 0, 0, 0, 0, 0, 1, 1, 1, 1 ], 
  [ 0, 1, 1, 0, 1, 1, 1, 1, 0, 1 ], [ 1, 0, 0, 0, 1, 0, 1, 1, 1, 1 ], 
  [ 0, 0, 1, 1, 1, 0, 1, 0, 1, 0 ], [ 0, 0, 0, 0, 0, 0, 1, 1, 0, 0 ], 
  [ 1, 0, 1, 1, 1, 0, 1, 1, 1, 1 ], [ 0, 1, 1, 0, 0, 0, 0, 0, 0, 1 ], 
  [ 0, 0, 1, 1, 0, 0, 1, 1, 1, 1 ], [ 0, 1, 1, 1, 0, 0, 0, 0, 1, 0 ] ]
CLASS q=2 n=5 order=12 size=21541021286400 M=
[ [ 0, 1, 1, 1, 1, 0, 0, 1, 0, 0 ], [ 1, 1, 1, 1, 0, 0, 0, 1, 0, 0 ], 
  [ 1, 1, 1, 0, 1, 1, 1, 1, 1, 0 ], [ 1, 1, 1, 1, 0, 1, 0, 0, 0, 1 ], 
  [ 0, 0, 0, 1, 0, 0, 1, 1, 1, 1 ], [ 1, 1, 1, 1, 0, 1, 0, 0, 0, 0 ], 
  [ 1, 0, 1, 0, 0, 0, 0, 1, 0, 0 ], [ 1, 0, 0, 0, 1, 0, 1, 0, 0, 1 ], 
  [ 1, 0, 1, 1, 1, 0, 1, 0, 0, 0 ], [ 1, 0, 1, 0, 0, 0, 0, 0, 0, 1 ] ]
CLASS q=2 n=5 order=24 size=516984510873600 M=
[ [ 0, 0, 0, 1, 0, 0, 1, 0, 1, 1 ], [ 0, 0, 0, 0, 1, 0, 0, 1, 1, 1 ], 
  [ 1, 1, 1, 0, 1, 0, 1, 0, 1, 0 ], [ 0, 0, 1, 1, 0, 0, 0, 1, 1, 1 ], 
  [ 1, 1, 0, 1, 1, 1, 1, 0, 0, 0 ], [ 1, 1, 0, 0, 0, 0, 1, 1, 0, 1 ], 
  [ 0, 0, 1, 0, 0, 1, 0, 0, 0, 1 ], [ 0, 1, 0, 0, 0, 0, 1, 1, 1, 0 ], 
  [ 1, 1, 1, 0, 0, 1, 0, 0, 0, 1 ], [ 1, 0, 0, 0, 1, 0, 0, 0, 1, 1 ] ]
CLASS q=2 n=5 order=16 size=387738383155200 M=
[ [ 0, 0, 1, 1, 0, 0, 1, 1, 1, 1 ], [ 1, 0, 1, 0, 0, 1, 1, 0, 1, 0 ], 
  [ 0, 1, 0, 0, 1, 1, 0, 0, 0, 0 ], [ 1, 0, 0, 0, 1, 1, 0, 0, 1, 1 ], 
  [ 0, 1, 0, 1, 0, 0, 0, 0, 1, 0 ], [ 0, 0, 0, 1, 0, 0, 1, 0, 1, 1 ], 
  [ 0, 1, 1, 1, 1, 1, 1, 0, 0, 1 ], [ 0, 1, 1, 0, 0, 0, 0, 0, 0, 1 ], 
  [ 1, 0, 0, 1, 1, 0, 1, 1, 0, 1 ], [ 0, 0, 1, 1, 1, 1, 1, 1, 1, 1 ] ]
CLASS q=2 n=5 order=4 size=350602560 M=[ [ 0, 1, 1, 0, 1, 0, 1, 1, 1, 1 ], 
  [ 1, 0, 1, 0, 1, 0, 1, 1, 1, 1 ], [ 0, 0, 1, 0, 0, 0, 0, 0, 0, 0 ], 
  [ 1, 1, 1, 1, 1, 0, 1, 1, 0, 0 ], [ 0, 0, 0, 0, 0, 1, 0, 1, 1, 1 ], 
  [ 1, 1, 1, 0, 0, 0, 1, 0, 0, 0 ], [ 1, 1, 1, 0, 0, 1, 0, 0, 0, 0 ], 
  [ 1, 1, 1, 0, 1, 0, 1, 0, 0, 0 ], [ 0, 0, 1, 0, 0, 0, 1, 0, 0, 1 ], 
  [ 0, 0, 1, 0, 0, 0, 1, 0, 1, 0 ] ]
CLASS q=2 n=5 order=12 size=7180340428800 M=
[ [ 0, 0, 1, 0, 0, 1, 1, 0, 0, 1 ], [ 1, 1, 0, 1, 0, 0, 0, 1, 1, 0 ], 
  [ 1, 0, 0, 0, 1, 1, 0, 0, 1, 1 ], [ 0, 1, 1, 1, 1, 0, 0, 1, 1, 0 ], 
  [ 1, 0, 1, 1, 0, 1, 0, 0, 1, 0 ], [ 1, 1, 0, 1, 1, 0, 0, 0, 0, 0 ], 
  [ 0, 1, 0, 0, 0, 1, 0, 1, 1, 1 ], [ 0, 1, 0, 0, 1, 1, 1, 0, 1, 0 ], 
  [ 1, 0, 0, 1, 0, 1, 0, 1, 0, 1 ], [ 0, 1, 1, 1, 0, 0, 1, 1, 0, 1 ] ]
CLASS q=2 n=5 order=2 size=21912660 M=[ [ 1, 0, 1, 0, 0, 0, 0, 0, 1, 1 ], 
  [ 0, 1, 1, 0, 0, 0, 0, 0, 0, 0 ], [ 0, 0, 1, 0, 0, 0, 0, 0, 0, 0 ], 
  [ 1, 1, 0, 1, 0, 1, 1, 0, 1, 1 ], [ 0, 0, 1, 0, 1, 0, 0, 0, 0, 0 ], 
  [ 0, 0, 0, 0, 0, 1, 0, 0, 1, 1 ], [ 0, 0, 0, 0, 0, 0, 1, 0, 0, 0 ], 
  [ 0, 0, 1, 0, 0, 0, 0, 1, 1, 1 ], [ 0, 1, 1, 0, 1, 0, 1, 0, 1, 0 ], 
  [ 0, 1, 1, 0, 1, 0, 1, 0, 0, 1 ] ]
CLASS q=2 n=5 order=4 size=336578457600 M=[ [ 1, 0, 1, 0, 0, 1, 1, 0, 1, 1 ], 
  [ 0, 1, 0, 0, 0, 1, 1, 0, 0, 0 ], [ 0, 0, 1, 0, 0, 0, 0, 0, 1, 1 ], 
  [ 1, 0, 1, 1, 1, 0, 1, 0, 0, 0 ], [ 1, 1, 1, 0, 1, 0, 0, 0, 0, 0 ], 
  [ 0, 0, 1, 0, 0, 1, 0, 0, 1, 1 ], [ 0, 0, 0, 0, 0, 0, 1, 0, 1, 1 ], 
  [ 1, 1, 0, 0, 0, 0, 0, 1, 1, 1 ], [ 1, 1, 0, 1, 0, 1, 1, 1, 0, 1 ], 
  [ 1, 1, 0, 1, 0, 1, 1, 1, 1, 0 ] ]
CLASS q=2 n=5 order=6 size=1795085107200 M=
[ [ 0, 1, 1, 0, 1, 1, 1, 0, 0, 1 ], [ 0, 1, 1, 1, 1, 1, 1, 1, 1, 0 ], 
  [ 1, 0, 0, 0, 1, 1, 0, 0, 1, 1 ], [ 0, 0, 1, 1, 0, 0, 0, 1, 0, 1 ], 
  [ 1, 1, 1, 1, 1, 1, 0, 0, 0, 1 ], [ 1, 1, 0, 1, 1, 0, 0, 0, 1, 1 ], 
  [ 1, 0, 1, 0, 0, 0, 1, 1, 0, 0 ], [ 1, 1, 1, 0, 0, 0, 0, 0, 1, 0 ], 
  [ 0, 0, 0, 1, 0, 1, 1, 0, 0, 1 ], [ 1, 1, 1, 1, 0, 0, 0, 0, 0, 1 ] ]
CLASS q=2 n=5 order=12 size=86164085145600 M=
[ [ 1, 1, 1, 1, 1, 0, 0, 1, 1, 0 ], [ 0, 1, 1, 0, 0, 0, 1, 0, 1, 0 ], 
  [ 0, 1, 0, 0, 1, 0, 1, 0, 0, 0 ], [ 1, 1, 1, 1, 0, 0, 0, 0, 1, 0 ], 
  [ 1, 0, 1, 0, 1, 0, 0, 1, 1, 0 ], [ 1, 0, 0, 1, 0, 1, 1, 0, 0, 0 ], 
  [ 0, 1, 0, 0, 0, 1, 1, 1, 1, 1 ], [ 1, 1, 1, 1, 0, 1, 1, 0, 1, 0 ], 
  [ 0, 0, 0, 1, 0, 0, 0, 0, 1, 1 ], [ 1, 1, 1, 1, 0, 1, 1, 0, 0, 0 ] ]
CLASS q=2 n=5 order=3 size=174592 M=[ [ 0, 1, 0, 0, 0, 1, 0, 0, 0, 0 ], 
  [ 1, 0, 0, 0, 0, 1, 0, 0, 0, 0 ], [ 0, 0, 1, 0, 0, 0, 0, 0, 0, 0 ], 
  [ 0, 0, 0, 1, 0, 0, 0, 0, 0, 0 ], [ 0, 0, 0, 0, 0, 1, 0, 1, 0, 0 ], 
  [ 1, 1, 0, 0, 1, 1, 0, 1, 0, 0 ], [ 1, 1, 0, 0, 1, 0, 1, 1, 0, 0 ], 
  [ 0, 0, 0, 0, 0, 0, 0, 1, 0, 0 ], [ 0, 0, 0, 0, 0, 0, 0, 0, 1, 0 ], 
  [ 0, 0, 0, 0, 0, 0, 0, 0, 0, 1 ] ]
CLASS q=2 n=5 order=6 size=934940160 M=[ [ 0, 1, 0, 0, 1, 0, 0, 1, 1, 1 ], 
  [ 1, 0, 0, 0, 1, 0, 0, 1, 1, 1 ], [ 0, 0, 1, 0, 0, 0, 0, 0, 0, 0 ], 
  [ 0, 0, 0, 1, 0, 0, 0, 0, 1, 1 ], [ 1, 1, 0, 0, 1, 1, 0, 0, 1, 1 ], 
  [ 0, 0, 0, 0, 1, 0, 0, 1, 0, 0 ], [ 0, 0, 0, 0, 1, 1, 1, 1, 0, 0 ], 
  [ 0, 0, 0, 0, 0, 0, 0, 1, 1, 1 ], [ 1, 1, 1, 0, 0, 1, 1, 0, 1, 0 ], 
  [ 1, 1, 1, 0, 0, 1, 1, 0, 0, 1 ] ]
CLASS q=2 n=5 order=2 size=260865 M=[ [ 0, 1, 1, 0, 0, 1, 1, 0, 0, 0 ], 
  [ 1, 0, 1, 0, 0, 1, 1, 0, 0, 0 ], [ 0, 0, 1, 0, 0, 0, 0, 0, 0, 0 ], 
  [ 1, 1, 1, 1, 0, 1, 1, 0, 0, 0 ], [ 1, 1, 1, 0, 1, 1, 1, 0, 0, 0 ], 
  [ 0, 0, 0, 0, 0, 1, 0, 0, 0, 0 ], [ 0, 0, 0, 0, 0, 0, 1, 0, 0, 0 ], 
  [ 1, 1, 1, 0, 0, 1, 1, 1, 0, 0 ], [ 0, 0, 0, 0, 0, 0, 0, 0, 0, 1 ], 
  [ 0, 0, 0, 0, 0, 0, 0, 0, 1, 0 ] ]
CLASS q=2 n=5 order=3 size=53187706880 M=[ [ 0, 1, 0, 0, 1, 0, 0, 1, 0, 0 ], 
  [ 1, 0, 0, 1, 1, 1, 1, 0, 1, 1 ], [ 1, 0, 1, 1, 1, 1, 0, 1, 0, 0 ], 
  [ 1, 0, 1, 0, 1, 1, 0, 1, 0, 0 ], [ 1, 1, 0, 1, 1, 1, 0, 1, 0, 0 ], 
  [ 0, 0, 0, 1, 1, 1, 1, 0, 1, 1 ], [ 1, 0, 0, 1, 0, 0, 1, 0, 0, 0 ], 
  [ 0, 0, 0, 0, 0, 1, 1, 1, 1, 1 ], [ 0, 0, 0, 0, 0, 1, 1, 0, 0, 1 ], 
  [ 0, 0, 0, 0, 0, 1, 1, 0, 1, 0 ] ]
CLASS q=2 n=5 order=4 size=33390720 M=[ [ 1, 0, 0, 0, 0, 0, 0, 1, 0, 1 ], 
  [ 0, 1, 0, 0, 0, 0, 0, 1, 0, 1 ], [ 0, 0, 1, 0, 0, 0, 0, 0, 0, 0 ], 
  [ 0, 0, 0, 1, 0, 0, 0, 1, 0, 1 ], [ 0, 0, 0, 0, 1, 0, 0, 1, 0, 1 ], 
  [ 0, 0, 0, 0, 0, 1, 0, 0, 0, 0 ], [ 1, 1, 1, 0, 0, 1, 0, 0, 1, 1 ], 
  [ 0, 0, 0, 0, 0, 0, 0, 0, 0, 1 ], [ 0, 0, 0, 0, 0, 0, 0, 1, 0, 0 ], 
  [ 1, 1, 1, 0, 0, 1, 1, 1, 0, 0 ] ]
CLASS q=2 n=5 order=6 size=2393446809600 M=
[ [ 1, 0, 1, 0, 0, 0, 1, 0, 0, 0 ], [ 0, 1, 0, 1, 0, 0, 1, 1, 0, 0 ], 
  [ 1, 0, 0, 1, 1, 1, 0, 1, 0, 0 ], [ 1, 1, 0, 1, 0, 1, 1, 0, 0, 0 ], 
  [ 0, 1, 0, 1, 1, 0, 0, 0, 1, 1 ], [ 1, 1, 1, 1, 1, 1, 0, 0, 0, 0 ], 
  [ 0, 1, 1, 1, 0, 1, 1, 0, 0, 0 ], [ 0, 1, 1, 0, 1, 1, 0, 1, 1, 1 ], 
  [ 1, 0, 0, 0, 1, 0, 1, 0, 1, 0 ], [ 1, 0, 0, 0, 1, 0, 1, 0, 0, 1 ] ]
CLASS q=2 n=5 order=12 size=4786893619200 M=
[ [ 0, 1, 0, 0, 1, 0, 0, 0, 1, 0 ], [ 1, 0, 0, 1, 1, 1, 1, 1, 0, 1 ], 
  [ 1, 0, 1, 1, 1, 1, 0, 1, 0, 0 ], [ 1, 0, 1, 0, 1, 1, 0, 0, 1, 0 ], 
  [ 1, 1, 0, 1, 1, 1, 0, 0, 1, 0 ], [ 0, 0, 0, 1, 1, 1, 1, 0, 1, 1 ], 
  [ 0, 1, 1, 1, 0, 1, 0, 0, 1, 1 ], [ 0, 0, 0, 0, 0, 1, 1, 0, 0, 1 ], 
  [ 1, 1, 1, 0, 0, 0, 0, 1, 1, 1 ], [ 0, 0, 0, 0, 0, 1, 1, 1, 1, 1 ] ]
CLASS q=2 n=5 order=4 size=33390720 M=[ [ 0, 1, 1, 0, 0, 1, 1, 1, 0, 1 ], 
  [ 1, 0, 1, 0, 0, 1, 1, 1, 0, 1 ], [ 0, 0, 1, 0, 0, 0, 0, 0, 0, 0 ], 
  [ 1, 1, 1, 1, 0, 1, 1, 1, 0, 1 ], [ 1, 1, 1, 0, 1, 1, 1, 1, 0, 1 ], 
  [ 0, 0, 0, 0, 0, 1, 0, 0, 0, 0 ], [ 1, 1, 1, 0, 0, 1, 0, 0, 1, 1 ], 
  [ 1, 1, 1, 0, 0, 1, 1, 0, 0, 1 ], [ 0, 0, 0, 0, 0, 0, 0, 1, 1, 1 ], 
  [ 1, 1, 1, 0, 0, 1, 1, 1, 1, 1 ] ]
CLASS q=2 n=5 order=9 size=3829514895360 M=
[ [ 0, 0, 1, 1, 1, 0, 1, 1, 1, 1 ], [ 0, 0, 1, 1, 0, 1, 0, 0, 0, 0 ], 
  [ 1, 1, 1, 1, 0, 0, 1, 1, 1, 1 ], [ 0, 0, 1, 0, 1, 1, 0, 0, 0, 0 ], 
  [ 0, 0, 0, 0, 0, 0, 1, 1, 1, 1 ], [ 1, 1, 0, 1, 1, 0, 1, 0, 1, 1 ], 
  [ 1, 1, 0, 0, 0, 0, 0, 0, 1, 1 ], [ 0, 1, 1, 0, 1, 1, 1, 1, 1, 1 ], 
  [ 0, 1, 1, 0, 1, 1, 1, 0, 0, 1 ], [ 0, 1, 1, 0, 1, 1, 1, 0, 1, 0 ] ]
CLASS q=2 n=5 order=12 size=4786893619200 M=
[ [ 1, 0, 1, 0, 0, 0, 1, 1, 1, 0 ], [ 0, 1, 0, 1, 0, 0, 1, 0, 1, 0 ], 
  [ 1, 0, 0, 1, 1, 1, 0, 1, 0, 0 ], [ 1, 1, 0, 1, 0, 1, 1, 1, 1, 0 ], 
  [ 0, 1, 0, 1, 1, 0, 0, 1, 0, 1 ], [ 1, 1, 1, 1, 1, 1, 0, 0, 0, 0 ], 
  [ 1, 0, 0, 1, 0, 0, 0, 0, 1, 1 ], [ 0, 1, 1, 0, 1, 1, 0, 0, 0, 1 ], 
  [ 0, 1, 1, 0, 1, 1, 0, 1, 0, 0 ], [ 1, 0, 0, 0, 1, 0, 1, 1, 0, 0 ] ]
CLASS q=2 n=5 order=18 size=172328170291200 M=
[ [ 0, 0, 0, 0, 0, 0, 1, 1, 0, 0 ], [ 1, 0, 0, 1, 0, 0, 0, 1, 1, 1 ], 
  [ 1, 0, 1, 0, 0, 1, 1, 1, 1, 1 ], [ 1, 0, 1, 1, 0, 0, 1, 1, 0, 0 ], 
  [ 1, 0, 0, 0, 0, 0, 0, 0, 1, 1 ], [ 0, 1, 1, 0, 1, 1, 0, 0, 0, 0 ], 
  [ 1, 0, 1, 1, 1, 1, 1, 1, 0, 0 ], [ 1, 0, 0, 0, 0, 1, 0, 0, 1, 1 ], 
  [ 0, 1, 1, 0, 0, 0, 1, 1, 1, 0 ], [ 0, 1, 1, 0, 0, 0, 1, 1, 0, 1 ] ]
CLASS q=2 n=5 order=36 size=344656340582400 M=
[ [ 1, 0, 1, 1, 1, 1, 1, 1, 0, 1 ], [ 1, 1, 1, 0, 1, 0, 0, 1, 1, 0 ], 
  [ 0, 1, 0, 1, 0, 0, 1, 0, 1, 1 ], [ 1, 0, 0, 1, 1, 0, 0, 1, 1, 0 ], 
  [ 0, 1, 1, 1, 0, 0, 1, 0, 0, 1 ], [ 0, 0, 1, 1, 0, 1, 0, 1, 0, 0 ], 
  [ 0, 0, 1, 1, 0, 0, 0, 1, 1, 1 ], [ 1, 0, 0, 1, 0, 0, 1, 0, 0, 1 ], 
  [ 0, 1, 1, 1, 0, 1, 0, 1, 1, 1 ], [ 1, 0, 0, 1, 0, 0, 1, 1, 1, 1 ] ]
CLASS q=2 n=5 order=3 size=949780480 M=[ [ 0, 1, 1, 0, 1, 0, 0, 1, 1, 0 ], 
  [ 0, 0, 1, 0, 0, 1, 1, 1, 1, 1 ], [ 0, 0, 1, 0, 0, 0, 0, 0, 0, 0 ], 
  [ 1, 1, 1, 1, 1, 0, 0, 1, 1, 0 ], [ 1, 1, 1, 0, 0, 0, 1, 1, 0, 0 ], 
  [ 0, 1, 1, 0, 0, 0, 1, 1, 1, 1 ], [ 1, 1, 1, 0, 1, 0, 1, 1, 1, 0 ], 
  [ 0, 0, 0, 0, 0, 1, 1, 1, 0, 0 ], [ 1, 0, 0, 0, 1, 1, 1, 0, 1, 1 ], 
  [ 0, 0, 0, 0, 0, 1, 0, 0, 1, 1 ] ]
CLASS q=2 n=5 order=6 size=2849341440 M=[ [ 0, 0, 0, 0, 1, 0, 1, 0, 1, 1 ], 
  [ 0, 0, 1, 0, 0, 1, 0, 1, 0, 1 ], [ 0, 0, 1, 0, 0, 0, 0, 0, 0, 0 ], 
  [ 1, 0, 0, 1, 1, 0, 1, 0, 1, 1 ], [ 1, 1, 1, 0, 0, 1, 0, 1, 0, 0 ], 
  [ 0, 1, 1, 0, 0, 0, 0, 1, 0, 1 ], [ 1, 0, 0, 0, 1, 0, 0, 0, 1, 1 ], 
  [ 1, 0, 0, 0, 1, 1, 0, 1, 1, 1 ], [ 1, 1, 1, 0, 1, 1, 1, 1, 0, 0 ], 
  [ 1, 1, 1, 0, 1, 0, 1, 1, 0, 1 ] ]
CLASS q=2 n=5 order=10 size=1077051064320 M=
[ [ 1, 1, 1, 1, 1, 1, 1, 1, 1, 1 ], [ 0, 0, 1, 0, 0, 0, 1, 0, 1, 0 ], 
  [ 1, 1, 1, 0, 0, 0, 0, 0, 1, 0 ], [ 0, 0, 0, 0, 1, 1, 0, 1, 0, 1 ], 
  [ 1, 1, 0, 0, 1, 0, 1, 0, 0, 0 ], [ 1, 0, 1, 0, 1, 1, 0, 1, 0, 1 ], 
  [ 1, 0, 1, 0, 1, 0, 0, 1, 1, 1 ], [ 1, 1, 0, 1, 0, 0, 1, 0, 1, 1 ], 
  [ 1, 0, 1, 0, 1, 0, 1, 1, 0, 1 ], [ 1, 1, 0, 1, 1, 0, 0, 0, 1, 1 ] ]
CLASS q=2 n=5 order=15 size=45954178744320 M=
[ [ 1, 0, 1, 1, 1, 0, 0, 1, 0, 0 ], [ 0, 0, 1, 1, 1, 0, 1, 0, 1, 0 ], 
  [ 0, 1, 0, 0, 0, 0, 1, 0, 1, 0 ], [ 0, 0, 1, 1, 0, 1, 1, 0, 1, 1 ], 
  [ 1, 1, 1, 0, 0, 0, 0, 0, 0, 1 ], [ 0, 0, 0, 0, 1, 0, 0, 0, 1, 0 ], 
  [ 1, 0, 0, 0, 0, 1, 1, 0, 1, 1 ], [ 0, 0, 1, 0, 1, 1, 0, 1, 0, 1 ], 
  [ 1, 1, 1, 0, 0, 0, 0, 1, 0, 0 ], [ 0, 1, 0, 1, 1, 1, 1, 1, 0, 1 ] ]
CLASS q=2 n=5 order=30 size=137862536232960 M=
[ [ 1, 1, 0, 1, 0, 0, 1, 1, 1, 0 ], [ 1, 0, 0, 0, 0, 1, 0, 1, 1, 1 ], 
  [ 1, 0, 0, 1, 0, 1, 1, 0, 1, 0 ], [ 1, 1, 1, 0, 0, 0, 0, 1, 1, 0 ], 
  [ 0, 0, 1, 1, 0, 0, 0, 0, 1, 1 ], [ 0, 0, 0, 1, 0, 1, 0, 1, 1, 1 ], 
  [ 1, 1, 1, 1, 1, 0, 0, 0, 1, 1 ], [ 0, 1, 1, 0, 1, 0, 1, 1, 1, 0 ], 
  [ 1, 0, 0, 1, 1, 1, 0, 1, 1, 0 ], [ 0, 0, 0, 0, 1, 0, 1, 0, 1, 1 ] ]
CLASS q=2 n=5 order=2 size=1023 M=[ [ 0, 1, 0, 1, 0, 0, 1, 0, 1, 0 ], 
  [ 1, 0, 0, 1, 0, 0, 1, 0, 1, 0 ], [ 1, 1, 1, 1, 0, 0, 1, 0, 1, 0 ], 
  [ 0, 0, 0, 1, 0, 0, 0, 0, 0, 0 ], [ 0, 0, 0, 0, 1, 0, 0, 0, 0, 0 ], 
  [ 0, 0, 0, 0, 0, 1, 0, 0, 0, 0 ], [ 0, 0, 0, 0, 0, 0, 1, 0, 0, 0 ], 
  [ 1, 1, 0, 1, 0, 0, 1, 1, 1, 0 ], [ 0, 0, 0, 0, 0, 0, 0, 0, 1, 0 ], 
  [ 1, 1, 0, 1, 0, 0, 1, 0, 1, 1 ] ]
CLASS q=2 n=5 order=6 size=59836170240 M=[ [ 1, 0, 1, 1, 1, 1, 1, 1, 1, 0 ], 
  [ 1, 1, 1, 1, 0, 1, 1, 1, 1, 1 ], [ 1, 1, 1, 1, 0, 0, 1, 0, 1, 0 ], 
  [ 1, 1, 1, 1, 1, 1, 0, 1, 0, 0 ], [ 1, 0, 0, 0, 0, 0, 1, 0, 1, 1 ], 
  [ 0, 1, 1, 0, 0, 0, 0, 1, 0, 1 ], [ 1, 1, 1, 0, 1, 1, 1, 1, 0, 0 ], 
  [ 0, 1, 0, 1, 1, 1, 0, 1, 1, 1 ], [ 1, 0, 0, 0, 1, 0, 0, 0, 1, 1 ], 
  [ 0, 0, 1, 1, 1, 0, 1, 1, 0, 1 ] ]
CLASS q=2 n=5 order=10 size=215410212864 M=
[ [ 1, 0, 0, 0, 0, 1, 1, 0, 1, 0 ], [ 1, 0, 0, 0, 1, 1, 0, 1, 0, 1 ], 
  [ 1, 0, 0, 1, 0, 0, 0, 0, 0, 0 ], [ 1, 1, 0, 1, 1, 0, 1, 1, 1, 1 ], 
  [ 0, 1, 1, 0, 1, 0, 1, 0, 1, 0 ], [ 0, 1, 1, 0, 1, 1, 0, 1, 1, 1 ], 
  [ 0, 1, 1, 0, 1, 0, 1, 1, 1, 1 ], [ 0, 1, 1, 1, 0, 0, 0, 1, 1, 0 ], 
  [ 0, 1, 1, 0, 1, 0, 0, 1, 0, 1 ], [ 0, 1, 1, 0, 0, 1, 0, 0, 0, 1 ] ]
CLASS q=2 n=5 order=30 size=137862536232960 M=
[ [ 1, 1, 0, 1, 0, 0, 1, 0, 1, 1 ], [ 0, 0, 1, 0, 0, 0, 0, 1, 0, 1 ], 
  [ 1, 0, 0, 0, 1, 1, 1, 1, 1, 1 ], [ 0, 1, 0, 0, 0, 1, 0, 0, 0, 1 ], 
  [ 1, 0, 0, 1, 1, 1, 1, 0, 0, 1 ], [ 0, 0, 0, 0, 0, 0, 0, 1, 0, 1 ], 
  [ 1, 0, 0, 0, 1, 0, 0, 1, 0, 0 ], [ 0, 0, 0, 0, 1, 0, 1, 0, 1, 1 ], 
  [ 1, 1, 1, 0, 1, 1, 0, 0, 0, 1 ], [ 1, 1, 0, 0, 0, 0, 1, 0, 1, 1 ] ]
CLASS q=2 n=5 order=10 size=3231153192960 M=
[ [ 0, 0, 0, 0, 0, 0, 0, 1, 0, 0 ], [ 0, 1, 1, 0, 1, 0, 1, 0, 0, 1 ], 
  [ 1, 1, 0, 0, 1, 0, 0, 0, 1, 1 ], [ 0, 1, 1, 0, 1, 1, 0, 1, 0, 1 ], 
  [ 1, 1, 1, 0, 0, 0, 0, 0, 1, 1 ], [ 1, 0, 1, 0, 0, 1, 0, 0, 0, 0 ], 
  [ 0, 1, 1, 1, 0, 1, 0, 0, 0, 0 ], [ 0, 1, 0, 1, 0, 1, 0, 0, 0, 0 ], 
  [ 1, 0, 1, 0, 0, 0, 0, 0, 1, 0 ], [ 0, 1, 1, 0, 1, 0, 0, 1, 1, 0 ] ]
CLASS q=2 n=5 order=20 size=25849225543680 M=
[ [ 0, 0, 1, 0, 1, 0, 0, 1, 1, 1 ], [ 1, 0, 1, 0, 1, 0, 0, 0, 0, 1 ], 
  [ 0, 0, 1, 1, 0, 1, 0, 0, 0, 0 ], [ 0, 0, 0, 0, 1, 1, 1, 1, 1, 1 ], 
  [ 0, 0, 0, 1, 1, 1, 0, 0, 0, 0 ], [ 1, 1, 1, 1, 0, 0, 1, 1, 0, 0 ], 
  [ 1, 0, 1, 0, 1, 0, 1, 1, 0, 1 ], [ 1, 0, 1, 1, 0, 1, 0, 1, 0, 0 ], 
  [ 1, 1, 1, 1, 0, 1, 1, 1, 1, 0 ], [ 0, 1, 1, 0, 1, 0, 1, 1, 1, 0 ] ]
CLASS q=2 n=5 order=14 size=73854930124800 M=
[ [ 1, 0, 1, 1, 0, 0, 0, 1, 0, 0 ], [ 1, 1, 1, 0, 1, 1, 1, 0, 1, 1 ], 
  [ 0, 0, 0, 1, 0, 0, 1, 1, 1, 1 ], [ 1, 1, 0, 0, 1, 1, 1, 0, 1, 1 ], 
  [ 0, 0, 1, 0, 1, 1, 1, 0, 1, 1 ], [ 1, 0, 0, 0, 1, 0, 0, 0, 0, 0 ], 
  [ 0, 0, 1, 0, 0, 0, 1, 0, 0, 0 ], [ 1, 1, 0, 0, 0, 1, 1, 1, 1, 1 ], 
  [ 1, 1, 0, 0, 0, 1, 1, 0, 0, 1 ], [ 1, 1, 0, 0, 0, 1, 1, 0, 1, 0 ] ]
CLASS q=2 n=5 order=6 size=44520960 M=[ [ 1, 0, 0, 0, 0, 0, 0, 1, 0, 1 ], 
  [ 0, 1, 0, 0, 0, 0, 0, 1, 0, 1 ], [ 0, 0, 1, 0, 0, 0, 0, 0, 0, 0 ], 
  [ 0, 0, 0, 1, 0, 0, 0, 1, 0, 1 ], [ 0, 0, 0, 0, 1, 0, 0, 1, 0, 1 ], 
  [ 0, 0, 0, 0, 0, 1, 0, 0, 0, 0 ], [ 1, 1, 1, 0, 0, 1, 0, 1, 1, 0 ], 
  [ 0, 0, 0, 0, 0, 0, 0, 0, 0, 1 ], [ 0, 0, 0, 0, 0, 0, 0, 1, 0, 0 ], 
  [ 1, 1, 1, 0, 0, 1, 1, 0, 0, 1 ] ]
CLASS q=2 n=5 order=21 size=196946480332800 M=
[ [ 1, 0, 1, 1, 0, 0, 0, 0, 1, 0 ], [ 1, 1, 1, 0, 1, 1, 1, 1, 0, 1 ], 
  [ 0, 0, 0, 1, 0, 0, 1, 1, 1, 1 ], [ 1, 1, 0, 0, 1, 1, 1, 1, 0, 1 ], 
  [ 0, 0, 1, 0, 1, 1, 1, 1, 0, 1 ], [ 1, 0, 0, 0, 1, 0, 0, 0, 0, 0 ], 
  [ 1, 1, 0, 0, 0, 1, 0, 1, 0, 1 ], [ 1, 1, 0, 0, 0, 1, 1, 0, 0, 1 ], 
  [ 0, 0, 1, 0, 0, 0, 0, 0, 0, 1 ], [ 1, 1, 0, 0, 0, 1, 1, 1, 1, 1 ] ]
CLASS q=2 n=5 order=42 size=590839440998400 M=
[ [ 0, 0, 0, 1, 0, 1, 0, 1, 0, 1 ], [ 1, 1, 1, 1, 0, 1, 0, 1, 0, 1 ], 
  [ 1, 0, 1, 1, 1, 1, 1, 1, 1, 1 ], [ 0, 0, 1, 0, 1, 1, 0, 1, 0, 1 ], 
  [ 1, 1, 1, 0, 1, 1, 0, 1, 0, 1 ], [ 0, 1, 1, 1, 1, 0, 1, 1, 1, 1 ], 
  [ 0, 0, 1, 0, 0, 1, 0, 1, 1, 0 ], [ 1, 1, 0, 0, 0, 0, 0, 0, 0, 1 ], 
  [ 1, 1, 0, 0, 0, 0, 0, 1, 0, 0 ], [ 0, 0, 1, 0, 0, 1, 1, 0, 0, 1 ] ]
CLASS q=2 n=5 order=2 size=21912660 M=[ [ 0, 1, 1, 1, 1, 0, 0, 1, 1, 1 ], 
  [ 0, 0, 1, 0, 1, 0, 0, 1, 1, 1 ], [ 0, 1, 0, 0, 1, 0, 0, 1, 1, 1 ], 
  [ 1, 1, 1, 0, 1, 0, 0, 1, 1, 1 ], [ 0, 0, 0, 0, 1, 0, 0, 0, 0, 0 ], 
  [ 1, 1, 1, 1, 0, 1, 1, 0, 1, 0 ], [ 1, 1, 1, 1, 0, 0, 0, 0, 1, 0 ], 
  [ 0, 0, 0, 0, 1, 0, 1, 0, 0, 1 ], [ 1, 1, 1, 1, 0, 0, 1, 0, 0, 0 ], 
  [ 1, 1, 1, 1, 1, 0, 0, 1, 1, 0 ] ]
CLASS q=2 n=5 order=3 size=53187706880 M=[ [ 0, 1, 0, 0, 0, 0, 1, 0, 1, 1 ], 
  [ 0, 1, 0, 0, 1, 0, 0, 0, 1, 0 ], [ 0, 1, 0, 0, 1, 1, 1, 1, 0, 1 ], 
  [ 0, 1, 0, 0, 1, 0, 0, 1, 1, 0 ], [ 0, 0, 0, 1, 0, 0, 0, 1, 1, 0 ], 
  [ 1, 0, 1, 1, 1, 1, 0, 0, 1, 0 ], [ 0, 0, 1, 1, 0, 1, 0, 0, 1, 1 ], 
  [ 0, 0, 0, 0, 0, 0, 0, 1, 1, 0 ], [ 0, 1, 0, 1, 0, 0, 0, 1, 1, 0 ], 
  [ 1, 1, 0, 1, 1, 1, 0, 1, 0, 0 ] ]
CLASS q=2 n=5 order=6 size=7180340428800 M=
[ [ 1, 1, 1, 1, 1, 0, 1, 1, 1, 0 ], [ 1, 1, 1, 1, 1, 0, 1, 0, 0, 0 ], 
  [ 1, 1, 1, 1, 1, 1, 1, 1, 0, 1 ], [ 0, 0, 0, 0, 0, 0, 1, 0, 0, 1 ], 
  [ 0, 0, 0, 1, 1, 0, 0, 1, 1, 0 ], [ 0, 0, 1, 0, 0, 0, 1, 1, 1, 1 ], 
  [ 1, 0, 1, 0, 1, 1, 0, 1, 1, 0 ], [ 1, 1, 0, 0, 0, 0, 0, 0, 0, 0 ], 
  [ 1, 1, 0, 0, 1, 0, 1, 0, 0, 1 ], [ 1, 1, 1, 0, 0, 1, 0, 0, 0, 0 ] ]
CLASS q=2 n=5 order=6 size=2393446809600 M=
[ [ 0, 0, 0, 0, 0, 1, 0, 0, 0, 1 ], [ 1, 0, 0, 0, 0, 0, 0, 0, 1, 1 ], 
  [ 0, 0, 0, 1, 1, 0, 0, 0, 1, 1 ], [ 1, 1, 1, 1, 1, 1, 0, 1, 1, 0 ], 
  [ 0, 1, 1, 0, 0, 0, 1, 1, 0, 1 ], [ 1, 1, 0, 0, 0, 1, 0, 0, 0, 1 ], 
  [ 1, 1, 0, 1, 0, 1, 1, 1, 0, 1 ], [ 0, 0, 1, 1, 1, 1, 1, 1, 1, 1 ], 
  [ 0, 0, 1, 0, 1, 1, 0, 1, 1, 1 ], [ 0, 0, 0, 1, 1, 0, 1, 1, 1, 1 ] ]
CLASS q=2 n=5 order=12 size=28721361715200 M=
[ [ 1, 1, 0, 1, 1, 0, 1, 1, 0, 0 ], [ 0, 1, 0, 0, 0, 0, 0, 0, 1, 0 ], 
  [ 1, 0, 1, 1, 0, 0, 1, 1, 1, 1 ], [ 1, 1, 0, 1, 0, 0, 0, 0, 0, 1 ], 
  [ 1, 0, 0, 1, 1, 0, 0, 1, 1, 1 ], [ 0, 1, 0, 0, 0, 1, 0, 0, 1, 0 ], 
  [ 0, 1, 0, 1, 0, 0, 0, 1, 1, 0 ], [ 1, 0, 0, 0, 0, 1, 1, 1, 1, 1 ], 
  [ 1, 1, 0, 0, 0, 0, 0, 0, 0, 1 ], [ 1, 0, 1, 1, 0, 1, 1, 0, 0, 1 ] ]
CLASS q=2 n=5 order=2 size=1051807680 M=[ [ 1, 1, 0, 0, 1, 1, 0, 1, 1, 0 ], 
  [ 0, 1, 0, 0, 1, 1, 0, 0, 1, 0 ], [ 0, 0, 0, 1, 0, 1, 0, 1, 1, 1 ], 
  [ 0, 0, 0, 0, 1, 1, 0, 1, 0, 0 ], [ 1, 1, 1, 1, 1, 0, 1, 0, 1, 0 ], 
  [ 1, 1, 1, 0, 0, 1, 1, 1, 0, 0 ], [ 0, 1, 1, 1, 1, 0, 1, 0, 0, 1 ], 
  [ 0, 0, 0, 0, 1, 1, 0, 1, 1, 0 ], [ 0, 0, 0, 1, 0, 0, 0, 1, 0, 0 ], 
  [ 1, 1, 0, 1, 0, 1, 1, 0, 1, 0 ] ]
CLASS q=2 n=5 order=2 size=328689900 M=[ [ 1, 1, 1, 0, 0, 1, 0, 1, 0, 1 ], 
  [ 0, 1, 0, 0, 1, 1, 0, 0, 1, 0 ], [ 0, 0, 1, 1, 1, 1, 0, 1, 0, 0 ], 
  [ 0, 1, 1, 1, 0, 1, 0, 1, 0, 1 ], [ 1, 1, 1, 1, 1, 0, 1, 0, 1, 0 ], 
  [ 1, 0, 0, 1, 1, 1, 1, 1, 0, 1 ], [ 0, 1, 1, 1, 1, 0, 1, 0, 0, 1 ], 
  [ 0, 0, 0, 0, 1, 1, 0, 1, 1, 0 ], [ 0, 1, 1, 0, 1, 0, 0, 1, 0, 1 ], 
  [ 1, 0, 0, 0, 0, 1, 1, 0, 0, 0 ] ]
CLASS q=2 n=5 order=4 size=504867686400 M=[ [ 1, 0, 0, 1, 0, 1, 0, 1, 0, 0 ], 
  [ 1, 0, 1, 0, 0, 0, 0, 1, 0, 0 ], [ 1, 0, 1, 1, 0, 0, 1, 1, 0, 1 ], 
  [ 0, 0, 0, 0, 0, 1, 0, 1, 0, 0 ], [ 1, 0, 0, 1, 1, 1, 1, 1, 1, 1 ], 
  [ 0, 0, 0, 1, 1, 1, 1, 1, 1, 0 ], [ 1, 0, 0, 0, 0, 1, 0, 0, 0, 1 ], 
  [ 0, 1, 1, 0, 1, 0, 1, 0, 1, 1 ], [ 1, 1, 1, 1, 0, 1, 0, 0, 1, 0 ], 
  [ 1, 1, 1, 1, 0, 0, 0, 0, 1, 1 ] ]
CLASS q=2 n=5 order=8 size=32311531929600 M=
[ [ 1, 1, 1, 1, 0, 0, 1, 1, 0, 1 ], [ 1, 1, 0, 0, 0, 0, 0, 0, 1, 1 ], 
  [ 0, 1, 0, 0, 1, 1, 1, 0, 0, 1 ], [ 0, 1, 1, 0, 0, 0, 1, 1, 0, 1 ], 
  [ 1, 1, 1, 1, 0, 1, 0, 0, 0, 0 ], [ 1, 0, 0, 0, 0, 0, 0, 1, 0, 1 ], 
  [ 0, 1, 1, 0, 0, 1, 1, 1, 0, 1 ], [ 1, 0, 0, 0, 1, 1, 0, 1, 0, 1 ], 
  [ 1, 1, 1, 1, 0, 0, 1, 1, 0, 0 ], [ 0, 1, 1, 0, 0, 0, 0, 1, 1, 0 ] ]
CLASS q=2 n=5 order=8 size=96934595788800 M=
[ [ 0, 0, 0, 1, 1, 1, 0, 1, 1, 0 ], [ 0, 0, 1, 0, 0, 1, 1, 0, 0, 0 ], 
  [ 0, 1, 0, 0, 0, 1, 0, 0, 0, 1 ], [ 1, 0, 0, 0, 1, 1, 0, 1, 1, 0 ], 
  [ 0, 0, 0, 1, 0, 1, 1, 1, 0, 0 ], [ 1, 1, 1, 1, 1, 0, 1, 0, 0, 1 ], 
  [ 0, 1, 1, 0, 1, 0, 1, 1, 1, 1 ], [ 0, 1, 1, 1, 0, 0, 0, 1, 0, 1 ], 
  [ 0, 0, 0, 1, 0, 0, 1, 1, 0, 1 ], [ 1, 0, 0, 0, 0, 0, 0, 0, 1, 0 ] ]
CLASS q=2 n=5 order=8 size=2019470745600 M=
[ [ 0, 0, 1, 1, 0, 1, 0, 1, 1, 1 ], [ 0, 1, 1, 0, 1, 0, 0, 0, 0, 1 ], 
  [ 1, 0, 0, 0, 0, 0, 1, 0, 1, 0 ], [ 1, 1, 0, 1, 1, 0, 0, 0, 0, 0 ], 
  [ 1, 0, 1, 1, 0, 0, 0, 0, 0, 0 ], [ 1, 0, 1, 0, 0, 0, 1, 1, 1, 1 ], 
  [ 1, 0, 1, 1, 1, 0, 1, 0, 0, 0 ], [ 0, 0, 1, 1, 1, 1, 1, 0, 0, 0 ], 
  [ 1, 1, 1, 0, 1, 1, 0, 1, 0, 0 ], [ 1, 1, 0, 1, 1, 0, 1, 0, 0, 1 ] ]
CLASS q=2 n=5 order=12 size=224385638400 M=
[ [ 1, 0, 1, 1, 0, 1, 1, 0, 1, 1 ], [ 0, 0, 1, 0, 0, 0, 1, 1, 0, 1 ], 
  [ 1, 0, 1, 1, 1, 0, 1, 0, 0, 1 ], [ 0, 1, 0, 0, 1, 1, 1, 0, 1, 1 ], 
  [ 0, 0, 1, 0, 1, 1, 0, 1, 1, 0 ], [ 1, 1, 0, 1, 1, 1, 0, 0, 1, 0 ], 
  [ 0, 0, 0, 1, 1, 1, 1, 0, 0, 0 ], [ 0, 0, 0, 1, 0, 1, 1, 0, 0, 1 ], 
  [ 0, 0, 0, 1, 0, 1, 1, 1, 1, 1 ], [ 0, 1, 1, 0, 1, 0, 0, 0, 0, 1 ] ]
CLASS q=2 n=5 order=24 size=64623063859200 M=
[ [ 1, 1, 0, 1, 1, 1, 1, 1, 1, 0 ], [ 0, 0, 0, 0, 0, 0, 0, 0, 0, 1 ], 
  [ 0, 1, 0, 1, 1, 1, 1, 0, 0, 0 ], [ 1, 1, 0, 0, 1, 0, 1, 1, 0, 1 ], 
  [ 1, 0, 1, 0, 0, 1, 1, 1, 0, 1 ], [ 1, 0, 0, 1, 1, 0, 1, 0, 0, 1 ], 
  [ 0, 1, 0, 0, 1, 1, 0, 0, 0, 1 ], [ 0, 1, 0, 1, 1, 0, 0, 1, 0, 1 ], 
  [ 1, 0, 0, 0, 1, 0, 1, 0, 0, 1 ], [ 0, 0, 1, 0, 0, 0, 1, 1, 0, 1 ] ]
CLASS q=2 n=5 order=4 size=1051807680 M=[ [ 1, 1, 1, 1, 0, 0, 0, 0, 0, 0 ], 
  [ 0, 0, 0, 1, 0, 0, 0, 0, 1, 1 ], [ 1, 1, 0, 0, 0, 1, 0, 1, 0, 0 ], 
  [ 0, 0, 0, 0, 0, 0, 1, 0, 0, 0 ], [ 0, 1, 0, 1, 1, 0, 0, 0, 1, 1 ], 
  [ 0, 0, 0, 0, 0, 1, 0, 0, 0, 0 ], [ 0, 1, 0, 1, 0, 0, 1, 0, 1, 1 ], 
  [ 1, 1, 0, 0, 0, 1, 0, 0, 1, 1 ], [ 0, 1, 1, 0, 0, 0, 1, 0, 1, 0 ], 
  [ 0, 1, 1, 0, 0, 0, 1, 0, 0, 1 ] ]
CLASS q=2 n=5 order=8 size=134631383040 M=[ [ 0, 0, 1, 1, 0, 1, 0, 1, 1, 1 ], 
  [ 0, 1, 0, 1, 1, 0, 1, 1, 0, 0 ], [ 1, 0, 1, 1, 0, 1, 0, 1, 0, 0 ], 
  [ 1, 1, 0, 1, 1, 1, 0, 0, 1, 1 ], [ 0, 0, 0, 1, 0, 0, 1, 1, 0, 0 ], 
  [ 1, 0, 1, 0, 0, 0, 1, 1, 1, 1 ], [ 1, 0, 1, 1, 1, 1, 1, 0, 1, 1 ], 
  [ 0, 0, 1, 1, 1, 0, 1, 0, 1, 1 ], [ 0, 1, 1, 1, 1, 0, 0, 1, 1, 0 ], 
  [ 0, 1, 1, 1, 1, 0, 0, 1, 0, 1 ] ]
CLASS q=2 n=5 order=20 size=38773838315520 M=
[ [ 0, 1, 1, 0, 0, 0, 0, 0, 0, 1 ], [ 0, 0, 1, 0, 1, 0, 0, 1, 1, 0 ], 
  [ 0, 0, 0, 1, 0, 0, 1, 1, 1, 0 ], [ 1, 1, 1, 0, 1, 1, 0, 1, 1, 1 ], 
  [ 0, 1, 0, 1, 0, 1, 1, 0, 1, 1 ], [ 0, 1, 1, 1, 0, 1, 0, 1, 1, 0 ], 
  [ 1, 0, 1, 1, 1, 1, 0, 1, 0, 0 ], [ 1, 1, 0, 0, 1, 0, 1, 0, 1, 1 ], 
  [ 0, 0, 1, 0, 0, 1, 0, 0, 0, 1 ], [ 1, 1, 1, 1, 0, 0, 1, 0, 0, 0 ] ]
CLASS q=2 n=5 order=40 size=310190706524160 M=
[ [ 1, 1, 0, 1, 1, 0, 1, 0, 1, 1 ], [ 1, 1, 0, 0, 1, 1, 1, 1, 0, 1 ], 
  [ 1, 0, 0, 0, 0, 0, 1, 0, 0, 1 ], [ 0, 1, 1, 1, 1, 1, 1, 1, 1, 1 ], 
  [ 0, 0, 1, 0, 0, 0, 0, 0, 0, 1 ], [ 0, 1, 1, 1, 1, 0, 1, 1, 0, 1 ], 
  [ 0, 0, 0, 1, 1, 1, 0, 1, 1, 1 ], [ 1, 0, 1, 0, 1, 1, 1, 0, 0, 1 ], 
  [ 1, 1, 1, 0, 0, 0, 1, 1, 0, 0 ], [ 1, 1, 0, 1, 0, 1, 0, 0, 1, 0 ] ]
CLASS q=2 n=5 order=20 size=12924612771840 M=
[ [ 0, 1, 1, 0, 0, 0, 0, 0, 0, 1 ], [ 1, 0, 0, 0, 1, 1, 1, 0, 0, 1 ], 
  [ 0, 0, 0, 1, 0, 0, 1, 1, 1, 0 ], [ 0, 1, 0, 0, 1, 0, 1, 0, 0, 0 ], 
  [ 1, 1, 1, 1, 0, 0, 0, 1, 0, 0 ], [ 0, 1, 1, 1, 0, 1, 0, 1, 1, 0 ], 
  [ 0, 0, 0, 1, 1, 0, 1, 0, 1, 1 ], [ 0, 1, 1, 0, 1, 1, 0, 1, 0, 0 ], 
  [ 1, 0, 0, 0, 0, 0, 1, 1, 1, 0 ], [ 0, 1, 0, 1, 0, 1, 0, 1, 1, 1 ] ]
CLASS q=2 n=5 order=20 size=25849225543680 M=
[ [ 0, 1, 0, 0, 1, 0, 0, 0, 0, 1 ], [ 0, 0, 0, 1, 1, 1, 1, 0, 0, 0 ], 
  [ 0, 1, 0, 0, 1, 0, 0, 1, 0, 1 ], [ 1, 0, 0, 1, 0, 0, 1, 0, 1, 0 ], 
  [ 0, 0, 1, 0, 1, 1, 0, 1, 1, 0 ], [ 0, 1, 0, 0, 1, 1, 0, 0, 1, 1 ], 
  [ 1, 0, 0, 0, 0, 0, 0, 0, 1, 0 ], [ 1, 1, 1, 1, 0, 1, 0, 0, 0, 0 ], 
  [ 1, 0, 1, 0, 0, 0, 0, 1, 1, 0 ], [ 0, 1, 1, 1, 1, 1, 0, 1, 1, 1 ] ]
CLASS q=2 n=5 order=6 size=2804820480 M=[ [ 0, 1, 1, 1, 0, 1, 1, 1, 0, 0 ], 
  [ 1, 0, 1, 1, 0, 0, 0, 0, 0, 1 ], [ 0, 1, 1, 1, 0, 0, 0, 0, 1, 1 ], 
  [ 1, 1, 1, 0, 0, 0, 0, 0, 0, 1 ], [ 0, 1, 0, 0, 1, 0, 1, 0, 1, 1 ], 
  [ 0, 0, 0, 0, 0, 1, 0, 0, 0, 0 ], [ 0, 1, 0, 0, 0, 0, 0, 0, 1, 1 ], 
  [ 1, 1, 1, 0, 0, 1, 0, 0, 0, 0 ], [ 1, 0, 1, 1, 0, 1, 0, 1, 0, 1 ], 
  [ 0, 0, 0, 0, 0, 1, 1, 1, 0, 0 ] ]
CLASS q=2 n=5 order=15 size=2297708937216 M=
[ [ 0, 0, 0, 1, 0, 0, 0, 0, 0, 1 ], [ 1, 1, 0, 0, 1, 0, 1, 1, 1, 1 ], 
  [ 1, 1, 1, 0, 0, 1, 0, 0, 1, 0 ], [ 0, 1, 0, 0, 1, 1, 0, 1, 0, 1 ], 
  [ 0, 0, 0, 0, 0, 1, 1, 0, 0, 0 ], [ 0, 1, 1, 1, 0, 1, 0, 1, 1, 0 ], 
  [ 1, 1, 1, 0, 1, 1, 0, 1, 1, 1 ], [ 0, 0, 0, 1, 1, 1, 0, 1, 0, 0 ], 
  [ 0, 1, 0, 0, 0, 1, 1, 0, 0, 1 ], [ 0, 0, 1, 0, 0, 0, 1, 0, 1, 0 ] ]
CLASS q=2 n=5 order=30 size=103396902174720 M=
[ [ 0, 0, 1, 1, 1, 1, 1, 1, 1, 1 ], [ 0, 1, 1, 1, 0, 1, 0, 0, 1, 1 ], 
  [ 1, 1, 1, 0, 0, 1, 1, 1, 0, 0 ], [ 0, 0, 0, 1, 0, 0, 1, 1, 1, 0 ], 
  [ 0, 0, 1, 1, 1, 0, 1, 1, 0, 1 ], [ 1, 1, 0, 1, 1, 1, 0, 0, 1, 0 ], 
  [ 1, 0, 1, 0, 0, 0, 0, 1, 0, 0 ], [ 0, 0, 1, 1, 0, 1, 0, 1, 0, 0 ], 
  [ 1, 1, 0, 0, 1, 0, 1, 0, 1, 1 ], [ 0, 1, 0, 1, 1, 1, 0, 1, 1, 1 ] ]
CLASS q=2 n=5 order=30 size=34465634058240 M=
[ [ 0, 0, 1, 0, 1, 1, 0, 1, 0, 0 ], [ 0, 1, 0, 1, 1, 0, 1, 1, 1, 0 ], 
  [ 1, 0, 1, 0, 1, 1, 0, 0, 0, 1 ], [ 1, 0, 0, 1, 0, 1, 0, 1, 1, 1 ], 
  [ 1, 0, 0, 1, 1, 0, 0, 0, 0, 1 ], [ 0, 1, 0, 0, 1, 1, 0, 0, 1, 1 ], 
  [ 0, 0, 1, 1, 0, 1, 0, 1, 0, 1 ], [ 1, 1, 0, 0, 0, 0, 0, 1, 1, 0 ], 
  [ 0, 0, 1, 1, 0, 0, 1, 1, 1, 1 ], [ 0, 0, 0, 1, 1, 1, 1, 1, 1, 1 ] ]
CLASS q=2 n=5 order=4 size=4207230720 M=[ [ 1, 0, 0, 0, 1, 1, 0, 0, 0, 0 ], 
  [ 1, 0, 0, 0, 1, 0, 1, 0, 0, 1 ], [ 0, 0, 0, 1, 1, 1, 0, 1, 0, 1 ], 
  [ 0, 0, 1, 0, 1, 1, 0, 1, 0, 1 ], [ 0, 1, 1, 1, 0, 1, 1, 1, 1, 0 ], 
  [ 1, 0, 1, 1, 0, 0, 0, 1, 1, 1 ], [ 0, 0, 1, 1, 1, 1, 1, 1, 0, 1 ], 
  [ 0, 0, 0, 0, 1, 1, 0, 1, 0, 0 ], [ 0, 0, 1, 1, 0, 0, 0, 1, 1, 1 ], 
  [ 1, 1, 0, 0, 0, 1, 1, 0, 0, 0 ] ]
CLASS q=2 n=5 order=6 size=897542553600 M=[ [ 0, 1, 0, 0, 1, 0, 1, 0, 0, 1 ], 
  [ 0, 0, 1, 0, 1, 1, 1, 0, 0, 0 ], [ 0, 0, 1, 0, 1, 1, 1, 0, 1, 1 ], 
  [ 1, 0, 1, 0, 0, 0, 1, 0, 1, 0 ], [ 0, 0, 0, 1, 0, 1, 0, 0, 1, 1 ], 
  [ 0, 1, 0, 1, 1, 0, 1, 0, 0, 0 ], [ 0, 0, 0, 0, 0, 0, 1, 0, 0, 0 ], 
  [ 0, 1, 0, 0, 0, 1, 1, 1, 0, 0 ], [ 1, 1, 0, 1, 0, 1, 1, 0, 0, 0 ], 
  [ 1, 0, 1, 1, 1, 0, 0, 0, 1, 1 ] ]
CLASS q=2 n=5 order=12 size=43082042572800 M=
[ [ 0, 0, 0, 0, 0, 1, 0, 0, 1, 0 ], [ 1, 1, 1, 0, 1, 0, 1, 0, 1, 0 ], 
  [ 0, 0, 1, 1, 0, 0, 0, 1, 1, 0 ], [ 1, 0, 0, 0, 1, 1, 0, 1, 1, 1 ], 
  [ 1, 1, 1, 0, 1, 0, 0, 1, 1, 1 ], [ 0, 1, 1, 0, 1, 1, 0, 1, 0, 1 ], 
  [ 0, 0, 1, 1, 1, 1, 1, 1, 0, 1 ], [ 1, 0, 1, 1, 0, 1, 0, 1, 1, 0 ], 
  [ 0, 0, 1, 0, 0, 1, 1, 1, 0, 0 ], [ 1, 0, 1, 1, 0, 0, 0, 0, 0, 0 ] ]
CLASS q=2 n=5 order=12 size=2692627660800 M=
[ [ 1, 0, 0, 0, 1, 1, 0, 0, 0, 0 ], [ 0, 0, 0, 0, 1, 0, 0, 0, 1, 1 ], 
  [ 1, 0, 0, 0, 0, 0, 1, 1, 0, 0 ], [ 0, 0, 1, 0, 1, 1, 0, 1, 0, 1 ], 
  [ 1, 1, 1, 0, 1, 0, 0, 1, 1, 1 ], [ 0, 0, 1, 0, 1, 1, 1, 1, 1, 0 ], 
  [ 0, 0, 1, 1, 1, 1, 1, 1, 0, 1 ], [ 1, 0, 0, 0, 1, 1, 1, 1, 1, 0 ], 
  [ 1, 0, 1, 0, 1, 1, 1, 1, 1, 0 ], [ 1, 1, 0, 1, 1, 0, 1, 0, 1, 1 ] ]
CLASS q=2 n=5 order=12 size=673156915200 M=
[ [ 1, 0, 1, 1, 1, 0, 1, 0, 0, 0 ], [ 1, 1, 1, 0, 0, 0, 1, 1, 0, 0 ], 
  [ 1, 0, 1, 0, 0, 0, 0, 1, 0, 0 ], [ 1, 0, 1, 1, 0, 0, 0, 0, 1, 0 ], 
  [ 1, 1, 0, 0, 1, 0, 1, 1, 1, 1 ], [ 1, 0, 0, 0, 0, 1, 0, 1, 0, 0 ], 
  [ 1, 1, 0, 1, 1, 1, 0, 1, 0, 0 ], [ 1, 1, 1, 0, 0, 1, 1, 1, 1, 0 ], 
  [ 1, 1, 1, 1, 1, 0, 0, 1, 0, 1 ], [ 1, 0, 0, 0, 0, 1, 0, 1, 1, 0 ] ]
CLASS q=2 n=5 order=6 size=299180851200 M=[ [ 1, 1, 1, 0, 0, 1, 1, 0, 1, 1 ], 
  [ 0, 0, 0, 1, 0, 0, 0, 1, 1, 0 ], [ 1, 0, 1, 0, 0, 1, 1, 1, 0, 0 ], 
  [ 0, 1, 0, 1, 0, 0, 1, 0, 1, 1 ], [ 1, 1, 0, 1, 0, 1, 0, 0, 1, 0 ], 
  [ 0, 1, 0, 1, 0, 0, 0, 0, 0, 0 ], [ 0, 0, 0, 1, 1, 0, 1, 1, 0, 1 ], 
  [ 1, 1, 1, 0, 0, 1, 0, 1, 0, 1 ], [ 1, 1, 1, 0, 0, 0, 0, 1, 0, 1 ], 
  [ 1, 0, 1, 0, 1, 0, 0, 1, 0, 1 ] ]
CLASS q=2 n=5 order=12 size=10770510643200 M=
[ [ 1, 0, 1, 1, 0, 0, 0, 1, 0, 1 ], [ 0, 0, 0, 1, 0, 1, 0, 0, 0, 0 ], 
  [ 1, 0, 1, 0, 1, 0, 1, 0, 0, 1 ], [ 0, 0, 0, 1, 0, 1, 1, 1, 0, 1 ], 
  [ 0, 1, 1, 0, 1, 1, 0, 0, 0, 0 ], [ 0, 0, 0, 0, 0, 1, 1, 0, 1, 1 ], 
  [ 1, 0, 1, 0, 1, 0, 0, 1, 1, 1 ], [ 1, 0, 0, 1, 0, 0, 1, 1, 0, 1 ], 
  [ 1, 0, 0, 0, 0, 1, 1, 0, 1, 1 ], [ 0, 1, 1, 1, 1, 0, 0, 1, 1, 1 ] ]
CLASS q=2 n=5 order=12 size=7180340428800 M=
[ [ 0, 1, 1, 0, 1, 1, 1, 0, 0, 1 ], [ 1, 1, 1, 1, 0, 1, 1, 0, 0, 1 ], 
  [ 0, 0, 0, 0, 0, 0, 1, 0, 0, 1 ], [ 0, 1, 0, 1, 1, 1, 0, 1, 0, 0 ], 
  [ 1, 1, 0, 0, 0, 1, 0, 0, 0, 0 ], [ 1, 0, 0, 1, 0, 0, 1, 1, 1, 0 ], 
  [ 0, 0, 0, 0, 0, 0, 0, 1, 1, 1 ], [ 0, 1, 0, 0, 1, 1, 0, 0, 0, 1 ], 
  [ 1, 1, 1, 1, 0, 0, 0, 1, 1, 1 ], [ 0, 1, 1, 1, 1, 0, 0, 1, 1, 1 ] ]
CLASS q=2 n=5 order=8 size=6058412236800 M=
[ [ 1, 0, 1, 0, 1, 0, 0, 0, 0, 0 ], [ 0, 0, 1, 1, 1, 0, 1, 0, 0, 1 ], 
  [ 0, 0, 1, 0, 1, 0, 1, 0, 1, 0 ], [ 1, 1, 1, 1, 0, 0, 0, 1, 1, 1 ], 
  [ 0, 0, 0, 1, 1, 1, 1, 0, 0, 0 ], [ 0, 1, 0, 0, 0, 1, 1, 0, 1, 1 ], 
  [ 1, 1, 1, 0, 0, 1, 0, 0, 0, 1 ], [ 1, 0, 0, 1, 1, 1, 0, 0, 0, 0 ], 
  [ 0, 0, 1, 0, 1, 0, 0, 0, 1, 0 ], [ 1, 1, 1, 0, 1, 1, 0, 1, 1, 0 ] ]
CLASS q=2 n=5 order=6 size=478689361920 M=[ [ 0, 0, 1, 0, 1, 1, 0, 0, 1, 1 ], 
  [ 0, 0, 0, 1, 0, 1, 0, 1, 0, 1 ], [ 1, 0, 0, 0, 1, 1, 0, 0, 1, 1 ], 
  [ 1, 0, 1, 1, 1, 0, 0, 1, 0, 0 ], [ 1, 1, 1, 1, 1, 1, 0, 0, 0, 1 ], 
  [ 1, 1, 0, 1, 0, 0, 0, 0, 0, 1 ], [ 1, 0, 1, 0, 0, 0, 1, 1, 0, 0 ], 
  [ 1, 0, 1, 0, 0, 0, 1, 0, 0, 0 ], [ 1, 1, 1, 1, 0, 1, 0, 0, 1, 1 ], 
  [ 0, 1, 0, 1, 1, 0, 0, 0, 1, 1 ] ]
CLASS q=2 n=5 order=12 size=43082042572800 M=
[ [ 0, 0, 1, 0, 1, 1, 0, 0, 0, 0 ], [ 1, 0, 0, 1, 0, 0, 0, 1, 1, 0 ], 
  [ 1, 0, 1, 0, 1, 1, 0, 0, 1, 1 ], [ 1, 0, 0, 0, 1, 1, 1, 0, 0, 1 ], 
  [ 1, 1, 1, 1, 0, 1, 1, 0, 0, 1 ], [ 0, 1, 1, 1, 0, 1, 1, 0, 0, 1 ], 
  [ 0, 0, 1, 0, 1, 1, 0, 1, 1, 1 ], [ 0, 0, 0, 0, 0, 0, 1, 1, 1, 1 ], 
  [ 1, 0, 1, 1, 0, 1, 0, 0, 1, 1 ], [ 0, 0, 1, 1, 1, 0, 0, 0, 1, 1 ] ]
CLASS q=2 n=5 order=6 size=797815603200 M=[ [ 1, 0, 1, 0, 1, 1, 1, 1, 1, 1 ], 
  [ 0, 1, 1, 1, 1, 0, 0, 0, 0, 0 ], [ 1, 0, 1, 1, 1, 1, 0, 1, 0, 0 ], 
  [ 0, 1, 0, 0, 1, 0, 1, 1, 1, 1 ], [ 0, 0, 1, 1, 1, 0, 1, 1, 1, 1 ], 
  [ 0, 0, 0, 1, 1, 1, 1, 0, 1, 1 ], [ 1, 0, 0, 1, 0, 0, 1, 0, 0, 0 ], 
  [ 1, 1, 1, 0, 0, 0, 0, 1, 0, 0 ], [ 1, 1, 1, 0, 0, 0, 0, 0, 1, 0 ], 
  [ 1, 1, 1, 0, 0, 0, 0, 0, 0, 1 ] ]
CLASS q=2 n=5 order=18 size=57442723430400 M=
[ [ 1, 1, 1, 1, 1, 1, 0, 1, 0, 0 ], [ 1, 1, 1, 1, 1, 1, 1, 1, 1, 1 ], 
  [ 1, 1, 0, 1, 1, 0, 0, 0, 0, 0 ], [ 0, 0, 0, 1, 0, 1, 0, 0, 0, 0 ], 
  [ 0, 1, 0, 0, 0, 1, 0, 0, 0, 0 ], [ 0, 1, 1, 0, 1, 0, 1, 0, 1, 1 ], 
  [ 0, 1, 0, 1, 0, 1, 1, 0, 0, 0 ], [ 1, 0, 1, 1, 1, 0, 0, 0, 0, 0 ], 
  [ 1, 0, 1, 1, 1, 0, 0, 1, 1, 0 ], [ 1, 0, 1, 1, 1, 0, 0, 1, 0, 1 ] ]
CLASS q=2 n=5 order=4 size=21036153600 M=[ [ 1, 0, 1, 0, 0, 0, 1, 0, 0, 0 ], 
  [ 1, 0, 0, 0, 1, 1, 1, 1, 1, 1 ], [ 1, 1, 0, 1, 0, 0, 0, 0, 0, 1 ], 
  [ 1, 1, 0, 1, 0, 0, 1, 0, 1, 1 ], [ 0, 1, 1, 0, 0, 1, 0, 1, 0, 1 ], 
  [ 0, 1, 1, 0, 1, 0, 0, 1, 0, 1 ], [ 0, 1, 1, 0, 1, 1, 1, 1, 0, 1 ], 
  [ 1, 1, 1, 0, 0, 0, 0, 1, 1, 1 ], [ 0, 0, 1, 0, 0, 0, 1, 0, 1, 0 ], 
  [ 0, 0, 1, 1, 1, 1, 1, 1, 1, 1 ] ]
CLASS q=2 n=5 order=12 size=43082042572800 M=
[ [ 1, 1, 1, 1, 1, 1, 1, 1, 1, 1 ], [ 1, 0, 0, 1, 0, 0, 1, 0, 0, 0 ], 
  [ 1, 0, 1, 0, 1, 1, 1, 1, 1, 1 ], [ 1, 1, 0, 1, 1, 1, 0, 1, 1, 1 ], 
  [ 1, 1, 1, 0, 1, 0, 1, 0, 1, 0 ], [ 1, 1, 1, 0, 0, 1, 1, 0, 1, 0 ], 
  [ 1, 1, 1, 0, 0, 0, 0, 0, 1, 0 ], [ 0, 1, 0, 1, 0, 0, 1, 1, 1, 1 ], 
  [ 0, 0, 0, 0, 0, 0, 1, 0, 1, 0 ], [ 0, 1, 0, 1, 1, 1, 0, 1, 1, 0 ] ]
CLASS q=2 n=5 order=6 size=56096409600 M=[ [ 0, 1, 1, 1, 1, 1, 0, 1, 0, 1 ], 
  [ 0, 0, 1, 1, 1, 1, 0, 1, 1, 1 ], [ 1, 1, 0, 0, 0, 0, 0, 0, 1, 1 ], 
  [ 1, 1, 1, 0, 1, 1, 0, 1, 0, 1 ], [ 1, 1, 1, 0, 1, 1, 1, 0, 1, 1 ], 
  [ 1, 1, 1, 0, 1, 0, 0, 0, 1, 1 ], [ 1, 1, 1, 0, 0, 0, 1, 0, 1, 1 ], 
  [ 0, 0, 0, 0, 1, 0, 1, 1, 0, 0 ], [ 1, 1, 1, 1, 1, 1, 0, 1, 1, 1 ], 
  [ 1, 0, 0, 1, 1, 1, 0, 1, 0, 1 ] ]
CLASS q=2 n=5 order=12 size=89754255360 M=[ [ 0, 1, 0, 0, 1, 1, 1, 1, 1, 1 ], 
  [ 1, 1, 0, 0, 1, 1, 0, 1, 1, 0 ], [ 0, 1, 0, 1, 0, 0, 0, 0, 1, 1 ], 
  [ 0, 1, 1, 0, 0, 0, 0, 0, 1, 1 ], [ 1, 0, 0, 0, 0, 0, 1, 1, 1, 0 ], 
  [ 1, 0, 0, 0, 0, 1, 0, 1, 1, 0 ], [ 1, 0, 0, 0, 1, 1, 1, 1, 1, 0 ], 
  [ 1, 0, 1, 1, 0, 1, 0, 0, 0, 0 ], [ 1, 1, 0, 0, 1, 1, 1, 1, 0, 1 ], 
  [ 1, 1, 1, 1, 1, 1, 0, 1, 0, 0 ] ]
CLASS q=2 n=5 order=12 size=89754255360 M=[ [ 1, 1, 0, 1, 0, 0, 0, 0, 0, 1 ], 
  [ 0, 1, 0, 1, 0, 0, 1, 0, 0, 1 ], [ 1, 1, 0, 0, 1, 1, 1, 1, 0, 0 ], 
  [ 1, 1, 0, 1, 1, 1, 0, 1, 0, 1 ], [ 0, 1, 0, 1, 0, 1, 1, 1, 1, 0 ], 
  [ 0, 1, 0, 1, 1, 0, 1, 1, 1, 0 ], [ 0, 1, 0, 1, 1, 1, 0, 1, 1, 0 ], 
  [ 0, 0, 1, 0, 1, 1, 0, 0, 1, 0 ], [ 0, 1, 1, 1, 1, 1, 0, 1, 0, 1 ], 
  [ 0, 1, 0, 0, 1, 1, 0, 1, 1, 0 ] ]
CLASS q=2 n=5 order=6 size=3590170214400 M=
[ [ 0, 1, 0, 1, 0, 1, 1, 0, 1, 0 ], [ 0, 0, 0, 1, 1, 1, 1, 0, 1, 0 ], 
  [ 1, 1, 1, 1, 1, 1, 1, 1, 0, 0 ], [ 0, 0, 1, 1, 0, 0, 1, 0, 0, 1 ], 
  [ 0, 0, 0, 1, 1, 0, 1, 1, 0, 0 ], [ 1, 1, 0, 1, 0, 1, 0, 0, 1, 1 ], 
  [ 0, 1, 0, 1, 0, 0, 1, 1, 0, 1 ], [ 0, 0, 1, 1, 1, 0, 0, 1, 1, 1 ], 
  [ 0, 1, 1, 0, 1, 0, 0, 1, 0, 1 ], [ 1, 0, 0, 0, 1, 1, 1, 0, 0, 0 ] ]
CLASS q=2 n=5 order=6 size=11219281920 M=[ [ 0, 1, 1, 1, 1, 1, 1, 0, 1, 1 ], 
  [ 1, 0, 1, 1, 1, 1, 1, 0, 0, 0 ], [ 1, 1, 0, 0, 0, 1, 1, 0, 0, 0 ], 
  [ 1, 1, 0, 0, 0, 0, 0, 1, 0, 0 ], [ 0, 0, 0, 1, 1, 1, 0, 1, 0, 0 ], 
  [ 0, 0, 0, 0, 1, 0, 0, 1, 1, 1 ], [ 1, 1, 1, 0, 1, 0, 0, 1, 0, 0 ], 
  [ 1, 1, 0, 1, 0, 0, 0, 0, 1, 1 ], [ 0, 1, 0, 0, 1, 0, 1, 0, 1, 0 ], 
  [ 0, 1, 0, 0, 1, 0, 1, 0, 0, 1 ] ]
CLASS q=2 n=5 order=12 size=10770510643200 M=
[ [ 0, 0, 0, 1, 1, 0, 0, 1, 0, 1 ], [ 0, 1, 0, 1, 0, 1, 0, 1, 0, 1 ], 
  [ 0, 0, 1, 0, 0, 0, 0, 0, 1, 1 ], [ 1, 0, 0, 0, 1, 0, 1, 1, 1, 0 ], 
  [ 1, 1, 0, 1, 0, 1, 0, 0, 1, 0 ], [ 0, 1, 0, 0, 0, 0, 0, 1, 0, 0 ], 
  [ 1, 1, 0, 0, 1, 0, 1, 1, 1, 1 ], [ 0, 1, 0, 1, 1, 1, 0, 0, 1, 0 ], 
  [ 1, 0, 0, 1, 1, 0, 1, 1, 1, 0 ], [ 0, 1, 1, 1, 1, 1, 0, 1, 0, 1 ] ]
CLASS q=2 n=5 order=6 size=14360680857600 M=
[ [ 0, 0, 0, 0, 1, 0, 1, 0, 1, 1 ], [ 0, 1, 1, 0, 0, 0, 0, 1, 0, 0 ], 
  [ 1, 1, 1, 1, 0, 0, 0, 1, 0, 1 ], [ 0, 1, 1, 1, 1, 0, 1, 1, 1, 0 ], 
  [ 0, 0, 0, 1, 1, 1, 1, 0, 0, 1 ], [ 1, 0, 1, 0, 1, 1, 1, 1, 1, 1 ], 
  [ 1, 0, 0, 1, 1, 0, 0, 1, 0, 1 ], [ 1, 0, 1, 1, 1, 1, 0, 0, 1, 0 ], 
  [ 0, 0, 0, 1, 0, 1, 1, 1, 0, 0 ], [ 0, 0, 1, 0, 0, 0, 0, 0, 1, 1 ] ]
CLASS q=2 n=5 order=12 size=172328170291200 M=
[ [ 1, 0, 0, 1, 0, 0, 0, 0, 1, 1 ], [ 1, 0, 0, 1, 0, 1, 1, 1, 1, 0 ], 
  [ 0, 1, 0, 0, 1, 0, 1, 0, 0, 1 ], [ 1, 1, 1, 0, 0, 1, 1, 1, 0, 0 ], 
  [ 1, 1, 1, 1, 1, 1, 1, 1, 1, 1 ], [ 1, 1, 0, 0, 0, 0, 1, 1, 0, 1 ], 
  [ 1, 1, 0, 0, 0, 1, 0, 0, 0, 1 ], [ 0, 0, 1, 1, 0, 0, 0, 1, 1, 0 ], 
  [ 0, 0, 1, 0, 0, 0, 0, 0, 0, 1 ], [ 0, 1, 0, 1, 1, 1, 0, 1, 0, 1 ] ]
CLASS q=2 n=5 order=4 size=1009735372800 M=
[ [ 0, 0, 0, 1, 1, 0, 0, 1, 0, 1 ], [ 0, 1, 0, 1, 0, 1, 0, 1, 0, 1 ], 
  [ 0, 0, 1, 0, 0, 0, 0, 0, 1, 1 ], [ 1, 0, 0, 0, 1, 0, 1, 1, 1, 0 ], 
  [ 0, 0, 0, 1, 1, 1, 0, 1, 1, 0 ], [ 1, 0, 0, 0, 1, 0, 0, 0, 0, 0 ], 
  [ 0, 0, 0, 0, 0, 0, 1, 0, 1, 1 ], [ 0, 1, 0, 1, 1, 1, 0, 0, 1, 0 ], 
  [ 1, 0, 0, 1, 1, 0, 1, 1, 1, 0 ], [ 0, 1, 1, 1, 1, 1, 0, 1, 0, 1 ] ]
CLASS q=2 n=5 order=12 size=516984510873600 M=
[ [ 1, 0, 1, 1, 0, 0, 1, 0, 0, 0 ], [ 1, 1, 0, 0, 1, 0, 0, 0, 0, 1 ], 
  [ 0, 0, 0, 0, 0, 0, 0, 0, 0, 1 ], [ 0, 0, 1, 1, 0, 1, 1, 0, 1, 1 ], 
  [ 1, 1, 1, 0, 1, 0, 1, 0, 0, 0 ], [ 1, 0, 1, 1, 1, 1, 1, 0, 0, 1 ], 
  [ 1, 0, 0, 0, 1, 1, 1, 0, 0, 1 ], [ 1, 0, 0, 1, 1, 1, 0, 1, 0, 1 ], 
  [ 1, 0, 0, 0, 1, 1, 0, 0, 0, 1 ], [ 1, 1, 1, 1, 0, 0, 0, 1, 0, 1 ] ]
CLASS q=2 n=5 order=6 size=179508510720 M=[ [ 1, 1, 0, 0, 1, 0, 0, 1, 1, 0 ], 
  [ 1, 0, 0, 1, 0, 1, 0, 0, 1, 1 ], [ 0, 1, 1, 1, 1, 1, 0, 0, 1, 0 ], 
  [ 0, 0, 1, 0, 0, 0, 0, 1, 1, 0 ], [ 0, 1, 0, 1, 0, 0, 0, 1, 0, 1 ], 
  [ 1, 0, 0, 1, 1, 0, 0, 1, 0, 1 ], [ 0, 0, 1, 0, 0, 0, 1, 1, 0, 1 ], 
  [ 0, 0, 0, 0, 0, 0, 0, 1, 0, 0 ], [ 1, 1, 1, 0, 0, 0, 0, 0, 0, 0 ], 
  [ 0, 1, 0, 0, 1, 1, 0, 0, 0, 0 ] ]
CLASS q=2 n=5 order=6 size=10770510643200 M=
[ [ 0, 0, 0, 1, 0, 1, 1, 1, 1, 1 ], [ 1, 1, 0, 0, 0, 0, 0, 0, 0, 1 ], 
  [ 0, 1, 1, 1, 1, 0, 1, 1, 1, 1 ], [ 1, 0, 1, 1, 0, 1, 0, 1, 1, 1 ], 
  [ 1, 1, 1, 0, 0, 1, 0, 1, 0, 0 ], [ 0, 1, 1, 1, 1, 0, 0, 0, 1, 1 ], 
  [ 1, 1, 1, 1, 1, 1, 0, 0, 0, 0 ], [ 1, 0, 1, 1, 1, 1, 1, 1, 1, 1 ], 
  [ 0, 0, 0, 1, 0, 1, 1, 1, 0, 0 ], [ 1, 0, 0, 1, 1, 1, 1, 1, 1, 0 ] ]
CLASS q=2 n=5 order=15 size=7659029790720 M=
[ [ 1, 1, 1, 0, 0, 1, 1, 0, 0, 0 ], [ 0, 0, 0, 1, 0, 1, 1, 0, 1, 0 ], 
  [ 1, 0, 0, 0, 1, 1, 0, 0, 1, 1 ], [ 0, 0, 1, 1, 0, 1, 0, 1, 0, 0 ], 
  [ 1, 1, 1, 1, 0, 0, 0, 1, 1, 0 ], [ 1, 0, 1, 1, 1, 1, 1, 1, 1, 1 ], 
  [ 0, 0, 1, 0, 1, 1, 0, 1, 1, 1 ], [ 1, 1, 1, 0, 1, 0, 0, 1, 1, 1 ], 
  [ 0, 1, 0, 1, 1, 0, 0, 1, 0, 0 ], [ 0, 1, 0, 1, 1, 1, 0, 1, 1, 0 ] ]
CLASS q=2 n=5 order=30 size=34465634058240 M=
[ [ 0, 1, 0, 0, 1, 0, 1, 0, 1, 0 ], [ 1, 0, 1, 0, 0, 0, 0, 1, 0, 1 ], 
  [ 0, 0, 0, 0, 1, 0, 0, 0, 0, 0 ], [ 0, 1, 0, 0, 1, 1, 0, 0, 1, 1 ], 
  [ 0, 0, 1, 0, 0, 0, 0, 0, 0, 0 ], [ 1, 1, 0, 1, 1, 0, 0, 1, 0, 0 ], 
  [ 1, 0, 1, 0, 1, 0, 0, 1, 0, 0 ], [ 1, 1, 0, 0, 0, 0, 0, 1, 1, 0 ], 
  [ 1, 1, 1, 0, 0, 0, 1, 0, 0, 1 ], [ 1, 0, 1, 0, 0, 0, 0, 0, 0, 1 ] ]
CLASS q=2 n=5 order=30 size=68931268116480 M=
[ [ 1, 0, 1, 1, 1, 0, 1, 1, 0, 1 ], [ 0, 0, 1, 1, 1, 1, 1, 0, 1, 0 ], 
  [ 1, 1, 0, 1, 0, 0, 0, 1, 1, 0 ], [ 1, 1, 1, 0, 0, 1, 0, 0, 1, 0 ], 
  [ 1, 0, 0, 0, 0, 1, 0, 0, 1, 1 ], [ 0, 0, 1, 1, 1, 0, 1, 1, 0, 0 ], 
  [ 0, 1, 1, 1, 0, 0, 0, 0, 1, 0 ], [ 1, 1, 1, 0, 1, 0, 0, 1, 1, 1 ], 
  [ 0, 0, 1, 0, 1, 1, 0, 0, 0, 1 ], [ 0, 1, 1, 1, 0, 1, 0, 1, 1, 0 ] ]
CLASS q=2 n=5 order=4 size=504867686400 M=[ [ 0, 1, 0, 0, 1, 1, 0, 0, 0, 1 ], 
  [ 1, 0, 1, 1, 0, 0, 0, 0, 0, 1 ], [ 0, 1, 0, 1, 1, 1, 0, 1, 0, 0 ], 
  [ 0, 1, 1, 1, 0, 1, 1, 0, 1, 0 ], [ 1, 0, 0, 1, 1, 1, 1, 1, 1, 0 ], 
  [ 1, 0, 0, 0, 1, 0, 0, 0, 0, 0 ], [ 0, 0, 1, 0, 1, 0, 0, 1, 1, 1 ], 
  [ 0, 0, 0, 1, 1, 0, 1, 0, 1, 0 ], [ 0, 0, 0, 1, 1, 0, 1, 1, 1, 1 ], 
  [ 1, 1, 1, 1, 1, 1, 0, 1, 1, 1 ] ]
CLASS q=2 n=5 order=6 size=21541021286400 M=
[ [ 0, 0, 1, 0, 0, 0, 0, 1, 1, 1 ], [ 1, 0, 0, 1, 1, 1, 0, 0, 1, 1 ], 
  [ 0, 1, 1, 1, 1, 1, 1, 1, 1, 1 ], [ 0, 0, 0, 1, 1, 1, 1, 1, 0, 0 ], 
  [ 1, 1, 0, 1, 0, 1, 1, 0, 0, 0 ], [ 0, 1, 1, 0, 0, 0, 0, 1, 0, 0 ], 
  [ 0, 1, 0, 0, 0, 1, 0, 1, 1, 1 ], [ 0, 1, 1, 0, 1, 1, 0, 1, 1, 1 ], 
  [ 1, 0, 0, 0, 1, 0, 1, 0, 1, 0 ], [ 1, 0, 0, 0, 1, 0, 1, 0, 0, 1 ] ]
CLASS q=2 n=5 order=12 size=258492255436800 M=
[ [ 0, 1, 0, 1, 0, 0, 1, 0, 0, 1 ], [ 0, 0, 1, 0, 0, 0, 1, 0, 0, 1 ], 
  [ 1, 1, 1, 0, 1, 1, 1, 1, 1, 1 ], [ 0, 1, 1, 1, 0, 0, 0, 0, 1, 0 ], 
  [ 1, 1, 0, 1, 1, 1, 0, 0, 1, 0 ], [ 1, 0, 1, 0, 1, 0, 0, 0, 0, 0 ], 
  [ 0, 0, 1, 1, 0, 1, 1, 1, 0, 0 ], [ 0, 1, 0, 0, 0, 1, 0, 1, 1, 0 ], 
  [ 1, 0, 1, 0, 0, 0, 1, 0, 0, 0 ], [ 0, 1, 0, 0, 0, 1, 0, 0, 0, 0 ] ]
CLASS q=2 n=5 order=4 size=504867686400 M=[ [ 0, 0, 1, 1, 0, 0, 0, 0, 1, 1 ], 
  [ 0, 0, 0, 1, 0, 1, 1, 0, 0, 0 ], [ 0, 0, 1, 1, 0, 1, 1, 1, 1, 1 ], 
  [ 1, 0, 0, 0, 0, 1, 1, 0, 1, 1 ], [ 1, 0, 0, 0, 1, 0, 0, 1, 1, 1 ], 
  [ 0, 0, 0, 0, 0, 1, 0, 0, 1, 1 ], [ 1, 1, 1, 1, 0, 0, 1, 1, 1, 1 ], 
  [ 1, 0, 0, 0, 0, 0, 0, 0, 1, 1 ], [ 0, 1, 0, 1, 1, 0, 0, 1, 0, 1 ], 
  [ 0, 1, 0, 1, 1, 0, 0, 1, 1, 0 ] ]
CLASS q=2 n=5 order=8 size=96934595788800 M=
[ [ 0, 0, 0, 0, 0, 0, 1, 1, 0, 0 ], [ 1, 1, 1, 1, 0, 0, 1, 0, 1, 1 ], 
  [ 1, 0, 1, 1, 1, 0, 1, 1, 1, 1 ], [ 1, 1, 0, 0, 1, 0, 0, 0, 0, 0 ], 
  [ 0, 1, 1, 1, 0, 1, 1, 1, 0, 0 ], [ 0, 0, 1, 1, 1, 0, 0, 0, 0, 0 ], 
  [ 1, 0, 0, 1, 0, 1, 0, 0, 1, 1 ], [ 1, 0, 1, 0, 0, 1, 0, 0, 0, 0 ], 
  [ 0, 1, 1, 0, 1, 1, 1, 1, 1, 0 ], [ 0, 1, 1, 0, 1, 1, 1, 1, 0, 1 ] ]
CLASS q=2 n=5 order=8 size=32311531929600 M=
[ [ 1, 0, 1, 0, 1, 0, 0, 1, 0, 0 ], [ 1, 0, 1, 1, 1, 1, 1, 0, 1, 1 ], 
  [ 1, 0, 1, 0, 0, 0, 0, 1, 1, 1 ], [ 1, 0, 1, 0, 1, 1, 1, 1, 0, 0 ], 
  [ 1, 1, 0, 1, 0, 0, 0, 0, 1, 1 ], [ 1, 1, 1, 0, 0, 0, 1, 0, 1, 1 ], 
  [ 1, 0, 1, 1, 0, 0, 1, 0, 0, 0 ], [ 1, 1, 0, 1, 1, 0, 0, 1, 1, 1 ], 
  [ 1, 0, 0, 0, 0, 1, 1, 0, 1, 0 ], [ 1, 0, 0, 0, 0, 1, 1, 0, 0, 1 ] ]
CLASS q=2 n=5 order=6 size=168289228800 M=[ [ 0, 1, 1, 0, 1, 0, 1, 1, 1, 1 ], 
  [ 1, 0, 1, 0, 1, 0, 1, 1, 1, 1 ], [ 0, 0, 0, 1, 1, 1, 0, 0, 0, 0 ], 
  [ 1, 1, 0, 0, 0, 1, 1, 1, 0, 0 ], [ 0, 0, 1, 1, 1, 0, 0, 1, 0, 0 ], 
  [ 0, 0, 0, 0, 1, 1, 0, 1, 0, 0 ], [ 0, 0, 1, 1, 0, 1, 1, 1, 0, 0 ], 
  [ 1, 1, 1, 0, 1, 0, 1, 0, 0, 0 ], [ 1, 1, 0, 0, 0, 0, 0, 0, 0, 1 ], 
  [ 1, 1, 0, 0, 0, 0, 0, 0, 1, 0 ] ]
CLASS q=2 n=5 order=12 size=16155765964800 M=
[ [ 1, 1, 0, 1, 0, 0, 1, 0, 1, 1 ], [ 1, 1, 1, 1, 0, 1, 0, 0, 0, 0 ], 
  [ 0, 0, 0, 0, 0, 0, 1, 0, 1, 1 ], [ 0, 1, 0, 1, 0, 0, 0, 1, 0, 0 ], 
  [ 1, 0, 1, 1, 1, 0, 0, 0, 0, 0 ], [ 1, 1, 0, 1, 1, 1, 1, 0, 1, 1 ], 
  [ 0, 0, 0, 1, 1, 1, 0, 0, 1, 1 ], [ 0, 1, 1, 0, 0, 0, 1, 0, 0, 0 ], 
  [ 0, 1, 1, 1, 1, 1, 1, 1, 0, 1 ], [ 0, 1, 1, 1, 1, 1, 1, 1, 1, 0 ] ]
CLASS q=2 n=5 order=24 size=258492255436800 M=
[ [ 0, 1, 1, 1, 0, 0, 1, 1, 0, 0 ], [ 0, 1, 1, 0, 0, 1, 0, 0, 1, 1 ], 
  [ 0, 1, 1, 1, 1, 0, 1, 1, 1, 1 ], [ 1, 0, 1, 0, 1, 1, 1, 1, 0, 0 ], 
  [ 1, 1, 0, 1, 0, 0, 0, 0, 1, 1 ], [ 1, 1, 1, 0, 1, 0, 1, 1, 1, 1 ], 
  [ 0, 1, 1, 0, 0, 0, 0, 1, 0, 0 ], [ 0, 0, 0, 0, 0, 0, 1, 1, 1, 1 ], 
  [ 1, 0, 0, 0, 0, 1, 1, 0, 1, 0 ], [ 1, 0, 0, 0, 0, 1, 1, 0, 0, 1 ] ]
CLASS q=2 n=5 order=9 size=153180595814400 M=
[ [ 1, 1, 0, 1, 1, 0, 1, 1, 1, 1 ], [ 1, 1, 0, 1, 1, 0, 1, 0, 1, 1 ], 
  [ 1, 1, 0, 1, 0, 0, 0, 0, 1, 1 ], [ 0, 1, 1, 0, 1, 1, 0, 0, 0, 1 ], 
  [ 0, 1, 1, 1, 0, 1, 0, 1, 0, 0 ], [ 1, 1, 0, 0, 0, 1, 0, 1, 0, 0 ], 
  [ 0, 1, 0, 1, 1, 0, 0, 0, 0, 1 ], [ 1, 0, 1, 1, 1, 1, 0, 1, 0, 0 ], 
  [ 0, 1, 0, 1, 1, 1, 0, 1, 1, 0 ], [ 0, 0, 1, 1, 0, 0, 0, 0, 1, 0 ] ]
CLASS q=2 n=5 order=9 size=153180595814400 M=
[ [ 0, 1, 1, 1, 1, 0, 0, 1, 1, 0 ], [ 1, 1, 0, 1, 0, 1, 0, 0, 0, 0 ], 
  [ 1, 0, 0, 0, 1, 0, 1, 0, 1, 0 ], [ 0, 1, 0, 0, 1, 1, 0, 0, 0, 1 ], 
  [ 1, 1, 1, 1, 1, 0, 1, 1, 0, 0 ], [ 0, 1, 1, 0, 0, 1, 0, 0, 1, 0 ], 
  [ 1, 1, 1, 1, 1, 0, 0, 0, 0, 1 ], [ 0, 1, 0, 1, 1, 0, 1, 1, 1, 0 ], 
  [ 1, 1, 0, 1, 0, 0, 0, 1, 1, 0 ], [ 1, 0, 0, 1, 1, 0, 1, 1, 0, 1 ] ]
CLASS q=2 n=5 order=8 size=2019470745600 M=
[ [ 0, 0, 0, 0, 1, 0, 1, 1, 1, 1 ], [ 0, 1, 0, 0, 0, 1, 1, 0, 1, 0 ], 
  [ 1, 0, 0, 1, 1, 1, 0, 1, 1, 1 ], [ 1, 1, 0, 1, 1, 0, 0, 1, 0, 1 ], 
  [ 1, 0, 1, 0, 1, 1, 1, 0, 0, 0 ], [ 0, 1, 1, 1, 0, 1, 0, 0, 1, 0 ], 
  [ 0, 1, 1, 1, 0, 0, 0, 0, 0, 0 ], [ 1, 0, 0, 0, 0, 0, 1, 0, 0, 1 ], 
  [ 0, 1, 1, 1, 0, 0, 1, 0, 1, 0 ], [ 0, 1, 0, 0, 1, 0, 0, 0, 1, 1 ] ]
CLASS q=2 n=5 order=12 size=3590170214400 M=
[ [ 1, 0, 0, 0, 1, 1, 0, 1, 1, 0 ], [ 0, 1, 0, 1, 0, 1, 0, 1, 1, 1 ], 
  [ 1, 0, 1, 1, 0, 1, 1, 0, 1, 0 ], [ 0, 0, 0, 1, 1, 0, 1, 1, 0, 0 ], 
  [ 1, 1, 0, 0, 0, 1, 1, 0, 1, 1 ], [ 0, 1, 1, 0, 0, 0, 0, 1, 0, 1 ], 
  [ 1, 1, 1, 0, 1, 1, 1, 1, 0, 0 ], [ 1, 1, 0, 0, 1, 1, 0, 1, 1, 1 ], 
  [ 1, 0, 0, 0, 1, 0, 0, 0, 1, 1 ], [ 0, 1, 0, 0, 1, 1, 0, 1, 0, 1 ] ]
CLASS q=2 n=5 order=24 size=258492255436800 M=
[ [ 0, 1, 0, 1, 0, 0, 0, 1, 1, 0 ], [ 0, 1, 0, 1, 0, 0, 0, 1, 1, 1 ], 
  [ 0, 1, 0, 0, 1, 1, 1, 1, 0, 1 ], [ 1, 1, 1, 1, 0, 1, 0, 1, 0, 0 ], 
  [ 0, 1, 1, 0, 0, 0, 0, 0, 0, 1 ], [ 0, 0, 0, 1, 0, 0, 1, 1, 0, 1 ], 
  [ 1, 1, 1, 1, 1, 1, 1, 0, 0, 1 ], [ 1, 0, 1, 1, 0, 0, 1, 0, 0, 1 ], 
  [ 1, 0, 0, 1, 1, 0, 1, 1, 0, 0 ], [ 1, 1, 0, 1, 1, 0, 0, 0, 0, 1 ] ]
CLASS q=2 n=5 order=4 size=15777115200 M=[ [ 0, 0, 1, 0, 1, 0, 0, 0, 1, 0 ], 
  [ 0, 1, 1, 0, 0, 0, 1, 0, 1, 1 ], [ 1, 1, 1, 1, 1, 1, 1, 1, 1, 0 ], 
  [ 0, 1, 0, 0, 0, 1, 0, 0, 1, 1 ], [ 1, 1, 0, 1, 0, 1, 1, 1, 1, 0 ], 
  [ 1, 0, 1, 1, 1, 0, 1, 0, 1, 1 ], [ 1, 1, 1, 1, 0, 1, 0, 1, 1, 0 ], 
  [ 1, 0, 0, 1, 1, 1, 0, 0, 0, 0 ], [ 0, 0, 1, 1, 0, 1, 0, 1, 0, 0 ], 
  [ 0, 1, 1, 0, 0, 0, 0, 0, 0, 0 ] ]
CLASS q=2 n=5 order=8 size=12116824473600 M=
[ [ 0, 1, 1, 0, 1, 0, 1, 1, 1, 1 ], [ 0, 1, 0, 0, 1, 1, 0, 0, 1, 1 ], 
  [ 0, 0, 0, 0, 1, 1, 1, 0, 1, 1 ], [ 1, 1, 0, 1, 1, 0, 0, 0, 0, 0 ], 
  [ 1, 0, 1, 1, 1, 0, 1, 1, 1, 1 ], [ 0, 1, 0, 1, 1, 1, 0, 0, 1, 1 ], 
  [ 1, 1, 0, 1, 0, 0, 0, 1, 1, 0 ], [ 1, 1, 0, 0, 1, 0, 0, 1, 1, 1 ], 
  [ 1, 1, 0, 0, 0, 0, 1, 1, 0, 1 ], [ 0, 0, 0, 0, 1, 0, 1, 0, 0, 1 ] ]
CLASS q=2 n=5 order=16 size=387738383155200 M=
[ [ 1, 1, 1, 0, 1, 0, 0, 1, 0, 1 ], [ 1, 1, 0, 0, 0, 1, 0, 0, 0, 1 ], 
  [ 0, 1, 0, 0, 1, 0, 1, 0, 0, 1 ], [ 1, 1, 1, 1, 1, 0, 0, 1, 1, 1 ], 
  [ 1, 0, 0, 1, 1, 1, 1, 0, 0, 0 ], [ 1, 0, 1, 0, 1, 1, 0, 0, 0, 1 ], 
  [ 1, 0, 0, 1, 1, 0, 0, 1, 0, 0 ], [ 0, 1, 0, 1, 1, 1, 1, 1, 0, 0 ], 
  [ 0, 1, 0, 0, 1, 0, 1, 0, 0, 0 ], [ 1, 1, 0, 0, 1, 1, 0, 1, 1, 0 ] ]
CLASS q=2 n=5 order=6 size=7180340428800 M=
[ [ 1, 1, 0, 0, 1, 0, 0, 0, 0, 1 ], [ 1, 1, 0, 0, 1, 1, 1, 0, 0, 1 ], 
  [ 1, 1, 0, 0, 0, 1, 1, 0, 1, 1 ], [ 0, 0, 0, 1, 0, 0, 0, 0, 0, 1 ], 
  [ 1, 0, 1, 0, 1, 0, 0, 1, 1, 0 ], [ 0, 0, 0, 0, 1, 0, 1, 1, 0, 0 ], 
  [ 1, 1, 0, 0, 1, 0, 1, 1, 0, 0 ], [ 0, 1, 1, 0, 1, 0, 1, 1, 1, 0 ], 
  [ 1, 1, 0, 1, 0, 0, 0, 0, 0, 0 ], [ 0, 0, 1, 1, 0, 1, 1, 0, 1, 1 ] ]
CLASS q=2 n=5 order=4 size=10518076800 M=[ [ 0, 0, 1, 0, 1, 0, 1, 0, 1, 1 ], 
  [ 0, 1, 0, 0, 0, 1, 1, 0, 1, 1 ], [ 0, 0, 1, 0, 0, 0, 0, 0, 0, 0 ], 
  [ 1, 0, 1, 1, 1, 1, 0, 0, 1, 1 ], [ 1, 1, 0, 0, 1, 0, 0, 0, 1, 1 ], 
  [ 1, 0, 1, 0, 1, 0, 0, 0, 0, 0 ], [ 0, 0, 0, 0, 0, 0, 1, 0, 0, 0 ], 
  [ 0, 1, 1, 0, 1, 1, 0, 1, 1, 1 ], [ 1, 1, 1, 0, 0, 1, 1, 0, 1, 0 ], 
  [ 1, 1, 1, 0, 0, 1, 1, 0, 0, 1 ] ]
CLASS q=2 n=5 order=12 size=43082042572800 M=
[ [ 0, 1, 1, 0, 1, 1, 1, 1, 0, 1 ], [ 1, 1, 0, 0, 0, 1, 0, 1, 0, 1 ], 
  [ 1, 1, 0, 0, 0, 1, 1, 0, 1, 1 ], [ 1, 0, 1, 1, 1, 1, 0, 0, 0, 1 ], 
  [ 1, 0, 1, 0, 0, 0, 0, 0, 1, 0 ], [ 0, 1, 1, 0, 0, 0, 1, 1, 0, 0 ], 
  [ 0, 0, 0, 0, 1, 1, 1, 1, 0, 0 ], [ 0, 0, 0, 0, 0, 1, 1, 1, 1, 0 ], 
  [ 1, 1, 0, 1, 0, 0, 0, 0, 0, 0 ], [ 0, 0, 1, 1, 0, 1, 1, 0, 1, 1 ] ]
CLASS q=2 n=5 order=5 size=13786253623296 M=
[ [ 0, 0, 0, 1, 0, 1, 1, 0, 1, 1 ], [ 0, 1, 0, 1, 1, 1, 0, 0, 1, 1 ], 
  [ 0, 0, 1, 1, 0, 0, 0, 0, 0, 1 ], [ 0, 0, 0, 0, 0, 0, 0, 0, 1, 1 ], 
  [ 1, 0, 0, 0, 0, 1, 0, 0, 0, 0 ], [ 0, 1, 1, 1, 0, 1, 1, 1, 0, 0 ], 
  [ 0, 0, 0, 1, 0, 0, 1, 0, 1, 1 ], [ 0, 1, 1, 1, 1, 0, 1, 0, 0, 0 ], 
  [ 1, 0, 0, 0, 0, 1, 1, 0, 0, 0 ], [ 1, 0, 1, 1, 0, 0, 0, 1, 0, 0 ] ]
CLASS q=2 n=5 order=15 size=27572507246592 M=
[ [ 0, 1, 0, 1, 0, 0, 1, 0, 0, 0 ], [ 0, 0, 1, 0, 1, 0, 1, 0, 1, 0 ], 
  [ 1, 0, 0, 1, 0, 0, 1, 1, 1, 0 ], [ 1, 0, 0, 0, 0, 1, 0, 1, 1, 0 ], 
  [ 0, 1, 1, 0, 0, 0, 0, 1, 1, 1 ], [ 0, 1, 1, 1, 0, 0, 1, 1, 1, 0 ], 
  [ 0, 0, 1, 0, 0, 1, 0, 1, 0, 0 ], [ 1, 1, 1, 0, 1, 0, 0, 0, 1, 0 ], 
  [ 0, 1, 1, 1, 0, 0, 1, 1, 0, 0 ], [ 1, 1, 1, 0, 1, 1, 1, 0, 1, 1 ] ]
CLASS q=2 n=5 order=10 size=206793804349440 M=
[ [ 0, 0, 0, 0, 0, 0, 1, 0, 0, 0 ], [ 0, 0, 1, 1, 0, 1, 1, 1, 0, 0 ], 
  [ 0, 1, 1, 0, 1, 1, 0, 0, 1, 1 ], [ 1, 0, 0, 1, 1, 0, 0, 0, 0, 0 ], 
  [ 1, 0, 0, 0, 0, 0, 0, 0, 1, 0 ], [ 1, 0, 0, 1, 0, 0, 1, 0, 1, 1 ], 
  [ 1, 0, 0, 0, 1, 0, 1, 0, 0, 0 ], [ 1, 1, 1, 0, 1, 0, 0, 0, 1, 1 ], 
  [ 1, 1, 0, 0, 1, 1, 1, 0, 0, 1 ], [ 0, 1, 0, 1, 1, 1, 0, 0, 0, 1 ] ]
CLASS q=2 n=5 order=30 size=413587608698880 M=
[ [ 0, 0, 1, 0, 0, 1, 0, 1, 0, 0 ], [ 1, 0, 1, 0, 1, 0, 0, 0, 0, 0 ], 
  [ 0, 0, 1, 1, 0, 1, 1, 0, 1, 0 ], [ 1, 0, 1, 1, 0, 1, 1, 0, 0, 1 ], 
  [ 0, 0, 1, 0, 0, 0, 0, 1, 0, 0 ], [ 0, 1, 1, 0, 1, 1, 1, 1, 0, 1 ], 
  [ 0, 0, 0, 1, 0, 1, 1, 0, 1, 1 ], [ 0, 0, 0, 1, 0, 1, 1, 1, 0, 0 ], 
  [ 1, 0, 1, 0, 0, 0, 0, 1, 0, 0 ], [ 0, 1, 0, 1, 0, 0, 1, 1, 1, 0 ] ]
CLASS q=2 n=5 order=10 size=620381413048320 M=
[ [ 0, 1, 1, 0, 1, 0, 1, 1, 0, 1 ], [ 0, 1, 0, 0, 1, 0, 0, 1, 0, 0 ], 
  [ 0, 1, 1, 1, 1, 0, 0, 0, 1, 0 ], [ 0, 1, 0, 1, 0, 1, 1, 1, 0, 1 ], 
  [ 0, 0, 1, 1, 1, 1, 1, 1, 0, 1 ], [ 0, 1, 1, 1, 0, 0, 0, 1, 0, 0 ], 
  [ 1, 1, 1, 0, 0, 1, 0, 1, 1, 1 ], [ 1, 1, 1, 0, 0, 1, 0, 0, 0, 1 ], 
  [ 1, 0, 1, 1, 0, 0, 1, 1, 0, 1 ], [ 0, 1, 0, 0, 0, 0, 0, 1, 1, 0 ] ]
CLASS q=2 n=5 order=12 size=16155765964800 M=
[ [ 0, 0, 0, 1, 1, 0, 1, 0, 0, 1 ], [ 0, 1, 1, 0, 0, 0, 0, 1, 1, 0 ], 
  [ 0, 1, 1, 0, 1, 0, 1, 0, 1, 1 ], [ 1, 1, 1, 1, 1, 0, 0, 0, 1, 0 ], 
  [ 0, 1, 1, 0, 1, 1, 1, 0, 0, 1 ], [ 1, 0, 1, 1, 0, 0, 1, 0, 1, 1 ], 
  [ 1, 0, 1, 0, 0, 0, 1, 1, 0, 0 ], [ 0, 0, 0, 1, 1, 0, 0, 0, 0, 1 ], 
  [ 0, 1, 0, 1, 1, 1, 0, 0, 1, 1 ], [ 1, 0, 1, 1, 1, 0, 1, 0, 1, 1 ] ]
CLASS q=2 n=5 order=4 size=10518076800 M=[ [ 1, 1, 0, 1, 1, 1, 0, 1, 1, 0 ], 
  [ 1, 1, 1, 1, 1, 1, 1, 1, 0, 1 ], [ 1, 1, 1, 1, 0, 0, 0, 1, 1, 1 ], 
  [ 0, 1, 1, 0, 1, 0, 0, 1, 0, 1 ], [ 0, 0, 0, 1, 1, 1, 1, 1, 1, 1 ], 
  [ 1, 1, 1, 0, 0, 1, 1, 0, 1, 1 ], [ 0, 0, 1, 0, 0, 1, 0, 1, 1, 0 ], 
  [ 0, 1, 1, 1, 1, 0, 1, 1, 0, 0 ], [ 1, 0, 1, 1, 1, 1, 0, 0, 1, 0 ], 
  [ 1, 0, 1, 0, 1, 0, 0, 0, 1, 1 ] ]
CLASS q=2 n=5 order=12 size=43082042572800 M=
[ [ 0, 1, 0, 0, 0, 1, 1, 0, 0, 0 ], [ 1, 0, 0, 0, 0, 1, 1, 0, 1, 0 ], 
  [ 1, 1, 0, 0, 0, 1, 0, 1, 1, 0 ], [ 0, 0, 1, 1, 1, 1, 0, 1, 1, 0 ], 
  [ 1, 0, 1, 1, 0, 1, 0, 1, 1, 1 ], [ 0, 0, 1, 1, 1, 0, 1, 1, 1, 0 ], 
  [ 0, 1, 0, 0, 0, 1, 0, 0, 0, 1 ], [ 0, 0, 1, 0, 0, 1, 0, 0, 1, 0 ], 
  [ 0, 1, 1, 0, 1, 0, 1, 1, 1, 1 ], [ 0, 1, 1, 1, 0, 1, 0, 0, 0, 1 ] ]
CLASS q=2 n=5 order=8 size=2019470745600 M=
[ [ 0, 1, 1, 1, 1, 0, 1, 1, 0, 0 ], [ 0, 1, 1, 1, 0, 0, 1, 0, 0, 0 ], 
  [ 0, 0, 0, 1, 1, 0, 0, 1, 1, 0 ], [ 0, 0, 1, 0, 1, 0, 0, 1, 1, 0 ], 
  [ 1, 1, 0, 0, 1, 1, 1, 1, 0, 0 ], [ 1, 1, 0, 0, 0, 0, 0, 1, 0, 0 ], 
  [ 1, 0, 1, 1, 0, 1, 1, 1, 1, 1 ], [ 0, 0, 1, 1, 0, 0, 0, 0, 0, 1 ], 
  [ 0, 1, 1, 1, 1, 1, 1, 0, 0, 1 ], [ 1, 1, 1, 1, 1, 0, 0, 1, 0, 1 ] ]
CLASS q=2 n=5 order=24 size=258492255436800 M=
[ [ 0, 0, 0, 0, 0, 1, 1, 0, 1, 0 ], [ 1, 1, 0, 1, 1, 1, 1, 1, 1, 1 ], 
  [ 1, 1, 1, 0, 1, 1, 0, 1, 0, 0 ], [ 0, 1, 1, 0, 0, 0, 0, 1, 0, 1 ], 
  [ 1, 0, 1, 0, 0, 1, 0, 1, 1, 1 ], [ 1, 0, 0, 1, 0, 1, 1, 0, 1, 0 ], 
  [ 0, 1, 1, 1, 1, 1, 0, 1, 1, 0 ], [ 1, 0, 0, 0, 0, 0, 1, 1, 0, 1 ], 
  [ 0, 1, 1, 0, 1, 0, 0, 1, 0, 0 ], [ 1, 0, 0, 0, 1, 0, 0, 1, 1, 0 ] ]
CLASS q=2 n=5 order=4 size=63108460800 M=[ [ 1, 0, 1, 0, 1, 1, 1, 0, 1, 1 ], 
  [ 1, 1, 0, 0, 0, 1, 1, 0, 0, 1 ], [ 1, 1, 1, 1, 1, 0, 0, 0, 1, 0 ], 
  [ 1, 0, 1, 0, 1, 0, 1, 1, 1, 1 ], [ 0, 0, 0, 1, 0, 1, 0, 0, 0, 0 ], 
  [ 1, 0, 0, 1, 1, 1, 1, 0, 0, 1 ], [ 1, 1, 1, 1, 1, 0, 1, 1, 0, 0 ], 
  [ 1, 1, 1, 0, 1, 0, 1, 1, 0, 1 ], [ 1, 1, 1, 0, 1, 0, 1, 0, 1, 1 ], 
  [ 1, 0, 0, 1, 0, 1, 0, 1, 0, 1 ] ]
CLASS q=2 n=5 order=12 size=8077882982400 M=
[ [ 1, 1, 1, 0, 0, 1, 1, 0, 0, 0 ], [ 1, 1, 1, 1, 1, 0, 1, 1, 1, 1 ], 
  [ 0, 1, 1, 0, 1, 0, 0, 0, 1, 1 ], [ 0, 0, 0, 0, 0, 1, 1, 0, 0, 0 ], 
  [ 1, 1, 0, 0, 0, 0, 1, 0, 0, 1 ], [ 0, 0, 0, 0, 0, 0, 0, 0, 1, 1 ], 
  [ 0, 1, 0, 1, 0, 1, 1, 0, 1, 1 ], [ 1, 0, 0, 1, 0, 0, 0, 0, 1, 1 ], 
  [ 1, 1, 1, 0, 0, 1, 0, 0, 0, 0 ], [ 0, 0, 0, 0, 1, 0, 1, 1, 1, 1 ] ]
CLASS q=2 n=5 order=24 size=258492255436800 M=
[ [ 1, 1, 0, 0, 1, 0, 1, 1, 0, 1 ], [ 1, 1, 1, 1, 1, 1, 0, 0, 0, 1 ], 
  [ 1, 0, 1, 1, 1, 0, 1, 0, 0, 1 ], [ 0, 1, 1, 1, 0, 0, 1, 1, 1, 0 ], 
  [ 0, 1, 1, 0, 1, 1, 1, 1, 0, 1 ], [ 1, 0, 0, 0, 1, 1, 1, 0, 1, 0 ], 
  [ 0, 1, 1, 0, 1, 0, 1, 1, 1, 1 ], [ 1, 0, 0, 0, 0, 0, 1, 1, 1, 1 ], 
  [ 0, 0, 0, 1, 1, 1, 1, 1, 1, 1 ], [ 0, 0, 1, 0, 0, 0, 1, 0, 1, 0 ] ]
CLASS q=2 n=5 order=12 size=21541021286400 M=
[ [ 1, 1, 0, 1, 1, 1, 0, 0, 1, 0 ], [ 1, 1, 0, 1, 0, 0, 1, 1, 0, 1 ], 
  [ 0, 0, 0, 1, 1, 0, 1, 0, 1, 1 ], [ 1, 0, 0, 1, 0, 0, 1, 0, 0, 1 ], 
  [ 0, 1, 0, 1, 0, 1, 0, 0, 1, 0 ], [ 1, 1, 0, 1, 1, 0, 1, 0, 1, 1 ], 
  [ 1, 1, 0, 0, 1, 1, 1, 1, 0, 0 ], [ 0, 0, 1, 1, 1, 0, 0, 0, 1, 0 ], 
  [ 1, 1, 0, 1, 1, 1, 1, 1, 0, 0 ], [ 0, 0, 1, 1, 1, 0, 0, 1, 0, 0 ] ]
CLASS q=2 n=5 order=12 size=32311531929600 M=
[ [ 1, 1, 0, 0, 1, 1, 1, 1, 1, 0 ], [ 1, 1, 1, 1, 1, 1, 1, 1, 1, 1 ], 
  [ 1, 0, 0, 1, 1, 0, 0, 1, 1, 1 ], [ 1, 1, 0, 0, 1, 1, 1, 1, 0, 0 ], 
  [ 1, 1, 1, 1, 1, 0, 0, 1, 0, 0 ], [ 0, 1, 1, 1, 1, 0, 0, 0, 0, 0 ], 
  [ 1, 0, 1, 0, 1, 0, 0, 0, 1, 0 ], [ 0, 1, 0, 0, 1, 0, 1, 1, 0, 0 ], 
  [ 1, 0, 1, 1, 0, 1, 0, 0, 0, 0 ], [ 1, 0, 1, 0, 0, 0, 0, 1, 1, 0 ] ]
CLASS q=2 n=5 order=4 size=63108460800 M=[ [ 0, 1, 1, 1, 0, 1, 0, 1, 0, 0 ], 
  [ 0, 0, 0, 1, 0, 0, 0, 0, 1, 1 ], [ 0, 1, 1, 0, 0, 1, 1, 0, 0, 1 ], 
  [ 1, 1, 1, 1, 1, 1, 0, 1, 1, 0 ], [ 0, 1, 0, 0, 1, 1, 1, 1, 0, 0 ], 
  [ 0, 0, 0, 1, 1, 1, 0, 1, 1, 1 ], [ 0, 1, 1, 0, 1, 1, 0, 0, 1, 0 ], 
  [ 0, 0, 0, 1, 0, 1, 1, 0, 1, 1 ], [ 0, 0, 1, 0, 0, 1, 1, 0, 0, 1 ], 
  [ 1, 0, 1, 0, 1, 0, 1, 1, 1, 0 ] ]
CLASS q=2 n=5 order=12 size=129246127718400 M=
[ [ 1, 1, 0, 0, 1, 0, 0, 1, 0, 0 ], [ 0, 1, 0, 1, 1, 0, 0, 0, 0, 0 ], 
  [ 1, 1, 1, 0, 0, 0, 0, 0, 0, 0 ], [ 1, 1, 0, 1, 1, 1, 1, 0, 0, 0 ], 
  [ 1, 0, 0, 1, 1, 1, 0, 1, 0, 0 ], [ 0, 1, 0, 1, 1, 0, 1, 0, 0, 1 ], 
  [ 0, 1, 0, 1, 0, 0, 1, 1, 1, 0 ], [ 0, 0, 0, 0, 0, 0, 0, 0, 0, 1 ], 
  [ 1, 1, 0, 0, 1, 1, 1, 0, 0, 0 ], [ 1, 0, 1, 1, 0, 0, 1, 0, 0, 1 ] ]
CLASS q=2 n=5 order=12 size=1346313830400 M=
[ [ 0, 0, 0, 0, 0, 0, 0, 1, 1, 1 ], [ 1, 1, 1, 1, 0, 1, 1, 0, 0, 0 ], 
  [ 1, 0, 0, 0, 1, 1, 0, 0, 0, 0 ], [ 1, 0, 1, 0, 1, 0, 0, 1, 1, 1 ], 
  [ 1, 1, 1, 1, 1, 0, 0, 1, 0, 0 ], [ 1, 1, 0, 1, 1, 0, 0, 0, 1, 1 ], 
  [ 0, 1, 0, 0, 0, 1, 0, 1, 0, 0 ], [ 1, 1, 1, 0, 0, 1, 0, 1, 0, 0 ], 
  [ 1, 0, 0, 0, 0, 0, 1, 1, 0, 1 ], [ 1, 0, 0, 0, 0, 0, 1, 1, 1, 0 ] ]
CLASS q=2 n=5 order=10 size=12924612771840 M=
[ [ 0, 0, 1, 1, 1, 1, 1, 1, 0, 1 ], [ 0, 1, 0, 1, 0, 1, 0, 0, 1, 0 ], 
  [ 0, 1, 0, 0, 1, 1, 1, 1, 0, 1 ], [ 0, 1, 0, 1, 1, 0, 1, 1, 0, 1 ], 
  [ 1, 0, 0, 1, 0, 1, 1, 1, 0, 1 ], [ 1, 0, 1, 0, 1, 1, 0, 1, 0, 1 ], 
  [ 1, 0, 1, 0, 1, 0, 0, 1, 1, 1 ], [ 1, 0, 0, 1, 0, 1, 1, 0, 1, 1 ], 
  [ 1, 0, 1, 0, 1, 0, 1, 1, 0, 1 ], [ 0, 1, 0, 0, 0, 1, 0, 1, 0, 0 ] ]
CLASS q=2 n=5 order=30 size=413587608698880 M=
[ [ 0, 0, 0, 1, 1, 1, 1, 0, 0, 1 ], [ 1, 0, 1, 0, 1, 1, 0, 0, 0, 0 ], 
  [ 0, 0, 0, 1, 0, 1, 0, 0, 1, 0 ], [ 0, 1, 1, 0, 1, 0, 0, 0, 0, 1 ], 
  [ 0, 1, 0, 1, 1, 1, 1, 0, 0, 1 ], [ 1, 1, 1, 1, 1, 1, 0, 0, 1, 0 ], 
  [ 0, 0, 0, 1, 0, 1, 0, 1, 0, 0 ], [ 0, 0, 0, 0, 0, 0, 1, 0, 0, 0 ], 
  [ 0, 1, 1, 1, 0, 0, 1, 0, 1, 1 ], [ 0, 1, 0, 0, 0, 1, 0, 0, 1, 0 ] ]
CLASS q=2 n=5 order=21 size=196946480332800 M=
[ [ 0, 0, 1, 1, 1, 1, 0, 1, 0, 0 ], [ 1, 1, 1, 1, 1, 1, 1, 0, 1, 0 ], 
  [ 0, 1, 1, 1, 0, 1, 1, 0, 1, 0 ], [ 0, 1, 1, 0, 0, 0, 1, 0, 0, 0 ], 
  [ 0, 0, 0, 0, 1, 0, 1, 0, 0, 1 ], [ 1, 0, 1, 0, 1, 0, 0, 1, 0, 0 ], 
  [ 0, 1, 1, 1, 0, 1, 1, 1, 0, 1 ], [ 1, 0, 0, 0, 0, 0, 0, 1, 1, 0 ], 
  [ 0, 1, 1, 0, 0, 1, 0, 0, 1, 1 ], [ 0, 1, 0, 0, 1, 1, 0, 0, 1, 1 ] ]
CLASS q=2 n=5 order=14 size=73854930124800 M=
[ [ 0, 1, 1, 1, 1, 0, 0, 0, 1, 0 ], [ 1, 0, 1, 0, 0, 1, 1, 1, 0, 0 ], 
  [ 0, 0, 1, 1, 0, 1, 0, 1, 0, 1 ], [ 1, 0, 1, 0, 1, 0, 0, 1, 1, 0 ], 
  [ 0, 0, 0, 1, 1, 1, 0, 0, 0, 0 ], [ 1, 0, 1, 1, 0, 0, 0, 1, 0, 1 ], 
  [ 0, 0, 1, 1, 0, 1, 1, 0, 1, 1 ], [ 1, 0, 1, 1, 0, 1, 0, 1, 0, 0 ], 
  [ 1, 1, 0, 0, 1, 1, 0, 0, 1, 0 ], [ 1, 1, 1, 0, 1, 0, 1, 1, 1, 0 ] ]
CLASS q=2 n=5 order=42 size=590839440998400 M=
[ [ 1, 1, 0, 1, 0, 1, 1, 0, 1, 0 ], [ 0, 0, 0, 1, 1, 1, 1, 0, 1, 0 ], 
  [ 1, 1, 0, 0, 1, 0, 0, 1, 0, 0 ], [ 0, 1, 0, 0, 1, 1, 1, 1, 0, 1 ], 
  [ 0, 1, 0, 0, 1, 1, 0, 0, 0, 0 ], [ 0, 0, 0, 0, 1, 0, 0, 1, 0, 0 ], 
  [ 0, 0, 1, 1, 0, 0, 0, 0, 0, 1 ], [ 1, 1, 0, 1, 1, 0, 0, 0, 0, 1 ], 
  [ 1, 1, 1, 0, 1, 0, 0, 1, 1, 1 ], [ 0, 0, 1, 0, 0, 0, 0, 1, 1, 0 ] ]
CLASS q=2 n=5 order=11 size=751977470361600 M=
[ [ 1, 0, 1, 0, 0, 0, 0, 0, 0, 1 ], [ 0, 0, 1, 0, 0, 1, 1, 1, 1, 0 ], 
  [ 1, 1, 0, 0, 0, 1, 0, 1, 1, 1 ], [ 1, 1, 0, 0, 0, 0, 0, 0, 1, 0 ], 
  [ 1, 1, 1, 1, 0, 1, 0, 1, 0, 0 ], [ 1, 1, 0, 1, 0, 1, 0, 1, 0, 0 ], 
  [ 0, 1, 0, 0, 1, 0, 0, 0, 1, 1 ], [ 0, 0, 0, 0, 0, 1, 0, 0, 0, 0 ], 
  [ 1, 0, 1, 0, 0, 0, 0, 1, 0, 1 ], [ 0, 1, 0, 0, 0, 0, 1, 0, 1, 1 ] ]
CLASS q=2 n=5 order=33 size=751977470361600 M=
[ [ 1, 1, 1, 0, 0, 1, 1, 0, 0, 1 ], [ 1, 1, 1, 0, 1, 1, 1, 1, 1, 1 ], 
  [ 0, 0, 0, 0, 0, 1, 1, 0, 0, 0 ], [ 0, 0, 1, 0, 0, 1, 1, 1, 1, 0 ], 
  [ 1, 0, 1, 0, 1, 0, 0, 1, 1, 0 ], [ 0, 0, 1, 1, 0, 1, 0, 0, 1, 1 ], 
  [ 0, 0, 1, 0, 0, 0, 1, 0, 0, 1 ], [ 0, 0, 1, 0, 1, 0, 0, 1, 0, 0 ], 
  [ 1, 1, 1, 1, 0, 1, 0, 0, 1, 1 ], [ 0, 1, 1, 1, 1, 1, 0, 1, 0, 1 ] ]
CLASS q=2 n=5 order=33 size=751977470361600 M=
[ [ 1, 0, 1, 0, 1, 1, 0, 1, 1, 0 ], [ 0, 0, 1, 1, 1, 0, 1, 0, 0, 0 ], 
  [ 0, 1, 1, 1, 1, 1, 0, 1, 0, 0 ], [ 0, 0, 0, 1, 0, 1, 1, 0, 1, 1 ], 
  [ 1, 0, 1, 1, 0, 1, 0, 1, 0, 0 ], [ 0, 0, 0, 1, 1, 1, 1, 0, 1, 0 ], 
  [ 0, 1, 1, 0, 0, 1, 0, 0, 1, 0 ], [ 1, 0, 0, 1, 0, 1, 1, 0, 1, 1 ], 
  [ 0, 0, 1, 0, 1, 0, 0, 1, 0, 1 ], [ 0, 0, 1, 1, 0, 0, 0, 0, 0, 1 ] ]
CLASS q=2 n=5 order=45 size=551450144931840 M=
[ [ 1, 0, 0, 1, 1, 0, 1, 1, 0, 0 ], [ 0, 1, 0, 1, 0, 0, 0, 0, 1, 1 ], 
  [ 1, 1, 1, 1, 1, 1, 1, 0, 1, 1 ], [ 1, 1, 1, 1, 0, 0, 1, 1, 0, 0 ], 
  [ 1, 1, 1, 0, 1, 1, 0, 1, 0, 0 ], [ 0, 0, 1, 0, 1, 0, 0, 1, 0, 1 ], 
  [ 0, 1, 1, 0, 1, 0, 0, 0, 0, 1 ], [ 0, 0, 1, 1, 1, 1, 1, 1, 1, 0 ], 
  [ 1, 0, 1, 1, 1, 0, 1, 0, 0, 0 ], [ 1, 0, 0, 0, 1, 1, 1, 0, 0, 1 ] ]
CLASS q=2 n=5 order=8 size=2019470745600 M=
[ [ 1, 0, 0, 0, 0, 0, 0, 0, 1, 0 ], [ 0, 0, 1, 0, 0, 1, 1, 1, 1, 1 ], 
  [ 1, 1, 0, 1, 1, 1, 1, 0, 0, 1 ], [ 0, 0, 0, 1, 0, 0, 0, 0, 1, 0 ], 
  [ 1, 1, 1, 1, 0, 1, 0, 0, 0, 1 ], [ 0, 1, 1, 0, 0, 0, 1, 1, 1, 1 ], 
  [ 1, 1, 1, 1, 1, 1, 0, 0, 1, 1 ], [ 1, 0, 0, 1, 1, 1, 1, 0, 1, 0 ], 
  [ 1, 0, 0, 1, 1, 0, 0, 1, 1, 0 ], [ 0, 1, 1, 1, 0, 1, 1, 0, 1, 1 ] ]
CLASS q=2 n=5 order=24 size=21541021286400 M=
[ [ 0, 1, 1, 0, 0, 1, 1, 0, 1, 0 ], [ 1, 1, 0, 0, 0, 0, 0, 1, 1, 1 ], 
  [ 0, 0, 0, 0, 1, 1, 0, 0, 1, 1 ], [ 0, 0, 1, 0, 0, 1, 0, 0, 0, 0 ], 
  [ 1, 1, 0, 0, 0, 1, 1, 0, 0, 1 ], [ 0, 1, 1, 0, 0, 0, 1, 1, 1, 1 ], 
  [ 1, 1, 1, 1, 1, 1, 0, 0, 1, 1 ], [ 0, 1, 1, 1, 1, 1, 1, 0, 0, 0 ], 
  [ 1, 0, 0, 1, 1, 0, 0, 1, 1, 0 ], [ 1, 0, 1, 0, 0, 0, 1, 0, 1, 1 ] ]
CLASS q=2 n=5 order=24 size=86164085145600 M=
[ [ 1, 1, 0, 1, 1, 1, 1, 0, 1, 1 ], [ 1, 0, 0, 0, 0, 1, 0, 1, 1, 1 ], 
  [ 0, 0, 1, 0, 0, 0, 0, 1, 0, 0 ], [ 0, 0, 1, 1, 1, 0, 0, 1, 0, 1 ], 
  [ 0, 0, 1, 1, 0, 0, 1, 0, 1, 0 ], [ 0, 0, 0, 1, 0, 0, 1, 1, 0, 1 ], 
  [ 1, 0, 1, 1, 1, 0, 1, 1, 1, 1 ], [ 0, 1, 0, 0, 1, 0, 0, 0, 0, 0 ], 
  [ 1, 1, 1, 0, 1, 1, 0, 1, 0, 0 ], [ 1, 0, 1, 1, 1, 1, 1, 0, 0, 0 ] ]
CLASS q=2 n=5 order=8 size=6058412236800 M=
[ [ 1, 0, 1, 1, 0, 0, 0, 1, 0, 1 ], [ 1, 0, 1, 1, 1, 1, 0, 0, 1, 0 ], 
  [ 0, 0, 0, 1, 1, 0, 0, 1, 1, 0 ], [ 0, 0, 1, 0, 1, 0, 0, 1, 1, 0 ], 
  [ 0, 1, 0, 0, 0, 0, 1, 1, 0, 1 ], [ 0, 0, 0, 0, 1, 1, 1, 1, 1, 0 ], 
  [ 1, 0, 1, 1, 0, 1, 1, 1, 1, 1 ], [ 1, 1, 1, 1, 1, 0, 1, 0, 0, 0 ], 
  [ 0, 0, 1, 1, 1, 0, 0, 0, 0, 1 ], [ 0, 1, 1, 1, 0, 0, 0, 1, 1, 1 ] ]
CLASS q=2 n=5 order=12 size=1346313830400 M=
[ [ 0, 0, 1, 1, 1, 0, 1, 1, 0, 0 ], [ 0, 0, 0, 1, 1, 1, 0, 1, 1, 1 ], 
  [ 1, 1, 1, 1, 0, 0, 1, 1, 0, 0 ], [ 1, 0, 1, 1, 1, 0, 0, 0, 0, 0 ], 
  [ 0, 1, 0, 0, 0, 1, 1, 0, 0, 0 ], [ 0, 0, 1, 1, 1, 0, 0, 0, 0, 0 ], 
  [ 0, 0, 0, 0, 1, 0, 1, 1, 1, 1 ], [ 1, 0, 0, 1, 1, 1, 0, 0, 1, 1 ], 
  [ 1, 0, 1, 0, 1, 1, 0, 0, 1, 0 ], [ 1, 0, 1, 0, 1, 1, 0, 0, 0, 1 ] ]
CLASS q=2 n=5 order=6 size=2692627660800 M=
[ [ 0, 1, 1, 0, 1, 0, 1, 1, 1, 0 ], [ 0, 0, 0, 0, 0, 1, 1, 1, 1, 0 ], 
  [ 1, 1, 0, 0, 0, 1, 1, 0, 1, 1 ], [ 1, 0, 0, 1, 0, 0, 0, 1, 0, 1 ], 
  [ 1, 0, 1, 0, 1, 0, 0, 1, 1, 0 ], [ 1, 0, 1, 0, 1, 0, 0, 0, 1, 1 ], 
  [ 0, 0, 0, 0, 0, 0, 1, 0, 1, 1 ], [ 1, 1, 1, 0, 1, 0, 1, 0, 1, 0 ], 
  [ 1, 1, 1, 1, 0, 0, 1, 0, 1, 1 ], [ 0, 0, 0, 1, 0, 1, 0, 0, 0, 0 ] ]
CLASS q=2 n=5 order=12 size=10770510643200 M=
[ [ 1, 1, 0, 0, 0, 0, 0, 0, 0, 1 ], [ 0, 1, 1, 1, 1, 0, 0, 1, 0, 1 ], 
  [ 0, 1, 0, 0, 1, 0, 1, 0, 1, 1 ], [ 0, 0, 0, 1, 1, 0, 1, 0, 0, 1 ], 
  [ 0, 1, 0, 1, 0, 1, 1, 0, 1, 0 ], [ 0, 0, 0, 1, 1, 0, 1, 0, 0, 0 ], 
  [ 0, 0, 0, 0, 1, 1, 1, 1, 0, 0 ], [ 0, 0, 1, 0, 1, 0, 1, 1, 0, 1 ], 
  [ 0, 0, 1, 1, 1, 0, 0, 1, 0, 1 ], [ 1, 1, 0, 1, 1, 1, 1, 1, 0, 1 ] ]
CLASS q=2 n=5 order=4 size=252433843200 M=[ [ 0, 1, 0, 1, 0, 1, 1, 0, 1, 0 ], 
  [ 0, 0, 0, 0, 0, 0, 1, 1, 1, 0 ], [ 1, 0, 0, 0, 0, 0, 1, 1, 0, 0 ], 
  [ 1, 1, 1, 1, 0, 0, 0, 0, 1, 0 ], [ 1, 0, 0, 1, 0, 0, 1, 1, 0, 0 ], 
  [ 1, 1, 1, 0, 0, 1, 0, 1, 1, 1 ], [ 0, 1, 0, 0, 0, 1, 0, 1, 0, 1 ], 
  [ 1, 1, 0, 1, 0, 1, 1, 0, 1, 1 ], [ 0, 0, 0, 0, 1, 0, 1, 1, 0, 0 ], 
  [ 0, 0, 0, 0, 1, 1, 1, 1, 0, 0 ] ]
CLASS q=2 n=5 order=6 size=159563120640 M=[ [ 1, 1, 1, 0, 0, 0, 1, 1, 0, 1 ], 
  [ 1, 0, 1, 1, 0, 0, 1, 0, 0, 0 ], [ 1, 1, 1, 0, 0, 1, 0, 0, 0, 1 ], 
  [ 1, 0, 0, 1, 1, 1, 1, 1, 0, 1 ], [ 0, 0, 1, 1, 1, 1, 1, 0, 0, 1 ], 
  [ 0, 1, 1, 1, 0, 0, 1, 1, 0, 1 ], [ 0, 1, 1, 0, 1, 0, 1, 0, 0, 1 ], 
  [ 1, 0, 0, 0, 0, 1, 0, 0, 1, 1 ], [ 0, 0, 0, 1, 0, 1, 1, 1, 1, 1 ], 
  [ 0, 1, 1, 0, 1, 0, 1, 0, 0, 0 ] ]
CLASS q=2 n=5 order=17 size=243286828646400 M=
[ [ 1, 1, 1, 0, 0, 0, 1, 1, 0, 1 ], [ 1, 1, 0, 0, 0, 1, 0, 0, 1, 0 ], 
  [ 0, 0, 0, 0, 0, 1, 1, 1, 0, 0 ], [ 0, 1, 0, 0, 1, 0, 1, 1, 1, 0 ], 
  [ 1, 1, 1, 0, 1, 1, 1, 0, 1, 1 ], [ 1, 1, 0, 0, 0, 1, 0, 0, 0, 0 ], 
  [ 1, 1, 0, 1, 0, 1, 1, 1, 1, 0 ], [ 1, 0, 0, 1, 1, 0, 1, 0, 1, 0 ], 
  [ 0, 1, 1, 0, 1, 1, 0, 1, 0, 0 ], [ 0, 0, 0, 1, 0, 0, 0, 0, 1, 0 ] ]
CLASS q=2 n=5 order=17 size=243286828646400 M=
[ [ 1, 0, 1, 1, 0, 0, 1, 0, 0, 1 ], [ 0, 1, 1, 1, 1, 1, 0, 1, 1, 0 ], 
  [ 0, 0, 1, 0, 0, 0, 0, 0, 1, 1 ], [ 1, 0, 0, 1, 1, 1, 1, 0, 1, 1 ], 
  [ 1, 0, 1, 1, 0, 1, 0, 1, 1, 0 ], [ 0, 1, 0, 1, 0, 0, 0, 0, 0, 1 ], 
  [ 1, 1, 1, 1, 0, 0, 0, 1, 0, 1 ], [ 1, 1, 0, 1, 1, 0, 1, 1, 1, 0 ], 
  [ 1, 1, 0, 0, 1, 0, 1, 0, 1, 1 ], [ 1, 0, 1, 0, 1, 1, 0, 1, 0, 0 ] ]
CLASS q=2 n=5 order=34 size=729860485939200 M=
[ [ 1, 1, 1, 1, 0, 0, 1, 0, 1, 0 ], [ 1, 0, 1, 1, 1, 1, 0, 1, 0, 1 ], 
  [ 0, 1, 0, 0, 1, 0, 1, 0, 1, 1 ], [ 0, 0, 1, 0, 1, 0, 0, 1, 0, 0 ], 
  [ 0, 0, 0, 0, 1, 1, 1, 0, 1, 0 ], [ 0, 0, 1, 0, 1, 1, 1, 1, 0, 0 ], 
  [ 1, 0, 1, 0, 0, 0, 0, 0, 1, 0 ], [ 0, 0, 0, 0, 1, 1, 1, 1, 1, 1 ], 
  [ 0, 1, 1, 0, 1, 1, 1, 1, 1, 1 ], [ 0, 1, 1, 1, 1, 0, 1, 1, 1, 0 ] ]
CLASS q=2 n=5 order=34 size=729860485939200 M=
[ [ 1, 1, 0, 1, 0, 0, 0, 1, 1, 1 ], [ 0, 0, 0, 0, 1, 1, 1, 1, 0, 0 ], 
  [ 1, 0, 0, 0, 0, 0, 0, 0, 0, 1 ], [ 0, 1, 1, 1, 0, 0, 1, 1, 0, 1 ], 
  [ 1, 0, 0, 1, 0, 0, 0, 0, 0, 1 ], [ 0, 1, 1, 0, 0, 0, 0, 0, 1, 1 ], 
  [ 1, 0, 0, 0, 1, 0, 0, 1, 0, 1 ], [ 0, 0, 0, 1, 1, 0, 1, 0, 0, 1 ], 
  [ 1, 1, 0, 1, 1, 0, 0, 1, 1, 1 ], [ 0, 1, 0, 0, 0, 1, 1, 0, 1, 1 ] ]
CLASS q=2 n=5 order=6 size=43082042572800 M=
[ [ 1, 1, 1, 0, 1, 1, 0, 0, 0, 1 ], [ 0, 1, 1, 1, 0, 1, 1, 0, 0, 0 ], 
  [ 0, 0, 0, 1, 0, 1, 1, 1, 0, 1 ], [ 0, 1, 1, 0, 1, 1, 0, 0, 1, 0 ], 
  [ 1, 1, 1, 0, 0, 0, 1, 0, 0, 1 ], [ 0, 1, 0, 1, 0, 0, 1, 1, 0, 1 ], 
  [ 0, 1, 1, 1, 0, 0, 1, 0, 0, 1 ], [ 1, 0, 1, 1, 1, 1, 0, 0, 0, 0 ], 
  [ 0, 0, 0, 1, 0, 1, 1, 1, 0, 0 ], [ 1, 0, 0, 0, 1, 1, 0, 0, 1, 1 ] ]
CLASS q=2 n=5 order=12 size=2692627660800 M=
[ [ 0, 1, 0, 1, 1, 0, 1, 1, 0, 1 ], [ 1, 1, 0, 0, 0, 1, 0, 0, 1, 0 ], 
  [ 1, 0, 0, 0, 0, 1, 1, 0, 1, 1 ], [ 0, 0, 0, 1, 0, 0, 1, 0, 1, 0 ], 
  [ 0, 0, 1, 0, 1, 0, 1, 0, 0, 1 ], [ 0, 0, 0, 0, 1, 1, 1, 1, 1, 1 ], 
  [ 1, 1, 1, 1, 1, 0, 1, 0, 1, 1 ], [ 1, 1, 1, 0, 0, 1, 0, 1, 0, 0 ], 
  [ 1, 0, 0, 0, 0, 1, 1, 1, 0, 1 ], [ 1, 0, 0, 1, 0, 0, 0, 1, 0, 1 ] ]
CLASS q=2 n=5 order=8 size=134631383040 M=[ [ 0, 1, 1, 1, 1, 1, 0, 0, 0, 0 ], 
  [ 1, 0, 1, 1, 0, 0, 1, 1, 1, 1 ], [ 0, 1, 1, 0, 0, 1, 1, 1, 1, 1 ], 
  [ 1, 1, 1, 0, 0, 0, 1, 1, 1, 1 ], [ 0, 0, 0, 1, 0, 1, 1, 0, 1, 1 ], 
  [ 1, 1, 1, 0, 1, 1, 1, 1, 1, 1 ], [ 1, 0, 1, 0, 0, 0, 0, 1, 1, 1 ], 
  [ 1, 1, 1, 0, 1, 1, 0, 0, 0, 0 ], [ 1, 1, 1, 0, 1, 1, 0, 1, 1, 0 ], 
  [ 1, 1, 1, 0, 1, 1, 0, 1, 0, 1 ] ]
CLASS q=2 n=5 order=24 size=21541021286400 M=
[ [ 1, 0, 0, 1, 1, 1, 0, 0, 1, 1 ], [ 0, 0, 0, 1, 1, 1, 0, 0, 0, 1 ], 
  [ 0, 0, 1, 1, 1, 0, 1, 1, 0, 0 ], [ 0, 1, 0, 0, 1, 1, 0, 0, 0, 1 ], 
  [ 1, 1, 1, 0, 1, 0, 0, 1, 0, 1 ], [ 1, 1, 1, 0, 0, 1, 0, 0, 0, 1 ], 
  [ 1, 1, 1, 1, 0, 0, 0, 0, 1, 1 ], [ 0, 0, 0, 0, 1, 0, 1, 1, 1, 0 ], 
  [ 1, 0, 1, 1, 1, 1, 0, 1, 1, 0 ], [ 0, 1, 0, 1, 1, 0, 1, 0, 1, 1 ] ]
CLASS q=2 n=5 order=14 size=221564790374400 M=
[ [ 0, 1, 0, 1, 0, 1, 1, 0, 0, 1 ], [ 0, 0, 0, 0, 1, 0, 0, 1, 1, 0 ], 
  [ 0, 0, 0, 1, 0, 0, 1, 1, 1, 1 ], [ 0, 0, 1, 0, 1, 0, 0, 1, 1, 0 ], 
  [ 1, 1, 0, 0, 1, 0, 0, 1, 1, 0 ], [ 1, 0, 0, 0, 1, 0, 0, 0, 0, 0 ], 
  [ 1, 1, 0, 0, 0, 1, 0, 1, 0, 1 ], [ 0, 0, 1, 0, 0, 0, 0, 0, 1, 0 ], 
  [ 0, 0, 1, 0, 0, 0, 0, 1, 0, 0 ], [ 1, 1, 0, 0, 0, 1, 1, 0, 1, 0 ] ]
CLASS q=2 n=5 order=6 size=7180340428800 M=
[ [ 0, 1, 0, 1, 0, 0, 0, 1, 0, 0 ], [ 1, 1, 1, 0, 1, 1, 1, 0, 1, 1 ], 
  [ 0, 1, 1, 1, 0, 0, 1, 0, 1, 1 ], [ 0, 0, 0, 0, 0, 1, 0, 1, 0, 0 ], 
  [ 0, 1, 0, 0, 0, 1, 0, 0, 0, 0 ], [ 1, 1, 1, 0, 0, 0, 0, 0, 0, 0 ], 
  [ 1, 1, 0, 0, 1, 0, 1, 1, 0, 0 ], [ 1, 0, 0, 1, 1, 1, 1, 0, 1, 1 ], 
  [ 1, 0, 0, 1, 1, 1, 1, 1, 0, 1 ], [ 1, 0, 0, 1, 1, 1, 1, 1, 1, 0 ] ]
CLASS q=2 n=5 order=20 size=155095353262080 M=
[ [ 1, 0, 1, 0, 0, 0, 1, 0, 1, 0 ], [ 1, 0, 0, 1, 0, 1, 1, 0, 1, 0 ], 
  [ 0, 1, 0, 1, 1, 1, 1, 1, 1, 1 ], [ 1, 0, 0, 0, 0, 0, 1, 1, 1, 1 ], 
  [ 0, 1, 0, 1, 1, 0, 0, 1, 1, 1 ], [ 0, 0, 0, 0, 0, 0, 0, 1, 0, 1 ], 
  [ 0, 0, 1, 0, 1, 0, 0, 1, 0, 1 ], [ 0, 1, 1, 0, 1, 1, 1, 1, 1, 0 ], 
  [ 0, 0, 1, 0, 1, 0, 1, 1, 1, 1 ], [ 1, 1, 0, 0, 0, 0, 0, 0, 0, 1 ] ]
CLASS q=2 n=5 order=4 size=504867686400 M=[ [ 0, 1, 1, 0, 1, 1, 1, 0, 1, 0 ], 
  [ 1, 0, 1, 0, 0, 1, 1, 1, 1, 0 ], [ 0, 0, 1, 0, 0, 0, 0, 0, 0, 0 ], 
  [ 1, 1, 0, 1, 1, 0, 0, 0, 0, 1 ], [ 1, 1, 0, 0, 1, 1, 1, 1, 1, 0 ], 
  [ 0, 1, 0, 0, 1, 1, 0, 0, 0, 0 ], [ 1, 0, 1, 0, 0, 1, 0, 1, 1, 1 ], 
  [ 1, 1, 0, 0, 0, 1, 1, 0, 1, 0 ], [ 1, 1, 0, 0, 0, 1, 1, 1, 1, 1 ], 
  [ 0, 0, 1, 0, 0, 0, 0, 1, 1, 1 ] ]
CLASS q=2 n=5 order=12 size=258492255436800 M=
[ [ 0, 0, 1, 0, 1, 1, 1, 1, 0, 1 ], [ 1, 0, 1, 0, 0, 1, 1, 1, 0, 1 ], 
  [ 0, 0, 0, 0, 1, 0, 0, 1, 0, 0 ], [ 1, 0, 0, 1, 0, 0, 1, 0, 0, 1 ], 
  [ 1, 0, 1, 0, 1, 0, 0, 0, 1, 0 ], [ 0, 0, 0, 1, 1, 0, 0, 0, 0, 0 ], 
  [ 1, 0, 0, 1, 1, 0, 0, 1, 1, 1 ], [ 1, 0, 0, 0, 0, 0, 0, 1, 1, 0 ], 
  [ 0, 1, 1, 0, 0, 1, 1, 0, 0, 0 ], [ 1, 0, 0, 0, 0, 0, 0, 0, 0, 0 ] ]
CLASS q=2 n=5 order=10 size=41358760869888 M=
[ [ 1, 1, 1, 0, 1, 0, 0, 1, 0, 1 ], [ 1, 1, 0, 0, 0, 0, 1, 0, 0, 1 ], 
  [ 0, 1, 1, 1, 1, 0, 1, 0, 1, 1 ], [ 0, 0, 1, 0, 1, 1, 1, 0, 0, 1 ], 
  [ 0, 1, 1, 0, 1, 0, 1, 1, 0, 0 ], [ 1, 1, 1, 0, 1, 1, 0, 1, 1, 1 ], 
  [ 0, 0, 0, 1, 0, 1, 1, 1, 1, 0 ], [ 0, 1, 0, 0, 0, 1, 0, 1, 0, 0 ], 
  [ 0, 1, 0, 1, 1, 1, 1, 1, 0, 1 ], [ 0, 1, 0, 0, 1, 0, 1, 1, 0, 1 ] ]
CLASS q=2 n=5 order=15 size=275725072465920 M=
[ [ 1, 0, 0, 1, 0, 1, 1, 1, 0, 0 ], [ 0, 0, 0, 0, 1, 1, 1, 1, 0, 0 ], 
  [ 0, 1, 1, 1, 0, 0, 1, 1, 0, 1 ], [ 1, 1, 1, 0, 0, 0, 0, 0, 1, 1 ], 
  [ 0, 0, 1, 1, 0, 1, 0, 1, 1, 0 ], [ 0, 1, 0, 0, 1, 1, 1, 1, 0, 1 ], 
  [ 1, 0, 1, 1, 1, 1, 0, 0, 1, 1 ], [ 0, 1, 0, 1, 0, 1, 1, 0, 0, 0 ], 
  [ 0, 1, 1, 0, 1, 0, 1, 0, 0, 1 ], [ 1, 1, 1, 1, 0, 0, 0, 0, 1, 0 ] ]
CLASS q=2 n=5 order=30 size=827175217397760 M=
[ [ 0, 0, 1, 1, 1, 1, 0, 0, 0, 0 ], [ 1, 0, 1, 0, 0, 0, 1, 0, 1, 1 ], 
  [ 0, 0, 0, 0, 1, 1, 0, 0, 0, 0 ], [ 1, 1, 1, 0, 1, 0, 0, 0, 0, 1 ], 
  [ 1, 1, 1, 1, 1, 1, 1, 1, 0, 1 ], [ 1, 0, 0, 0, 1, 1, 0, 0, 0, 0 ], 
  [ 1, 0, 0, 0, 0, 0, 1, 1, 1, 0 ], [ 0, 0, 1, 1, 0, 0, 1, 0, 1, 0 ], 
  [ 0, 0, 1, 1, 0, 0, 0, 1, 1, 1 ], [ 1, 0, 0, 0, 1, 1, 0, 1, 0, 1 ] ]
CLASS q=2 n=5 order=4 size=3029206118400 M=
[ [ 1, 1, 1, 0, 0, 0, 1, 0, 1, 0 ], [ 1, 0, 0, 0, 0, 0, 0, 1, 1, 1 ], 
  [ 1, 0, 1, 0, 0, 1, 1, 1, 1, 0 ], [ 0, 1, 1, 0, 0, 0, 1, 0, 1, 1 ], 
  [ 0, 1, 0, 1, 1, 0, 1, 1, 1, 1 ], [ 1, 0, 0, 1, 1, 0, 0, 0, 0, 0 ], 
  [ 1, 1, 1, 0, 0, 0, 1, 1, 1, 1 ], [ 0, 0, 1, 1, 1, 1, 1, 0, 0, 1 ], 
  [ 1, 0, 0, 0, 1, 0, 0, 1, 0, 0 ], [ 1, 0, 1, 0, 1, 1, 0, 1, 0, 0 ] ]
CLASS q=2 n=5 order=15 size=551450144931840 M=
[ [ 0, 1, 1, 0, 1, 1, 1, 1, 1, 1 ], [ 0, 1, 0, 0, 1, 0, 0, 1, 1, 0 ], 
  [ 0, 0, 1, 1, 1, 1, 1, 1, 1, 0 ], [ 1, 1, 0, 1, 0, 0, 0, 1, 0, 1 ], 
  [ 1, 1, 0, 0, 1, 1, 1, 0, 1, 1 ], [ 1, 1, 1, 1, 0, 0, 1, 1, 0, 0 ], 
  [ 0, 1, 1, 0, 0, 0, 1, 1, 1, 1 ], [ 0, 0, 1, 0, 0, 1, 0, 1, 1, 1 ], 
  [ 0, 1, 0, 0, 0, 0, 1, 0, 0, 1 ], [ 1, 1, 0, 0, 0, 0, 1, 1, 1, 0 ] ]
CLASS q=2 n=5 order=6 size=797815603200 M=[ [ 0, 1, 0, 0, 1, 0, 0, 1, 1, 1 ], 
  [ 1, 0, 0, 1, 1, 1, 1, 0, 0, 0 ], [ 1, 0, 1, 1, 1, 1, 0, 1, 0, 0 ], 
  [ 1, 0, 1, 0, 1, 1, 0, 1, 1, 1 ], [ 1, 1, 0, 1, 1, 1, 0, 1, 1, 1 ], 
  [ 0, 0, 0, 1, 1, 1, 1, 0, 1, 1 ], [ 1, 0, 0, 1, 0, 0, 1, 0, 0, 0 ], 
  [ 0, 0, 0, 0, 0, 1, 1, 1, 0, 0 ], [ 1, 1, 1, 0, 0, 0, 0, 0, 0, 1 ], 
  [ 1, 1, 1, 0, 0, 0, 0, 0, 1, 0 ] ]
CLASS q=2 n=5 order=18 size=459541787443200 M=
[ [ 1, 1, 1, 0, 0, 1, 0, 0, 0, 1 ], [ 1, 0, 0, 1, 0, 0, 0, 0, 1, 0 ], 
  [ 1, 0, 1, 0, 0, 1, 1, 1, 1, 1 ], [ 0, 1, 0, 1, 0, 1, 0, 0, 0, 1 ], 
  [ 1, 0, 0, 0, 0, 0, 0, 1, 1, 0 ], [ 1, 0, 0, 0, 1, 0, 1, 0, 0, 0 ], 
  [ 1, 0, 1, 1, 1, 1, 1, 1, 1, 1 ], [ 0, 1, 1, 0, 0, 0, 1, 1, 1, 0 ], 
  [ 1, 1, 1, 0, 1, 1, 1, 0, 1, 0 ], [ 0, 0, 0, 0, 1, 0, 0, 0, 1, 0 ] ]
CLASS q=2 n=5 order=24 size=86164085145600 M=
[ [ 0, 0, 0, 1, 0, 1, 1, 1, 1, 1 ], [ 1, 0, 0, 0, 0, 0, 1, 0, 1, 1 ], 
  [ 1, 0, 0, 0, 1, 0, 1, 1, 1, 0 ], [ 0, 1, 1, 0, 1, 1, 1, 0, 1, 0 ], 
  [ 1, 1, 0, 1, 0, 1, 1, 1, 0, 0 ], [ 0, 0, 0, 0, 0, 1, 0, 1, 1, 0 ], 
  [ 1, 1, 1, 0, 1, 1, 1, 1, 0, 0 ], [ 0, 0, 0, 0, 1, 1, 1, 0, 0, 0 ], 
  [ 1, 0, 1, 0, 0, 1, 1, 1, 0, 1 ], [ 1, 0, 0, 1, 0, 1, 0, 1, 1, 0 ] ]
CLASS q=2 n=5 order=8 size=24233648947200 M=
[ [ 1, 0, 1, 0, 0, 0, 1, 1, 0, 1 ], [ 0, 0, 1, 0, 0, 0, 0, 1, 0, 1 ], 
  [ 1, 1, 0, 0, 1, 1, 1, 1, 1, 0 ], [ 0, 1, 1, 1, 0, 1, 1, 1, 0, 1 ], 
  [ 0, 0, 0, 1, 0, 0, 1, 0, 0, 1 ], [ 0, 1, 1, 0, 0, 0, 1, 1, 1, 1 ], 
  [ 1, 0, 0, 0, 1, 1, 0, 0, 0, 1 ], [ 0, 0, 1, 1, 1, 1, 0, 0, 1, 0 ], 
  [ 1, 1, 1, 0, 1, 0, 0, 1, 0, 0 ], [ 1, 1, 0, 0, 0, 0, 1, 1, 1, 0 ] ]
CLASS q=2 n=5 order=12 size=2872136171520 M=
[ [ 1, 1, 1, 1, 1, 0, 0, 0, 1, 0 ], [ 1, 1, 1, 0, 1, 0, 1, 1, 0, 0 ], 
  [ 0, 1, 0, 1, 1, 0, 0, 0, 1, 0 ], [ 0, 0, 1, 1, 1, 0, 1, 0, 0, 0 ], 
  [ 0, 0, 0, 0, 1, 1, 0, 1, 1, 1 ], [ 1, 0, 0, 0, 1, 1, 1, 1, 0, 0 ], 
  [ 1, 0, 1, 0, 1, 1, 0, 0, 1, 1 ], [ 0, 1, 0, 1, 1, 1, 1, 0, 0, 1 ], 
  [ 0, 0, 0, 0, 0, 1, 0, 1, 0, 1 ], [ 0, 1, 1, 1, 1, 1, 0, 1, 0, 0 ] ]
CLASS q=2 n=5 order=60 size=413587608698880 M=
[ [ 0, 1, 0, 0, 1, 1, 0, 1, 0, 1 ], [ 1, 0, 1, 0, 1, 0, 1, 1, 0, 1 ], 
  [ 0, 0, 0, 0, 1, 1, 1, 1, 1, 1 ], [ 0, 1, 1, 0, 0, 0, 0, 1, 0, 0 ], 
  [ 0, 1, 1, 1, 0, 0, 1, 0, 1, 0 ], [ 0, 1, 0, 1, 1, 1, 1, 1, 1, 1 ], 
  [ 1, 1, 1, 1, 0, 0, 0, 1, 1, 0 ], [ 0, 1, 0, 0, 1, 0, 0, 0, 1, 0 ], 
  [ 1, 0, 1, 1, 0, 0, 0, 0, 1, 1 ], [ 1, 1, 1, 1, 0, 1, 0, 1, 0, 0 ] ]
CLASS q=2 n=5 order=31 size=800492145868800 M=
[ [ 1, 0, 1, 1, 0, 0, 1, 1, 0, 1 ], [ 1, 1, 0, 0, 0, 1, 1, 0, 1, 1 ], 
  [ 0, 0, 1, 0, 0, 1, 0, 1, 0, 1 ], [ 1, 1, 1, 0, 1, 1, 1, 0, 1, 0 ], 
  [ 0, 0, 1, 1, 1, 1, 0, 0, 0, 1 ], [ 0, 1, 0, 1, 1, 0, 1, 0, 1, 1 ], 
  [ 1, 1, 0, 0, 0, 1, 1, 1, 1, 0 ], [ 0, 0, 1, 0, 1, 0, 1, 0, 0, 1 ], 
  [ 1, 0, 1, 1, 1, 0, 1, 0, 1, 1 ], [ 0, 0, 1, 1, 1, 0, 1, 0, 1, 0 ] ]
CLASS q=2 n=5 order=31 size=800492145868800 M=
[ [ 1, 0, 0, 0, 0, 0, 1, 1, 0, 0 ], [ 0, 1, 1, 1, 0, 1, 0, 0, 1, 1 ], 
  [ 1, 0, 1, 1, 0, 1, 0, 0, 1, 0 ], [ 1, 1, 0, 1, 0, 1, 1, 0, 1, 1 ], 
  [ 0, 1, 0, 0, 1, 0, 0, 1, 1, 0 ], [ 1, 1, 1, 0, 1, 1, 0, 1, 0, 1 ], 
  [ 0, 1, 1, 1, 1, 1, 1, 0, 1, 0 ], [ 0, 1, 1, 0, 1, 1, 0, 1, 1, 1 ], 
  [ 0, 0, 0, 1, 1, 1, 1, 1, 0, 0 ], [ 1, 0, 1, 0, 1, 1, 0, 0, 1, 0 ] ]
CLASS q=2 n=5 order=31 size=800492145868800 M=
[ [ 1, 1, 0, 0, 0, 1, 0, 0, 1, 1 ], [ 1, 0, 1, 1, 0, 0, 0, 0, 0, 0 ], 
  [ 1, 1, 0, 1, 0, 0, 0, 1, 0, 0 ], [ 0, 0, 0, 0, 1, 1, 1, 0, 0, 1 ], 
  [ 1, 1, 1, 0, 1, 0, 1, 1, 0, 1 ], [ 0, 1, 0, 1, 0, 1, 1, 0, 1, 0 ], 
  [ 1, 0, 0, 0, 0, 0, 1, 0, 0, 1 ], [ 1, 1, 1, 0, 1, 1, 1, 1, 1, 0 ], 
  [ 0, 0, 0, 0, 0, 0, 0, 1, 1, 1 ], [ 1, 1, 0, 1, 1, 0, 0, 1, 0, 1 ] ]
CLASS q=2 n=5 order=18 size=459541787443200 M=
[ [ 1, 0, 1, 0, 1, 1, 1, 0, 0, 1 ], [ 1, 0, 0, 0, 0, 0, 0, 0, 1, 0 ], 
  [ 1, 0, 0, 0, 1, 1, 0, 0, 0, 0 ], [ 0, 0, 0, 0, 0, 1, 1, 0, 1, 0 ], 
  [ 1, 1, 1, 0, 1, 0, 0, 0, 0, 1 ], [ 0, 1, 0, 1, 1, 0, 0, 0, 1, 1 ], 
  [ 0, 0, 1, 1, 1, 1, 0, 1, 0, 0 ], [ 1, 1, 0, 0, 1, 0, 0, 0, 0, 1 ], 
  [ 1, 1, 0, 0, 0, 1, 1, 1, 1, 1 ], [ 0, 0, 0, 0, 1, 1, 0, 1, 1, 0 ] ]
CLASS q=2 n=5 order=60 size=206793804349440 M=
[ [ 0, 1, 0, 1, 1, 1, 1, 1, 0, 1 ], [ 1, 1, 1, 0, 0, 1, 0, 0, 0, 1 ], 
  [ 1, 0, 1, 0, 1, 1, 0, 0, 0, 0 ], [ 1, 1, 1, 1, 0, 1, 1, 1, 1, 0 ], 
  [ 0, 0, 0, 1, 1, 0, 1, 0, 0, 1 ], [ 0, 1, 1, 1, 0, 0, 1, 0, 0, 0 ], 
  [ 0, 1, 1, 0, 0, 1, 0, 1, 1, 1 ], [ 1, 0, 1, 0, 1, 1, 0, 0, 0, 1 ], 
  [ 0, 0, 1, 0, 0, 0, 0, 1, 0, 0 ], [ 1, 1, 0, 0, 0, 1, 1, 1, 0, 0 ] ]
CLASS q=2 n=5 order=12 size=7180340428800 M=
[ [ 1, 1, 0, 0, 1, 1, 1, 0, 1, 1 ], [ 1, 0, 1, 1, 0, 1, 0, 0, 1, 0 ], 
  [ 1, 0, 0, 0, 1, 1, 1, 0, 0, 1 ], [ 1, 0, 1, 1, 0, 0, 0, 0, 1, 0 ], 
  [ 0, 1, 0, 1, 0, 1, 1, 0, 0, 0 ], [ 1, 0, 0, 1, 0, 0, 0, 0, 0, 1 ], 
  [ 0, 0, 0, 0, 0, 0, 1, 0, 0, 0 ], [ 0, 1, 1, 0, 0, 0, 1, 1, 0, 0 ], 
  [ 0, 1, 0, 1, 0, 0, 1, 0, 1, 0 ], [ 1, 0, 1, 0, 0, 1, 1, 0, 1, 1 ] ]
CLASS q=2 n=5 order=60 size=206793804349440 M=
[ [ 1, 1, 0, 1, 0, 1, 1, 0, 0, 1 ], [ 1, 0, 0, 0, 0, 1, 0, 1, 1, 0 ], 
  [ 1, 1, 0, 0, 0, 1, 1, 0, 0, 0 ], [ 0, 1, 0, 0, 0, 0, 0, 0, 1, 1 ], 
  [ 1, 0, 0, 1, 1, 0, 0, 0, 0, 1 ], [ 1, 0, 1, 0, 0, 1, 0, 1, 1, 0 ], 
  [ 1, 1, 0, 0, 0, 1, 0, 0, 0, 1 ], [ 1, 0, 1, 0, 1, 0, 1, 0, 1, 0 ], 
  [ 0, 1, 0, 0, 1, 1, 0, 0, 0, 0 ], [ 0, 0, 1, 0, 1, 0, 0, 1, 1, 1 ] ]
CLASS q=2 n=5 order=12 size=129246127718400 M=
[ [ 0, 1, 0, 1, 0, 1, 0, 0, 0, 1 ], [ 1, 1, 1, 1, 0, 1, 1, 1, 1, 0 ], 
  [ 1, 1, 0, 0, 0, 0, 1, 0, 1, 1 ], [ 0, 0, 1, 0, 0, 1, 1, 0, 1, 0 ], 
  [ 1, 0, 1, 1, 0, 0, 0, 0, 0, 1 ], [ 1, 0, 0, 0, 0, 0, 1, 1, 1, 1 ], 
  [ 1, 1, 1, 0, 0, 0, 1, 0, 0, 0 ], [ 0, 1, 1, 0, 1, 1, 0, 0, 0, 1 ], 
  [ 0, 1, 1, 0, 1, 1, 0, 1, 0, 0 ], [ 1, 0, 0, 0, 1, 0, 1, 1, 0, 0 ] ]
CLASS q=2 n=5 order=6 size=897542553600 M=[ [ 1, 1, 0, 1, 0, 0, 1, 0, 0, 0 ], 
  [ 0, 0, 1, 0, 1, 1, 0, 0, 1, 1 ], [ 0, 1, 1, 1, 0, 1, 0, 0, 0, 0 ], 
  [ 0, 0, 0, 1, 0, 1, 1, 0, 0, 0 ], [ 1, 1, 1, 0, 0, 0, 1, 1, 0, 0 ], 
  [ 0, 0, 0, 0, 0, 0, 1, 0, 1, 1 ], [ 0, 1, 1, 0, 1, 1, 1, 0, 0, 0 ], 
  [ 1, 0, 1, 1, 1, 0, 0, 0, 1, 1 ], [ 0, 1, 0, 1, 1, 1, 1, 1, 1, 0 ], 
  [ 0, 1, 0, 1, 1, 1, 1, 1, 0, 1 ] ]
CLASS q=2 n=5 order=28 size=443129580748800 M=
[ [ 1, 1, 1, 1, 1, 0, 1, 0, 0, 1 ], [ 1, 0, 0, 0, 0, 0, 0, 1, 1, 0 ], 
  [ 1, 1, 1, 0, 1, 1, 0, 1, 1, 1 ], [ 1, 0, 0, 0, 1, 0, 0, 0, 1, 0 ], 
  [ 0, 0, 0, 0, 1, 0, 0, 1, 1, 0 ], [ 0, 0, 0, 0, 0, 1, 1, 0, 1, 1 ], 
  [ 1, 0, 0, 1, 0, 0, 0, 0, 0, 0 ], [ 0, 0, 1, 1, 0, 0, 0, 1, 1, 0 ], 
  [ 0, 1, 1, 0, 1, 1, 1, 1, 0, 0 ], [ 1, 0, 0, 0, 1, 0, 0, 1, 0, 0 ] ]
CLASS q=2 n=5 order=28 size=443129580748800 M=
[ [ 1, 0, 1, 1, 0, 1, 1, 0, 0, 1 ], [ 0, 0, 0, 1, 0, 1, 1, 1, 1, 0 ], 
  [ 0, 1, 0, 0, 0, 0, 1, 1, 0, 0 ], [ 1, 0, 1, 1, 0, 1, 0, 0, 0, 1 ], 
  [ 1, 1, 1, 1, 1, 1, 1, 0, 0, 1 ], [ 0, 1, 1, 1, 0, 1, 0, 0, 1, 1 ], 
  [ 1, 0, 0, 1, 0, 1, 1, 0, 1, 1 ], [ 1, 0, 1, 0, 1, 1, 1, 0, 0, 1 ], 
  [ 0, 1, 0, 1, 1, 0, 0, 0, 1, 1 ], [ 1, 0, 1, 1, 1, 1, 1, 0, 1, 1 ] ]
CLASS q=2 n=5 order=12 size=21541021286400 M=
[ [ 0, 0, 0, 0, 0, 1, 1, 0, 0, 1 ], [ 1, 1, 0, 0, 1, 1, 0, 1, 1, 0 ], 
  [ 0, 0, 1, 0, 0, 0, 0, 0, 0, 0 ], [ 0, 0, 0, 1, 0, 0, 0, 1, 1, 0 ], 
  [ 0, 0, 0, 0, 1, 1, 1, 1, 0, 1 ], [ 1, 1, 0, 0, 1, 1, 0, 1, 0, 0 ], 
  [ 0, 0, 1, 0, 0, 1, 1, 0, 0, 0 ], [ 0, 1, 0, 0, 1, 0, 0, 0, 1, 0 ], 
  [ 1, 0, 1, 0, 1, 1, 1, 1, 0, 0 ], [ 0, 1, 0, 0, 1, 0, 0, 1, 0, 0 ] ]
CLASS q=2 n=5 order=12 size=86164085145600 M=
[ [ 0, 1, 0, 0, 0, 0, 1, 0, 1, 1 ], [ 0, 1, 0, 0, 1, 0, 0, 0, 1, 0 ], 
  [ 1, 0, 0, 0, 1, 0, 0, 1, 1, 1 ], [ 0, 1, 1, 1, 1, 0, 1, 1, 1, 0 ], 
  [ 1, 0, 0, 1, 1, 0, 0, 1, 1, 1 ], [ 1, 0, 1, 1, 1, 1, 0, 0, 1, 0 ], 
  [ 1, 1, 0, 0, 0, 0, 0, 0, 0, 1 ], [ 0, 1, 0, 0, 1, 1, 1, 1, 0, 1 ], 
  [ 0, 1, 0, 1, 0, 0, 0, 1, 1, 0 ], [ 1, 1, 0, 1, 1, 1, 0, 1, 0, 0 ] ]
CLASS q=2 n=5 order=24 size=64623063859200 M=
[ [ 1, 0, 0, 0, 1, 0, 0, 1, 0, 1 ], [ 0, 0, 0, 1, 1, 1, 0, 1, 0, 1 ], 
  [ 0, 0, 1, 1, 1, 1, 0, 1, 1, 0 ], [ 0, 1, 0, 0, 1, 1, 0, 1, 0, 1 ], 
  [ 1, 0, 1, 1, 1, 0, 0, 0, 0, 1 ], [ 1, 0, 1, 1, 1, 1, 1, 0, 0, 1 ], 
  [ 0, 0, 0, 1, 0, 1, 1, 0, 0, 1 ], [ 0, 0, 0, 1, 0, 0, 1, 0, 1, 0 ], 
  [ 1, 0, 1, 1, 1, 1, 0, 1, 1, 0 ], [ 0, 1, 0, 1, 1, 0, 1, 1, 0, 1 ] ]
CLASS q=2 n=5 order=8 size=24233648947200 M=
[ [ 0, 0, 0, 1, 0, 0, 0, 1, 0, 1 ], [ 1, 0, 1, 0, 1, 1, 0, 0, 0, 1 ], 
  [ 1, 1, 1, 0, 0, 0, 0, 0, 1, 1 ], [ 1, 1, 1, 0, 0, 1, 1, 0, 0, 1 ], 
  [ 1, 0, 1, 0, 1, 1, 1, 0, 0, 1 ], [ 0, 1, 1, 1, 1, 1, 1, 1, 0, 0 ], 
  [ 0, 0, 1, 0, 0, 0, 1, 0, 0, 0 ], [ 1, 1, 0, 1, 1, 1, 0, 0, 0, 1 ], 
  [ 0, 0, 0, 0, 1, 0, 1, 0, 1, 1 ], [ 1, 1, 1, 0, 1, 1, 0, 0, 1, 1 ] ]
CLASS q=2 n=5 order=40 size=310190706524160 M=
[ [ 1, 0, 0, 1, 0, 1, 1, 0, 0, 1 ], [ 0, 1, 0, 1, 1, 1, 0, 1, 0, 0 ], 
  [ 1, 0, 1, 1, 0, 0, 0, 0, 1, 0 ], [ 0, 0, 0, 1, 1, 0, 1, 0, 1, 0 ], 
  [ 0, 1, 0, 1, 0, 1, 1, 1, 0, 0 ], [ 0, 0, 1, 1, 1, 0, 0, 1, 1, 0 ], 
  [ 0, 0, 1, 0, 1, 0, 0, 0, 0, 1 ], [ 1, 0, 1, 0, 0, 1, 1, 1, 0, 1 ], 
  [ 0, 0, 1, 0, 1, 1, 1, 1, 1, 1 ], [ 1, 1, 1, 1, 1, 1, 0, 1, 0, 1 ] ]
CLASS q=2 n=5 order=51 size=486573657292800 M=
[ [ 1, 1, 0, 1, 1, 1, 1, 1, 0, 1 ], [ 1, 0, 0, 1, 0, 1, 0, 1, 0, 0 ], 
  [ 0, 0, 1, 1, 0, 1, 1, 0, 1, 1 ], [ 1, 0, 0, 0, 1, 0, 1, 0, 1, 1 ], 
  [ 1, 0, 1, 0, 1, 0, 0, 0, 1, 1 ], [ 0, 1, 0, 0, 0, 1, 1, 1, 0, 1 ], 
  [ 1, 1, 1, 1, 1, 0, 1, 1, 0, 0 ], [ 0, 0, 1, 0, 0, 1, 1, 0, 1, 0 ], 
  [ 1, 1, 0, 0, 0, 1, 1, 0, 0, 0 ], [ 1, 0, 0, 1, 1, 0, 1, 1, 0, 1 ] ]
CLASS q=2 n=5 order=51 size=486573657292800 M=
[ [ 1, 0, 1, 1, 0, 1, 0, 0, 1, 1 ], [ 1, 0, 1, 0, 0, 1, 0, 0, 0, 0 ], 
  [ 1, 1, 0, 1, 0, 1, 1, 0, 1, 1 ], [ 1, 0, 1, 1, 1, 0, 1, 1, 0, 1 ], 
  [ 0, 1, 1, 0, 1, 0, 0, 0, 0, 1 ], [ 0, 0, 0, 1, 1, 1, 0, 1, 1, 1 ], 
  [ 1, 1, 0, 0, 1, 0, 1, 1, 1, 1 ], [ 1, 0, 1, 1, 1, 1, 0, 0, 1, 0 ], 
  [ 0, 1, 0, 0, 1, 0, 1, 0, 0, 0 ], [ 1, 1, 0, 1, 0, 0, 0, 0, 0, 0 ] ]
CLASS q=2 n=5 order=36 size=344656340582400 M=
[ [ 0, 0, 1, 1, 0, 0, 0, 1, 0, 1 ], [ 1, 0, 0, 1, 0, 1, 0, 0, 0, 1 ], 
  [ 1, 0, 0, 0, 1, 0, 1, 0, 1, 1 ], [ 0, 0, 0, 0, 0, 0, 0, 0, 0, 1 ], 
  [ 0, 0, 0, 0, 0, 1, 0, 0, 0, 1 ], [ 0, 0, 1, 1, 1, 0, 0, 0, 0, 0 ], 
  [ 0, 0, 0, 1, 0, 1, 1, 1, 0, 0 ], [ 1, 0, 0, 0, 0, 0, 0, 1, 0, 1 ], 
  [ 1, 0, 0, 0, 0, 0, 0, 0, 0, 0 ], [ 0, 1, 1, 0, 0, 1, 1, 0, 0, 0 ] ]
CLASS q=2 n=5 order=18 size=57442723430400 M=
[ [ 1, 1, 0, 1, 1, 0, 0, 1, 1, 1 ], [ 1, 0, 0, 1, 0, 0, 1, 0, 1, 0 ], 
  [ 0, 0, 0, 0, 0, 0, 1, 0, 1, 0 ], [ 0, 1, 0, 1, 0, 1, 1, 1, 1, 0 ], 
  [ 1, 0, 0, 1, 0, 0, 1, 1, 1, 1 ], [ 0, 1, 1, 0, 0, 1, 1, 0, 0, 0 ], 
  [ 0, 0, 0, 0, 1, 1, 1, 1, 1, 1 ], [ 1, 1, 1, 1, 1, 0, 1, 1, 1, 1 ], 
  [ 0, 1, 1, 0, 0, 0, 1, 0, 1, 0 ], [ 1, 1, 1, 0, 1, 1, 1, 0, 1, 0 ] ]
