q=2 n=6 |PSp|=208114637736580743168000 classes=477
CLASS q=2 n=6 order=1 size=1 M=[ [ 1, 0, 0, 0, 0, 0, 0, 0, 0, 0, 0, 0 ], 
  [ 0, 1, 0, 0, 0, 0, 0, 0, 0, 0, 0, 0 ], 
  [ 0, 0, 1, 0, 0, 0, 0, 0, 0, 0, 0, 0 ], 
  [ 0, 0, 0, 1, 0, 0, 0, 0, 0, 0, 0, 0 ], 
  [ 0, 0, 0, 0, 1, 0, 0, 0, 0, 0, 0, 0 ], 
  [ 0, 0, 0, 0, 0, 1, 0, 0, 0, 0, 0, 0 ], 
  [ 0, 0, 0, 0, 0, 0, 1, 0, 0, 0, 0, 0 ], 
  [ 0, 0, 0, 0, 0, 0, 0, 1, 0, 0, 0, 0 ], 
  [ 0, 0, 0, 0, 0, 0, 0, 0, 1, 0, 0, 0 ], 
  [ 0, 0, 0, 0, 0, 0, 0, 0, 0, 1, 0, 0 ], 
  [ 0, 0, 0, 0, 0, 0, 0, 0, 0, 0, 1, 0 ], 
  [ 0, 0, 0, 0, 0, 0, 0, 0, 0, 0, 0, 1 ] ]
CLASS q=2 n=6 order=2 size=1424322900 M=
[ [ 1, 1, 0, 1, 1, 0, 0, 1, 0, 1, 1, 1 ], 
  [ 0, 1, 0, 0, 0, 0, 0, 0, 0, 0, 0, 0 ], 
  [ 0, 1, 1, 1, 0, 0, 1, 1, 1, 1, 0, 0 ], 
  [ 0, 0, 0, 1, 1, 0, 1, 0, 1, 0, 1, 1 ], 
  [ 0, 0, 0, 0, 0, 0, 1, 0, 1, 0, 1, 1 ], 
  [ 0, 1, 1, 0, 1, 0, 0, 0, 1, 0, 1, 0 ], 
  [ 0, 1, 0, 1, 0, 0, 0, 1, 1, 1, 0, 0 ], 
  [ 0, 0, 1, 1, 0, 1, 0, 0, 1, 1, 0, 1 ], 
  [ 0, 1, 0, 1, 0, 0, 1, 1, 0, 1, 0, 0 ], 
  [ 0, 0, 1, 1, 1, 1, 1, 1, 0, 0, 1, 0 ], 
  [ 0, 1, 1, 0, 0, 1, 1, 0, 0, 0, 1, 1 ], 
  [ 0, 1, 1, 0, 1, 1, 0, 0, 1, 0, 1, 1 ] ]
CLASS q=2 n=6 order=3 size=244037713920 M=
[ [ 1, 0, 1, 1, 0, 1, 0, 1, 1, 1, 0, 1 ], 
  [ 0, 1, 1, 1, 0, 1, 0, 1, 1, 1, 0, 1 ], 
  [ 1, 1, 1, 0, 1, 1, 0, 1, 0, 1, 0, 0 ], 
  [ 1, 1, 0, 1, 1, 1, 0, 1, 0, 1, 0, 0 ], 
  [ 1, 1, 1, 1, 0, 0, 0, 0, 1, 0, 0, 1 ], 
  [ 1, 1, 0, 0, 1, 0, 0, 0, 1, 1, 0, 1 ], 
  [ 1, 1, 0, 0, 0, 1, 0, 1, 1, 1, 1, 1 ], 
  [ 1, 1, 1, 1, 1, 0, 0, 0, 0, 0, 0, 0 ], 
  [ 1, 1, 1, 1, 1, 0, 0, 0, 0, 0, 0, 1 ], 
  [ 0, 0, 0, 0, 1, 0, 1, 1, 0, 1, 1, 0 ], 
  [ 0, 0, 0, 0, 1, 0, 1, 1, 0, 0, 0, 0 ], 
  [ 1, 1, 1, 1, 1, 0, 0, 1, 0, 0, 0, 1 ] ]
CLASS q=2 n=6 order=5 size=878535770112 M=
[ [ 0, 1, 0, 1, 1, 1, 0, 0, 0, 1, 1, 1 ], 
  [ 1, 0, 0, 1, 1, 1, 0, 0, 0, 1, 1, 1 ], 
  [ 1, 1, 0, 1, 1, 0, 0, 0, 1, 1, 1, 0 ], 
  [ 1, 1, 0, 0, 1, 0, 1, 0, 0, 0, 1, 1 ], 
  [ 0, 0, 1, 1, 1, 1, 1, 0, 0, 0, 1, 0 ], 
  [ 1, 1, 0, 1, 1, 0, 0, 0, 0, 1, 1, 1 ], 
  [ 0, 0, 0, 0, 0, 0, 1, 0, 0, 0, 0, 0 ], 
  [ 0, 0, 0, 1, 0, 1, 0, 1, 1, 1, 1, 1 ], 
  [ 1, 1, 1, 0, 1, 1, 0, 0, 1, 0, 0, 1 ], 
  [ 1, 1, 1, 1, 1, 1, 1, 0, 1, 1, 1, 0 ], 
  [ 0, 0, 1, 0, 0, 0, 1, 0, 1, 1, 1, 1 ], 
  [ 1, 1, 1, 1, 1, 0, 0, 0, 1, 1, 1, 1 ] ]
CLASS q=2 n=6 order=6 size=186688851148800 M=
[ [ 1, 1, 1, 0, 0, 1, 1, 0, 0, 0, 0, 1 ], 
  [ 0, 1, 1, 1, 1, 1, 1, 1, 0, 1, 1, 0 ], 
  [ 1, 0, 0, 0, 1, 0, 1, 0, 1, 1, 0, 0 ], 
  [ 1, 1, 1, 0, 0, 0, 1, 1, 1, 0, 1, 1 ], 
  [ 1, 1, 0, 0, 0, 1, 0, 0, 1, 1, 0, 1 ], 
  [ 0, 1, 0, 1, 1, 1, 0, 0, 1, 1, 1, 0 ], 
  [ 1, 0, 0, 1, 1, 1, 0, 1, 0, 0, 0, 1 ], 
  [ 0, 0, 1, 1, 1, 1, 1, 1, 1, 1, 1, 1 ], 
  [ 1, 0, 0, 1, 0, 1, 0, 1, 0, 0, 1, 0 ], 
  [ 1, 1, 0, 0, 0, 1, 1, 1, 1, 0, 1, 1 ], 
  [ 1, 0, 0, 1, 1, 1, 1, 0, 1, 0, 1, 0 ], 
  [ 0, 1, 1, 0, 0, 1, 1, 1, 1, 0, 0, 1 ] ]
CLASS q=2 n=6 order=10 size=282273542936985600 M=
[ [ 1, 1, 0, 1, 1, 1, 1, 1, 0, 0, 1, 1 ], 
  [ 0, 1, 0, 0, 0, 1, 1, 0, 0, 1, 0, 0 ], 
  [ 1, 0, 0, 1, 1, 1, 1, 1, 1, 1, 0, 1 ], 
  [ 0, 0, 1, 0, 1, 0, 1, 0, 1, 1, 0, 1 ], 
  [ 1, 1, 1, 1, 1, 1, 0, 0, 0, 0, 0, 1 ], 
  [ 0, 1, 1, 0, 1, 1, 1, 0, 1, 1, 1, 0 ], 
  [ 0, 1, 0, 1, 0, 0, 0, 1, 1, 1, 0, 0 ], 
  [ 0, 0, 0, 1, 0, 1, 1, 0, 0, 0, 0, 0 ], 
  [ 1, 0, 0, 1, 1, 1, 0, 1, 1, 0, 0, 0 ], 
  [ 1, 1, 1, 0, 0, 1, 0, 1, 0, 0, 0, 1 ], 
  [ 1, 0, 1, 1, 1, 0, 1, 0, 0, 1, 0, 0 ], 
  [ 1, 0, 0, 0, 0, 0, 0, 0, 1, 0, 1, 0 ] ]
CLASS q=2 n=6 order=15 size=3211645644083036160 M=
[ [ 1, 0, 1, 0, 1, 0, 1, 1, 1, 0, 0, 1 ], 
  [ 0, 1, 1, 0, 1, 0, 1, 1, 1, 0, 0, 1 ], 
  [ 1, 1, 0, 0, 0, 0, 1, 0, 1, 1, 1, 1 ], 
  [ 1, 1, 1, 0, 0, 0, 0, 0, 0, 1, 0, 0 ], 
  [ 0, 0, 1, 0, 1, 1, 0, 1, 0, 1, 1, 1 ], 
  [ 0, 0, 1, 0, 1, 1, 1, 0, 0, 0, 0, 0 ], 
  [ 1, 1, 1, 1, 0, 0, 0, 1, 1, 0, 1, 1 ], 
  [ 1, 1, 0, 0, 1, 1, 1, 0, 0, 1, 0, 1 ], 
  [ 0, 0, 0, 1, 0, 0, 1, 1, 1, 1, 0, 1 ], 
  [ 1, 1, 0, 0, 1, 0, 1, 1, 0, 1, 0, 0 ], 
  [ 1, 1, 0, 1, 1, 1, 1, 1, 1, 1, 0, 1 ], 
  [ 0, 0, 1, 0, 0, 1, 0, 1, 0, 0, 0, 1 ] ]
CLASS q=2 n=6 order=30 size=144524053983736627200 M=
[ [ 0, 0, 1, 1, 0, 0, 0, 0, 1, 1, 0, 1 ], 
  [ 1, 0, 1, 0, 1, 0, 0, 1, 1, 0, 1, 0 ], 
  [ 0, 1, 1, 1, 0, 0, 1, 1, 1, 0, 1, 1 ], 
  [ 0, 0, 1, 1, 1, 0, 0, 0, 0, 0, 0, 1 ], 
  [ 1, 1, 1, 1, 1, 0, 0, 1, 1, 1, 0, 1 ], 
  [ 0, 1, 0, 0, 0, 1, 1, 1, 0, 1, 1, 0 ], 
  [ 1, 0, 1, 0, 0, 0, 1, 1, 1, 1, 1, 0 ], 
  [ 1, 1, 1, 0, 0, 1, 1, 0, 0, 1, 0, 0 ], 
  [ 0, 1, 1, 1, 0, 0, 1, 0, 0, 0, 0, 1 ], 
  [ 1, 1, 0, 0, 0, 0, 0, 0, 0, 0, 0, 1 ], 
  [ 0, 1, 0, 0, 0, 1, 0, 1, 0, 1, 1, 1 ], 
  [ 0, 1, 0, 1, 0, 0, 1, 0, 0, 0, 1, 1 ] ]
CLASS q=2 n=6 order=2 size=4095 M=[ [ 1, 1, 0, 1, 1, 0, 0, 1, 0, 1, 1, 1 ], 
  [ 0, 1, 0, 0, 0, 0, 0, 0, 0, 0, 0, 0 ], 
  [ 0, 1, 1, 1, 1, 0, 0, 1, 0, 1, 1, 1 ], 
  [ 0, 0, 0, 1, 0, 0, 0, 0, 0, 0, 0, 0 ], 
  [ 0, 0, 0, 0, 1, 0, 0, 0, 0, 0, 0, 0 ], 
  [ 0, 1, 0, 1, 1, 1, 0, 1, 0, 1, 1, 1 ], 
  [ 0, 1, 0, 1, 1, 0, 1, 1, 0, 1, 1, 1 ], 
  [ 0, 0, 0, 0, 0, 0, 0, 1, 0, 0, 0, 0 ], 
  [ 0, 1, 0, 1, 1, 0, 0, 1, 1, 1, 1, 1 ], 
  [ 0, 0, 0, 0, 0, 0, 0, 0, 0, 1, 0, 0 ], 
  [ 0, 1, 0, 1, 1, 0, 0, 1, 0, 1, 0, 1 ], 
  [ 0, 1, 0, 1, 1, 0, 0, 1, 0, 1, 1, 0 ] ]
CLASS q=2 n=6 order=3 size=221260860620800 M=
[ [ 1, 1, 0, 0, 0, 0, 1, 1, 1, 1, 1, 1 ], 
  [ 1, 0, 0, 0, 1, 0, 0, 1, 0, 0, 1, 0 ], 
  [ 1, 0, 0, 1, 1, 0, 1, 0, 1, 1, 1, 1 ], 
  [ 1, 0, 1, 0, 1, 0, 1, 0, 1, 1, 1, 1 ], 
  [ 1, 0, 0, 0, 1, 1, 0, 1, 1, 0, 0, 1 ], 
  [ 1, 0, 1, 1, 0, 0, 0, 0, 0, 0, 1, 0 ], 
  [ 1, 1, 1, 1, 0, 0, 0, 1, 1, 0, 1, 1 ], 
  [ 1, 1, 1, 1, 0, 1, 1, 0, 1, 1, 0, 1 ], 
  [ 0, 0, 0, 0, 1, 1, 1, 1, 1, 1, 0, 0 ], 
  [ 0, 1, 0, 0, 0, 1, 1, 1, 1, 1, 0, 1 ], 
  [ 0, 1, 0, 0, 0, 1, 1, 1, 1, 0, 1, 1 ], 
  [ 0, 0, 0, 0, 0, 0, 0, 1, 1, 0, 0, 0 ] ]
CLASS q=2 n=6 order=6 size=13939434219110400 M=
[ [ 0, 0, 0, 1, 1, 0, 1, 0, 1, 1, 1, 0 ], 
  [ 1, 1, 1, 1, 1, 1, 1, 1, 0, 0, 0, 0 ], 
  [ 0, 1, 0, 0, 0, 0, 1, 0, 0, 1, 1, 1 ], 
  [ 0, 0, 1, 0, 1, 0, 1, 1, 0, 0, 0, 0 ], 
  [ 0, 0, 0, 0, 0, 1, 1, 0, 1, 1, 0, 1 ], 
  [ 1, 1, 1, 0, 1, 1, 0, 1, 0, 0, 1, 1 ], 
  [ 1, 0, 0, 1, 1, 1, 0, 0, 1, 0, 0, 0 ], 
  [ 0, 1, 1, 1, 0, 0, 1, 0, 1, 1, 0, 1 ], 
  [ 0, 0, 1, 0, 1, 0, 1, 1, 1, 0, 1, 1 ], 
  [ 0, 1, 1, 1, 0, 1, 1, 1, 1, 1, 1, 1 ], 
  [ 0, 0, 1, 0, 1, 1, 1, 0, 1, 1, 1, 0 ], 
  [ 1, 0, 1, 0, 0, 0, 0, 0, 0, 1, 1, 0 ] ]
CLASS q=2 n=6 order=10 size=224026621378560 M=
[ [ 1, 1, 0, 0, 1, 1, 0, 1, 1, 0, 0, 0 ], 
  [ 0, 1, 0, 1, 0, 1, 0, 0, 1, 1, 1, 1 ], 
  [ 0, 1, 0, 1, 1, 1, 0, 1, 1, 1, 1, 0 ], 
  [ 0, 0, 1, 0, 0, 1, 1, 0, 0, 0, 1, 0 ], 
  [ 1, 1, 0, 1, 0, 1, 0, 0, 0, 1, 1, 1 ], 
  [ 0, 1, 0, 0, 1, 0, 0, 1, 1, 0, 0, 0 ], 
  [ 0, 1, 0, 1, 1, 0, 1, 1, 0, 1, 1, 1 ], 
  [ 1, 1, 0, 0, 1, 1, 1, 1, 1, 1, 0, 0 ], 
  [ 1, 0, 1, 1, 0, 0, 1, 1, 1, 0, 1, 0 ], 
  [ 0, 0, 0, 0, 0, 1, 1, 0, 0, 0, 0, 0 ], 
  [ 0, 1, 0, 0, 1, 0, 1, 1, 1, 1, 1, 0 ], 
  [ 0, 1, 1, 1, 1, 1, 0, 1, 1, 1, 1, 1 ] ]
CLASS q=2 n=6 order=15 size=10705485480276787200 M=
[ [ 0, 1, 0, 0, 0, 1, 0, 1, 1, 1, 0, 1 ], 
  [ 1, 1, 1, 1, 1, 0, 0, 1, 0, 1, 0, 0 ], 
  [ 1, 1, 1, 1, 0, 1, 1, 1, 0, 0, 0, 1 ], 
  [ 0, 0, 0, 1, 1, 0, 1, 1, 0, 1, 1, 0 ], 
  [ 1, 1, 1, 1, 1, 0, 0, 0, 0, 1, 1, 1 ], 
  [ 1, 0, 1, 1, 0, 0, 1, 0, 0, 0, 0, 0 ], 
  [ 1, 1, 0, 0, 0, 1, 0, 1, 1, 1, 1, 1 ], 
  [ 0, 1, 0, 1, 0, 0, 0, 0, 0, 0, 0, 0 ], 
  [ 1, 0, 1, 1, 1, 1, 0, 0, 0, 0, 0, 0 ], 
  [ 1, 0, 1, 0, 1, 1, 0, 1, 1, 1, 0, 0 ], 
  [ 1, 0, 1, 0, 1, 0, 1, 1, 1, 1, 1, 0 ], 
  [ 0, 0, 0, 1, 0, 1, 0, 1, 0, 0, 0, 0 ] ]
CLASS q=2 n=6 order=30 size=32116456440830361600 M=
[ [ 0, 1, 1, 0, 0, 0, 1, 0, 0, 1, 1, 0 ], 
  [ 0, 1, 1, 1, 0, 0, 0, 1, 1, 1, 0, 0 ], 
  [ 0, 0, 1, 1, 1, 1, 0, 1, 0, 0, 1, 0 ], 
  [ 1, 0, 1, 1, 1, 1, 1, 0, 0, 0, 0, 0 ], 
  [ 0, 1, 0, 0, 0, 0, 1, 1, 0, 1, 0, 1 ], 
  [ 0, 0, 0, 1, 0, 0, 0, 1, 1, 0, 1, 1 ], 
  [ 1, 0, 1, 0, 1, 0, 0, 0, 1, 1, 0, 0 ], 
  [ 1, 1, 0, 1, 0, 0, 1, 0, 0, 1, 0, 0 ], 
  [ 1, 0, 0, 0, 1, 1, 0, 0, 1, 0, 0, 0 ], 
  [ 0, 1, 0, 1, 0, 1, 0, 1, 0, 1, 1, 0 ], 
  [ 1, 1, 1, 1, 0, 1, 0, 0, 1, 0, 0, 1 ], 
  [ 1, 0, 1, 0, 0, 1, 1, 0, 0, 1, 0, 1 ] ]
CLASS q=2 n=6 order=6 size=125454907971993600 M=
[ [ 0, 1, 1, 0, 1, 1, 0, 1, 0, 1, 0, 1 ], 
  [ 1, 1, 1, 1, 1, 1, 1, 1, 0, 0, 0, 0 ], 
  [ 0, 0, 0, 0, 1, 0, 1, 0, 1, 0, 1, 0 ], 
  [ 0, 1, 1, 0, 0, 0, 1, 1, 1, 1, 0, 1 ], 
  [ 0, 0, 0, 0, 1, 0, 0, 1, 1, 0, 0, 1 ], 
  [ 1, 1, 0, 1, 0, 1, 1, 1, 1, 0, 1, 0 ], 
  [ 1, 0, 0, 1, 0, 0, 1, 1, 1, 1, 0, 0 ], 
  [ 0, 0, 1, 1, 1, 1, 1, 1, 1, 1, 1, 1 ], 
  [ 0, 1, 0, 1, 0, 0, 1, 1, 0, 1, 0, 0 ], 
  [ 0, 1, 0, 0, 0, 0, 1, 0, 0, 0, 1, 0 ], 
  [ 0, 0, 0, 1, 1, 0, 1, 1, 0, 0, 1, 1 ], 
  [ 1, 0, 1, 0, 1, 0, 1, 0, 1, 1, 0, 1 ] ]
CLASS q=2 n=6 order=2 size=1396395 M=
[ [ 1, 0, 0, 0, 0, 1, 0, 1, 1, 1, 1, 1 ], 
  [ 0, 1, 0, 0, 0, 0, 0, 0, 0, 0, 0, 0 ], 
  [ 0, 0, 1, 0, 0, 0, 0, 0, 0, 0, 0, 0 ], 
  [ 0, 0, 0, 1, 0, 0, 0, 0, 0, 0, 0, 0 ], 
  [ 0, 1, 0, 0, 0, 0, 0, 0, 1, 1, 0, 1 ], 
  [ 0, 0, 0, 0, 0, 0, 0, 1, 1, 1, 1, 1 ], 
  [ 0, 1, 0, 0, 1, 0, 1, 0, 1, 1, 0, 1 ], 
  [ 0, 0, 0, 0, 0, 0, 0, 1, 0, 0, 0, 0 ], 
  [ 0, 1, 0, 0, 1, 1, 0, 1, 1, 0, 1, 0 ], 
  [ 0, 1, 0, 0, 1, 1, 0, 1, 0, 1, 1, 0 ], 
  [ 0, 1, 0, 0, 1, 1, 0, 1, 0, 0, 0, 0 ], 
  [ 0, 1, 0, 0, 1, 0, 0, 0, 1, 1, 0, 0 ] ]
CLASS q=2 n=6 order=6 size=69697171095552000 M=
[ [ 0, 1, 1, 0, 0, 0, 1, 0, 0, 0, 1, 0 ], 
  [ 0, 0, 1, 0, 1, 0, 0, 0, 1, 0, 1, 1 ], 
  [ 1, 1, 0, 0, 0, 0, 0, 0, 0, 0, 1, 1 ], 
  [ 1, 0, 1, 1, 1, 1, 0, 1, 1, 0, 1, 1 ], 
  [ 0, 1, 1, 0, 1, 1, 1, 0, 0, 0, 1, 0 ], 
  [ 0, 1, 0, 1, 1, 0, 0, 1, 0, 0, 1, 0 ], 
  [ 1, 0, 1, 1, 0, 0, 1, 1, 1, 0, 0, 1 ], 
  [ 0, 1, 0, 1, 0, 0, 1, 0, 0, 0, 0, 1 ], 
  [ 1, 1, 1, 1, 1, 1, 1, 0, 1, 0, 0, 0 ], 
  [ 1, 0, 0, 1, 0, 0, 0, 1, 0, 0, 0, 1 ], 
  [ 0, 0, 0, 0, 0, 0, 0, 0, 1, 0, 0, 0 ], 
  [ 0, 1, 1, 0, 0, 0, 0, 1, 1, 1, 0, 1 ] ]
CLASS q=2 n=6 order=2 size=5982156180 M=
[ [ 1, 0, 0, 0, 0, 1, 1, 1, 1, 1, 1, 0 ], 
  [ 0, 1, 0, 0, 0, 1, 1, 1, 1, 1, 1, 0 ], 
  [ 0, 0, 1, 0, 0, 0, 1, 0, 0, 0, 0, 1 ], 
  [ 0, 0, 0, 1, 0, 0, 0, 0, 0, 0, 0, 0 ], 
  [ 1, 1, 0, 0, 1, 0, 0, 1, 1, 1, 1, 1 ], 
  [ 0, 0, 0, 0, 0, 1, 0, 0, 0, 0, 0, 0 ], 
  [ 1, 1, 0, 0, 0, 1, 1, 0, 0, 0, 0, 0 ], 
  [ 1, 1, 0, 1, 0, 0, 0, 1, 0, 1, 0, 1 ], 
  [ 1, 1, 0, 0, 0, 1, 1, 0, 1, 0, 0, 1 ], 
  [ 1, 1, 0, 0, 0, 1, 0, 0, 0, 1, 0, 0 ], 
  [ 0, 0, 0, 1, 0, 1, 1, 0, 0, 1, 1, 0 ], 
  [ 1, 1, 0, 0, 0, 1, 0, 0, 0, 0, 0, 1 ] ]
CLASS q=2 n=6 order=4 size=1653946540646400 M=
[ [ 0, 1, 1, 0, 0, 1, 1, 0, 1, 1, 0, 1 ], 
  [ 1, 0, 1, 1, 0, 0, 0, 0, 1, 0, 0, 1 ], 
  [ 1, 0, 0, 1, 1, 0, 1, 0, 0, 1, 0, 1 ], 
  [ 1, 1, 0, 0, 0, 1, 0, 1, 1, 0, 1, 0 ], 
  [ 1, 0, 1, 0, 0, 0, 1, 1, 1, 0, 1, 0 ], 
  [ 0, 0, 0, 1, 0, 0, 1, 0, 0, 1, 0, 0 ], 
  [ 1, 1, 1, 0, 0, 0, 0, 1, 0, 1, 1, 1 ], 
  [ 1, 0, 0, 0, 1, 1, 1, 0, 0, 1, 1, 0 ], 
  [ 1, 0, 0, 1, 1, 1, 0, 1, 1, 0, 1, 0 ], 
  [ 0, 0, 1, 0, 0, 0, 0, 0, 1, 1, 0, 1 ], 
  [ 1, 1, 0, 0, 0, 1, 1, 1, 1, 1, 0, 0 ], 
  [ 1, 1, 1, 0, 0, 0, 1, 1, 0, 1, 1, 0 ] ]
CLASS q=2 n=6 order=6 size=627274539859968000 M=
[ [ 1, 0, 1, 1, 0, 0, 0, 0, 0, 1, 1, 0 ], 
  [ 1, 1, 1, 1, 1, 1, 1, 1, 0, 0, 0, 0 ], 
  [ 0, 0, 0, 1, 0, 0, 1, 0, 0, 1, 1, 1 ], 
  [ 1, 0, 1, 1, 1, 1, 0, 1, 1, 0, 1, 1 ], 
  [ 0, 0, 1, 1, 0, 0, 0, 0, 1, 0, 1, 1 ], 
  [ 0, 1, 0, 1, 1, 1, 0, 0, 1, 1, 0, 1 ], 
  [ 1, 1, 1, 0, 1, 0, 0, 0, 1, 1, 1, 1 ], 
  [ 0, 1, 0, 1, 0, 1, 0, 1, 1, 1, 1, 1 ], 
  [ 0, 1, 1, 1, 0, 0, 1, 0, 0, 1, 0, 1 ], 
  [ 1, 1, 0, 0, 1, 1, 1, 1, 1, 0, 0, 0 ], 
  [ 1, 0, 0, 0, 1, 0, 1, 1, 1, 0, 1, 1 ], 
  [ 0, 0, 1, 1, 1, 0, 1, 0, 1, 0, 1, 1 ] ]
CLASS q=2 n=6 order=12 size=135491300609753088000 M=
[ [ 0, 0, 0, 1, 0, 1, 1, 1, 0, 0, 0, 1 ], 
  [ 1, 0, 1, 1, 1, 1, 0, 0, 1, 0, 1, 1 ], 
  [ 0, 0, 1, 1, 1, 1, 1, 0, 0, 0, 1, 1 ], 
  [ 0, 0, 1, 1, 0, 1, 1, 1, 0, 0, 1, 0 ], 
  [ 0, 0, 1, 0, 0, 0, 1, 1, 1, 1, 1, 1 ], 
  [ 0, 1, 1, 0, 1, 0, 0, 0, 0, 1, 0, 0 ], 
  [ 0, 1, 1, 0, 0, 0, 1, 1, 0, 0, 1, 1 ], 
  [ 0, 0, 1, 1, 1, 0, 1, 0, 1, 0, 1, 0 ], 
  [ 1, 0, 0, 1, 1, 0, 0, 1, 0, 1, 0, 1 ], 
  [ 1, 1, 1, 1, 1, 1, 0, 1, 1, 0, 1, 0 ], 
  [ 1, 0, 0, 0, 0, 1, 0, 1, 0, 1, 1, 1 ], 
  [ 1, 0, 1, 1, 0, 1, 1, 0, 1, 0, 0, 1 ] ]
CLASS q=2 n=6 order=4 size=91156665600 M=
[ [ 1, 0, 0, 1, 0, 1, 0, 0, 0, 1, 0, 1 ], 
  [ 0, 1, 0, 0, 0, 1, 0, 1, 1, 1, 1, 1 ], 
  [ 0, 1, 1, 1, 1, 0, 0, 1, 0, 1, 1, 1 ], 
  [ 0, 0, 0, 1, 0, 1, 0, 1, 1, 1, 1, 1 ], 
  [ 1, 1, 1, 1, 1, 1, 0, 0, 1, 0, 0, 1 ], 
  [ 0, 0, 0, 1, 0, 1, 0, 1, 1, 0, 1, 0 ], 
  [ 1, 0, 1, 0, 1, 1, 1, 1, 1, 1, 1, 0 ], 
  [ 0, 0, 0, 0, 0, 0, 0, 1, 0, 0, 0, 0 ], 
  [ 1, 1, 1, 0, 0, 0, 0, 0, 0, 1, 0, 0 ], 
  [ 1, 0, 1, 1, 1, 0, 0, 1, 1, 1, 1, 1 ], 
  [ 1, 1, 1, 0, 0, 1, 0, 1, 0, 0, 0, 1 ], 
  [ 1, 0, 1, 0, 1, 1, 0, 1, 1, 1, 1, 1 ] ]
CLASS q=2 n=6 order=8 size=44105241083904000 M=
[ [ 0, 1, 1, 0, 0, 1, 1, 1, 0, 0, 1, 0 ], 
  [ 1, 0, 1, 0, 0, 0, 1, 0, 1, 1, 0, 1 ], 
  [ 1, 0, 0, 1, 0, 0, 0, 1, 0, 0, 0, 1 ], 
  [ 1, 1, 1, 1, 0, 1, 0, 1, 0, 0, 1, 1 ], 
  [ 1, 0, 0, 0, 0, 1, 0, 0, 1, 1, 0, 1 ], 
  [ 0, 0, 0, 1, 0, 0, 0, 0, 0, 1, 0, 1 ], 
  [ 0, 0, 1, 1, 1, 0, 0, 0, 0, 0, 1, 0 ], 
  [ 1, 1, 0, 0, 0, 0, 0, 0, 1, 1, 1, 1 ], 
  [ 0, 1, 1, 0, 1, 0, 1, 1, 0, 1, 1, 1 ], 
  [ 1, 1, 0, 0, 1, 0, 1, 1, 0, 0, 0, 0 ], 
  [ 0, 1, 0, 0, 1, 1, 1, 1, 0, 0, 0, 1 ], 
  [ 0, 0, 1, 0, 1, 0, 1, 1, 1, 0, 0, 1 ] ]
CLASS q=2 n=6 order=12 size=836366053146624000 M=
[ [ 0, 1, 0, 0, 1, 1, 1, 1, 1, 1, 0, 0 ], 
  [ 0, 0, 1, 1, 0, 1, 0, 0, 0, 0, 1, 1 ], 
  [ 0, 1, 1, 1, 0, 1, 1, 1, 0, 1, 0, 0 ], 
  [ 1, 1, 1, 0, 0, 0, 0, 0, 1, 0, 0, 1 ], 
  [ 1, 0, 0, 0, 1, 0, 0, 1, 1, 0, 1, 0 ], 
  [ 1, 0, 1, 1, 1, 0, 0, 0, 0, 0, 0, 1 ], 
  [ 1, 1, 0, 1, 1, 0, 0, 0, 1, 1, 0, 0 ], 
  [ 0, 1, 0, 0, 0, 1, 1, 1, 0, 1, 0, 0 ], 
  [ 1, 0, 1, 1, 1, 1, 0, 0, 0, 1, 1, 0 ], 
  [ 0, 1, 0, 0, 0, 0, 0, 1, 1, 0, 1, 1 ], 
  [ 0, 0, 0, 0, 1, 0, 1, 0, 0, 0, 0, 1 ], 
  [ 0, 0, 0, 0, 1, 1, 0, 1, 0, 1, 1, 0 ] ]
CLASS q=2 n=6 order=24 size=180655067479670784000 M=
[ [ 0, 1, 0, 1, 0, 1, 0, 1, 0, 1, 0, 1 ], 
  [ 0, 0, 0, 0, 1, 1, 1, 0, 0, 1, 1, 0 ], 
  [ 0, 0, 0, 1, 1, 1, 0, 1, 0, 0, 1, 1 ], 
  [ 0, 1, 0, 0, 1, 1, 0, 0, 1, 1, 0, 1 ], 
  [ 1, 0, 0, 0, 1, 1, 0, 0, 1, 1, 1, 1 ], 
  [ 0, 1, 0, 1, 1, 0, 0, 1, 0, 0, 1, 0 ], 
  [ 0, 1, 0, 1, 1, 0, 1, 1, 1, 1, 1, 1 ], 
  [ 0, 1, 0, 0, 0, 1, 0, 0, 0, 1, 0, 1 ], 
  [ 0, 0, 1, 0, 1, 0, 1, 1, 0, 0, 1, 0 ], 
  [ 1, 0, 0, 0, 1, 0, 0, 0, 0, 0, 0, 1 ], 
  [ 0, 0, 1, 1, 0, 0, 1, 0, 0, 0, 0, 0 ], 
  [ 1, 0, 0, 1, 1, 0, 0, 0, 0, 0, 0, 1 ] ]
CLASS q=2 n=6 order=3 size=2795520 M=
[ [ 1, 0, 0, 0, 0, 0, 0, 0, 0, 0, 0, 0 ], 
  [ 1, 1, 1, 0, 1, 0, 1, 0, 0, 1, 0, 1 ], 
  [ 0, 0, 1, 0, 0, 0, 0, 0, 0, 0, 0, 0 ], 
  [ 0, 0, 1, 1, 0, 1, 0, 1, 0, 0, 1, 1 ], 
  [ 1, 0, 0, 0, 0, 1, 1, 1, 0, 1, 1, 0 ], 
  [ 1, 0, 1, 0, 1, 1, 1, 0, 0, 1, 0, 1 ], 
  [ 1, 0, 0, 0, 1, 1, 0, 1, 0, 1, 1, 0 ], 
  [ 1, 0, 1, 0, 1, 0, 1, 1, 0, 1, 0, 1 ], 
  [ 1, 0, 1, 0, 1, 0, 1, 0, 1, 1, 0, 1 ], 
  [ 0, 0, 0, 0, 0, 0, 0, 0, 0, 1, 0, 0 ], 
  [ 0, 0, 1, 0, 0, 1, 0, 1, 0, 0, 0, 1 ], 
  [ 1, 0, 0, 0, 1, 1, 1, 1, 0, 1, 1, 1 ] ]
CLASS q=2 n=6 order=6 size=243084441600 M=
[ [ 1, 0, 0, 0, 0, 0, 0, 0, 0, 0, 0, 0 ], 
  [ 1, 1, 0, 0, 1, 1, 1, 1, 0, 1, 1, 0 ], 
  [ 0, 0, 1, 0, 0, 1, 0, 1, 1, 1, 1, 1 ], 
  [ 1, 0, 1, 1, 1, 0, 1, 0, 0, 1, 0, 1 ], 
  [ 0, 0, 1, 1, 1, 1, 0, 0, 1, 0, 0, 1 ], 
  [ 1, 0, 0, 0, 1, 0, 1, 1, 0, 1, 1, 0 ], 
  [ 0, 0, 1, 1, 0, 0, 1, 1, 0, 1, 1, 0 ], 
  [ 1, 0, 0, 0, 1, 1, 1, 0, 0, 1, 1, 0 ], 
  [ 1, 0, 0, 1, 1, 1, 1, 0, 0, 1, 0, 0 ], 
  [ 0, 0, 0, 1, 0, 1, 0, 0, 0, 0, 0, 1 ], 
  [ 1, 0, 1, 1, 1, 0, 1, 1, 1, 1, 0, 1 ], 
  [ 0, 0, 1, 1, 0, 0, 0, 1, 0, 1, 1, 1 ] ]
CLASS q=2 n=6 order=12 size=980116468531200 M=
[ [ 1, 0, 0, 1, 0, 1, 0, 0, 0, 1, 0, 1 ], 
  [ 1, 1, 1, 0, 1, 1, 1, 1, 1, 0, 1, 0 ], 
  [ 0, 1, 1, 1, 1, 0, 0, 1, 0, 1, 1, 1 ], 
  [ 0, 0, 1, 1, 0, 0, 0, 0, 1, 1, 0, 0 ], 
  [ 0, 1, 1, 1, 0, 0, 1, 1, 1, 1, 1, 1 ], 
  [ 1, 0, 1, 1, 1, 1, 1, 1, 1, 1, 1, 1 ], 
  [ 0, 0, 1, 0, 0, 0, 0, 0, 1, 0, 0, 0 ], 
  [ 1, 0, 1, 0, 1, 0, 1, 1, 0, 1, 0, 1 ], 
  [ 0, 1, 0, 0, 1, 0, 1, 0, 0, 0, 0, 1 ], 
  [ 1, 0, 1, 1, 1, 0, 0, 1, 1, 1, 1, 1 ], 
  [ 1, 1, 0, 0, 0, 0, 0, 0, 0, 0, 1, 0 ], 
  [ 0, 0, 1, 0, 0, 0, 1, 0, 1, 0, 0, 1 ] ]
CLASS q=2 n=6 order=24 size=5645470858739712000 M=
[ [ 0, 1, 1, 0, 0, 1, 1, 1, 0, 0, 1, 0 ], 
  [ 0, 0, 1, 0, 1, 1, 0, 1, 1, 0, 1, 1 ], 
  [ 1, 0, 0, 1, 0, 0, 0, 1, 0, 0, 0, 1 ], 
  [ 0, 1, 0, 1, 1, 1, 1, 1, 0, 1, 1, 0 ], 
  [ 1, 0, 1, 0, 0, 0, 0, 1, 1, 1, 1, 0 ], 
  [ 1, 0, 0, 1, 1, 1, 1, 1, 0, 0, 1, 1 ], 
  [ 0, 0, 0, 1, 1, 1, 0, 1, 0, 0, 0, 1 ], 
  [ 0, 1, 0, 0, 1, 1, 1, 1, 1, 0, 0, 1 ], 
  [ 1, 1, 1, 0, 0, 1, 0, 0, 0, 0, 0, 1 ], 
  [ 1, 1, 0, 0, 1, 0, 1, 1, 0, 0, 0, 0 ], 
  [ 1, 1, 1, 0, 0, 1, 0, 1, 0, 1, 0, 0 ], 
  [ 0, 0, 0, 0, 1, 1, 1, 0, 1, 0, 1, 0 ] ]
CLASS q=2 n=6 order=2 size=89732342700 M=
[ [ 1, 0, 0, 1, 0, 0, 0, 1, 1, 0, 1, 0 ], 
  [ 0, 1, 0, 1, 0, 0, 0, 1, 1, 0, 1, 0 ], 
  [ 1, 1, 0, 1, 1, 0, 0, 0, 0, 1, 0, 0 ], 
  [ 0, 0, 0, 0, 0, 0, 0, 1, 1, 0, 1, 0 ], 
  [ 0, 0, 0, 0, 1, 0, 1, 0, 0, 0, 0, 1 ], 
  [ 0, 0, 0, 1, 0, 1, 0, 1, 1, 0, 1, 0 ], 
  [ 1, 1, 1, 0, 1, 0, 0, 1, 1, 1, 1, 1 ], 
  [ 0, 0, 0, 0, 0, 1, 0, 0, 1, 1, 1, 1 ], 
  [ 0, 0, 0, 1, 0, 0, 1, 1, 0, 0, 1, 1 ], 
  [ 1, 1, 1, 0, 1, 0, 1, 1, 1, 0, 1, 1 ], 
  [ 0, 0, 0, 0, 0, 1, 1, 1, 1, 1, 0, 0 ], 
  [ 1, 1, 1, 0, 1, 0, 1, 1, 1, 1, 1, 0 ] ]
CLASS q=2 n=6 order=4 size=2205262054195200 M=
[ [ 1, 0, 0, 1, 0, 0, 1, 1, 1, 0, 1, 1 ], 
  [ 0, 1, 0, 1, 0, 0, 1, 1, 1, 0, 1, 1 ], 
  [ 0, 0, 1, 1, 1, 1, 0, 1, 1, 0, 0, 0 ], 
  [ 0, 0, 0, 0, 0, 1, 1, 0, 0, 1, 0, 0 ], 
  [ 0, 0, 1, 0, 0, 0, 1, 0, 0, 0, 0, 0 ], 
  [ 0, 0, 0, 0, 0, 0, 1, 1, 1, 1, 1, 0 ], 
  [ 0, 0, 1, 1, 0, 1, 1, 1, 1, 0, 0, 1 ], 
  [ 1, 1, 1, 0, 1, 0, 1, 0, 1, 1, 1, 1 ], 
  [ 0, 0, 1, 0, 1, 0, 0, 0, 1, 0, 0, 1 ], 
  [ 0, 0, 1, 1, 0, 1, 0, 1, 1, 1, 0, 1 ], 
  [ 1, 1, 0, 1, 0, 1, 0, 1, 1, 0, 0, 0 ], 
  [ 0, 0, 1, 0, 0, 1, 0, 0, 0, 0, 1, 0 ] ]
CLASS q=2 n=6 order=4 size=22052620541952000 M=
[ [ 1, 0, 0, 1, 0, 1, 0, 0, 0, 1, 0, 1 ], 
  [ 0, 1, 1, 0, 0, 0, 1, 0, 1, 0, 0, 0 ], 
  [ 1, 0, 1, 1, 1, 0, 1, 1, 1, 1, 1, 0 ], 
  [ 1, 0, 0, 0, 1, 0, 0, 1, 0, 0, 1, 0 ], 
  [ 0, 1, 0, 1, 1, 0, 0, 0, 0, 1, 0, 1 ], 
  [ 0, 0, 1, 0, 0, 1, 0, 0, 1, 0, 0, 1 ], 
  [ 1, 1, 0, 1, 1, 1, 0, 1, 1, 1, 1, 0 ], 
  [ 1, 0, 0, 0, 0, 1, 0, 0, 1, 1, 1, 1 ], 
  [ 0, 1, 0, 1, 0, 1, 0, 1, 0, 0, 1, 0 ], 
  [ 0, 1, 1, 1, 0, 1, 1, 1, 1, 0, 1, 1 ], 
  [ 0, 1, 0, 0, 1, 0, 0, 1, 0, 1, 0, 1 ], 
  [ 1, 1, 0, 1, 1, 1, 1, 1, 1, 1, 1, 1 ] ]
CLASS q=2 n=6 order=6 size=15681863496499200 M=
[ [ 1, 0, 1, 0, 0, 1, 1, 1, 0, 1, 1, 1 ], 
  [ 1, 0, 0, 1, 0, 0, 1, 1, 1, 1, 1, 0 ], 
  [ 0, 0, 1, 0, 1, 0, 1, 1, 0, 1, 1, 0 ], 
  [ 1, 0, 1, 1, 1, 0, 1, 0, 0, 1, 0, 1 ], 
  [ 0, 1, 0, 1, 0, 1, 0, 0, 1, 1, 0, 1 ], 
  [ 1, 1, 1, 0, 0, 0, 0, 1, 0, 0, 1, 1 ], 
  [ 0, 1, 0, 0, 0, 1, 0, 0, 0, 0, 0, 1 ], 
  [ 1, 1, 0, 1, 0, 1, 0, 1, 0, 1, 0, 1 ], 
  [ 1, 1, 0, 1, 0, 0, 1, 1, 0, 0, 1, 1 ], 
  [ 0, 0, 0, 0, 1, 0, 0, 1, 0, 0, 1, 1 ], 
  [ 1, 0, 1, 0, 1, 1, 0, 1, 1, 0, 0, 1 ], 
  [ 0, 1, 0, 0, 0, 1, 1, 0, 0, 0, 0, 0 ] ]
CLASS q=2 n=6 order=12 size=45163766869917696000 M=
[ [ 0, 0, 0, 1, 1, 0, 1, 1, 0, 0, 1, 1 ], 
  [ 0, 1, 1, 0, 0, 0, 0, 0, 1, 1, 0, 0 ], 
  [ 1, 0, 1, 0, 0, 0, 0, 1, 0, 1, 1, 1 ], 
  [ 1, 1, 0, 1, 0, 1, 1, 1, 1, 1, 1, 0 ], 
  [ 1, 0, 0, 0, 1, 0, 0, 1, 1, 0, 1, 0 ], 
  [ 1, 0, 1, 1, 1, 0, 0, 0, 0, 0, 0, 1 ], 
  [ 0, 0, 0, 0, 0, 1, 1, 1, 0, 0, 1, 0 ], 
  [ 1, 1, 1, 1, 1, 0, 1, 0, 1, 1, 1, 1 ], 
  [ 0, 0, 1, 1, 1, 1, 0, 1, 0, 1, 1, 0 ], 
  [ 0, 1, 1, 0, 1, 1, 1, 1, 0, 0, 1, 1 ], 
  [ 0, 0, 0, 0, 0, 0, 0, 1, 1, 1, 0, 1 ], 
  [ 0, 0, 0, 0, 0, 1, 0, 1, 0, 0, 1, 1 ] ]
CLASS q=2 n=6 order=2 size=4189185 M=
[ [ 1, 0, 0, 0, 0, 0, 0, 0, 0, 0, 0, 0 ], 
  [ 0, 1, 0, 0, 0, 0, 0, 0, 0, 0, 0, 0 ], 
  [ 0, 0, 1, 0, 0, 0, 1, 0, 0, 0, 0, 1 ], 
  [ 0, 0, 0, 1, 0, 0, 0, 0, 0, 0, 0, 0 ], 
  [ 0, 0, 0, 0, 1, 0, 0, 0, 0, 0, 0, 0 ], 
  [ 0, 0, 0, 0, 0, 1, 0, 0, 0, 0, 0, 0 ], 
  [ 0, 0, 0, 0, 0, 0, 0, 0, 0, 0, 0, 1 ], 
  [ 0, 0, 0, 1, 0, 0, 1, 0, 1, 0, 1, 1 ], 
  [ 0, 0, 0, 0, 0, 0, 0, 0, 1, 0, 0, 0 ], 
  [ 0, 0, 0, 0, 0, 0, 1, 0, 0, 1, 0, 1 ], 
  [ 0, 0, 0, 1, 0, 0, 1, 1, 1, 0, 0, 1 ], 
  [ 0, 0, 0, 0, 0, 0, 1, 0, 0, 0, 0, 0 ] ]
CLASS q=2 n=6 order=4 size=11485739865600 M=
[ [ 1, 0, 1, 1, 0, 1, 0, 0, 0, 0, 0, 1 ], 
  [ 0, 1, 1, 1, 0, 1, 1, 0, 0, 0, 0, 0 ], 
  [ 1, 1, 1, 1, 1, 0, 0, 0, 0, 0, 0, 0 ], 
  [ 1, 1, 0, 1, 1, 0, 1, 1, 1, 0, 1, 1 ], 
  [ 1, 1, 0, 0, 0, 0, 1, 1, 1, 0, 1, 1 ], 
  [ 0, 0, 1, 1, 0, 0, 0, 0, 0, 0, 0, 1 ], 
  [ 0, 0, 1, 0, 0, 1, 0, 1, 1, 0, 1, 0 ], 
  [ 1, 0, 1, 1, 0, 1, 1, 1, 1, 1, 0, 0 ], 
  [ 0, 0, 0, 0, 0, 0, 1, 0, 1, 0, 0, 1 ], 
  [ 0, 0, 1, 0, 0, 1, 0, 1, 1, 1, 1, 1 ], 
  [ 0, 1, 1, 1, 1, 1, 0, 1, 0, 1, 0, 1 ], 
  [ 0, 0, 1, 0, 0, 1, 1, 1, 1, 0, 1, 1 ] ]
CLASS q=2 n=6 order=4 size=86143048992000 M=
[ [ 1, 0, 1, 1, 0, 1, 1, 0, 0, 0, 0, 0 ], 
  [ 0, 1, 1, 1, 1, 1, 0, 1, 1, 1, 1, 0 ], 
  [ 0, 1, 1, 1, 1, 1, 1, 0, 0, 0, 0, 1 ], 
  [ 0, 1, 1, 1, 1, 0, 1, 0, 0, 0, 0, 0 ], 
  [ 0, 1, 1, 0, 1, 0, 1, 1, 1, 1, 1, 1 ], 
  [ 1, 0, 1, 1, 0, 1, 1, 0, 1, 1, 0, 1 ], 
  [ 1, 0, 0, 0, 0, 1, 0, 0, 1, 1, 0, 0 ], 
  [ 1, 1, 0, 0, 1, 1, 0, 0, 1, 0, 1, 0 ], 
  [ 1, 0, 1, 1, 1, 0, 1, 1, 1, 0, 1, 0 ], 
  [ 1, 0, 1, 1, 1, 0, 0, 1, 0, 1, 1, 1 ], 
  [ 0, 0, 0, 1, 1, 1, 0, 0, 1, 0, 1, 0 ], 
  [ 1, 0, 0, 0, 0, 1, 1, 0, 1, 1, 0, 1 ] ]
CLASS q=2 n=6 order=4 size=28714349664000 M=
[ [ 1, 0, 1, 1, 0, 1, 1, 0, 0, 0, 0, 0 ], 
  [ 1, 1, 0, 0, 1, 1, 0, 1, 0, 0, 1, 0 ], 
  [ 1, 1, 1, 1, 1, 0, 0, 0, 1, 1, 0, 1 ], 
  [ 1, 1, 1, 1, 1, 1, 0, 0, 1, 1, 0, 0 ], 
  [ 0, 1, 0, 1, 1, 1, 0, 1, 1, 1, 1, 1 ], 
  [ 1, 0, 1, 1, 0, 1, 1, 0, 1, 1, 0, 1 ], 
  [ 1, 0, 0, 0, 0, 1, 0, 0, 1, 1, 0, 0 ], 
  [ 1, 1, 1, 1, 1, 0, 1, 0, 1, 0, 1, 0 ], 
  [ 0, 0, 0, 0, 1, 0, 1, 1, 0, 1, 1, 0 ], 
  [ 0, 0, 0, 0, 1, 0, 0, 1, 1, 0, 1, 1 ], 
  [ 0, 0, 0, 1, 1, 1, 0, 0, 1, 0, 1, 0 ], 
  [ 1, 0, 0, 0, 0, 1, 1, 0, 1, 1, 0, 1 ] ]
CLASS q=2 n=6 order=8 size=352841928671232000 M=
[ [ 1, 0, 0, 1, 1, 1, 1, 0, 1, 0, 0, 1 ], 
  [ 0, 1, 1, 0, 1, 1, 0, 0, 1, 0, 1, 1 ], 
  [ 1, 0, 0, 0, 1, 1, 0, 0, 0, 1, 1, 1 ], 
  [ 1, 1, 1, 0, 1, 0, 0, 1, 1, 0, 0, 0 ], 
  [ 0, 0, 0, 0, 1, 1, 1, 0, 0, 0, 0, 0 ], 
  [ 1, 1, 1, 1, 1, 1, 0, 1, 1, 0, 1, 1 ], 
  [ 1, 0, 1, 0, 1, 1, 1, 0, 0, 1, 0, 0 ], 
  [ 0, 0, 0, 0, 1, 1, 0, 0, 1, 1, 1, 0 ], 
  [ 1, 0, 0, 0, 0, 0, 0, 0, 0, 1, 1, 1 ], 
  [ 1, 1, 0, 0, 1, 0, 1, 1, 1, 1, 0, 1 ], 
  [ 0, 1, 0, 0, 0, 0, 1, 0, 1, 0, 1, 1 ], 
  [ 0, 0, 0, 1, 1, 1, 0, 0, 1, 0, 0, 1 ] ]
CLASS q=2 n=6 order=12 size=14701747027968000 M=
[ [ 0, 1, 0, 0, 1, 0, 1, 1, 0, 1, 1, 1 ], 
  [ 0, 0, 0, 0, 0, 1, 1, 0, 0, 1, 0, 1 ], 
  [ 0, 1, 0, 0, 0, 1, 1, 1, 0, 0, 1, 0 ], 
  [ 0, 1, 0, 0, 0, 0, 1, 1, 0, 0, 1, 1 ], 
  [ 0, 0, 0, 1, 0, 0, 0, 0, 0, 1, 0, 0 ], 
  [ 1, 0, 0, 0, 1, 1, 1, 1, 1, 1, 1, 0 ], 
  [ 1, 0, 1, 1, 1, 1, 0, 1, 1, 1, 1, 1 ], 
  [ 0, 1, 0, 0, 1, 0, 1, 0, 0, 1, 1, 0 ], 
  [ 1, 1, 0, 0, 0, 0, 0, 0, 0, 0, 0, 1 ], 
  [ 0, 0, 1, 1, 1, 1, 1, 1, 1, 0, 1, 1 ], 
  [ 0, 0, 1, 0, 0, 1, 0, 1, 1, 0, 0, 1 ], 
  [ 1, 0, 1, 1, 1, 1, 1, 1, 1, 1, 1, 0 ] ]
CLASS q=2 n=6 order=16 size=135491300609753088000 M=
[ [ 0, 1, 0, 1, 1, 0, 1, 0, 1, 1, 0, 0 ], 
  [ 1, 1, 0, 1, 1, 1, 1, 1, 0, 0, 0, 1 ], 
  [ 0, 1, 1, 1, 0, 0, 0, 1, 1, 1, 1, 0 ], 
  [ 1, 0, 1, 1, 0, 0, 1, 1, 1, 0, 0, 0 ], 
  [ 1, 1, 1, 1, 0, 0, 0, 0, 1, 1, 1, 1 ], 
  [ 1, 1, 0, 1, 1, 1, 1, 0, 1, 1, 1, 1 ], 
  [ 1, 0, 1, 0, 1, 1, 0, 0, 0, 1, 0, 1 ], 
  [ 1, 1, 1, 0, 1, 1, 0, 0, 1, 0, 1, 1 ], 
  [ 0, 0, 1, 1, 0, 0, 0, 1, 1, 1, 0, 0 ], 
  [ 1, 0, 0, 1, 1, 1, 1, 1, 0, 1, 1, 0 ], 
  [ 1, 1, 0, 1, 0, 0, 1, 1, 0, 0, 0, 1 ], 
  [ 0, 0, 1, 1, 0, 1, 0, 0, 0, 0, 0, 0 ] ]
CLASS q=2 n=6 order=24 size=11290941717479424000 M=
[ [ 0, 1, 1, 0, 1, 1, 0, 0, 1, 1, 0, 1 ], 
  [ 1, 0, 0, 0, 1, 0, 1, 1, 1, 0, 0, 0 ], 
  [ 0, 0, 1, 1, 0, 0, 1, 1, 1, 0, 0, 1 ], 
  [ 1, 1, 0, 1, 0, 0, 1, 0, 1, 0, 1, 1 ], 
  [ 1, 0, 1, 0, 1, 0, 1, 1, 1, 0, 1, 0 ], 
  [ 0, 0, 0, 0, 0, 0, 1, 0, 1, 1, 0, 1 ], 
  [ 1, 1, 0, 1, 0, 1, 0, 1, 1, 1, 1, 1 ], 
  [ 1, 1, 1, 1, 0, 1, 0, 1, 0, 1, 0, 1 ], 
  [ 1, 1, 1, 0, 0, 0, 0, 1, 1, 0, 0, 0 ], 
  [ 1, 1, 0, 1, 1, 1, 0, 0, 1, 0, 1, 1 ], 
  [ 0, 0, 1, 0, 0, 1, 0, 1, 1, 0, 0, 0 ], 
  [ 0, 1, 1, 0, 0, 1, 1, 1, 0, 0, 1, 0 ] ]
CLASS q=2 n=6 order=48 size=1083930404878024704000 M=
[ [ 1, 0, 0, 1, 0, 0, 1, 1, 1, 0, 1, 0 ], 
  [ 0, 0, 0, 1, 1, 0, 1, 1, 1, 0, 0, 1 ], 
  [ 1, 0, 1, 1, 0, 0, 1, 1, 0, 1, 0, 0 ], 
  [ 0, 1, 1, 0, 0, 1, 1, 0, 0, 1, 0, 0 ], 
  [ 0, 1, 0, 0, 1, 0, 0, 1, 0, 0, 1, 0 ], 
  [ 0, 1, 1, 0, 1, 0, 1, 0, 1, 1, 1, 0 ], 
  [ 0, 0, 0, 0, 1, 1, 1, 1, 0, 0, 1, 0 ], 
  [ 0, 1, 1, 0, 0, 1, 0, 1, 1, 0, 1, 1 ], 
  [ 0, 1, 1, 0, 1, 1, 1, 1, 0, 0, 0, 0 ], 
  [ 0, 0, 0, 1, 1, 1, 1, 1, 1, 0, 1, 0 ], 
  [ 1, 0, 0, 1, 1, 1, 0, 0, 1, 0, 1, 0 ], 
  [ 1, 0, 1, 0, 0, 0, 0, 1, 0, 1, 1, 1 ] ]
CLASS q=2 n=6 order=2 size=68367499200 M=
[ [ 1, 0, 0, 0, 0, 0, 0, 0, 0, 0, 0, 0 ], 
  [ 0, 1, 1, 1, 0, 0, 1, 0, 1, 1, 0, 1 ], 
  [ 1, 0, 0, 0, 0, 0, 1, 1, 0, 1, 1, 0 ], 
  [ 1, 0, 0, 0, 0, 1, 1, 1, 0, 1, 1, 1 ], 
  [ 0, 0, 1, 0, 1, 0, 0, 1, 0, 1, 1, 1 ], 
  [ 0, 0, 0, 0, 0, 1, 1, 0, 0, 0, 0, 1 ], 
  [ 0, 0, 1, 1, 0, 1, 0, 0, 0, 0, 0, 0 ], 
  [ 1, 0, 1, 1, 1, 0, 0, 0, 0, 0, 1, 0 ], 
  [ 1, 0, 1, 1, 0, 1, 0, 0, 1, 0, 0, 1 ], 
  [ 1, 0, 0, 0, 0, 0, 0, 0, 0, 1, 0, 0 ], 
  [ 1, 0, 1, 0, 1, 1, 0, 0, 0, 1, 1, 0 ], 
  [ 0, 0, 1, 1, 0, 1, 1, 0, 0, 0, 0, 1 ] ]
CLASS q=2 n=6 order=3 size=2514327961600 M=
[ [ 0, 0, 0, 1, 0, 1, 1, 1, 0, 1, 1, 1 ], 
  [ 0, 1, 0, 1, 1, 0, 0, 1, 0, 0, 0, 1 ], 
  [ 1, 1, 0, 0, 1, 1, 0, 1, 1, 1, 0, 1 ], 
  [ 0, 0, 0, 1, 1, 1, 1, 0, 1, 1, 0, 1 ], 
  [ 0, 1, 1, 1, 0, 1, 1, 1, 0, 0, 1, 0 ], 
  [ 1, 0, 1, 1, 1, 1, 1, 1, 1, 1, 0, 1 ], 
  [ 1, 1, 0, 1, 1, 1, 0, 0, 0, 0, 0, 1 ], 
  [ 0, 1, 1, 0, 1, 1, 1, 1, 1, 0, 1, 0 ], 
  [ 0, 1, 1, 1, 1, 0, 0, 0, 0, 1, 1, 1 ], 
  [ 0, 0, 1, 1, 1, 0, 1, 0, 1, 1, 0, 0 ], 
  [ 1, 1, 1, 1, 1, 0, 0, 1, 0, 1, 0, 1 ], 
  [ 0, 1, 0, 0, 0, 1, 1, 0, 0, 1, 0, 1 ] ]
CLASS q=2 n=6 order=6 size=627274539859968000 M=
[ [ 1, 0, 0, 1, 0, 1, 1, 1, 0, 1, 1, 1 ], 
  [ 0, 0, 1, 0, 0, 0, 0, 0, 0, 0, 1, 1 ], 
  [ 1, 1, 1, 0, 0, 1, 0, 0, 0, 0, 1, 1 ], 
  [ 0, 0, 0, 1, 1, 0, 0, 1, 1, 0, 1, 0 ], 
  [ 0, 1, 1, 1, 1, 0, 0, 1, 1, 1, 1, 0 ], 
  [ 0, 0, 1, 0, 0, 0, 1, 1, 1, 0, 0, 0 ], 
  [ 0, 1, 0, 1, 1, 0, 0, 0, 1, 1, 0, 1 ], 
  [ 1, 1, 1, 1, 0, 0, 1, 0, 0, 0, 1, 0 ], 
  [ 1, 1, 1, 1, 0, 0, 0, 1, 0, 0, 0, 1 ], 
  [ 1, 0, 1, 0, 1, 1, 0, 1, 1, 1, 1, 1 ], 
  [ 0, 1, 1, 1, 1, 1, 0, 1, 1, 0, 1, 0 ], 
  [ 1, 1, 0, 0, 0, 0, 0, 0, 1, 0, 0, 0 ] ]
CLASS q=2 n=6 order=9 size=45880652058329088000 M=
[ [ 1, 0, 1, 0, 1, 0, 0, 0, 1, 0, 0, 1 ], 
  [ 0, 1, 0, 1, 1, 0, 1, 0, 0, 1, 0, 1 ], 
  [ 1, 1, 1, 0, 1, 0, 1, 0, 1, 0, 1, 0 ], 
  [ 0, 0, 1, 1, 0, 1, 0, 1, 1, 0, 0, 0 ], 
  [ 1, 1, 1, 0, 1, 1, 0, 0, 1, 0, 0, 1 ], 
  [ 0, 1, 1, 1, 1, 0, 0, 1, 1, 1, 1, 0 ], 
  [ 0, 0, 0, 0, 0, 1, 0, 1, 1, 0, 1, 0 ], 
  [ 0, 0, 0, 1, 0, 0, 0, 0, 0, 1, 0, 0 ], 
  [ 1, 0, 0, 0, 1, 0, 0, 0, 0, 1, 1, 0 ], 
  [ 0, 1, 0, 1, 0, 1, 0, 1, 0, 1, 0, 1 ], 
  [ 1, 0, 0, 1, 1, 1, 0, 0, 0, 0, 0, 1 ], 
  [ 0, 0, 0, 0, 0, 0, 1, 1, 0, 1, 1, 0 ] ]
CLASS q=2 n=6 order=18 size=2890481079674732544000 M=
[ [ 1, 0, 1, 1, 1, 0, 0, 1, 0, 0, 1, 0 ], 
  [ 1, 0, 1, 1, 0, 0, 1, 0, 1, 0, 0, 0 ], 
  [ 0, 1, 1, 1, 0, 0, 1, 0, 0, 1, 0, 0 ], 
  [ 1, 1, 1, 0, 1, 1, 1, 0, 1, 0, 1, 0 ], 
  [ 0, 0, 1, 1, 0, 0, 1, 0, 0, 0, 1, 1 ], 
  [ 1, 1, 1, 0, 0, 0, 0, 0, 0, 0, 0, 0 ], 
  [ 1, 1, 0, 0, 0, 0, 0, 1, 0, 0, 0, 1 ], 
  [ 0, 1, 0, 1, 1, 1, 1, 0, 1, 0, 1, 0 ], 
  [ 1, 0, 1, 1, 1, 1, 1, 0, 1, 0, 0, 0 ], 
  [ 0, 0, 0, 0, 0, 1, 0, 1, 1, 1, 0, 1 ], 
  [ 1, 1, 1, 0, 0, 0, 0, 1, 1, 1, 0, 0 ], 
  [ 0, 1, 0, 1, 0, 0, 0, 0, 1, 0, 1, 0 ] ]
CLASS q=2 n=6 order=4 size=33078930812928000 M=
[ [ 1, 0, 0, 1, 1, 1, 0, 0, 1, 0, 0, 0 ], 
  [ 0, 1, 0, 1, 1, 0, 0, 0, 1, 1, 0, 1 ], 
  [ 0, 1, 0, 1, 0, 1, 1, 0, 0, 0, 1, 1 ], 
  [ 1, 0, 1, 0, 0, 1, 0, 0, 1, 0, 0, 1 ], 
  [ 1, 1, 1, 1, 1, 1, 0, 0, 0, 0, 1, 0 ], 
  [ 0, 1, 1, 0, 0, 1, 0, 1, 1, 1, 0, 0 ], 
  [ 1, 0, 1, 0, 0, 0, 0, 1, 0, 1, 1, 0 ], 
  [ 0, 0, 0, 1, 0, 0, 0, 0, 1, 0, 1, 1 ], 
  [ 0, 0, 1, 0, 0, 0, 0, 1, 1, 1, 1, 1 ], 
  [ 0, 1, 0, 0, 1, 0, 1, 1, 0, 0, 0, 0 ], 
  [ 0, 0, 1, 1, 1, 0, 1, 1, 1, 0, 0, 1 ], 
  [ 1, 0, 1, 1, 1, 1, 1, 1, 1, 1, 1, 1 ] ]
CLASS q=2 n=6 order=6 size=235227952447488000 M=
[ [ 1, 0, 0, 0, 0, 0, 0, 0, 0, 0, 0, 0 ], 
  [ 0, 1, 0, 0, 0, 0, 0, 1, 0, 0, 0, 0 ], 
  [ 1, 0, 0, 0, 1, 1, 1, 1, 1, 1, 0, 0 ], 
  [ 1, 0, 1, 1, 1, 0, 1, 1, 0, 0, 0, 1 ], 
  [ 0, 0, 1, 0, 1, 1, 0, 1, 1, 0, 1, 0 ], 
  [ 0, 0, 0, 1, 1, 0, 0, 1, 0, 0, 0, 1 ], 
  [ 0, 0, 1, 0, 0, 0, 0, 0, 1, 1, 1, 1 ], 
  [ 1, 0, 1, 0, 0, 1, 1, 0, 0, 0, 1, 0 ], 
  [ 1, 0, 0, 1, 0, 0, 1, 1, 0, 0, 1, 0 ], 
  [ 0, 0, 0, 1, 0, 1, 0, 1, 0, 0, 1, 0 ], 
  [ 0, 0, 0, 0, 0, 1, 0, 0, 0, 1, 1, 0 ], 
  [ 0, 0, 0, 1, 1, 0, 0, 1, 1, 1, 0, 1 ] ]
CLASS q=2 n=6 order=12 size=67745650304876544000 M=
[ [ 1, 0, 0, 1, 1, 1, 0, 0, 1, 0, 0, 0 ], 
  [ 0, 1, 0, 0, 0, 0, 0, 0, 0, 0, 0, 1 ], 
  [ 1, 1, 1, 1, 1, 0, 1, 1, 0, 1, 1, 1 ], 
  [ 1, 0, 0, 0, 0, 0, 1, 0, 0, 0, 1, 0 ], 
  [ 1, 1, 1, 1, 1, 1, 1, 0, 0, 0, 1, 1 ], 
  [ 0, 1, 0, 1, 0, 0, 0, 0, 1, 1, 0, 1 ], 
  [ 1, 0, 1, 0, 0, 1, 1, 0, 1, 0, 1, 0 ], 
  [ 0, 0, 0, 1, 1, 0, 0, 0, 1, 1, 0, 0 ], 
  [ 0, 0, 1, 1, 0, 0, 0, 0, 0, 1, 0, 0 ], 
  [ 1, 1, 1, 0, 1, 0, 1, 0, 0, 1, 1, 1 ], 
  [ 1, 0, 0, 0, 0, 0, 0, 1, 0, 0, 1, 1 ], 
  [ 0, 0, 0, 0, 0, 0, 0, 1, 0, 0, 0, 1 ] ]
CLASS q=2 n=6 order=8 size=8468206288109568000 M=
[ [ 0, 0, 1, 0, 0, 0, 0, 1, 0, 1, 1, 1 ], 
  [ 1, 1, 0, 0, 0, 1, 0, 0, 0, 0, 0, 1 ], 
  [ 0, 0, 0, 1, 0, 1, 1, 0, 0, 1, 0, 0 ], 
  [ 1, 0, 1, 1, 0, 0, 0, 1, 1, 0, 1, 1 ], 
  [ 1, 0, 1, 1, 1, 1, 0, 0, 0, 1, 0, 1 ], 
  [ 0, 1, 1, 1, 1, 0, 1, 1, 1, 1, 0, 1 ], 
  [ 1, 1, 1, 0, 1, 0, 1, 0, 0, 0, 1, 0 ], 
  [ 0, 0, 0, 0, 0, 1, 0, 1, 1, 1, 0, 1 ], 
  [ 1, 1, 0, 1, 1, 1, 1, 0, 1, 0, 1, 0 ], 
  [ 0, 1, 0, 0, 0, 0, 0, 0, 0, 1, 1, 1 ], 
  [ 1, 0, 0, 0, 0, 1, 1, 0, 0, 0, 1, 0 ], 
  [ 0, 1, 0, 0, 1, 0, 0, 1, 0, 1, 0, 0 ] ]
CLASS q=2 n=6 order=12 size=22581883434958848000 M=
[ [ 1, 0, 0, 1, 1, 1, 0, 0, 1, 0, 0, 0 ], 
  [ 0, 1, 1, 1, 1, 1, 1, 0, 0, 1, 1, 0 ], 
  [ 1, 1, 0, 1, 0, 0, 1, 1, 0, 1, 1, 1 ], 
  [ 1, 0, 0, 1, 0, 0, 0, 1, 0, 0, 0, 1 ], 
  [ 0, 1, 1, 1, 0, 0, 0, 1, 0, 0, 0, 1 ], 
  [ 0, 1, 0, 0, 1, 1, 1, 0, 1, 1, 0, 1 ], 
  [ 0, 0, 0, 0, 0, 0, 0, 1, 1, 0, 0, 0 ], 
  [ 0, 0, 0, 0, 1, 1, 1, 0, 1, 0, 1, 1 ], 
  [ 1, 0, 1, 1, 0, 0, 1, 0, 0, 1, 0, 1 ], 
  [ 1, 1, 1, 0, 1, 0, 1, 0, 0, 1, 1, 1 ], 
  [ 1, 0, 0, 1, 1, 0, 1, 0, 0, 1, 1, 1 ], 
  [ 0, 0, 1, 0, 0, 1, 0, 0, 0, 0, 1, 0 ] ]
CLASS q=2 n=6 order=24 size=1083930404878024704000 M=
[ [ 1, 0, 0, 0, 1, 0, 0, 1, 1, 1, 1, 0 ], 
  [ 1, 0, 1, 1, 0, 1, 0, 0, 0, 1, 1, 1 ], 
  [ 0, 0, 1, 1, 0, 0, 0, 0, 0, 1, 1, 1 ], 
  [ 0, 1, 0, 0, 0, 0, 1, 0, 0, 1, 0, 1 ], 
  [ 0, 0, 1, 1, 0, 1, 0, 1, 0, 0, 1, 1 ], 
  [ 0, 0, 1, 0, 0, 1, 0, 0, 1, 1, 1, 1 ], 
  [ 1, 1, 0, 1, 1, 0, 0, 1, 1, 1, 1, 1 ], 
  [ 0, 0, 0, 1, 0, 0, 0, 1, 0, 0, 1, 0 ], 
  [ 1, 1, 1, 1, 1, 0, 1, 1, 0, 0, 0, 0 ], 
  [ 1, 0, 0, 1, 0, 1, 1, 1, 1, 0, 1, 1 ], 
  [ 0, 1, 0, 1, 1, 1, 0, 1, 1, 1, 0, 0 ], 
  [ 0, 1, 1, 0, 1, 0, 1, 1, 0, 0, 1, 0 ] ]
CLASS q=2 n=6 order=8 size=564547085873971200 M=
[ [ 0, 0, 1, 0, 0, 0, 0, 1, 0, 1, 1, 1 ], 
  [ 0, 1, 0, 0, 1, 0, 1, 1, 0, 0, 1, 1 ], 
  [ 0, 0, 1, 0, 0, 0, 0, 0, 0, 1, 0, 0 ], 
  [ 1, 0, 0, 0, 0, 1, 1, 1, 1, 0, 1, 1 ], 
  [ 0, 0, 0, 0, 1, 0, 0, 0, 0, 1, 0, 0 ], 
  [ 1, 1, 1, 1, 1, 0, 0, 1, 1, 1, 0, 0 ], 
  [ 0, 1, 1, 0, 1, 0, 0, 0, 0, 0, 1, 1 ], 
  [ 1, 0, 1, 1, 1, 1, 0, 0, 1, 1, 1, 1 ], 
  [ 1, 1, 0, 1, 1, 1, 1, 0, 1, 0, 1, 0 ], 
  [ 0, 1, 0, 0, 0, 0, 0, 0, 0, 1, 1, 1 ], 
  [ 1, 0, 0, 0, 1, 0, 1, 1, 0, 0, 0, 1 ], 
  [ 1, 1, 0, 0, 1, 0, 1, 1, 0, 1, 0, 1 ] ]
CLASS q=2 n=6 order=24 size=361310134959341568000 M=
[ [ 1, 0, 0, 0, 1, 0, 0, 1, 1, 1, 1, 0 ], 
  [ 1, 0, 1, 1, 1, 0, 0, 1, 0, 1, 0, 0 ], 
  [ 1, 0, 1, 1, 1, 1, 1, 1, 0, 1, 0, 1 ], 
  [ 1, 1, 0, 0, 1, 1, 0, 1, 0, 1, 1, 1 ], 
  [ 1, 0, 0, 0, 0, 0, 0, 1, 0, 0, 1, 0 ], 
  [ 0, 0, 0, 1, 1, 1, 1, 1, 1, 1, 0, 0 ], 
  [ 1, 1, 1, 0, 0, 0, 1, 0, 1, 1, 0, 0 ], 
  [ 1, 0, 0, 1, 0, 0, 1, 1, 0, 0, 1, 1 ], 
  [ 1, 1, 1, 1, 1, 0, 1, 1, 0, 0, 0, 0 ], 
  [ 1, 0, 0, 1, 0, 1, 1, 1, 1, 0, 1, 1 ], 
  [ 0, 1, 1, 0, 1, 0, 1, 1, 1, 1, 0, 0 ], 
  [ 0, 1, 0, 1, 0, 0, 0, 0, 0, 0, 0, 1 ] ]
CLASS q=2 n=6 order=6 size=47045590489497600 M=
[ [ 1, 0, 0, 0, 0, 0, 0, 0, 0, 0, 0, 0 ], 
  [ 0, 1, 1, 1, 1, 1, 1, 0, 1, 1, 1, 0 ], 
  [ 1, 0, 1, 0, 0, 0, 1, 1, 1, 0, 0, 0 ], 
  [ 1, 0, 1, 0, 0, 0, 1, 1, 0, 1, 0, 0 ], 
  [ 1, 0, 1, 1, 1, 0, 0, 0, 1, 1, 0, 0 ], 
  [ 0, 0, 1, 0, 0, 0, 0, 0, 0, 0, 1, 1 ], 
  [ 0, 0, 1, 0, 1, 1, 0, 1, 1, 1, 0, 0 ], 
  [ 1, 0, 0, 1, 1, 1, 0, 1, 0, 0, 0, 1 ], 
  [ 0, 0, 1, 0, 0, 1, 1, 1, 0, 0, 1, 1 ], 
  [ 1, 0, 0, 1, 0, 1, 0, 1, 0, 0, 1, 0 ], 
  [ 1, 0, 0, 1, 1, 1, 1, 0, 0, 0, 1, 0 ], 
  [ 0, 0, 0, 1, 0, 1, 0, 0, 1, 1, 1, 0 ] ]
CLASS q=2 n=6 order=6 size=1306821958041600 M=
[ [ 1, 0, 0, 0, 0, 0, 0, 0, 0, 0, 0, 0 ], 
  [ 1, 1, 1, 0, 0, 1, 1, 1, 0, 0, 1, 0 ], 
  [ 1, 0, 1, 1, 0, 1, 0, 0, 0, 1, 1, 0 ], 
  [ 0, 0, 0, 0, 1, 1, 1, 1, 1, 0, 0, 1 ], 
  [ 1, 0, 0, 0, 1, 0, 1, 0, 0, 0, 0, 1 ], 
  [ 0, 0, 0, 0, 1, 0, 0, 0, 0, 0, 1, 1 ], 
  [ 0, 0, 1, 1, 1, 1, 0, 0, 1, 1, 1, 0 ], 
  [ 0, 0, 1, 1, 0, 0, 1, 0, 0, 1, 0, 0 ], 
  [ 1, 0, 0, 1, 0, 0, 0, 1, 0, 0, 1, 1 ], 
  [ 0, 0, 1, 0, 0, 0, 0, 1, 0, 0, 1, 1 ], 
  [ 0, 0, 0, 0, 0, 0, 0, 1, 1, 0, 1, 1 ], 
  [ 1, 0, 0, 0, 0, 1, 1, 1, 1, 1, 0, 1 ] ]
CLASS q=2 n=6 order=8 size=529262893006848000 M=
[ [ 0, 0, 1, 1, 1, 1, 0, 1, 1, 1, 1, 1 ], 
  [ 1, 0, 0, 0, 0, 1, 1, 0, 1, 0, 1, 1 ], 
  [ 0, 1, 0, 1, 1, 1, 1, 1, 1, 0, 0, 1 ], 
  [ 1, 1, 1, 1, 0, 1, 0, 0, 0, 1, 1, 1 ], 
  [ 1, 1, 1, 1, 1, 1, 0, 0, 0, 1, 1, 0 ], 
  [ 0, 0, 1, 1, 1, 1, 0, 0, 1, 1, 0, 0 ], 
  [ 1, 0, 1, 0, 1, 0, 0, 0, 1, 1, 0, 0 ], 
  [ 1, 0, 1, 1, 0, 0, 0, 1, 1, 1, 0, 0 ], 
  [ 1, 0, 1, 1, 1, 1, 0, 1, 0, 0, 1, 1 ], 
  [ 1, 0, 1, 1, 1, 0, 1, 0, 1, 0, 0, 1 ], 
  [ 0, 1, 1, 0, 0, 0, 1, 0, 1, 0, 0, 1 ], 
  [ 0, 0, 0, 1, 0, 1, 1, 1, 0, 0, 1, 0 ] ]
CLASS q=2 n=6 order=12 size=313637269929984000 M=
[ [ 1, 0, 1, 0, 1, 0, 0, 0, 1, 0, 0, 1 ], 
  [ 1, 1, 1, 1, 0, 1, 0, 1, 0, 0, 0, 1 ], 
  [ 0, 0, 1, 1, 0, 0, 1, 0, 0, 0, 1, 1 ], 
  [ 0, 1, 1, 0, 0, 0, 0, 0, 1, 1, 0, 0 ], 
  [ 1, 0, 1, 1, 0, 0, 0, 1, 0, 0, 1, 0 ], 
  [ 0, 1, 0, 0, 0, 1, 0, 1, 1, 1, 1, 0 ], 
  [ 0, 0, 1, 1, 1, 0, 1, 1, 0, 1, 0, 1 ], 
  [ 1, 0, 0, 0, 0, 1, 1, 1, 0, 1, 0, 1 ], 
  [ 1, 0, 0, 0, 0, 0, 0, 1, 0, 1, 1, 0 ], 
  [ 0, 1, 0, 0, 1, 0, 0, 1, 1, 1, 0, 1 ], 
  [ 1, 1, 1, 1, 0, 1, 1, 1, 0, 0, 1, 0 ], 
  [ 0, 0, 1, 0, 1, 0, 1, 0, 1, 1, 1, 0 ] ]
CLASS q=2 n=6 order=24 size=270982601219506176000 M=
[ [ 0, 0, 1, 1, 0, 1, 0, 0, 0, 0, 0, 1 ], 
  [ 1, 0, 0, 0, 0, 0, 1, 0, 1, 1, 1, 1 ], 
  [ 0, 1, 0, 1, 0, 0, 1, 1, 1, 0, 1, 0 ], 
  [ 1, 1, 1, 0, 1, 0, 0, 0, 0, 0, 0, 1 ], 
  [ 0, 1, 1, 1, 1, 1, 1, 0, 0, 1, 1, 1 ], 
  [ 1, 1, 1, 0, 1, 0, 0, 0, 1, 1, 0, 1 ], 
  [ 1, 1, 1, 1, 0, 1, 0, 0, 1, 1, 0, 1 ], 
  [ 1, 0, 0, 1, 1, 0, 0, 0, 1, 1, 0, 0 ], 
  [ 1, 1, 0, 1, 1, 1, 1, 1, 1, 1, 0, 0 ], 
  [ 1, 1, 1, 1, 1, 0, 1, 0, 1, 1, 1, 0 ], 
  [ 1, 1, 1, 0, 1, 0, 1, 1, 0, 0, 0, 0 ], 
  [ 1, 1, 1, 1, 1, 0, 1, 1, 1, 1, 1, 1 ] ]
CLASS q=2 n=6 order=4 size=4134866351616000 M=
[ [ 1, 1, 0, 1, 1, 1, 0, 0, 0, 0, 0, 1 ], 
  [ 0, 0, 1, 1, 0, 0, 0, 0, 0, 1, 0, 0 ], 
  [ 1, 1, 1, 1, 0, 0, 0, 1, 0, 0, 1, 0 ], 
  [ 0, 0, 0, 1, 1, 0, 0, 1, 1, 1, 1, 0 ], 
  [ 0, 0, 1, 0, 1, 1, 1, 1, 1, 0, 1, 0 ], 
  [ 1, 1, 1, 0, 1, 0, 1, 0, 1, 1, 0, 0 ], 
  [ 0, 0, 1, 1, 0, 1, 0, 0, 0, 0, 0, 0 ], 
  [ 1, 1, 1, 0, 0, 0, 1, 0, 1, 1, 1, 0 ], 
  [ 1, 1, 0, 0, 0, 0, 0, 0, 0, 0, 0, 0 ], 
  [ 0, 1, 0, 0, 0, 1, 0, 0, 0, 0, 0, 1 ], 
  [ 1, 1, 0, 0, 0, 1, 1, 0, 0, 1, 1, 1 ], 
  [ 0, 0, 1, 1, 0, 1, 1, 0, 0, 0, 0, 1 ] ]
CLASS q=2 n=6 order=6 size=3920465874124800 M=
[ [ 0, 0, 0, 0, 0, 1, 1, 0, 1, 1, 0, 0 ], 
  [ 1, 0, 1, 1, 0, 1, 0, 0, 1, 0, 1, 1 ], 
  [ 1, 0, 1, 1, 0, 1, 0, 1, 1, 0, 0, 0 ], 
  [ 0, 0, 1, 0, 1, 1, 1, 1, 0, 0, 1, 1 ], 
  [ 1, 1, 0, 0, 0, 1, 0, 1, 0, 1, 1, 1 ], 
  [ 0, 0, 1, 1, 0, 1, 1, 0, 1, 1, 1, 0 ], 
  [ 1, 0, 0, 1, 1, 0, 1, 0, 0, 1, 0, 1 ], 
  [ 0, 1, 1, 0, 1, 0, 1, 1, 0, 0, 0, 1 ], 
  [ 0, 1, 0, 1, 1, 0, 0, 0, 0, 1, 1, 1 ], 
  [ 0, 1, 1, 1, 0, 1, 0, 0, 1, 1, 0, 0 ], 
  [ 1, 0, 1, 1, 1, 1, 1, 1, 0, 0, 1, 0 ], 
  [ 0, 0, 1, 1, 0, 1, 0, 0, 0, 0, 0, 0 ] ]
CLASS q=2 n=6 order=12 size=33872825152438272000 M=
[ [ 0, 1, 0, 1, 1, 0, 1, 0, 1, 1, 0, 1 ], 
  [ 1, 1, 1, 1, 1, 0, 1, 1, 1, 1, 0, 0 ], 
  [ 0, 1, 1, 1, 1, 1, 0, 0, 1, 1, 0, 0 ], 
  [ 0, 0, 0, 1, 1, 1, 1, 1, 0, 0, 0, 1 ], 
  [ 1, 1, 1, 1, 0, 0, 0, 1, 1, 0, 0, 1 ], 
  [ 0, 1, 0, 1, 0, 1, 0, 1, 1, 1, 0, 0 ], 
  [ 0, 0, 0, 0, 0, 0, 0, 0, 0, 0, 0, 1 ], 
  [ 0, 0, 0, 0, 1, 1, 1, 0, 0, 0, 1, 1 ], 
  [ 1, 0, 0, 1, 0, 0, 1, 1, 1, 1, 0, 1 ], 
  [ 0, 0, 0, 1, 1, 0, 1, 0, 0, 0, 0, 1 ], 
  [ 0, 1, 0, 1, 0, 1, 0, 1, 0, 0, 0, 0 ], 
  [ 1, 0, 0, 1, 1, 0, 1, 0, 0, 1, 0, 1 ] ]
CLASS q=2 n=6 order=6 size=11761397622374400 M=
[ [ 1, 0, 1, 1, 0, 1, 1, 0, 0, 0, 0, 0 ], 
  [ 1, 1, 0, 0, 0, 0, 0, 0, 0, 0, 1, 1 ], 
  [ 1, 1, 0, 1, 0, 1, 0, 0, 0, 1, 1, 1 ], 
  [ 0, 1, 1, 0, 0, 1, 1, 0, 0, 1, 0, 1 ], 
  [ 1, 1, 0, 1, 0, 0, 0, 0, 0, 0, 0, 0 ], 
  [ 0, 0, 1, 0, 1, 0, 0, 0, 0, 1, 1, 1 ], 
  [ 1, 0, 1, 0, 1, 1, 0, 0, 0, 1, 0, 1 ], 
  [ 0, 1, 1, 0, 0, 0, 1, 0, 1, 1, 1, 0 ], 
  [ 0, 0, 0, 1, 1, 0, 1, 0, 1, 1, 1, 1 ], 
  [ 1, 0, 1, 0, 1, 1, 1, 0, 0, 0, 0, 1 ], 
  [ 0, 0, 0, 0, 1, 1, 0, 1, 1, 1, 1, 1 ], 
  [ 0, 0, 0, 0, 0, 0, 1, 0, 0, 0, 0, 0 ] ]
CLASS q=2 n=6 order=3 size=3717182458429440 M=
[ [ 0, 0, 1, 0, 0, 0, 1, 1, 0, 0, 1, 1 ], 
  [ 1, 0, 0, 1, 1, 1, 1, 0, 1, 0, 1, 0 ], 
  [ 0, 1, 0, 0, 1, 0, 1, 0, 1, 1, 0, 1 ], 
  [ 0, 1, 1, 0, 0, 0, 1, 0, 0, 0, 1, 0 ], 
  [ 0, 0, 0, 0, 1, 0, 1, 0, 0, 1, 1, 0 ], 
  [ 1, 1, 0, 0, 1, 1, 1, 1, 1, 0, 0, 0 ], 
  [ 1, 1, 0, 1, 0, 0, 0, 1, 0, 1, 1, 1 ], 
  [ 1, 0, 0, 0, 1, 1, 0, 0, 0, 1, 1, 1 ], 
  [ 1, 0, 1, 1, 1, 0, 1, 1, 0, 0, 0, 1 ], 
  [ 0, 0, 1, 1, 0, 1, 0, 0, 0, 1, 0, 1 ], 
  [ 0, 1, 1, 0, 0, 1, 0, 1, 1, 1, 0, 1 ], 
  [ 0, 1, 0, 0, 1, 0, 1, 1, 0, 0, 1, 1 ] ]
CLASS q=2 n=6 order=6 size=2509098159439872000 M=
[ [ 1, 1, 0, 0, 0, 1, 0, 0, 0, 1, 0, 1 ], 
  [ 0, 0, 1, 1, 0, 0, 0, 0, 0, 0, 1, 1 ], 
  [ 1, 1, 0, 1, 0, 0, 0, 0, 1, 0, 1, 0 ], 
  [ 0, 0, 0, 0, 0, 1, 1, 1, 1, 0, 1, 1 ], 
  [ 1, 0, 0, 1, 1, 1, 0, 1, 1, 1, 1, 0 ], 
  [ 0, 0, 1, 0, 0, 1, 0, 1, 0, 0, 0, 1 ], 
  [ 1, 1, 0, 0, 0, 1, 0, 0, 0, 0, 0, 0 ], 
  [ 0, 1, 0, 1, 0, 0, 0, 0, 0, 1, 1, 0 ], 
  [ 1, 0, 0, 1, 1, 0, 1, 0, 1, 1, 1, 0 ], 
  [ 1, 0, 0, 1, 1, 0, 0, 0, 0, 0, 0, 1 ], 
  [ 0, 0, 1, 0, 0, 0, 1, 1, 1, 1, 1, 0 ], 
  [ 0, 1, 1, 0, 1, 0, 1, 0, 0, 1, 0, 1 ] ]
CLASS q=2 n=6 order=6 size=167273210629324800 M=
[ [ 0, 0, 1, 1, 1, 0, 0, 1, 0, 0, 1, 1 ], 
  [ 1, 0, 1, 0, 1, 0, 1, 0, 1, 1, 1, 0 ], 
  [ 1, 0, 1, 1, 0, 1, 0, 1, 1, 1, 0, 1 ], 
  [ 1, 1, 0, 0, 1, 1, 0, 0, 1, 0, 0, 1 ], 
  [ 1, 0, 1, 1, 0, 0, 1, 1, 0, 1, 0, 1 ], 
  [ 1, 0, 0, 1, 0, 0, 1, 1, 1, 0, 1, 1 ], 
  [ 1, 1, 0, 1, 1, 1, 0, 0, 1, 1, 1, 1 ], 
  [ 1, 1, 1, 1, 1, 1, 0, 0, 0, 1, 1, 0 ], 
  [ 0, 0, 0, 1, 1, 0, 1, 0, 0, 1, 0, 0 ], 
  [ 0, 0, 0, 0, 1, 1, 0, 1, 1, 0, 0, 1 ], 
  [ 0, 1, 0, 0, 1, 0, 1, 1, 1, 0, 0, 1 ], 
  [ 0, 1, 0, 1, 1, 1, 1, 0, 1, 1, 0, 1 ] ]
CLASS q=2 n=6 order=2 size=1435717483200 M=
[ [ 0, 1, 0, 1, 1, 1, 0, 0, 0, 1, 1, 1 ], 
  [ 1, 0, 1, 1, 1, 0, 1, 0, 1, 0, 1, 0 ], 
  [ 1, 1, 1, 1, 1, 0, 0, 0, 0, 0, 0, 1 ], 
  [ 1, 0, 0, 1, 0, 1, 1, 1, 0, 1, 0, 0 ], 
  [ 0, 1, 1, 0, 0, 1, 0, 0, 0, 0, 1, 1 ], 
  [ 1, 1, 0, 1, 1, 0, 0, 0, 0, 1, 1, 1 ], 
  [ 0, 0, 1, 0, 0, 0, 0, 0, 1, 0, 1, 1 ], 
  [ 1, 0, 1, 0, 0, 0, 0, 0, 1, 0, 0, 1 ], 
  [ 0, 1, 1, 0, 1, 0, 0, 0, 1, 1, 0, 1 ], 
  [ 1, 0, 0, 0, 0, 0, 1, 1, 0, 1, 1, 0 ], 
  [ 0, 1, 0, 1, 1, 1, 1, 1, 0, 1, 1, 1 ], 
  [ 1, 1, 0, 0, 1, 1, 0, 1, 1, 0, 1, 1 ] ]
CLASS q=2 n=6 order=6 size=7527294478319616000 M=
[ [ 0, 0, 1, 1, 1, 1, 1, 0, 0, 1, 1, 1 ], 
  [ 1, 0, 0, 0, 1, 0, 0, 1, 1, 0, 0, 0 ], 
  [ 0, 1, 1, 1, 1, 0, 1, 1, 0, 0, 1, 1 ], 
  [ 0, 1, 0, 0, 1, 1, 0, 1, 0, 0, 0, 1 ], 
  [ 0, 1, 1, 0, 0, 1, 0, 0, 0, 0, 1, 1 ], 
  [ 0, 1, 1, 1, 1, 0, 0, 1, 1, 1, 1, 0 ], 
  [ 1, 1, 1, 1, 0, 0, 0, 1, 1, 1, 1, 1 ], 
  [ 0, 0, 1, 0, 1, 0, 0, 0, 1, 0, 1, 0 ], 
  [ 1, 0, 1, 0, 1, 0, 0, 0, 0, 0, 0, 0 ], 
  [ 1, 0, 1, 1, 1, 0, 0, 0, 0, 0, 0, 1 ], 
  [ 1, 1, 0, 0, 0, 1, 0, 1, 1, 0, 0, 1 ], 
  [ 0, 1, 0, 0, 0, 1, 1, 0, 1, 1, 0, 0 ] ]
CLASS q=2 n=6 order=3 size=844814195097600 M=
[ [ 0, 1, 0, 1, 0, 0, 1, 0, 0, 1, 0, 0 ], 
  [ 1, 0, 1, 0, 0, 0, 1, 1, 0, 1, 0, 1 ], 
  [ 1, 1, 1, 1, 0, 1, 0, 0, 0, 0, 0, 1 ], 
  [ 1, 0, 0, 0, 1, 1, 0, 0, 1, 0, 1, 1 ], 
  [ 0, 1, 1, 0, 1, 0, 1, 0, 1, 1, 1, 0 ], 
  [ 1, 0, 1, 0, 0, 1, 0, 1, 1, 0, 0, 1 ], 
  [ 0, 1, 0, 1, 0, 1, 0, 0, 0, 0, 0, 0 ], 
  [ 0, 0, 0, 1, 1, 0, 1, 1, 1, 1, 0, 0 ], 
  [ 0, 1, 0, 0, 0, 0, 0, 1, 1, 0, 1, 0 ], 
  [ 0, 0, 1, 0, 1, 1, 1, 0, 1, 0, 0, 0 ], 
  [ 0, 0, 1, 1, 1, 1, 1, 1, 0, 0, 1, 1 ], 
  [ 0, 1, 1, 1, 1, 1, 1, 1, 0, 0, 0, 1 ] ]
CLASS q=2 n=6 order=4 size=1378288783872000 M=
[ [ 1, 1, 1, 1, 1, 1, 0, 1, 1, 1, 1, 0 ], 
  [ 0, 1, 1, 1, 1, 0, 0, 1, 0, 0, 1, 1 ], 
  [ 1, 1, 1, 1, 1, 0, 0, 0, 0, 0, 0, 1 ], 
  [ 0, 1, 1, 1, 0, 1, 0, 1, 0, 0, 1, 0 ], 
  [ 0, 1, 1, 0, 0, 1, 0, 0, 0, 0, 1, 1 ], 
  [ 1, 1, 0, 1, 1, 0, 0, 0, 0, 1, 1, 1 ], 
  [ 1, 1, 0, 0, 0, 0, 0, 1, 1, 0, 0, 1 ], 
  [ 1, 0, 1, 0, 0, 0, 1, 1, 1, 1, 0, 1 ], 
  [ 0, 1, 0, 0, 1, 0, 1, 0, 0, 1, 1, 0 ], 
  [ 1, 1, 0, 0, 0, 0, 0, 0, 1, 0, 0, 1 ], 
  [ 0, 0, 0, 1, 1, 1, 0, 0, 1, 0, 0, 0 ], 
  [ 0, 1, 0, 0, 1, 1, 0, 1, 1, 1, 0, 1 ] ]
CLASS q=2 n=6 order=6 size=139394342191104000 M=
[ [ 0, 1, 0, 1, 0, 1, 0, 1, 0, 1, 1, 0 ], 
  [ 0, 0, 1, 1, 1, 0, 1, 1, 0, 0, 1, 0 ], 
  [ 0, 1, 0, 1, 0, 0, 1, 1, 0, 0, 1, 1 ], 
  [ 0, 0, 1, 1, 1, 1, 0, 1, 0, 0, 1, 0 ], 
  [ 0, 0, 1, 1, 1, 0, 0, 1, 1, 0, 1, 1 ], 
  [ 0, 0, 1, 0, 0, 1, 1, 0, 1, 0, 1, 1 ], 
  [ 0, 0, 0, 0, 1, 0, 0, 1, 0, 1, 0, 1 ], 
  [ 1, 1, 1, 0, 0, 1, 0, 0, 0, 0, 0, 0 ], 
  [ 1, 1, 0, 0, 0, 1, 1, 0, 0, 0, 0, 0 ], 
  [ 1, 0, 0, 0, 1, 1, 1, 1, 0, 1, 0, 1 ], 
  [ 0, 0, 0, 1, 1, 0, 0, 1, 1, 0, 1, 0 ], 
  [ 0, 0, 0, 0, 0, 1, 1, 0, 1, 1, 1, 0 ] ]
CLASS q=2 n=6 order=12 size=90327533739835392000 M=
[ [ 0, 0, 0, 0, 1, 1, 0, 1, 0, 0, 0, 1 ], 
  [ 0, 1, 0, 0, 1, 0, 1, 1, 0, 1, 1, 0 ], 
  [ 1, 0, 0, 1, 1, 1, 0, 0, 0, 1, 0, 0 ], 
  [ 0, 1, 1, 1, 1, 0, 0, 0, 0, 0, 1, 0 ], 
  [ 1, 0, 1, 1, 0, 0, 1, 0, 1, 1, 1, 1 ], 
  [ 0, 1, 1, 1, 1, 0, 0, 1, 1, 1, 1, 0 ], 
  [ 0, 1, 1, 1, 0, 1, 0, 1, 1, 1, 1, 1 ], 
  [ 0, 1, 1, 1, 1, 0, 1, 0, 1, 0, 0, 0 ], 
  [ 1, 0, 0, 0, 1, 1, 0, 0, 0, 0, 0, 0 ], 
  [ 1, 1, 1, 0, 1, 1, 0, 1, 0, 0, 0, 1 ], 
  [ 0, 0, 1, 0, 0, 0, 0, 0, 1, 1, 0, 1 ], 
  [ 1, 1, 1, 0, 0, 1, 0, 0, 1, 1, 1, 1 ] ]
CLASS q=2 n=6 order=4 size=2144862720 M=
[ [ 0, 0, 1, 1, 0, 1, 0, 0, 0, 0, 1, 0 ], 
  [ 1, 0, 0, 1, 0, 1, 1, 0, 1, 1, 0, 0 ], 
  [ 1, 1, 1, 1, 0, 1, 1, 0, 1, 1, 0, 0 ], 
  [ 0, 1, 1, 1, 0, 0, 1, 0, 1, 1, 1, 0 ], 
  [ 0, 1, 1, 0, 1, 1, 1, 0, 1, 0, 0, 0 ], 
  [ 0, 0, 0, 0, 0, 1, 0, 0, 0, 0, 0, 0 ], 
  [ 0, 0, 0, 0, 0, 0, 1, 0, 0, 0, 0, 0 ], 
  [ 1, 0, 1, 1, 0, 1, 0, 1, 0, 0, 1, 0 ], 
  [ 0, 0, 0, 0, 0, 1, 0, 0, 1, 1, 1, 0 ], 
  [ 1, 0, 1, 1, 0, 1, 0, 0, 0, 1, 1, 0 ], 
  [ 0, 0, 0, 0, 0, 0, 0, 0, 0, 0, 1, 0 ], 
  [ 1, 1, 0, 1, 0, 0, 1, 0, 1, 0, 1, 1 ] ]
CLASS q=2 n=6 order=6 size=729253324800 M=
[ [ 1, 1, 1, 0, 0, 0, 0, 1, 0, 1, 0, 0 ], 
  [ 1, 1, 1, 1, 0, 0, 0, 0, 0, 1, 0, 0 ], 
  [ 1, 0, 0, 1, 0, 0, 0, 0, 0, 1, 0, 0 ], 
  [ 1, 1, 0, 0, 0, 0, 0, 1, 0, 0, 0, 0 ], 
  [ 0, 0, 0, 0, 1, 1, 0, 0, 0, 1, 1, 0 ], 
  [ 0, 0, 0, 0, 0, 1, 0, 0, 0, 0, 0, 0 ], 
  [ 0, 0, 0, 0, 0, 0, 0, 1, 0, 1, 0, 0 ], 
  [ 0, 1, 1, 0, 0, 0, 1, 1, 0, 0, 0, 0 ], 
  [ 1, 0, 1, 1, 0, 1, 1, 1, 1, 1, 1, 0 ], 
  [ 0, 0, 0, 0, 0, 0, 0, 0, 0, 1, 0, 0 ], 
  [ 0, 0, 0, 0, 0, 0, 0, 0, 0, 0, 1, 0 ], 
  [ 0, 0, 0, 0, 0, 1, 0, 0, 0, 1, 1, 1 ] ]
CLASS q=2 n=6 order=12 size=93344425574400 M=
[ [ 0, 1, 0, 1, 0, 1, 1, 0, 0, 0, 1, 0 ], 
  [ 1, 0, 0, 1, 0, 0, 1, 0, 1, 0, 1, 0 ], 
  [ 1, 1, 1, 1, 0, 0, 1, 0, 1, 0, 1, 0 ], 
  [ 0, 0, 0, 1, 0, 1, 0, 0, 1, 0, 0, 0 ], 
  [ 1, 1, 0, 1, 1, 1, 1, 0, 1, 1, 0, 0 ], 
  [ 0, 0, 0, 0, 0, 1, 0, 0, 0, 0, 0, 0 ], 
  [ 0, 1, 1, 0, 0, 0, 1, 1, 0, 1, 0, 0 ], 
  [ 1, 0, 1, 1, 0, 1, 1, 0, 0, 1, 1, 0 ], 
  [ 1, 1, 0, 1, 0, 0, 0, 1, 1, 0, 0, 0 ], 
  [ 1, 0, 1, 1, 0, 1, 0, 0, 0, 1, 1, 0 ], 
  [ 0, 0, 0, 0, 0, 0, 0, 0, 0, 0, 1, 0 ], 
  [ 0, 1, 1, 0, 0, 0, 1, 0, 1, 1, 1, 1 ] ]
CLASS q=2 n=6 order=10 size=4704559048949760 M=
[ [ 0, 0, 1, 1, 0, 1, 0, 0, 0, 0, 1, 0 ], 
  [ 1, 0, 1, 1, 1, 0, 1, 0, 1, 0, 1, 0 ], 
  [ 0, 1, 0, 1, 1, 1, 0, 1, 1, 0, 1, 0 ], 
  [ 0, 1, 0, 0, 0, 1, 1, 1, 0, 1, 1, 0 ], 
  [ 0, 1, 1, 1, 1, 0, 0, 1, 1, 1, 1, 1 ], 
  [ 0, 0, 1, 1, 1, 1, 1, 1, 0, 1, 1, 1 ], 
  [ 1, 0, 0, 0, 0, 1, 0, 1, 0, 0, 0, 0 ], 
  [ 0, 0, 0, 1, 1, 0, 0, 0, 1, 1, 1, 0 ], 
  [ 1, 0, 0, 0, 1, 1, 1, 1, 1, 1, 0, 1 ], 
  [ 1, 0, 0, 1, 1, 1, 1, 0, 1, 0, 1, 0 ], 
  [ 1, 0, 1, 0, 0, 1, 0, 1, 1, 0, 1, 1 ], 
  [ 0, 1, 1, 1, 1, 1, 0, 1, 1, 0, 1, 1 ] ]
CLASS q=2 n=6 order=8 size=140016638361600 M=
[ [ 1, 1, 0, 0, 0, 0, 1, 0, 0, 0, 0, 1 ], 
  [ 1, 0, 1, 1, 0, 1, 1, 0, 1, 1, 0, 1 ], 
  [ 1, 1, 1, 0, 0, 1, 0, 1, 0, 0, 1, 1 ], 
  [ 1, 0, 0, 0, 0, 0, 0, 0, 1, 0, 1, 1 ], 
  [ 1, 0, 1, 0, 1, 0, 1, 1, 0, 1, 0, 1 ], 
  [ 0, 0, 0, 0, 0, 1, 0, 0, 0, 0, 0, 0 ], 
  [ 0, 0, 1, 1, 0, 0, 0, 1, 1, 1, 1, 0 ], 
  [ 0, 1, 1, 1, 0, 0, 0, 0, 1, 1, 1, 1 ], 
  [ 1, 1, 0, 1, 0, 0, 1, 0, 1, 1, 0, 0 ], 
  [ 1, 0, 0, 0, 0, 1, 1, 1, 1, 0, 0, 0 ], 
  [ 0, 0, 0, 1, 0, 1, 1, 1, 1, 0, 1, 1 ], 
  [ 0, 0, 1, 0, 0, 1, 0, 0, 1, 0, 0, 0 ] ]
CLASS q=2 n=6 order=20 size=1129094171747942400 M=
[ [ 0, 1, 1, 0, 0, 0, 0, 1, 1, 0, 1, 0 ], 
  [ 0, 1, 1, 0, 1, 0, 0, 0, 1, 1, 1, 0 ], 
  [ 0, 1, 1, 0, 1, 1, 1, 0, 0, 1, 0, 0 ], 
  [ 1, 0, 1, 1, 0, 0, 0, 1, 0, 1, 0, 1 ], 
  [ 0, 1, 1, 0, 1, 1, 1, 0, 0, 1, 1, 0 ], 
  [ 0, 0, 1, 1, 1, 1, 1, 1, 0, 1, 1, 1 ], 
  [ 0, 1, 1, 0, 0, 1, 0, 0, 1, 0, 1, 0 ], 
  [ 1, 0, 1, 0, 1, 1, 0, 0, 1, 1, 0, 0 ], 
  [ 1, 0, 1, 0, 1, 0, 1, 1, 1, 0, 1, 0 ], 
  [ 0, 1, 1, 1, 1, 1, 1, 1, 0, 0, 0, 0 ], 
  [ 0, 0, 1, 1, 0, 1, 0, 1, 1, 1, 1, 0 ], 
  [ 1, 0, 0, 0, 1, 0, 1, 1, 1, 0, 0, 0 ] ]
CLASS q=2 n=6 order=40 size=108393040487802470400 M=
[ [ 0, 1, 1, 1, 0, 1, 1, 0, 0, 0, 1, 1 ], 
  [ 1, 1, 1, 0, 1, 0, 0, 1, 1, 1, 1, 0 ], 
  [ 0, 0, 1, 1, 0, 1, 0, 1, 0, 1, 0, 1 ], 
  [ 0, 1, 0, 0, 0, 0, 0, 1, 0, 1, 1, 0 ], 
  [ 0, 1, 1, 0, 1, 1, 1, 0, 1, 0, 0, 0 ], 
  [ 1, 0, 0, 1, 0, 1, 1, 0, 1, 0, 1, 1 ], 
  [ 1, 0, 1, 1, 1, 1, 1, 0, 1, 0, 1, 1 ], 
  [ 0, 1, 0, 1, 1, 0, 1, 0, 0, 0, 1, 1 ], 
  [ 1, 1, 1, 1, 0, 1, 0, 0, 0, 1, 0, 1 ], 
  [ 0, 0, 1, 0, 0, 0, 1, 0, 0, 0, 0, 1 ], 
  [ 0, 0, 1, 0, 0, 0, 0, 0, 1, 0, 0, 1 ], 
  [ 1, 1, 1, 1, 0, 1, 0, 0, 1, 1, 1, 0 ] ]
CLASS q=2 n=6 order=10 size=14113677146849280 M=
[ [ 1, 0, 0, 0, 0, 0, 0, 0, 0, 0, 0, 0 ], 
  [ 0, 1, 0, 0, 1, 0, 1, 1, 1, 0, 1, 1 ], 
  [ 1, 0, 1, 0, 1, 1, 0, 0, 1, 0, 1, 1 ], 
  [ 1, 0, 1, 1, 0, 1, 1, 0, 0, 1, 1, 1 ], 
  [ 0, 0, 1, 1, 1, 1, 0, 0, 1, 1, 0, 0 ], 
  [ 0, 0, 1, 1, 1, 1, 1, 1, 0, 1, 1, 1 ], 
  [ 0, 0, 1, 1, 0, 0, 0, 1, 0, 0, 1, 0 ], 
  [ 0, 0, 0, 1, 1, 0, 0, 0, 1, 1, 1, 0 ], 
  [ 1, 0, 0, 0, 1, 1, 1, 1, 1, 1, 0, 1 ], 
  [ 1, 0, 0, 1, 1, 1, 1, 0, 1, 0, 1, 0 ], 
  [ 0, 0, 0, 1, 0, 0, 0, 1, 1, 0, 0, 1 ], 
  [ 0, 0, 1, 1, 1, 0, 0, 0, 1, 0, 0, 0 ] ]
CLASS q=2 n=6 order=20 size=451637668699176960 M=
[ [ 0, 0, 1, 1, 0, 1, 0, 0, 0, 0, 1, 0 ], 
  [ 0, 0, 0, 0, 1, 1, 0, 0, 1, 1, 0, 0 ], 
  [ 1, 1, 0, 1, 0, 1, 1, 1, 0, 1, 0, 1 ], 
  [ 0, 1, 0, 0, 0, 0, 1, 0, 1, 1, 0, 0 ], 
  [ 0, 1, 0, 1, 1, 1, 1, 0, 1, 1, 0, 0 ], 
  [ 1, 0, 0, 1, 0, 1, 1, 0, 1, 0, 1, 1 ], 
  [ 0, 0, 1, 1, 1, 0, 0, 1, 0, 1, 1, 1 ], 
  [ 1, 0, 0, 1, 1, 1, 1, 1, 1, 1, 1, 0 ], 
  [ 0, 0, 0, 1, 0, 0, 1, 0, 1, 1, 0, 1 ], 
  [ 1, 0, 0, 1, 0, 0, 0, 1, 0, 0, 0, 1 ], 
  [ 1, 0, 0, 0, 0, 0, 1, 1, 0, 0, 1, 0 ], 
  [ 0, 1, 1, 1, 0, 1, 1, 1, 1, 0, 1, 0 ] ]
CLASS q=2 n=6 order=4 size=1093879987200 M=
[ [ 1, 1, 1, 1, 0, 0, 0, 1, 0, 0, 0, 1 ], 
  [ 1, 0, 0, 0, 0, 1, 0, 1, 1, 1, 0, 1 ], 
  [ 1, 0, 1, 0, 0, 1, 1, 1, 0, 0, 1, 0 ], 
  [ 1, 0, 0, 1, 0, 1, 1, 1, 0, 0, 1, 0 ], 
  [ 1, 1, 0, 0, 1, 1, 0, 1, 1, 1, 0, 1 ], 
  [ 0, 0, 0, 0, 0, 1, 0, 0, 0, 0, 0, 0 ], 
  [ 0, 1, 0, 0, 0, 0, 0, 0, 1, 1, 1, 1 ], 
  [ 0, 0, 1, 1, 0, 0, 1, 0, 1, 1, 1, 0 ], 
  [ 1, 0, 0, 0, 0, 1, 1, 1, 0, 1, 0, 0 ], 
  [ 1, 0, 0, 0, 0, 1, 1, 1, 1, 0, 0, 0 ], 
  [ 0, 1, 1, 1, 0, 0, 0, 1, 0, 0, 1, 1 ], 
  [ 0, 1, 0, 0, 0, 0, 1, 0, 0, 0, 0, 0 ] ]
CLASS q=2 n=6 order=6 size=235227952447488000 M=
[ [ 1, 0, 1, 1, 0, 1, 1, 0, 0, 0, 0, 0 ], 
  [ 0, 1, 1, 0, 0, 1, 0, 1, 0, 1, 0, 0 ], 
  [ 1, 1, 1, 1, 1, 0, 1, 0, 0, 0, 0, 0 ], 
  [ 1, 1, 1, 1, 0, 0, 1, 1, 1, 1, 0, 0 ], 
  [ 0, 1, 1, 0, 1, 1, 1, 1, 0, 0, 0, 1 ], 
  [ 0, 0, 1, 1, 1, 1, 1, 1, 1, 1, 0, 1 ], 
  [ 0, 0, 0, 0, 0, 0, 0, 0, 0, 0, 0, 1 ], 
  [ 0, 1, 1, 1, 1, 1, 0, 0, 0, 1, 1, 0 ], 
  [ 1, 0, 0, 0, 1, 0, 1, 1, 1, 0, 0, 1 ], 
  [ 1, 0, 0, 0, 0, 1, 0, 0, 1, 0, 0, 1 ], 
  [ 1, 0, 1, 1, 1, 0, 0, 1, 1, 1, 0, 1 ], 
  [ 1, 0, 0, 1, 1, 0, 1, 0, 0, 1, 0, 1 ] ]
CLASS q=2 n=6 order=4 size=2144862720 M=
[ [ 1, 1, 0, 0, 1, 0, 1, 1, 0, 1, 1, 0 ], 
  [ 0, 1, 0, 0, 0, 0, 0, 0, 0, 0, 0, 0 ], 
  [ 0, 1, 1, 0, 1, 1, 0, 1, 1, 0, 1, 0 ], 
  [ 0, 1, 0, 1, 1, 1, 0, 1, 1, 0, 1, 0 ], 
  [ 0, 1, 1, 1, 0, 0, 1, 1, 1, 0, 1, 0 ], 
  [ 0, 1, 0, 0, 1, 1, 1, 1, 0, 1, 1, 0 ], 
  [ 0, 1, 0, 0, 1, 0, 0, 1, 0, 1, 1, 0 ], 
  [ 0, 0, 1, 1, 0, 0, 0, 1, 1, 1, 0, 0 ], 
  [ 0, 1, 1, 1, 1, 1, 0, 1, 1, 1, 1, 0 ], 
  [ 0, 0, 1, 1, 0, 1, 1, 0, 0, 1, 0, 0 ], 
  [ 0, 0, 0, 0, 0, 0, 0, 0, 0, 0, 1, 0 ], 
  [ 0, 1, 0, 0, 1, 0, 1, 1, 0, 1, 1, 1 ] ]
CLASS q=2 n=6 order=12 size=125454907971993600 M=
[ [ 1, 1, 1, 1, 1, 1, 0, 1, 0, 1, 1, 0 ], 
  [ 0, 1, 0, 1, 1, 0, 0, 0, 0, 1, 1, 0 ], 
  [ 1, 0, 1, 1, 0, 0, 1, 1, 0, 1, 0, 0 ], 
  [ 1, 0, 1, 0, 1, 1, 1, 1, 0, 0, 1, 1 ], 
  [ 0, 0, 0, 1, 1, 0, 0, 1, 0, 1, 1, 0 ], 
  [ 1, 1, 0, 0, 1, 1, 0, 1, 0, 1, 0, 0 ], 
  [ 1, 1, 1, 0, 0, 1, 1, 1, 0, 0, 1, 1 ], 
  [ 0, 1, 0, 0, 1, 1, 0, 0, 1, 0, 1, 0 ], 
  [ 1, 1, 1, 1, 1, 1, 1, 1, 1, 1, 0, 0 ], 
  [ 1, 0, 1, 0, 1, 1, 1, 0, 0, 0, 0, 1 ], 
  [ 0, 0, 1, 1, 1, 0, 0, 1, 1, 1, 1, 0 ], 
  [ 0, 1, 0, 0, 1, 0, 0, 1, 0, 1, 1, 0 ] ]
CLASS q=2 n=6 order=6 size=167273210629324800 M=
[ [ 1, 1, 1, 1, 1, 0, 0, 1, 1, 1, 1, 0 ], 
  [ 0, 0, 1, 1, 1, 0, 1, 1, 0, 0, 1, 0 ], 
  [ 0, 0, 1, 0, 1, 1, 1, 1, 1, 0, 0, 0 ], 
  [ 0, 0, 1, 0, 1, 0, 1, 1, 1, 0, 1, 1 ], 
  [ 1, 0, 0, 1, 1, 0, 1, 1, 0, 0, 0, 1 ], 
  [ 1, 1, 0, 0, 0, 0, 0, 0, 0, 0, 0, 0 ], 
  [ 1, 1, 1, 1, 0, 0, 1, 0, 0, 0, 1, 1 ], 
  [ 0, 0, 0, 0, 0, 1, 0, 1, 1, 0, 0, 0 ], 
  [ 0, 0, 1, 1, 1, 0, 1, 1, 1, 0, 1, 0 ], 
  [ 0, 0, 1, 1, 1, 0, 0, 1, 0, 1, 0, 1 ], 
  [ 0, 0, 1, 0, 0, 1, 0, 1, 1, 0, 1, 1 ], 
  [ 1, 1, 0, 1, 0, 0, 0, 1, 1, 0, 0, 0 ] ]
CLASS q=2 n=6 order=12 size=15054588956639232000 M=
[ [ 0, 1, 0, 1, 0, 1, 0, 1, 1, 1, 1, 0 ], 
  [ 0, 1, 0, 0, 1, 1, 0, 1, 0, 0, 1, 0 ], 
  [ 1, 0, 1, 1, 0, 0, 0, 1, 0, 1, 1, 1 ], 
  [ 1, 1, 0, 1, 0, 0, 1, 0, 1, 1, 1, 0 ], 
  [ 0, 0, 1, 1, 1, 1, 1, 0, 0, 0, 0, 1 ], 
  [ 1, 1, 0, 1, 0, 0, 0, 1, 0, 0, 1, 1 ], 
  [ 1, 0, 0, 0, 0, 1, 0, 0, 1, 0, 1, 0 ], 
  [ 1, 1, 0, 1, 0, 0, 1, 0, 0, 0, 1, 0 ], 
  [ 0, 0, 1, 1, 1, 1, 0, 1, 1, 1, 1, 0 ], 
  [ 0, 0, 0, 1, 0, 0, 1, 1, 1, 1, 0, 1 ], 
  [ 0, 1, 0, 0, 1, 0, 1, 1, 0, 0, 0, 0 ], 
  [ 1, 0, 0, 1, 0, 0, 1, 1, 0, 0, 0, 0 ] ]
CLASS q=2 n=6 order=12 size=30109177913278464000 M=
[ [ 0, 1, 1, 1, 1, 1, 0, 1, 0, 1, 0, 1 ], 
  [ 0, 1, 1, 0, 0, 1, 0, 1, 1, 0, 0, 1 ], 
  [ 0, 0, 1, 1, 1, 0, 0, 0, 0, 1, 1, 1 ], 
  [ 1, 1, 1, 1, 0, 1, 1, 0, 1, 1, 0, 1 ], 
  [ 1, 1, 0, 1, 1, 0, 0, 0, 1, 1, 0, 0 ], 
  [ 0, 1, 0, 0, 0, 1, 1, 0, 0, 1, 0, 1 ], 
  [ 0, 0, 1, 0, 0, 0, 1, 0, 0, 1, 0, 1 ], 
  [ 1, 1, 0, 0, 0, 0, 1, 1, 1, 1, 1, 0 ], 
  [ 0, 0, 0, 1, 1, 1, 0, 0, 0, 1, 1, 1 ], 
  [ 1, 1, 1, 1, 0, 1, 0, 1, 1, 1, 1, 1 ], 
  [ 0, 0, 1, 1, 1, 1, 0, 1, 0, 0, 0, 1 ], 
  [ 0, 0, 0, 1, 1, 0, 0, 1, 1, 1, 1, 1 ] ]
CLASS q=2 n=6 order=6 size=2509098159439872000 M=
[ [ 0, 1, 0, 0, 0, 1, 0, 1, 0, 1, 0, 0 ], 
  [ 1, 1, 0, 1, 0, 1, 0, 1, 0, 0, 0, 0 ], 
  [ 1, 0, 0, 0, 1, 1, 0, 1, 0, 0, 0, 1 ], 
  [ 0, 1, 0, 0, 0, 0, 1, 1, 1, 0, 1, 1 ], 
  [ 0, 0, 1, 0, 1, 0, 0, 1, 1, 1, 1, 1 ], 
  [ 0, 0, 1, 1, 0, 1, 1, 0, 1, 0, 0, 1 ], 
  [ 0, 1, 1, 0, 0, 1, 0, 1, 0, 0, 0, 1 ], 
  [ 0, 0, 1, 1, 1, 0, 0, 0, 1, 0, 1, 1 ], 
  [ 1, 0, 0, 1, 1, 0, 0, 0, 0, 1, 1, 1 ], 
  [ 1, 0, 0, 0, 1, 1, 0, 0, 0, 1, 0, 0 ], 
  [ 1, 1, 1, 1, 0, 1, 1, 1, 0, 0, 1, 0 ], 
  [ 1, 0, 1, 0, 0, 1, 0, 1, 1, 1, 1, 0 ] ]
CLASS q=2 n=6 order=12 size=2007278527551897600 M=
[ [ 0, 0, 0, 0, 1, 0, 0, 0, 0, 1, 1, 1 ], 
  [ 0, 1, 0, 0, 1, 0, 1, 0, 1, 0, 1, 1 ], 
  [ 0, 0, 1, 0, 1, 1, 1, 0, 0, 0, 1, 0 ], 
  [ 0, 1, 0, 0, 0, 1, 1, 1, 0, 1, 0, 1 ], 
  [ 0, 1, 1, 1, 0, 1, 1, 0, 1, 1, 0, 0 ], 
  [ 1, 1, 1, 1, 1, 1, 0, 0, 1, 0, 1, 1 ], 
  [ 0, 0, 1, 1, 0, 0, 1, 0, 1, 1, 0, 1 ], 
  [ 1, 0, 1, 0, 1, 0, 1, 0, 0, 1, 1, 1 ], 
  [ 0, 0, 0, 0, 0, 1, 0, 0, 0, 0, 0, 1 ], 
  [ 1, 1, 1, 0, 1, 0, 1, 1, 0, 0, 0, 0 ], 
  [ 0, 1, 1, 0, 1, 0, 0, 1, 1, 0, 1, 0 ], 
  [ 0, 0, 1, 0, 1, 0, 0, 0, 0, 0, 1, 1 ] ]
CLASS q=2 n=6 order=4 size=22971479731200 M=
[ [ 0, 1, 0, 0, 1, 0, 0, 0, 0, 1, 0, 0 ], 
  [ 0, 1, 1, 1, 1, 0, 1, 0, 1, 1, 1, 0 ], 
  [ 1, 1, 1, 0, 0, 1, 1, 1, 0, 1, 0, 1 ], 
  [ 1, 1, 1, 1, 1, 0, 1, 0, 1, 1, 1, 1 ], 
  [ 1, 0, 1, 0, 0, 0, 1, 1, 1, 1, 0, 1 ], 
  [ 0, 1, 0, 1, 0, 0, 1, 0, 0, 1, 1, 0 ], 
  [ 0, 1, 0, 1, 1, 0, 1, 1, 0, 1, 1, 1 ], 
  [ 0, 1, 0, 0, 0, 0, 0, 0, 0, 0, 1, 0 ], 
  [ 1, 1, 1, 1, 1, 1, 0, 1, 0, 0, 1, 1 ], 
  [ 1, 1, 1, 0, 1, 0, 1, 0, 1, 0, 1, 1 ], 
  [ 1, 0, 0, 0, 0, 1, 1, 0, 0, 1, 0, 1 ], 
  [ 0, 0, 0, 1, 1, 0, 0, 0, 0, 1, 0, 0 ] ]
CLASS q=2 n=6 order=12 size=58806988111872000 M=
[ [ 0, 0, 0, 1, 0, 0, 0, 0, 1, 1, 1, 0 ], 
  [ 1, 1, 0, 1, 1, 1, 1, 1, 1, 1, 1, 1 ], 
  [ 0, 1, 0, 1, 0, 1, 1, 1, 1, 1, 0, 0 ], 
  [ 0, 1, 0, 1, 1, 1, 1, 1, 1, 1, 1, 0 ], 
  [ 1, 1, 1, 0, 1, 1, 1, 0, 1, 1, 1, 1 ], 
  [ 0, 0, 0, 0, 1, 0, 1, 0, 1, 1, 0, 0 ], 
  [ 0, 0, 0, 0, 0, 0, 0, 0, 1, 1, 0, 0 ], 
  [ 0, 1, 0, 1, 0, 1, 1, 0, 1, 0, 1, 1 ], 
  [ 1, 1, 1, 1, 1, 1, 0, 1, 0, 0, 1, 1 ], 
  [ 0, 1, 0, 1, 1, 0, 1, 0, 0, 0, 1, 0 ], 
  [ 0, 0, 1, 1, 0, 1, 0, 1, 1, 1, 0, 1 ], 
  [ 0, 1, 0, 0, 0, 0, 0, 0, 1, 1, 1, 0 ] ]
CLASS q=2 n=6 order=8 size=8821048216780800 M=
[ [ 0, 1, 0, 0, 0, 1, 1, 1, 1, 1, 0, 1 ], 
  [ 0, 0, 0, 1, 1, 0, 0, 1, 0, 1, 0, 1 ], 
  [ 1, 1, 0, 0, 1, 1, 1, 0, 0, 1, 0, 0 ], 
  [ 0, 0, 1, 1, 1, 1, 0, 1, 0, 0, 0, 0 ], 
  [ 0, 0, 0, 1, 0, 1, 0, 0, 1, 1, 0, 0 ], 
  [ 0, 1, 1, 0, 0, 0, 1, 1, 0, 0, 0, 0 ], 
  [ 0, 1, 0, 0, 1, 1, 0, 0, 1, 0, 0, 1 ], 
  [ 1, 1, 1, 1, 1, 1, 0, 0, 0, 0, 0, 1 ], 
  [ 1, 0, 1, 1, 0, 1, 1, 1, 1, 0, 0, 1 ], 
  [ 0, 0, 1, 1, 0, 0, 0, 1, 1, 0, 0, 0 ], 
  [ 1, 1, 0, 1, 1, 1, 1, 1, 1, 0, 1, 0 ], 
  [ 0, 0, 0, 0, 0, 0, 0, 0, 0, 0, 0, 1 ] ]
CLASS q=2 n=6 order=24 size=5645470858739712000 M=
[ [ 0, 0, 0, 1, 0, 1, 1, 0, 0, 0, 1, 1 ], 
  [ 0, 0, 1, 1, 1, 1, 0, 0, 1, 1, 1, 0 ], 
  [ 0, 1, 1, 0, 0, 0, 1, 1, 0, 1, 0, 0 ], 
  [ 1, 0, 1, 1, 0, 1, 1, 1, 1, 1, 1, 1 ], 
  [ 0, 1, 1, 0, 0, 0, 1, 0, 1, 1, 0, 1 ], 
  [ 0, 1, 0, 0, 1, 1, 0, 1, 1, 0, 1, 1 ], 
  [ 0, 1, 1, 0, 0, 0, 0, 0, 0, 1, 1, 0 ], 
  [ 1, 1, 0, 0, 0, 1, 0, 1, 0, 1, 1, 0 ], 
  [ 1, 1, 0, 1, 0, 1, 0, 0, 0, 0, 0, 0 ], 
  [ 0, 0, 1, 1, 0, 0, 1, 1, 1, 1, 0, 0 ], 
  [ 0, 1, 1, 1, 0, 0, 0, 0, 1, 1, 1, 0 ], 
  [ 1, 1, 1, 1, 1, 1, 1, 0, 1, 0, 1, 1 ] ]
CLASS q=2 n=6 order=12 size=44105241083904000 M=
[ [ 0, 1, 1, 1, 1, 0, 1, 0, 0, 0, 1, 1 ], 
  [ 0, 0, 1, 1, 0, 1, 0, 1, 1, 0, 0, 1 ], 
  [ 1, 0, 0, 1, 1, 1, 1, 0, 1, 1, 0, 1 ], 
  [ 0, 1, 1, 1, 1, 0, 0, 1, 0, 1, 0, 1 ], 
  [ 0, 1, 1, 1, 1, 1, 1, 0, 0, 0, 0, 1 ], 
  [ 1, 1, 0, 1, 1, 0, 1, 0, 1, 1, 0, 0 ], 
  [ 0, 1, 1, 0, 0, 1, 1, 0, 1, 0, 0, 0 ], 
  [ 0, 1, 1, 1, 0, 0, 0, 0, 0, 0, 0, 0 ], 
  [ 0, 0, 1, 1, 1, 0, 0, 0, 1, 0, 1, 1 ], 
  [ 0, 1, 0, 0, 1, 0, 1, 0, 0, 1, 1, 1 ], 
  [ 0, 1, 0, 0, 0, 1, 1, 1, 0, 1, 0, 0 ], 
  [ 1, 1, 1, 0, 0, 1, 1, 0, 1, 1, 1, 0 ] ]
CLASS q=2 n=6 order=12 size=22581883434958848000 M=
[ [ 0, 1, 1, 1, 0, 1, 1, 1, 0, 1, 0, 1 ], 
  [ 1, 0, 0, 0, 0, 0, 0, 0, 1, 1, 1, 1 ], 
  [ 1, 0, 0, 1, 0, 1, 1, 1, 1, 0, 1, 0 ], 
  [ 0, 1, 1, 1, 1, 1, 0, 1, 0, 1, 0, 0 ], 
  [ 1, 1, 1, 1, 0, 1, 1, 1, 1, 1, 0, 1 ], 
  [ 1, 0, 1, 1, 0, 0, 1, 0, 0, 1, 0, 1 ], 
  [ 0, 0, 0, 0, 1, 0, 1, 0, 0, 0, 0, 0 ], 
  [ 1, 0, 0, 1, 0, 0, 1, 1, 1, 0, 1, 0 ], 
  [ 1, 0, 1, 1, 0, 1, 1, 1, 1, 0, 0, 1 ], 
  [ 1, 0, 0, 1, 0, 1, 1, 1, 0, 0, 0, 0 ], 
  [ 1, 1, 1, 1, 0, 0, 0, 0, 1, 1, 0, 1 ], 
  [ 1, 1, 0, 1, 0, 1, 0, 1, 1, 1, 0, 1 ] ]
CLASS q=2 n=6 order=8 size=529262893006848000 M=
[ [ 0, 1, 1, 0, 1, 1, 1, 1, 1, 0, 1, 1 ], 
  [ 1, 0, 1, 1, 1, 0, 1, 0, 0, 0, 0, 1 ], 
  [ 0, 1, 0, 1, 1, 1, 0, 0, 0, 1, 1, 1 ], 
  [ 1, 0, 0, 1, 1, 0, 1, 1, 0, 0, 0, 1 ], 
  [ 1, 0, 0, 0, 1, 0, 0, 1, 0, 1, 1, 1 ], 
  [ 0, 0, 0, 0, 1, 1, 0, 1, 0, 1, 0, 0 ], 
  [ 0, 1, 0, 0, 1, 1, 0, 0, 0, 0, 0, 0 ], 
  [ 1, 1, 0, 0, 0, 0, 0, 0, 0, 0, 1, 0 ], 
  [ 1, 0, 0, 1, 0, 1, 1, 1, 0, 1, 1, 1 ], 
  [ 1, 0, 0, 0, 1, 0, 0, 0, 1, 1, 0, 1 ], 
  [ 1, 1, 1, 0, 1, 0, 0, 0, 1, 0, 0, 0 ], 
  [ 0, 0, 1, 0, 1, 1, 0, 1, 0, 0, 1, 0 ] ]
CLASS q=2 n=6 order=24 size=1083930404878024704000 M=
[ [ 0, 1, 0, 1, 1, 0, 0, 1, 1, 1, 1, 0 ], 
  [ 0, 0, 1, 1, 1, 1, 1, 0, 0, 0, 0, 0 ], 
  [ 0, 0, 1, 1, 0, 0, 1, 0, 0, 0, 0, 0 ], 
  [ 1, 0, 0, 0, 1, 0, 0, 1, 1, 0, 0, 0 ], 
  [ 1, 0, 1, 0, 0, 0, 0, 1, 0, 0, 1, 0 ], 
  [ 1, 1, 1, 1, 0, 0, 1, 0, 1, 0, 1, 0 ], 
  [ 0, 1, 0, 0, 1, 1, 1, 0, 1, 1, 0, 0 ], 
  [ 1, 0, 0, 0, 1, 1, 0, 0, 1, 1, 0, 0 ], 
  [ 1, 0, 0, 1, 0, 0, 1, 1, 1, 1, 1, 0 ], 
  [ 1, 1, 1, 1, 1, 1, 1, 0, 0, 1, 1, 1 ], 
  [ 1, 0, 0, 1, 0, 0, 1, 1, 1, 1, 0, 0 ], 
  [ 0, 0, 0, 0, 0, 0, 1, 0, 1, 1, 0, 1 ] ]
CLASS q=2 n=6 order=6 size=1991347745587200 M=
[ [ 1, 1, 0, 1, 0, 1, 1, 1, 1, 0, 1, 1 ], 
  [ 1, 1, 0, 0, 0, 1, 0, 1, 1, 1, 0, 1 ], 
  [ 0, 0, 1, 1, 1, 0, 0, 1, 1, 0, 0, 1 ], 
  [ 1, 0, 1, 0, 0, 0, 0, 0, 1, 0, 0, 0 ], 
  [ 0, 1, 0, 0, 1, 1, 0, 0, 1, 1, 0, 1 ], 
  [ 0, 0, 1, 1, 1, 1, 0, 1, 0, 1, 0, 0 ], 
  [ 1, 0, 0, 1, 1, 1, 1, 0, 0, 1, 0, 0 ], 
  [ 1, 0, 1, 1, 0, 1, 1, 1, 0, 1, 1, 0 ], 
  [ 1, 1, 0, 1, 0, 1, 0, 0, 0, 0, 0, 0 ], 
  [ 1, 1, 0, 0, 1, 1, 0, 1, 0, 1, 0, 1 ], 
  [ 0, 1, 0, 1, 1, 0, 1, 1, 1, 0, 0, 0 ], 
  [ 1, 0, 1, 1, 0, 1, 1, 0, 0, 1, 1, 1 ] ]
CLASS q=2 n=6 order=12 size=3763647239159808000 M=
[ [ 0, 0, 1, 1, 1, 0, 1, 0, 0, 1, 1, 1 ], 
  [ 0, 0, 0, 1, 1, 0, 1, 0, 1, 1, 0, 1 ], 
  [ 1, 1, 1, 1, 1, 0, 1, 0, 1, 1, 1, 0 ], 
  [ 0, 0, 1, 1, 1, 1, 1, 0, 1, 0, 1, 1 ], 
  [ 1, 1, 0, 1, 1, 0, 1, 0, 0, 1, 1, 0 ], 
  [ 0, 0, 0, 1, 1, 1, 1, 0, 1, 0, 0, 1 ], 
  [ 0, 0, 0, 0, 1, 0, 0, 1, 1, 0, 0, 0 ], 
  [ 1, 1, 0, 0, 1, 0, 1, 1, 1, 0, 0, 0 ], 
  [ 1, 0, 0, 0, 1, 1, 1, 1, 1, 0, 1, 0 ], 
  [ 1, 1, 1, 0, 0, 1, 1, 0, 0, 0, 0, 0 ], 
  [ 0, 1, 1, 0, 0, 1, 1, 1, 0, 0, 1, 0 ], 
  [ 0, 1, 0, 0, 0, 0, 0, 1, 0, 0, 1, 0 ] ]
CLASS q=2 n=6 order=4 size=1378288783872000 M=
[ [ 0, 1, 1, 1, 0, 0, 0, 0, 0, 1, 1, 1 ], 
  [ 1, 1, 0, 0, 1, 0, 1, 1, 0, 0, 1, 1 ], 
  [ 1, 0, 0, 0, 1, 0, 1, 1, 0, 1, 0, 1 ], 
  [ 1, 0, 0, 0, 0, 1, 1, 1, 1, 1, 1, 1 ], 
  [ 1, 0, 0, 1, 1, 1, 1, 1, 0, 1, 1, 1 ], 
  [ 0, 0, 1, 0, 0, 1, 0, 0, 0, 1, 1, 0 ], 
  [ 0, 1, 1, 1, 1, 0, 0, 1, 0, 1, 0, 0 ], 
  [ 0, 1, 1, 1, 1, 0, 1, 0, 0, 1, 0, 0 ], 
  [ 1, 1, 0, 0, 1, 1, 0, 0, 0, 1, 0, 1 ], 
  [ 0, 1, 0, 1, 1, 1, 1, 1, 1, 1, 1, 1 ], 
  [ 0, 1, 0, 0, 0, 1, 1, 1, 0, 1, 0, 0 ], 
  [ 1, 1, 1, 0, 1, 1, 0, 0, 1, 0, 1, 0 ] ]
CLASS q=2 n=6 order=4 size=137828878387200 M=
[ [ 1, 1, 1, 0, 1, 0, 0, 0, 1, 1, 1, 0 ], 
  [ 1, 0, 0, 0, 0, 1, 0, 0, 0, 1, 0, 0 ], 
  [ 0, 1, 1, 1, 1, 0, 0, 0, 0, 1, 0, 1 ], 
  [ 1, 0, 1, 0, 0, 0, 1, 1, 0, 0, 1, 1 ], 
  [ 0, 0, 1, 1, 1, 1, 1, 1, 1, 0, 0, 1 ], 
  [ 1, 0, 0, 0, 1, 0, 0, 1, 1, 1, 0, 1 ], 
  [ 1, 0, 0, 1, 0, 1, 1, 1, 0, 1, 1, 0 ], 
  [ 1, 1, 1, 1, 0, 0, 1, 0, 1, 1, 0, 1 ], 
  [ 0, 0, 0, 0, 1, 1, 1, 0, 1, 1, 0, 1 ], 
  [ 1, 0, 0, 1, 1, 0, 1, 1, 1, 1, 1, 0 ], 
  [ 0, 1, 0, 1, 0, 0, 0, 1, 1, 0, 0, 1 ], 
  [ 0, 1, 1, 0, 0, 0, 0, 1, 1, 0, 0, 0 ] ]
CLASS q=2 n=6 order=12 size=5645470858739712000 M=
[ [ 0, 1, 1, 1, 0, 0, 1, 1, 0, 1, 0, 0 ], 
  [ 1, 1, 0, 0, 0, 0, 1, 1, 0, 0, 0, 1 ], 
  [ 0, 0, 1, 1, 0, 1, 1, 0, 1, 1, 1, 0 ], 
  [ 1, 1, 1, 1, 1, 0, 1, 0, 0, 1, 1, 1 ], 
  [ 1, 0, 0, 0, 1, 1, 0, 0, 1, 0, 1, 0 ], 
  [ 0, 0, 1, 0, 0, 0, 1, 1, 1, 0, 0, 1 ], 
  [ 1, 1, 0, 1, 0, 1, 1, 1, 0, 1, 0, 1 ], 
  [ 0, 0, 0, 0, 0, 1, 1, 0, 1, 0, 1, 1 ], 
  [ 0, 0, 0, 0, 1, 0, 0, 1, 1, 0, 1, 1 ], 
  [ 0, 0, 1, 1, 1, 0, 0, 0, 0, 1, 0, 0 ], 
  [ 1, 0, 0, 1, 1, 0, 1, 0, 1, 0, 0, 1 ], 
  [ 1, 0, 1, 1, 1, 0, 1, 0, 0, 0, 0, 1 ] ]
CLASS q=2 n=6 order=4 size=33078930812928000 M=
[ [ 1, 1, 1, 1, 1, 1, 0, 1, 0, 1, 1, 0 ], 
  [ 0, 1, 0, 0, 1, 1, 1, 1, 0, 1, 0, 1 ], 
  [ 0, 0, 0, 1, 0, 1, 0, 0, 0, 1, 1, 0 ], 
  [ 1, 1, 1, 0, 1, 0, 1, 0, 0, 0, 1, 1 ], 
  [ 0, 0, 0, 1, 1, 0, 1, 0, 1, 0, 1, 0 ], 
  [ 0, 0, 0, 0, 1, 0, 0, 0, 0, 0, 1, 1 ], 
  [ 0, 0, 0, 0, 1, 0, 0, 0, 1, 0, 0, 0 ], 
  [ 1, 0, 0, 1, 0, 1, 1, 0, 1, 0, 0, 1 ], 
  [ 0, 0, 1, 1, 0, 1, 0, 1, 1, 1, 1, 0 ], 
  [ 0, 1, 0, 1, 1, 0, 0, 0, 1, 0, 0, 0 ], 
  [ 1, 1, 1, 0, 1, 0, 0, 0, 1, 0, 1, 1 ], 
  [ 0, 0, 0, 1, 0, 0, 1, 1, 1, 0, 1, 1 ] ]
CLASS q=2 n=6 order=4 size=2205262054195200 M=
[ [ 1, 1, 0, 0, 1, 0, 0, 0, 0, 0, 0, 0 ], 
  [ 0, 1, 0, 0, 1, 0, 1, 0, 1, 0, 0, 0 ], 
  [ 0, 1, 0, 1, 0, 1, 1, 0, 1, 1, 1, 0 ], 
  [ 1, 0, 1, 0, 0, 1, 0, 0, 1, 0, 0, 0 ], 
  [ 1, 1, 1, 1, 1, 0, 1, 0, 1, 1, 0, 1 ], 
  [ 0, 0, 1, 0, 1, 0, 0, 1, 0, 1, 0, 0 ], 
  [ 1, 1, 0, 0, 0, 0, 0, 0, 0, 1, 1, 0 ], 
  [ 1, 0, 1, 0, 0, 1, 1, 0, 0, 0, 1, 0 ], 
  [ 1, 1, 1, 1, 1, 0, 0, 0, 1, 1, 0, 1 ], 
  [ 1, 1, 1, 0, 1, 0, 1, 1, 1, 0, 1, 1 ], 
  [ 0, 1, 0, 0, 0, 1, 1, 0, 0, 1, 1, 1 ], 
  [ 0, 1, 1, 1, 1, 1, 0, 0, 0, 1, 1, 1 ] ]
CLASS q=2 n=6 order=8 size=8468206288109568000 M=
[ [ 1, 1, 1, 1, 0, 1, 1, 1, 1, 1, 1, 1 ], 
  [ 1, 0, 1, 1, 0, 0, 1, 1, 1, 1, 0, 0 ], 
  [ 1, 0, 0, 0, 0, 0, 1, 1, 1, 1, 1, 0 ], 
  [ 0, 1, 0, 1, 1, 0, 1, 0, 0, 1, 1, 0 ], 
  [ 0, 1, 0, 1, 0, 0, 1, 0, 1, 0, 1, 1 ], 
  [ 1, 0, 0, 0, 1, 1, 0, 0, 0, 0, 0, 0 ], 
  [ 0, 0, 1, 0, 1, 1, 1, 1, 0, 1, 0, 1 ], 
  [ 0, 0, 1, 1, 1, 1, 1, 1, 1, 1, 1, 0 ], 
  [ 1, 0, 0, 0, 0, 0, 0, 1, 0, 1, 1, 0 ], 
  [ 1, 1, 1, 1, 0, 1, 0, 1, 0, 0, 1, 0 ], 
  [ 1, 1, 0, 0, 0, 1, 0, 1, 1, 1, 1, 0 ], 
  [ 0, 1, 1, 1, 1, 0, 0, 0, 1, 0, 1, 0 ] ]
CLASS q=2 n=6 order=12 size=22581883434958848000 M=
[ [ 1, 0, 0, 0, 0, 1, 1, 1, 1, 1, 1, 0 ], 
  [ 0, 0, 0, 1, 1, 1, 0, 1, 0, 1, 0, 0 ], 
  [ 1, 1, 1, 1, 1, 0, 0, 0, 0, 0, 1, 0 ], 
  [ 1, 0, 0, 0, 1, 0, 1, 0, 0, 0, 1, 0 ], 
  [ 0, 1, 0, 0, 1, 0, 0, 0, 1, 0, 1, 1 ], 
  [ 1, 0, 1, 0, 1, 1, 0, 0, 1, 1, 1, 1 ], 
  [ 0, 0, 0, 0, 1, 0, 0, 0, 1, 0, 0, 0 ], 
  [ 0, 1, 1, 1, 1, 0, 1, 0, 1, 1, 0, 1 ], 
  [ 0, 1, 1, 0, 0, 1, 1, 1, 1, 1, 1, 1 ], 
  [ 1, 0, 1, 0, 1, 1, 1, 0, 0, 1, 0, 1 ], 
  [ 0, 0, 1, 1, 0, 1, 1, 0, 1, 1, 1, 1 ], 
  [ 0, 0, 0, 1, 0, 0, 1, 1, 1, 0, 1, 1 ] ]
CLASS q=2 n=6 order=24 size=1083930404878024704000 M=
[ [ 0, 0, 0, 0, 1, 1, 0, 0, 0, 0, 0, 1 ], 
  [ 1, 0, 1, 1, 1, 0, 0, 1, 1, 0, 0, 1 ], 
  [ 0, 0, 1, 1, 1, 1, 1, 1, 1, 0, 0, 0 ], 
  [ 0, 0, 1, 0, 1, 0, 1, 1, 0, 1, 1, 0 ], 
  [ 0, 0, 0, 1, 1, 0, 1, 0, 0, 1, 1, 0 ], 
  [ 0, 1, 1, 0, 0, 0, 0, 1, 0, 0, 0, 1 ], 
  [ 0, 1, 1, 1, 0, 1, 0, 0, 1, 1, 1, 1 ], 
  [ 1, 1, 0, 1, 0, 1, 1, 0, 0, 1, 1, 1 ], 
  [ 0, 0, 1, 1, 0, 1, 0, 1, 0, 0, 1, 1 ], 
  [ 0, 0, 1, 1, 0, 1, 0, 1, 1, 0, 1, 0 ], 
  [ 0, 0, 1, 1, 1, 0, 0, 0, 1, 1, 1, 0 ], 
  [ 1, 1, 1, 1, 1, 1, 0, 0, 1, 0, 0, 1 ] ]
CLASS q=2 n=6 order=4 size=11485739865600 M=
[ [ 1, 0, 0, 1, 1, 1, 0, 0, 1, 0, 0, 0 ], 
  [ 1, 1, 0, 1, 1, 0, 1, 0, 0, 1, 0, 0 ], 
  [ 0, 1, 0, 0, 1, 0, 1, 0, 1, 0, 1, 1 ], 
  [ 0, 0, 1, 1, 0, 0, 1, 1, 0, 1, 1, 0 ], 
  [ 1, 1, 1, 0, 0, 0, 0, 0, 1, 0, 1, 0 ], 
  [ 0, 1, 1, 1, 0, 0, 1, 0, 0, 0, 1, 1 ], 
  [ 0, 0, 1, 1, 1, 1, 0, 1, 1, 1, 1, 0 ], 
  [ 1, 0, 1, 1, 1, 0, 0, 0, 0, 0, 1, 0 ], 
  [ 1, 0, 1, 1, 1, 1, 0, 1, 0, 1, 1, 1 ], 
  [ 1, 1, 1, 1, 0, 1, 0, 0, 0, 1, 1, 0 ], 
  [ 0, 0, 0, 0, 0, 1, 0, 0, 1, 1, 1, 1 ], 
  [ 0, 0, 1, 0, 0, 0, 1, 1, 0, 1, 1, 1 ] ]
CLASS q=2 n=6 order=12 size=376364723915980800 M=
[ [ 1, 0, 0, 1, 1, 1, 0, 0, 1, 0, 0, 0 ], 
  [ 1, 1, 1, 0, 0, 0, 1, 1, 1, 1, 1, 1 ], 
  [ 1, 1, 0, 0, 0, 1, 1, 0, 1, 0, 0, 0 ], 
  [ 1, 0, 0, 0, 0, 0, 0, 0, 1, 0, 1, 1 ], 
  [ 1, 1, 0, 0, 0, 0, 1, 1, 1, 1, 0, 0 ], 
  [ 0, 1, 0, 0, 0, 1, 1, 1, 0, 0, 1, 0 ], 
  [ 1, 0, 0, 0, 1, 1, 1, 0, 0, 0, 1, 1 ], 
  [ 1, 0, 1, 1, 0, 0, 0, 0, 0, 1, 0, 1 ], 
  [ 0, 0, 0, 1, 1, 0, 0, 0, 1, 1, 0, 1 ], 
  [ 0, 1, 0, 1, 0, 1, 0, 1, 0, 0, 0, 1 ], 
  [ 0, 0, 1, 0, 1, 0, 1, 1, 0, 0, 1, 1 ], 
  [ 0, 0, 1, 0, 1, 0, 0, 1, 1, 0, 0, 0 ] ]
CLASS q=2 n=6 order=6 size=3920465874124800 M=
[ [ 1, 0, 0, 0, 0, 0, 0, 0, 0, 0, 0, 0 ], 
  [ 0, 1, 0, 0, 0, 0, 1, 0, 1, 0, 0, 0 ], 
  [ 0, 0, 1, 0, 1, 1, 1, 0, 0, 0, 1, 0 ], 
  [ 0, 0, 1, 0, 0, 0, 0, 1, 1, 1, 0, 0 ], 
  [ 0, 0, 1, 0, 1, 0, 1, 1, 0, 1, 1, 0 ], 
  [ 1, 0, 1, 1, 0, 0, 1, 1, 0, 0, 0, 0 ], 
  [ 0, 0, 1, 1, 0, 0, 1, 1, 1, 1, 0, 0 ], 
  [ 1, 0, 1, 1, 0, 0, 0, 0, 0, 1, 0, 1 ], 
  [ 1, 0, 1, 0, 0, 1, 0, 1, 0, 0, 1, 0 ], 
  [ 1, 0, 1, 0, 0, 0, 0, 1, 0, 0, 1, 1 ], 
  [ 1, 0, 0, 1, 0, 1, 1, 0, 1, 1, 0, 0 ], 
  [ 1, 0, 0, 0, 1, 0, 0, 0, 1, 1, 1, 1 ] ]
CLASS q=2 n=6 order=10 size=56454708587397120 M=
[ [ 1, 1, 1, 1, 0, 0, 0, 1, 1, 1, 0, 1 ], 
  [ 1, 0, 0, 0, 0, 1, 0, 0, 0, 1, 1, 0 ], 
  [ 0, 1, 0, 0, 1, 0, 0, 0, 0, 0, 1, 0 ], 
  [ 0, 0, 1, 0, 0, 1, 1, 0, 0, 0, 0, 0 ], 
  [ 0, 0, 1, 1, 1, 1, 0, 0, 0, 0, 0, 1 ], 
  [ 1, 1, 1, 1, 1, 1, 1, 0, 0, 0, 1, 0 ], 
  [ 0, 1, 1, 1, 1, 0, 0, 0, 0, 0, 1, 0 ], 
  [ 0, 0, 0, 1, 0, 1, 1, 1, 1, 1, 0, 1 ], 
  [ 1, 1, 1, 1, 1, 0, 0, 0, 1, 0, 1, 1 ], 
  [ 0, 0, 0, 0, 1, 0, 0, 1, 1, 0, 1, 0 ], 
  [ 0, 0, 0, 0, 1, 1, 0, 1, 0, 0, 0, 1 ], 
  [ 0, 0, 0, 0, 1, 0, 1, 1, 1, 1, 1, 0 ] ]
CLASS q=2 n=6 order=30 size=144524053983736627200 M=
[ [ 1, 1, 1, 1, 0, 1, 1, 0, 1, 0, 1, 1 ], 
  [ 0, 0, 0, 0, 0, 0, 0, 1, 1, 0, 1, 1 ], 
  [ 1, 0, 0, 1, 1, 1, 1, 0, 0, 1, 1, 1 ], 
  [ 1, 1, 1, 0, 0, 0, 0, 1, 1, 1, 1, 0 ], 
  [ 1, 0, 1, 1, 1, 1, 1, 1, 1, 0, 1, 0 ], 
  [ 1, 0, 1, 1, 1, 1, 0, 0, 1, 0, 1, 1 ], 
  [ 1, 1, 1, 1, 0, 1, 0, 0, 1, 0, 0, 0 ], 
  [ 1, 1, 0, 1, 0, 0, 0, 1, 0, 0, 1, 1 ], 
  [ 1, 1, 1, 1, 1, 1, 1, 0, 0, 1, 1, 1 ], 
  [ 0, 1, 1, 1, 1, 1, 1, 1, 0, 0, 0, 1 ], 
  [ 1, 1, 0, 1, 1, 1, 0, 0, 1, 0, 0, 0 ], 
  [ 1, 0, 1, 1, 1, 0, 1, 1, 0, 0, 0, 1 ] ]
CLASS q=2 n=6 order=30 size=48174684661245542400 M=
[ [ 1, 1, 1, 1, 0, 0, 0, 1, 1, 1, 0, 1 ], 
  [ 0, 0, 0, 1, 1, 0, 0, 0, 0, 1, 1, 1 ], 
  [ 0, 1, 0, 1, 1, 1, 1, 0, 0, 1, 0, 1 ], 
  [ 1, 0, 1, 1, 0, 0, 1, 0, 0, 1, 1, 0 ], 
  [ 1, 0, 1, 1, 1, 1, 1, 0, 0, 0, 0, 0 ], 
  [ 0, 1, 0, 1, 0, 0, 0, 1, 0, 1, 1, 1 ], 
  [ 1, 1, 1, 0, 1, 1, 0, 0, 0, 1, 0, 0 ], 
  [ 1, 0, 0, 1, 1, 1, 0, 1, 1, 0, 1, 1 ], 
  [ 0, 1, 0, 0, 0, 0, 0, 1, 1, 0, 0, 1 ], 
  [ 0, 0, 0, 0, 1, 0, 0, 1, 1, 0, 1, 0 ], 
  [ 1, 0, 1, 1, 1, 1, 0, 0, 0, 1, 0, 0 ], 
  [ 0, 0, 1, 0, 0, 1, 1, 0, 1, 0, 1, 0 ] ]
CLASS q=2 n=6 order=20 size=6774565030487654400 M=
[ [ 1, 1, 1, 1, 0, 0, 0, 1, 1, 1, 0, 1 ], 
  [ 1, 0, 0, 0, 1, 1, 0, 0, 0, 1, 1, 1 ], 
  [ 1, 1, 1, 0, 1, 0, 0, 1, 0, 0, 1, 1 ], 
  [ 0, 0, 1, 0, 1, 0, 1, 0, 1, 1, 0, 0 ], 
  [ 1, 0, 1, 1, 1, 1, 0, 0, 1, 1, 1, 0 ], 
  [ 1, 1, 1, 1, 1, 1, 0, 0, 1, 1, 0, 0 ], 
  [ 0, 1, 1, 1, 0, 1, 0, 0, 1, 1, 1, 0 ], 
  [ 0, 0, 0, 1, 1, 1, 1, 1, 1, 0, 1, 0 ], 
  [ 1, 1, 0, 0, 1, 0, 1, 1, 1, 0, 0, 1 ], 
  [ 1, 0, 0, 0, 0, 1, 0, 1, 1, 1, 1, 1 ], 
  [ 1, 0, 0, 0, 0, 1, 1, 1, 0, 0, 0, 1 ], 
  [ 0, 0, 0, 1, 1, 0, 0, 1, 0, 0, 1, 0 ] ]
CLASS q=2 n=6 order=12 size=125454907971993600 M=
[ [ 1, 0, 0, 0, 0, 0, 0, 0, 0, 0, 0, 0 ], 
  [ 1, 1, 0, 0, 0, 0, 1, 0, 0, 1, 1, 1 ], 
  [ 0, 0, 0, 0, 1, 0, 0, 1, 1, 1, 1, 1 ], 
  [ 0, 0, 1, 1, 0, 0, 0, 1, 1, 0, 0, 0 ], 
  [ 0, 0, 0, 0, 1, 0, 1, 0, 1, 1, 1, 0 ], 
  [ 0, 0, 0, 0, 1, 0, 1, 0, 0, 1, 0, 0 ], 
  [ 0, 0, 1, 0, 0, 0, 1, 1, 1, 0, 0, 0 ], 
  [ 0, 0, 0, 0, 0, 1, 1, 1, 0, 1, 0, 1 ], 
  [ 1, 0, 0, 1, 0, 0, 0, 0, 0, 1, 0, 1 ], 
  [ 1, 0, 1, 0, 0, 1, 1, 1, 0, 0, 0, 0 ], 
  [ 1, 0, 0, 0, 1, 1, 1, 0, 1, 1, 1, 1 ], 
  [ 1, 0, 1, 1, 1, 0, 1, 1, 1, 1, 0, 1 ] ]
CLASS q=2 n=6 order=30 size=144524053983736627200 M=
[ [ 0, 1, 0, 1, 1, 0, 0, 1, 0, 1, 0, 0 ], 
  [ 0, 1, 0, 0, 0, 0, 1, 0, 0, 0, 1, 0 ], 
  [ 1, 1, 0, 0, 1, 0, 1, 1, 0, 0, 0, 0 ], 
  [ 0, 1, 0, 0, 0, 0, 0, 0, 0, 0, 0, 0 ], 
  [ 0, 0, 1, 1, 1, 1, 1, 0, 1, 0, 1, 0 ], 
  [ 0, 0, 0, 0, 0, 0, 1, 1, 1, 1, 1, 1 ], 
  [ 0, 1, 1, 0, 1, 1, 1, 1, 1, 1, 1, 1 ], 
  [ 0, 0, 1, 0, 1, 0, 0, 0, 1, 0, 1, 0 ], 
  [ 0, 1, 1, 0, 0, 0, 0, 1, 1, 1, 0, 1 ], 
  [ 0, 1, 1, 1, 0, 1, 1, 1, 1, 1, 1, 1 ], 
  [ 0, 1, 0, 0, 0, 0, 1, 0, 1, 0, 0, 0 ], 
  [ 0, 0, 1, 0, 1, 1, 1, 0, 1, 1, 1, 0 ] ]
CLASS q=2 n=6 order=60 size=289048107967473254400 M=
[ [ 1, 1, 1, 1, 0, 1, 1, 0, 1, 0, 1, 1 ], 
  [ 1, 0, 0, 1, 0, 1, 1, 1, 0, 0, 1, 1 ], 
  [ 0, 0, 0, 1, 0, 1, 0, 0, 0, 1, 1, 1 ], 
  [ 1, 1, 1, 0, 0, 0, 1, 1, 0, 0, 0, 0 ], 
  [ 0, 0, 0, 0, 1, 1, 0, 0, 0, 0, 0, 1 ], 
  [ 0, 0, 0, 1, 0, 1, 0, 1, 1, 1, 0, 1 ], 
  [ 1, 1, 1, 1, 0, 1, 1, 0, 0, 1, 1, 0 ], 
  [ 1, 1, 0, 0, 0, 0, 1, 1, 1, 0, 0, 1 ], 
  [ 0, 1, 0, 1, 1, 0, 1, 1, 1, 0, 1, 1 ], 
  [ 0, 1, 0, 0, 1, 0, 1, 0, 0, 1, 1, 0 ], 
  [ 0, 1, 0, 1, 0, 0, 0, 0, 1, 1, 0, 1 ], 
  [ 0, 0, 1, 0, 0, 1, 1, 1, 0, 1, 1, 0 ] ]
CLASS q=2 n=6 order=4 size=273469996800 M=
[ [ 1, 0, 0, 0, 0, 0, 0, 0, 0, 0, 0, 0 ], 
  [ 0, 1, 0, 1, 1, 1, 1, 0, 0, 0, 0, 0 ], 
  [ 1, 0, 0, 0, 0, 0, 1, 1, 1, 1, 1, 1 ], 
  [ 0, 0, 0, 0, 0, 0, 1, 0, 1, 0, 1, 0 ], 
  [ 0, 0, 1, 1, 0, 0, 0, 1, 1, 0, 1, 1 ], 
  [ 0, 0, 1, 1, 0, 0, 0, 1, 0, 0, 0, 1 ], 
  [ 0, 0, 0, 1, 0, 0, 0, 0, 1, 0, 1, 0 ], 
  [ 1, 0, 1, 1, 0, 0, 0, 0, 0, 1, 0, 1 ], 
  [ 0, 0, 0, 1, 1, 1, 1, 0, 1, 0, 0, 0 ], 
  [ 1, 0, 0, 0, 0, 1, 0, 0, 0, 0, 0, 0 ], 
  [ 0, 0, 0, 1, 0, 0, 1, 0, 1, 0, 0, 0 ], 
  [ 1, 0, 0, 0, 0, 1, 0, 0, 0, 1, 0, 1 ] ]
CLASS q=2 n=6 order=20 size=3387282515243827200 M=
[ [ 0, 1, 1, 0, 0, 0, 1, 1, 1, 1, 0, 1 ], 
  [ 0, 1, 1, 0, 0, 0, 1, 1, 1, 1, 1, 1 ], 
  [ 1, 1, 1, 1, 0, 0, 1, 0, 0, 0, 1, 0 ], 
  [ 0, 1, 0, 0, 1, 1, 1, 0, 1, 0, 0, 0 ], 
  [ 0, 1, 0, 0, 0, 1, 1, 1, 0, 0, 0, 0 ], 
  [ 1, 0, 0, 1, 1, 1, 1, 0, 1, 1, 1, 0 ], 
  [ 1, 0, 0, 0, 0, 1, 0, 1, 1, 1, 0, 0 ], 
  [ 0, 1, 0, 1, 0, 1, 0, 0, 1, 1, 1, 0 ], 
  [ 1, 0, 0, 0, 1, 0, 1, 1, 1, 1, 1, 0 ], 
  [ 1, 1, 0, 0, 1, 0, 0, 0, 0, 0, 1, 0 ], 
  [ 0, 1, 0, 1, 1, 1, 1, 0, 1, 0, 1, 0 ], 
  [ 1, 1, 1, 1, 0, 0, 1, 0, 1, 1, 1, 0 ] ]
CLASS q=2 n=6 order=8 size=140016638361600 M=
[ [ 0, 0, 0, 1, 0, 0, 0, 0, 0, 1, 0, 1 ], 
  [ 0, 0, 0, 1, 0, 0, 1, 1, 1, 1, 0, 0 ], 
  [ 0, 1, 0, 0, 1, 0, 0, 1, 0, 1, 0, 1 ], 
  [ 1, 1, 1, 1, 0, 0, 1, 1, 1, 0, 0, 0 ], 
  [ 1, 1, 0, 1, 0, 1, 0, 0, 1, 1, 1, 0 ], 
  [ 1, 0, 1, 0, 1, 1, 1, 0, 1, 1, 0, 0 ], 
  [ 0, 1, 0, 0, 1, 1, 1, 0, 1, 0, 1, 1 ], 
  [ 0, 0, 1, 1, 1, 0, 1, 1, 1, 0, 0, 1 ], 
  [ 0, 0, 0, 1, 1, 1, 1, 1, 1, 1, 1, 1 ], 
  [ 1, 1, 1, 0, 0, 1, 1, 0, 0, 0, 1, 1 ], 
  [ 0, 1, 1, 0, 1, 1, 0, 0, 1, 0, 0, 0 ], 
  [ 1, 1, 0, 1, 1, 1, 0, 0, 1, 1, 1, 1 ] ]
CLASS q=2 n=6 order=12 size=11290941717479424000 M=
[ [ 0, 1, 1, 0, 0, 1, 1, 0, 1, 0, 0, 0 ], 
  [ 0, 1, 1, 0, 1, 1, 0, 0, 1, 0, 0, 0 ], 
  [ 1, 1, 1, 0, 1, 1, 1, 1, 0, 1, 0, 0 ], 
  [ 1, 1, 1, 0, 1, 0, 0, 0, 0, 0, 0, 1 ], 
  [ 0, 1, 1, 0, 0, 0, 0, 0, 1, 0, 1, 1 ], 
  [ 0, 0, 0, 1, 1, 0, 1, 0, 1, 0, 1, 1 ], 
  [ 1, 1, 1, 0, 0, 1, 0, 1, 0, 0, 1, 0 ], 
  [ 1, 1, 1, 0, 0, 0, 1, 0, 1, 1, 0, 0 ], 
  [ 0, 1, 0, 0, 1, 0, 0, 0, 0, 1, 1, 0 ], 
  [ 1, 0, 0, 1, 1, 0, 0, 0, 1, 1, 0, 1 ], 
  [ 1, 1, 0, 1, 1, 1, 0, 1, 0, 0, 0, 0 ], 
  [ 1, 1, 0, 1, 0, 1, 0, 1, 1, 1, 0, 1 ] ]
CLASS q=2 n=6 order=8 size=529262893006848000 M=
[ [ 0, 0, 0, 1, 0, 0, 0, 1, 0, 0, 0, 1 ], 
  [ 1, 1, 0, 1, 0, 1, 0, 1, 1, 1, 1, 0 ], 
  [ 1, 0, 0, 0, 1, 1, 1, 0, 1, 0, 1, 0 ], 
  [ 1, 1, 1, 0, 1, 1, 0, 0, 0, 0, 1, 0 ], 
  [ 0, 1, 1, 1, 1, 0, 1, 1, 1, 0, 0, 1 ], 
  [ 1, 0, 1, 0, 0, 1, 1, 0, 0, 1, 0, 0 ], 
  [ 1, 0, 1, 1, 0, 0, 1, 1, 0, 1, 0, 0 ], 
  [ 0, 0, 1, 1, 1, 0, 1, 0, 0, 1, 0, 0 ], 
  [ 1, 0, 0, 1, 0, 0, 0, 1, 0, 1, 0, 0 ], 
  [ 0, 1, 1, 1, 0, 0, 1, 0, 0, 1, 0, 0 ], 
  [ 0, 0, 1, 0, 1, 0, 0, 0, 1, 0, 1, 1 ], 
  [ 0, 1, 1, 1, 0, 0, 1, 1, 1, 0, 0, 0 ] ]
CLASS q=2 n=6 order=10 size=846820628810956800 M=
[ [ 0, 1, 0, 0, 0, 0, 1, 1, 1, 0, 1, 1 ], 
  [ 0, 0, 1, 0, 1, 0, 1, 0, 0, 0, 0, 0 ], 
  [ 0, 1, 1, 0, 1, 0, 1, 0, 1, 1, 0, 0 ], 
  [ 1, 1, 1, 0, 0, 1, 0, 1, 0, 0, 1, 1 ], 
  [ 1, 1, 1, 0, 1, 0, 1, 0, 1, 0, 0, 0 ], 
  [ 1, 0, 1, 0, 1, 1, 0, 1, 1, 0, 1, 1 ], 
  [ 0, 0, 1, 1, 0, 0, 1, 1, 0, 0, 1, 1 ], 
  [ 0, 0, 1, 0, 0, 0, 1, 0, 0, 0, 1, 0 ], 
  [ 1, 0, 1, 1, 1, 0, 0, 1, 0, 1, 1, 0 ], 
  [ 0, 1, 1, 0, 1, 1, 0, 1, 1, 1, 1, 1 ], 
  [ 0, 1, 1, 0, 1, 1, 1, 1, 1, 1, 0, 1 ], 
  [ 0, 0, 1, 1, 0, 0, 0, 1, 0, 0, 1, 0 ] ]
CLASS q=2 n=6 order=20 size=81294780365851852800 M=
[ [ 1, 0, 1, 0, 0, 0, 0, 0, 1, 0, 0, 1 ], 
  [ 0, 0, 1, 0, 1, 1, 1, 1, 1, 0, 1, 0 ], 
  [ 1, 0, 0, 0, 0, 1, 1, 1, 1, 0, 0, 1 ], 
  [ 1, 0, 0, 1, 1, 1, 0, 1, 0, 0, 1, 0 ], 
  [ 0, 1, 0, 1, 1, 1, 1, 1, 1, 1, 1, 0 ], 
  [ 0, 1, 0, 1, 1, 1, 1, 1, 0, 1, 1, 0 ], 
  [ 0, 0, 1, 1, 0, 0, 1, 0, 0, 0, 1, 0 ], 
  [ 1, 1, 0, 0, 0, 0, 1, 1, 1, 0, 1, 0 ], 
  [ 0, 1, 0, 0, 0, 1, 1, 1, 0, 0, 1, 1 ], 
  [ 1, 1, 1, 1, 0, 1, 0, 1, 1, 0, 0, 1 ], 
  [ 0, 0, 0, 1, 1, 0, 1, 1, 1, 0, 1, 0 ], 
  [ 0, 0, 1, 0, 0, 0, 1, 1, 1, 0, 0, 0 ] ]
CLASS q=2 n=6 order=40 size=1300716485853629644800 M=
[ [ 1, 1, 0, 0, 1, 0, 1, 1, 1, 0, 0, 0 ], 
  [ 0, 1, 0, 0, 0, 0, 1, 1, 0, 0, 0, 0 ], 
  [ 1, 0, 1, 0, 1, 0, 0, 1, 1, 0, 0, 0 ], 
  [ 0, 1, 1, 0, 1, 1, 1, 1, 1, 0, 1, 0 ], 
  [ 0, 1, 0, 1, 1, 1, 1, 1, 0, 0, 0, 1 ], 
  [ 0, 1, 0, 1, 1, 1, 1, 1, 0, 0, 1, 1 ], 
  [ 1, 1, 0, 0, 1, 1, 0, 1, 1, 0, 0, 0 ], 
  [ 1, 0, 1, 0, 0, 0, 0, 1, 0, 0, 1, 0 ], 
  [ 0, 0, 0, 1, 1, 0, 1, 1, 1, 0, 1, 0 ], 
  [ 0, 0, 1, 1, 1, 0, 1, 1, 0, 0, 0, 0 ], 
  [ 0, 0, 0, 0, 0, 0, 0, 0, 1, 0, 0, 0 ], 
  [ 0, 0, 0, 1, 1, 1, 1, 1, 1, 1, 0, 0 ] ]
CLASS q=2 n=6 order=5 size=963493693224910848 M=
[ [ 1, 1, 0, 1, 0, 0, 0, 1, 1, 1, 0, 0 ], 
  [ 1, 1, 0, 1, 0, 1, 1, 0, 0, 0, 1, 1 ], 
  [ 1, 1, 0, 1, 0, 1, 1, 0, 0, 1, 0, 0 ], 
  [ 0, 1, 0, 0, 0, 0, 1, 1, 1, 1, 0, 0 ], 
  [ 0, 0, 1, 0, 0, 0, 1, 1, 0, 0, 1, 1 ], 
  [ 0, 0, 0, 0, 1, 0, 0, 0, 1, 1, 0, 1 ], 
  [ 1, 1, 0, 0, 1, 1, 1, 1, 0, 1, 0, 0 ], 
  [ 0, 0, 1, 0, 1, 0, 0, 1, 1, 0, 1, 0 ], 
  [ 1, 1, 1, 0, 1, 1, 0, 0, 0, 1, 0, 0 ], 
  [ 1, 1, 0, 0, 0, 0, 0, 1, 1, 1, 0, 1 ], 
  [ 0, 1, 1, 0, 0, 1, 0, 0, 0, 0, 1, 1 ], 
  [ 0, 0, 0, 1, 0, 1, 1, 0, 0, 1, 0, 0 ] ]
CLASS q=2 n=6 order=10 size=14452405398373662720 M=
[ [ 1, 0, 1, 0, 0, 1, 0, 1, 1, 1, 1, 0 ], 
  [ 0, 0, 0, 1, 1, 0, 1, 0, 1, 1, 1, 0 ], 
  [ 0, 0, 0, 0, 0, 0, 1, 1, 1, 0, 0, 0 ], 
  [ 1, 0, 1, 1, 0, 0, 1, 1, 1, 1, 1, 0 ], 
  [ 1, 0, 0, 0, 1, 1, 1, 1, 1, 0, 0, 1 ], 
  [ 1, 0, 1, 1, 0, 0, 1, 1, 1, 0, 1, 1 ], 
  [ 1, 0, 0, 1, 0, 0, 1, 0, 0, 1, 0, 1 ], 
  [ 1, 0, 1, 1, 1, 1, 0, 0, 0, 0, 0, 0 ], 
  [ 1, 1, 1, 1, 1, 0, 0, 0, 0, 0, 0, 1 ], 
  [ 0, 0, 1, 0, 0, 1, 1, 1, 1, 0, 1, 0 ], 
  [ 1, 0, 1, 0, 0, 1, 1, 1, 1, 0, 1, 0 ], 
  [ 0, 1, 1, 0, 1, 1, 0, 0, 1, 0, 1, 1 ] ]
CLASS q=2 n=6 order=10 size=216786080975604940800 M=
[ [ 0, 0, 0, 1, 1, 1, 1, 0, 1, 0, 1, 0 ], 
  [ 0, 0, 0, 0, 1, 1, 0, 1, 0, 0, 0, 0 ], 
  [ 0, 0, 1, 1, 1, 0, 1, 1, 0, 0, 1, 1 ], 
  [ 0, 0, 1, 1, 0, 1, 1, 1, 1, 1, 0, 0 ], 
  [ 1, 1, 1, 1, 0, 1, 1, 1, 0, 0, 0, 1 ], 
  [ 1, 1, 0, 1, 0, 1, 1, 1, 1, 0, 0, 0 ], 
  [ 0, 1, 0, 1, 0, 0, 0, 0, 0, 1, 0, 1 ], 
  [ 1, 0, 1, 0, 0, 0, 0, 0, 1, 0, 0, 1 ], 
  [ 0, 0, 1, 0, 1, 0, 1, 0, 0, 1, 1, 1 ], 
  [ 1, 0, 0, 0, 0, 0, 0, 1, 1, 0, 0, 1 ], 
  [ 1, 0, 1, 1, 1, 0, 1, 1, 0, 1, 0, 0 ], 
  [ 0, 0, 0, 1, 1, 0, 1, 0, 1, 0, 1, 1 ] ]
CLASS q=2 n=6 order=15 size=38539747728996433920 M=
[ [ 0, 0, 0, 0, 1, 1, 0, 1, 1, 0, 1, 1 ], 
  [ 0, 0, 0, 0, 1, 0, 1, 0, 0, 1, 0, 0 ], 
  [ 1, 1, 1, 1, 0, 1, 0, 0, 1, 0, 0, 1 ], 
  [ 1, 0, 0, 1, 1, 0, 0, 1, 1, 1, 1, 1 ], 
  [ 0, 0, 1, 1, 0, 0, 0, 1, 1, 0, 0, 0 ], 
  [ 1, 1, 0, 1, 0, 1, 0, 0, 1, 0, 1, 0 ], 
  [ 1, 1, 0, 0, 1, 1, 1, 1, 0, 1, 0, 0 ], 
  [ 1, 1, 0, 0, 0, 0, 1, 1, 1, 1, 1, 1 ], 
  [ 0, 0, 1, 0, 0, 1, 0, 0, 1, 1, 0, 0 ], 
  [ 1, 1, 1, 0, 0, 1, 0, 1, 0, 1, 0, 0 ], 
  [ 1, 0, 0, 1, 1, 1, 0, 0, 1, 1, 0, 1 ], 
  [ 0, 0, 1, 1, 0, 1, 0, 0, 1, 0, 0, 1 ] ]
CLASS q=2 n=6 order=30 size=1734288647804839526400 M=
[ [ 0, 0, 0, 1, 1, 0, 1, 0, 0, 1, 1, 0 ], 
  [ 0, 0, 1, 1, 1, 0, 1, 1, 1, 1, 1, 0 ], 
  [ 1, 0, 0, 0, 1, 1, 0, 1, 1, 0, 0, 1 ], 
  [ 1, 1, 1, 1, 0, 0, 0, 0, 1, 1, 1, 0 ], 
  [ 0, 1, 1, 0, 0, 1, 1, 1, 0, 1, 0, 1 ], 
  [ 1, 0, 0, 1, 0, 0, 1, 0, 1, 0, 1, 1 ], 
  [ 0, 0, 1, 1, 1, 0, 1, 1, 0, 0, 0, 0 ], 
  [ 1, 1, 1, 0, 1, 1, 1, 0, 0, 1, 1, 0 ], 
  [ 0, 1, 1, 0, 0, 1, 0, 0, 0, 0, 0, 0 ], 
  [ 0, 1, 0, 1, 0, 0, 0, 1, 0, 1, 0, 1 ], 
  [ 1, 1, 1, 1, 0, 0, 0, 0, 0, 1, 0, 1 ], 
  [ 1, 0, 0, 1, 0, 0, 0, 1, 0, 1, 1, 1 ] ]
CLASS q=2 n=6 order=20 size=451637668699176960 M=
[ [ 0, 0, 0, 1, 1, 1, 1, 0, 0, 0, 1, 0 ], 
  [ 0, 0, 1, 1, 1, 0, 1, 1, 1, 1, 0, 0 ], 
  [ 0, 1, 1, 1, 1, 0, 0, 0, 0, 0, 0, 0 ], 
  [ 1, 0, 1, 0, 1, 1, 0, 0, 1, 1, 1, 1 ], 
  [ 0, 1, 0, 1, 1, 1, 1, 0, 1, 0, 1, 0 ], 
  [ 1, 1, 1, 1, 0, 1, 0, 1, 0, 0, 0, 1 ], 
  [ 1, 1, 1, 1, 0, 1, 0, 0, 0, 1, 0, 0 ], 
  [ 0, 1, 0, 1, 0, 1, 1, 0, 1, 0, 1, 1 ], 
  [ 1, 0, 0, 0, 0, 1, 0, 1, 1, 1, 1, 0 ], 
  [ 0, 0, 0, 1, 0, 1, 0, 1, 1, 0, 1, 0 ], 
  [ 1, 1, 1, 1, 0, 1, 1, 1, 0, 1, 1, 1 ], 
  [ 1, 1, 0, 1, 0, 0, 1, 0, 1, 1, 0, 0 ] ]
CLASS q=2 n=6 order=60 size=289048107967473254400 M=
[ [ 1, 1, 1, 0, 0, 0, 0, 0, 0, 0, 0, 0 ], 
  [ 1, 1, 0, 1, 0, 1, 1, 0, 0, 1, 0, 0 ], 
  [ 1, 1, 0, 0, 0, 1, 1, 1, 1, 0, 1, 1 ], 
  [ 1, 0, 0, 1, 0, 1, 1, 1, 0, 0, 1, 1 ], 
  [ 0, 1, 0, 1, 0, 1, 0, 0, 1, 0, 0, 1 ], 
  [ 1, 1, 0, 0, 0, 1, 1, 0, 0, 1, 1, 1 ], 
  [ 0, 1, 1, 1, 1, 0, 1, 1, 0, 1, 1, 0 ], 
  [ 0, 0, 0, 0, 1, 1, 0, 1, 0, 0, 1, 1 ], 
  [ 1, 0, 1, 1, 1, 1, 1, 0, 1, 0, 1, 0 ], 
  [ 0, 1, 0, 1, 0, 0, 0, 1, 0, 0, 0, 0 ], 
  [ 0, 0, 1, 0, 0, 0, 1, 1, 0, 1, 0, 1 ], 
  [ 1, 0, 1, 1, 1, 0, 0, 1, 0, 0, 1, 0 ] ]
CLASS q=2 n=6 order=60 size=867144323902419763200 M=
[ [ 0, 0, 0, 1, 1, 0, 1, 0, 0, 1, 1, 1 ], 
  [ 0, 0, 1, 1, 1, 1, 1, 1, 1, 0, 0, 1 ], 
  [ 0, 1, 0, 1, 0, 1, 1, 0, 0, 1, 0, 1 ], 
  [ 1, 0, 1, 1, 0, 0, 1, 0, 1, 1, 0, 0 ], 
  [ 1, 0, 0, 0, 1, 0, 1, 0, 0, 0, 0, 0 ], 
  [ 0, 0, 1, 1, 1, 1, 0, 0, 0, 0, 0, 0 ], 
  [ 0, 0, 1, 1, 0, 0, 1, 0, 0, 0, 1, 0 ], 
  [ 0, 1, 0, 0, 0, 0, 0, 1, 1, 1, 0, 0 ], 
  [ 1, 0, 1, 1, 1, 1, 0, 1, 0, 1, 0, 1 ], 
  [ 0, 0, 1, 0, 1, 0, 1, 0, 1, 0, 1, 1 ], 
  [ 0, 0, 0, 0, 0, 0, 0, 0, 1, 1, 1, 0 ], 
  [ 1, 1, 0, 0, 0, 0, 1, 1, 1, 1, 1, 1 ] ]
CLASS q=2 n=6 order=6 size=732113141760 M=
[ [ 0, 1, 0, 0, 1, 1, 0, 0, 1, 1, 0, 1 ], 
  [ 1, 0, 0, 0, 1, 1, 0, 0, 1, 1, 0, 1 ], 
  [ 1, 1, 0, 1, 0, 0, 1, 0, 0, 0, 1, 0 ], 
  [ 1, 1, 1, 0, 0, 0, 1, 0, 0, 0, 1, 0 ], 
  [ 0, 0, 1, 1, 0, 1, 1, 0, 1, 1, 1, 1 ], 
  [ 0, 0, 0, 0, 0, 1, 0, 1, 1, 0, 0, 1 ], 
  [ 1, 1, 0, 0, 0, 1, 0, 0, 0, 1, 1, 0 ], 
  [ 1, 1, 0, 0, 1, 1, 0, 0, 0, 1, 0, 0 ], 
  [ 0, 0, 1, 1, 1, 1, 1, 0, 0, 1, 1, 1 ], 
  [ 1, 1, 0, 0, 0, 1, 1, 1, 1, 0, 1, 1 ], 
  [ 1, 1, 0, 0, 0, 1, 1, 1, 1, 1, 0, 1 ], 
  [ 1, 1, 0, 0, 1, 1, 0, 1, 0, 1, 0, 1 ] ]
CLASS q=2 n=6 order=30 size=9634936932249108480 M=
[ [ 0, 1, 1, 0, 0, 1, 1, 1, 0, 1, 0, 0 ], 
  [ 1, 0, 1, 0, 0, 1, 1, 1, 0, 1, 0, 0 ], 
  [ 0, 0, 1, 1, 0, 0, 0, 0, 1, 1, 0, 1 ], 
  [ 0, 0, 0, 1, 0, 0, 1, 0, 0, 1, 1, 0 ], 
  [ 0, 0, 0, 1, 0, 0, 1, 1, 1, 0, 0, 0 ], 
  [ 1, 1, 0, 1, 0, 1, 1, 0, 1, 0, 0, 1 ], 
  [ 0, 0, 0, 0, 1, 0, 0, 0, 1, 0, 1, 1 ], 
  [ 1, 1, 1, 1, 1, 0, 1, 0, 0, 0, 0, 1 ], 
  [ 0, 0, 1, 0, 1, 1, 0, 1, 0, 0, 1, 0 ], 
  [ 1, 1, 0, 0, 1, 0, 1, 0, 1, 1, 0, 1 ], 
  [ 1, 1, 0, 1, 1, 1, 1, 0, 0, 1, 0, 0 ], 
  [ 0, 0, 0, 1, 0, 0, 0, 1, 0, 1, 0, 1 ] ]
CLASS q=2 n=6 order=12 size=376364723915980800 M=
[ [ 0, 0, 0, 0, 0, 1, 1, 0, 0, 0, 0, 0 ], 
  [ 1, 0, 0, 0, 1, 1, 0, 0, 1, 1, 0, 1 ], 
  [ 1, 1, 1, 0, 0, 1, 0, 0, 0, 1, 1, 0 ], 
  [ 1, 0, 0, 0, 1, 1, 0, 1, 0, 0, 0, 1 ], 
  [ 0, 1, 0, 1, 1, 0, 0, 1, 1, 1, 0, 0 ], 
  [ 0, 1, 0, 0, 1, 1, 1, 1, 0, 1, 0, 0 ], 
  [ 1, 0, 0, 1, 1, 1, 0, 1, 0, 0, 0, 1 ], 
  [ 1, 0, 1, 1, 0, 0, 0, 0, 1, 1, 0, 1 ], 
  [ 0, 0, 0, 1, 1, 0, 1, 1, 1, 0, 0, 1 ], 
  [ 1, 1, 0, 1, 0, 1, 0, 0, 0, 0, 0, 1 ], 
  [ 1, 0, 0, 0, 1, 1, 0, 1, 0, 0, 0, 0 ], 
  [ 1, 0, 0, 1, 0, 1, 0, 0, 0, 0, 1, 0 ] ]
CLASS q=2 n=6 order=6 size=1742429277388800 M=
[ [ 1, 0, 0, 1, 0, 1, 1, 0, 1, 0, 1, 1 ], 
  [ 1, 0, 0, 0, 0, 1, 0, 1, 0, 1, 0, 1 ], 
  [ 0, 1, 0, 0, 1, 1, 0, 0, 0, 1, 0, 1 ], 
  [ 0, 0, 0, 1, 0, 1, 0, 1, 1, 0, 1, 0 ], 
  [ 1, 1, 1, 0, 1, 0, 0, 0, 1, 1, 1, 1 ], 
  [ 0, 0, 0, 1, 0, 0, 0, 1, 1, 1, 1, 1 ], 
  [ 1, 0, 1, 1, 1, 1, 0, 0, 1, 1, 0, 1 ], 
  [ 0, 1, 0, 0, 0, 0, 1, 1, 1, 0, 1, 1 ], 
  [ 1, 0, 0, 0, 1, 1, 0, 0, 1, 1, 0, 0 ], 
  [ 0, 1, 1, 1, 1, 0, 1, 1, 0, 1, 1, 0 ], 
  [ 1, 1, 0, 0, 1, 1, 1, 0, 1, 0, 0, 0 ], 
  [ 0, 1, 1, 1, 1, 0, 1, 0, 1, 1, 0, 0 ] ]
CLASS q=2 n=6 order=12 size=418183026573312000 M=
[ [ 0, 0, 0, 1, 0, 0, 1, 1, 0, 1, 0, 0 ], 
  [ 1, 1, 0, 1, 0, 1, 0, 0, 1, 1, 1, 1 ], 
  [ 0, 0, 1, 0, 0, 1, 0, 0, 1, 0, 0, 0 ], 
  [ 0, 0, 0, 1, 0, 1, 0, 0, 0, 0, 0, 0 ], 
  [ 0, 0, 0, 0, 0, 0, 0, 0, 0, 0, 1, 1 ], 
  [ 0, 0, 0, 0, 0, 0, 0, 1, 1, 0, 1, 0 ], 
  [ 0, 0, 0, 1, 0, 1, 1, 0, 1, 1, 0, 0 ], 
  [ 0, 1, 0, 0, 0, 0, 1, 0, 1, 0, 1, 1 ], 
  [ 0, 1, 1, 0, 1, 0, 0, 1, 0, 1, 1, 1 ], 
  [ 1, 1, 0, 1, 0, 1, 1, 0, 1, 1, 0, 0 ], 
  [ 0, 0, 1, 1, 1, 0, 1, 0, 0, 0, 1, 1 ], 
  [ 1, 1, 0, 1, 0, 0, 1, 0, 1, 1, 0, 0 ] ]
CLASS q=2 n=6 order=4 size=1470174702796800 M=
[ [ 1, 0, 0, 0, 0, 0, 0, 0, 0, 0, 0, 0 ], 
  [ 0, 1, 0, 0, 0, 0, 1, 1, 0, 0, 0, 1 ], 
  [ 1, 0, 0, 1, 1, 1, 1, 0, 0, 0, 0, 0 ], 
  [ 0, 0, 0, 0, 0, 0, 0, 1, 1, 0, 1, 0 ], 
  [ 1, 0, 0, 1, 0, 0, 0, 0, 0, 0, 1, 0 ], 
  [ 0, 0, 0, 1, 0, 0, 0, 0, 0, 1, 0, 1 ], 
  [ 1, 0, 1, 0, 0, 1, 0, 0, 0, 1, 1, 1 ], 
  [ 1, 0, 0, 1, 0, 1, 0, 1, 0, 0, 0, 0 ], 
  [ 1, 0, 0, 1, 1, 1, 1, 0, 0, 1, 0, 0 ], 
  [ 0, 0, 1, 0, 0, 0, 1, 1, 1, 0, 0, 1 ], 
  [ 0, 0, 0, 1, 1, 0, 1, 1, 0, 1, 0, 0 ], 
  [ 0, 0, 1, 0, 0, 1, 1, 0, 0, 0, 1, 1 ] ]
CLASS q=2 n=6 order=6 size=61257279283200 M=
[ [ 0, 1, 1, 0, 0, 1, 1, 1, 1, 1, 0, 1 ], 
  [ 1, 0, 1, 1, 0, 0, 1, 1, 1, 0, 0, 0 ], 
  [ 0, 1, 1, 1, 1, 1, 1, 0, 0, 0, 1, 1 ], 
  [ 0, 0, 1, 0, 1, 1, 0, 0, 0, 1, 0, 0 ], 
  [ 1, 0, 1, 0, 0, 1, 1, 0, 1, 0, 1, 0 ], 
  [ 1, 1, 0, 1, 1, 1, 1, 1, 1, 0, 0, 1 ], 
  [ 1, 1, 1, 1, 0, 1, 1, 1, 0, 1, 1, 0 ], 
  [ 1, 1, 1, 0, 0, 0, 1, 1, 0, 0, 1, 0 ], 
  [ 1, 0, 1, 1, 1, 0, 1, 0, 0, 1, 1, 1 ], 
  [ 1, 1, 1, 1, 0, 0, 0, 0, 1, 1, 0, 1 ], 
  [ 0, 1, 1, 0, 0, 1, 0, 0, 1, 0, 1, 1 ], 
  [ 0, 0, 0, 1, 0, 1, 1, 1, 0, 1, 0, 1 ] ]
CLASS q=2 n=6 order=12 size=940911809789952000 M=
[ [ 0, 1, 0, 1, 1, 0, 1, 1, 1, 0, 0, 1 ], 
  [ 1, 0, 0, 0, 1, 1, 0, 0, 1, 1, 0, 1 ], 
  [ 0, 0, 1, 0, 0, 0, 1, 0, 0, 0, 0, 1 ], 
  [ 1, 1, 1, 0, 0, 1, 1, 0, 0, 1, 1, 1 ], 
  [ 1, 1, 1, 1, 0, 1, 0, 0, 1, 0, 1, 1 ], 
  [ 0, 0, 1, 0, 1, 1, 0, 0, 0, 0, 0, 1 ], 
  [ 0, 1, 1, 1, 1, 0, 0, 1, 0, 0, 0, 0 ], 
  [ 0, 1, 0, 0, 1, 0, 1, 1, 0, 1, 1, 0 ], 
  [ 1, 1, 1, 0, 1, 1, 1, 0, 1, 0, 0, 0 ], 
  [ 1, 1, 1, 1, 1, 0, 1, 1, 0, 0, 0, 1 ], 
  [ 0, 1, 0, 1, 0, 0, 1, 0, 0, 0, 1, 1 ], 
  [ 0, 0, 1, 0, 0, 1, 0, 1, 0, 0, 1, 0 ] ]
CLASS q=2 n=6 order=6 size=156818634964992000 M=
[ [ 0, 0, 1, 1, 1, 1, 1, 0, 1, 0, 1, 0 ], 
  [ 1, 1, 1, 0, 1, 1, 0, 1, 0, 1, 0, 0 ], 
  [ 1, 1, 1, 1, 1, 1, 1, 1, 0, 1, 0, 0 ], 
  [ 1, 1, 0, 0, 1, 1, 1, 1, 1, 0, 0, 1 ], 
  [ 0, 1, 1, 1, 0, 0, 1, 1, 1, 0, 1, 1 ], 
  [ 1, 1, 1, 1, 0, 1, 1, 1, 1, 1, 0, 1 ], 
  [ 1, 0, 1, 1, 1, 0, 1, 1, 0, 1, 1, 1 ], 
  [ 0, 1, 1, 1, 1, 0, 1, 1, 0, 0, 0, 0 ], 
  [ 0, 0, 0, 0, 1, 1, 1, 0, 1, 0, 1, 0 ], 
  [ 0, 1, 1, 0, 1, 1, 1, 1, 0, 0, 1, 0 ], 
  [ 1, 0, 1, 1, 1, 1, 1, 1, 1, 1, 0, 0 ], 
  [ 0, 1, 0, 0, 0, 1, 1, 0, 1, 1, 0, 0 ] ]
CLASS q=2 n=6 order=12 size=30109177913278464000 M=
[ [ 1, 0, 1, 1, 1, 0, 1, 1, 0, 1, 0, 1 ], 
  [ 0, 0, 1, 0, 1, 0, 0, 0, 1, 1, 1, 0 ], 
  [ 1, 0, 1, 1, 0, 1, 1, 0, 0, 0, 0, 0 ], 
  [ 1, 1, 0, 1, 1, 0, 1, 0, 0, 1, 1, 0 ], 
  [ 1, 1, 1, 0, 0, 0, 1, 0, 1, 1, 0, 0 ], 
  [ 1, 1, 1, 0, 0, 0, 1, 0, 0, 1, 1, 1 ], 
  [ 1, 1, 0, 0, 1, 0, 1, 0, 0, 0, 0, 0 ], 
  [ 1, 1, 1, 1, 1, 1, 0, 0, 1, 0, 1, 1 ], 
  [ 0, 0, 0, 1, 0, 1, 1, 1, 0, 0, 0, 0 ], 
  [ 1, 0, 0, 0, 1, 0, 1, 1, 0, 0, 0, 0 ], 
  [ 0, 0, 1, 0, 0, 1, 0, 1, 1, 0, 0, 0 ], 
  [ 1, 0, 1, 1, 0, 1, 1, 0, 1, 1, 1, 0 ] ]
CLASS q=2 n=6 order=12 size=15054588956639232000 M=
[ [ 0, 0, 0, 1, 0, 1, 0, 1, 1, 1, 1, 1 ], 
  [ 0, 1, 1, 1, 1, 0, 0, 0, 0, 0, 0, 1 ], 
  [ 1, 1, 0, 0, 0, 0, 1, 1, 0, 1, 1, 1 ], 
  [ 1, 0, 0, 0, 0, 0, 1, 0, 1, 0, 1, 1 ], 
  [ 0, 0, 1, 0, 1, 0, 0, 0, 0, 0, 1, 1 ], 
  [ 0, 0, 0, 0, 0, 1, 1, 0, 1, 0, 1, 1 ], 
  [ 1, 1, 1, 0, 1, 1, 1, 1, 1, 1, 1, 0 ], 
  [ 1, 1, 0, 0, 1, 0, 0, 0, 0, 1, 1, 1 ], 
  [ 0, 0, 1, 0, 0, 1, 1, 0, 0, 1, 0, 1 ], 
  [ 1, 0, 1, 0, 0, 0, 0, 0, 1, 0, 0, 0 ], 
  [ 0, 1, 1, 1, 1, 1, 0, 1, 0, 0, 1, 1 ], 
  [ 0, 0, 1, 1, 0, 0, 0, 0, 1, 1, 0, 1 ] ]
CLASS q=2 n=6 order=12 size=67745650304876544000 M=
[ [ 0, 1, 0, 1, 1, 0, 0, 1, 0, 0, 1, 0 ], 
  [ 1, 0, 0, 0, 1, 1, 1, 1, 1, 1, 0, 0 ], 
  [ 1, 1, 0, 0, 0, 0, 1, 1, 0, 1, 1, 0 ], 
  [ 0, 1, 1, 1, 0, 1, 1, 0, 0, 1, 1, 1 ], 
  [ 1, 0, 0, 0, 0, 0, 0, 1, 1, 0, 0, 1 ], 
  [ 1, 0, 1, 1, 1, 1, 0, 1, 1, 0, 1, 1 ], 
  [ 0, 1, 1, 0, 0, 0, 0, 1, 1, 1, 0, 1 ], 
  [ 0, 1, 0, 1, 0, 1, 1, 1, 1, 1, 1, 0 ], 
  [ 1, 0, 0, 0, 1, 1, 0, 0, 1, 1, 1, 0 ], 
  [ 1, 1, 1, 1, 1, 1, 1, 0, 1, 1, 1, 0 ], 
  [ 1, 0, 1, 0, 1, 0, 0, 0, 1, 0, 0, 0 ], 
  [ 0, 0, 1, 0, 0, 0, 0, 1, 0, 1, 1, 1 ] ]
CLASS q=2 n=6 order=24 size=20072785275518976000 M=
[ [ 0, 1, 0, 0, 0, 0, 0, 1, 0, 0, 0, 0 ], 
  [ 0, 0, 0, 1, 1, 0, 1, 0, 0, 0, 1, 1 ], 
  [ 1, 1, 1, 1, 1, 0, 1, 0, 1, 1, 1, 0 ], 
  [ 0, 1, 0, 0, 1, 1, 0, 0, 1, 1, 0, 1 ], 
  [ 1, 0, 0, 0, 1, 1, 1, 0, 1, 1, 1, 0 ], 
  [ 0, 1, 0, 0, 1, 0, 0, 0, 1, 0, 0, 0 ], 
  [ 1, 0, 1, 1, 1, 0, 1, 1, 1, 1, 0, 0 ], 
  [ 1, 0, 0, 1, 0, 1, 1, 0, 0, 0, 0, 1 ], 
  [ 0, 0, 1, 0, 1, 1, 0, 0, 1, 1, 0, 0 ], 
  [ 0, 1, 1, 0, 1, 0, 0, 0, 0, 0, 1, 0 ], 
  [ 1, 1, 1, 0, 0, 1, 1, 1, 1, 0, 1, 0 ], 
  [ 0, 1, 1, 0, 1, 0, 0, 1, 1, 0, 0, 0 ] ]
CLASS q=2 n=6 order=8 size=132315723251712000 M=
[ [ 0, 1, 1, 0, 0, 0, 0, 0, 1, 1, 0, 0 ], 
  [ 1, 0, 1, 0, 0, 1, 0, 1, 0, 0, 1, 1 ], 
  [ 1, 0, 0, 1, 0, 0, 1, 1, 0, 0, 0, 0 ], 
  [ 1, 1, 1, 1, 0, 0, 1, 0, 1, 1, 0, 1 ], 
  [ 0, 1, 1, 0, 1, 0, 0, 0, 1, 1, 0, 0 ], 
  [ 0, 0, 0, 1, 0, 1, 1, 1, 1, 0, 1, 1 ], 
  [ 1, 1, 0, 1, 0, 0, 0, 1, 1, 1, 0, 0 ], 
  [ 0, 0, 1, 1, 1, 0, 1, 0, 1, 0, 1, 0 ], 
  [ 1, 0, 0, 0, 0, 0, 0, 0, 1, 0, 0, 0 ], 
  [ 0, 0, 1, 0, 0, 0, 1, 0, 1, 1, 1, 0 ], 
  [ 0, 1, 0, 1, 1, 0, 0, 1, 0, 1, 0, 1 ], 
  [ 1, 1, 0, 0, 0, 0, 1, 0, 0, 1, 1, 1 ] ]
CLASS q=2 n=6 order=12 size=11761397622374400 M=
[ [ 1, 0, 0, 0, 0, 0, 0, 0, 0, 0, 0, 0 ], 
  [ 1, 1, 1, 0, 0, 1, 0, 1, 0, 1, 1, 0 ], 
  [ 1, 0, 0, 0, 1, 0, 1, 0, 1, 0, 1, 0 ], 
  [ 0, 0, 1, 1, 0, 0, 0, 0, 1, 1, 0, 0 ], 
  [ 1, 0, 1, 1, 1, 1, 0, 0, 1, 1, 0, 0 ], 
  [ 0, 0, 0, 0, 0, 1, 1, 0, 0, 0, 0, 1 ], 
  [ 0, 0, 0, 1, 1, 1, 0, 0, 0, 1, 1, 0 ], 
  [ 1, 0, 1, 0, 1, 1, 0, 0, 1, 0, 1, 1 ], 
  [ 0, 0, 1, 0, 0, 0, 1, 0, 0, 1, 0, 1 ], 
  [ 0, 0, 1, 0, 1, 1, 0, 1, 0, 1, 0, 1 ], 
  [ 1, 0, 1, 0, 1, 1, 1, 1, 1, 0, 0, 0 ], 
  [ 0, 0, 0, 0, 1, 1, 1, 1, 1, 1, 0, 1 ] ]
CLASS q=2 n=6 order=10 size=14452405398373662720 M=
[ [ 1, 0, 1, 1, 1, 1, 0, 1, 1, 1, 1, 1 ], 
  [ 0, 0, 1, 1, 1, 1, 1, 1, 1, 0, 0, 1 ], 
  [ 0, 1, 1, 1, 0, 0, 0, 1, 1, 0, 1, 1 ], 
  [ 0, 1, 0, 0, 1, 1, 1, 0, 0, 0, 1, 1 ], 
  [ 0, 0, 0, 1, 1, 0, 0, 1, 1, 1, 0, 0 ], 
  [ 0, 0, 0, 0, 0, 1, 1, 0, 1, 0, 0, 1 ], 
  [ 1, 1, 1, 0, 0, 0, 1, 0, 0, 0, 0, 1 ], 
  [ 0, 0, 0, 0, 0, 1, 1, 1, 1, 1, 0, 0 ], 
  [ 1, 0, 0, 0, 1, 0, 0, 1, 0, 0, 0, 1 ], 
  [ 1, 1, 0, 0, 0, 0, 0, 0, 0, 0, 0, 1 ], 
  [ 0, 0, 1, 1, 0, 0, 0, 1, 0, 1, 0, 1 ], 
  [ 1, 1, 1, 0, 1, 0, 1, 0, 1, 1, 0, 0 ] ]
CLASS q=2 n=6 order=2 size=4307152449600 M=
[ [ 0, 0, 0, 1, 1, 0, 1, 0, 0, 0, 1, 1 ], 
  [ 0, 0, 1, 1, 0, 0, 1, 1, 0, 0, 0, 1 ], 
  [ 1, 1, 0, 1, 1, 0, 1, 0, 0, 0, 0, 0 ], 
  [ 1, 0, 0, 0, 0, 1, 0, 1, 0, 0, 1, 1 ], 
  [ 0, 0, 1, 0, 0, 0, 0, 1, 0, 0, 0, 0 ], 
  [ 0, 1, 0, 1, 0, 0, 0, 1, 0, 0, 0, 1 ], 
  [ 1, 0, 1, 0, 1, 1, 0, 1, 0, 0, 0, 1 ], 
  [ 1, 1, 0, 1, 0, 0, 1, 0, 0, 0, 0, 0 ], 
  [ 0, 0, 0, 0, 0, 0, 0, 0, 1, 0, 0, 0 ], 
  [ 0, 0, 0, 0, 0, 0, 0, 0, 1, 1, 0, 0 ], 
  [ 1, 1, 1, 0, 1, 0, 0, 1, 0, 0, 0, 0 ], 
  [ 0, 1, 1, 0, 0, 0, 0, 0, 0, 0, 1, 0 ] ]
CLASS q=2 n=6 order=10 size=650358242926814822400 M=
[ [ 1, 0, 1, 1, 1, 1, 1, 0, 0, 1, 1, 1 ], 
  [ 0, 1, 0, 0, 0, 1, 0, 0, 0, 0, 1, 0 ], 
  [ 1, 0, 1, 1, 1, 1, 0, 0, 0, 0, 0, 0 ], 
  [ 0, 1, 1, 0, 0, 1, 0, 1, 1, 0, 1, 0 ], 
  [ 1, 0, 1, 1, 1, 1, 1, 0, 0, 0, 0, 0 ], 
  [ 1, 1, 0, 0, 0, 1, 1, 1, 0, 1, 0, 1 ], 
  [ 0, 0, 0, 1, 0, 1, 0, 0, 1, 1, 1, 0 ], 
  [ 0, 0, 1, 0, 0, 1, 0, 0, 0, 0, 0, 0 ], 
  [ 1, 1, 1, 1, 1, 0, 1, 0, 0, 0, 0, 0 ], 
  [ 0, 1, 1, 1, 1, 0, 1, 0, 1, 0, 0, 1 ], 
  [ 1, 0, 1, 1, 1, 1, 0, 0, 1, 1, 1, 0 ], 
  [ 0, 1, 1, 0, 0, 0, 1, 0, 0, 1, 0, 0 ] ]
CLASS q=2 n=6 order=6 size=1003639263775948800 M=
[ [ 1, 1, 0, 0, 0, 0, 1, 0, 1, 0, 1, 0 ], 
  [ 1, 1, 1, 0, 1, 0, 0, 1, 0, 1, 0, 1 ], 
  [ 1, 0, 1, 1, 1, 1, 1, 1, 0, 1, 0, 1 ], 
  [ 0, 1, 0, 0, 0, 0, 1, 1, 0, 0, 0, 0 ], 
  [ 1, 1, 1, 0, 1, 1, 0, 1, 1, 1, 0, 0 ], 
  [ 0, 1, 0, 0, 0, 1, 0, 0, 1, 0, 1, 1 ], 
  [ 1, 1, 0, 0, 0, 1, 0, 1, 1, 0, 0, 1 ], 
  [ 1, 0, 1, 0, 1, 0, 0, 1, 1, 1, 0, 1 ], 
  [ 0, 1, 0, 1, 1, 1, 1, 1, 1, 0, 1, 0 ], 
  [ 0, 0, 1, 0, 1, 1, 0, 0, 0, 0, 1, 0 ], 
  [ 0, 1, 0, 0, 1, 1, 1, 1, 0, 0, 1, 0 ], 
  [ 0, 0, 1, 1, 1, 0, 0, 0, 0, 0, 1, 0 ] ]
CLASS q=2 n=6 order=12 size=180655067479670784000 M=
[ [ 0, 1, 0, 0, 1, 0, 1, 1, 1, 0, 1, 1 ], 
  [ 1, 0, 1, 1, 1, 1, 1, 1, 0, 1, 1, 1 ], 
  [ 1, 0, 0, 1, 0, 0, 1, 1, 1, 1, 1, 1 ], 
  [ 1, 0, 1, 1, 1, 0, 0, 0, 1, 1, 0, 0 ], 
  [ 0, 0, 1, 1, 1, 1, 1, 1, 0, 1, 0, 0 ], 
  [ 1, 1, 1, 0, 1, 0, 0, 0, 1, 1, 0, 0 ], 
  [ 1, 0, 1, 0, 0, 1, 1, 0, 1, 1, 1, 1 ], 
  [ 1, 0, 1, 1, 1, 0, 0, 1, 0, 0, 1, 1 ], 
  [ 0, 0, 0, 1, 0, 0, 1, 0, 0, 1, 1, 1 ], 
  [ 0, 0, 0, 0, 1, 1, 1, 0, 1, 0, 1, 1 ], 
  [ 0, 0, 0, 0, 0, 0, 0, 0, 0, 0, 1, 1 ], 
  [ 0, 1, 0, 0, 1, 1, 1, 1, 0, 0, 0, 1 ] ]
CLASS q=2 n=6 order=4 size=529262893006848000 M=
[ [ 1, 1, 0, 1, 1, 1, 1, 0, 1, 0, 1, 1 ], 
  [ 1, 1, 0, 0, 1, 0, 1, 0, 1, 0, 1, 1 ], 
  [ 0, 0, 1, 0, 1, 0, 1, 1, 0, 0, 1, 0 ], 
  [ 1, 0, 0, 1, 0, 1, 1, 0, 0, 1, 1, 0 ], 
  [ 1, 1, 0, 1, 0, 1, 1, 1, 0, 0, 0, 0 ], 
  [ 1, 1, 1, 1, 1, 1, 1, 0, 0, 1, 1, 1 ], 
  [ 1, 1, 1, 1, 1, 0, 0, 0, 0, 1, 0, 1 ], 
  [ 0, 1, 0, 1, 0, 0, 0, 1, 0, 1, 1, 0 ], 
  [ 1, 0, 0, 0, 0, 0, 0, 1, 0, 0, 1, 1 ], 
  [ 1, 0, 0, 0, 0, 1, 1, 0, 0, 0, 0, 0 ], 
  [ 0, 1, 0, 0, 0, 0, 0, 1, 1, 1, 0, 1 ], 
  [ 0, 0, 0, 1, 0, 1, 0, 0, 0, 1, 0, 0 ] ]
CLASS q=2 n=6 order=6 size=45163766869917696000 M=
[ [ 1, 1, 1, 0, 1, 1, 0, 1, 0, 1, 0, 1 ], 
  [ 0, 1, 1, 1, 1, 1, 1, 1, 0, 0, 0, 1 ], 
  [ 0, 0, 1, 0, 0, 1, 1, 0, 1, 0, 1, 1 ], 
  [ 0, 0, 0, 0, 1, 0, 0, 0, 0, 1, 1, 0 ], 
  [ 0, 0, 1, 0, 1, 0, 1, 1, 0, 0, 0, 0 ], 
  [ 0, 0, 1, 1, 1, 1, 1, 0, 1, 1, 1, 0 ], 
  [ 1, 0, 1, 1, 0, 1, 1, 1, 0, 1, 0, 1 ], 
  [ 0, 1, 0, 0, 0, 1, 1, 0, 1, 0, 0, 0 ], 
  [ 1, 0, 1, 0, 0, 0, 0, 0, 1, 1, 0, 1 ], 
  [ 0, 1, 1, 1, 1, 0, 0, 1, 1, 0, 0, 1 ], 
  [ 0, 0, 0, 0, 0, 1, 0, 1, 1, 1, 0, 0 ], 
  [ 0, 1, 0, 0, 1, 0, 0, 0, 1, 1, 1, 1 ] ]
CLASS q=2 n=6 order=12 size=1083930404878024704000 M=
[ [ 0, 0, 1, 0, 1, 1, 0, 0, 1, 0, 1, 1 ], 
  [ 0, 0, 0, 1, 1, 1, 0, 1, 1, 1, 0, 1 ], 
  [ 1, 1, 0, 1, 1, 0, 0, 1, 1, 1, 1, 0 ], 
  [ 1, 1, 1, 1, 1, 1, 0, 1, 0, 1, 0, 0 ], 
  [ 1, 1, 1, 0, 1, 0, 0, 0, 0, 0, 0, 1 ], 
  [ 1, 1, 0, 1, 0, 1, 1, 0, 1, 0, 1, 1 ], 
  [ 0, 0, 1, 0, 1, 1, 1, 0, 0, 1, 1, 0 ], 
  [ 1, 1, 0, 0, 1, 0, 0, 0, 1, 0, 0, 1 ], 
  [ 1, 0, 1, 1, 0, 1, 0, 0, 0, 1, 1, 0 ], 
  [ 1, 1, 1, 0, 1, 0, 1, 1, 1, 0, 0, 1 ], 
  [ 1, 0, 0, 1, 0, 1, 0, 1, 1, 1, 1, 0 ], 
  [ 0, 0, 1, 0, 1, 0, 1, 1, 1, 0, 0, 1 ] ]
CLASS q=2 n=6 order=4 size=22052620541952000 M=
[ [ 0, 1, 1, 0, 1, 0, 0, 0, 0, 1, 1, 0 ], 
  [ 0, 0, 1, 1, 0, 1, 1, 0, 1, 0, 1, 0 ], 
  [ 0, 1, 0, 1, 1, 0, 1, 0, 1, 0, 0, 0 ], 
  [ 1, 1, 1, 1, 1, 0, 0, 0, 0, 1, 1, 0 ], 
  [ 0, 1, 1, 0, 1, 1, 1, 0, 1, 0, 0, 0 ], 
  [ 0, 1, 1, 0, 0, 0, 1, 1, 0, 0, 0, 0 ], 
  [ 0, 0, 0, 1, 1, 1, 0, 1, 1, 0, 0, 1 ], 
  [ 0, 1, 1, 1, 0, 0, 1, 0, 0, 1, 0, 1 ], 
  [ 1, 0, 0, 1, 1, 1, 1, 1, 1, 1, 0, 0 ], 
  [ 1, 0, 0, 0, 0, 0, 0, 1, 0, 0, 0, 1 ], 
  [ 0, 0, 0, 0, 0, 1, 0, 0, 0, 1, 0, 1 ], 
  [ 1, 1, 1, 1, 0, 1, 0, 0, 0, 1, 1, 1 ] ]
CLASS q=2 n=6 order=12 size=180655067479670784000 M=
[ [ 1, 1, 0, 1, 1, 0, 0, 0, 1, 1, 0, 0 ], 
  [ 0, 1, 1, 0, 1, 1, 0, 1, 1, 1, 1, 1 ], 
  [ 1, 1, 0, 1, 1, 1, 0, 1, 1, 0, 1, 0 ], 
  [ 0, 1, 0, 1, 1, 0, 0, 1, 0, 1, 1, 0 ], 
  [ 0, 1, 1, 0, 0, 1, 0, 1, 0, 1, 0, 0 ], 
  [ 0, 0, 1, 1, 1, 0, 1, 0, 0, 1, 0, 0 ], 
  [ 0, 0, 1, 0, 0, 1, 0, 0, 0, 0, 1, 0 ], 
  [ 1, 1, 0, 0, 0, 1, 0, 0, 1, 0, 0, 1 ], 
  [ 0, 0, 1, 1, 0, 1, 1, 1, 0, 0, 0, 1 ], 
  [ 0, 1, 0, 1, 0, 0, 1, 1, 0, 1, 0, 1 ], 
  [ 0, 1, 0, 1, 0, 0, 0, 0, 1, 0, 1, 1 ], 
  [ 1, 1, 0, 0, 1, 0, 0, 0, 0, 0, 1, 1 ] ]
CLASS q=2 n=6 order=12 size=940911809789952000 M=
[ [ 1, 0, 1, 0, 0, 1, 1, 1, 1, 0, 1, 1 ], 
  [ 1, 0, 0, 1, 0, 0, 0, 1, 0, 1, 1, 1 ], 
  [ 1, 1, 1, 1, 1, 1, 1, 1, 1, 1, 0, 0 ], 
  [ 1, 0, 1, 0, 0, 0, 0, 0, 1, 0, 0, 0 ], 
  [ 0, 1, 0, 0, 0, 0, 1, 0, 1, 1, 0, 1 ], 
  [ 1, 1, 0, 0, 0, 1, 1, 1, 0, 1, 0, 0 ], 
  [ 0, 0, 1, 0, 1, 1, 1, 0, 0, 0, 0, 0 ], 
  [ 1, 0, 1, 1, 0, 1, 0, 1, 0, 1, 1, 0 ], 
  [ 1, 0, 1, 0, 0, 1, 0, 1, 0, 0, 0, 1 ], 
  [ 1, 1, 1, 1, 0, 0, 0, 1, 1, 0, 1, 0 ], 
  [ 1, 0, 1, 0, 1, 1, 0, 0, 0, 0, 1, 0 ], 
  [ 0, 0, 0, 1, 0, 0, 0, 1, 1, 1, 1, 0 ] ]
CLASS q=2 n=6 order=24 size=270982601219506176000 M=
[ [ 1, 0, 1, 1, 1, 1, 0, 1, 1, 1, 1, 1 ], 
  [ 1, 0, 1, 1, 0, 1, 0, 1, 1, 0, 0, 1 ], 
  [ 0, 0, 0, 1, 1, 0, 1, 0, 1, 1, 0, 1 ], 
  [ 1, 0, 0, 0, 0, 1, 0, 1, 1, 0, 0, 0 ], 
  [ 1, 1, 1, 0, 1, 0, 0, 0, 0, 0, 1, 0 ], 
  [ 1, 0, 1, 1, 1, 1, 0, 0, 1, 1, 0, 0 ], 
  [ 1, 0, 0, 0, 1, 1, 0, 1, 1, 1, 0, 0 ], 
  [ 0, 1, 1, 1, 0, 1, 1, 0, 0, 0, 0, 1 ], 
  [ 1, 1, 0, 1, 0, 1, 1, 1, 1, 0, 1, 0 ], 
  [ 0, 1, 1, 0, 0, 1, 1, 0, 1, 0, 1, 0 ], 
  [ 1, 0, 1, 1, 1, 0, 0, 0, 0, 1, 0, 0 ], 
  [ 1, 0, 1, 0, 1, 1, 1, 0, 1, 0, 1, 0 ] ]
CLASS q=2 n=6 order=6 size=209091513286656000 M=
[ [ 1, 1, 0, 1, 0, 0, 0, 0, 0, 1, 1, 0 ], 
  [ 0, 1, 1, 1, 1, 1, 0, 1, 1, 1, 1, 0 ], 
  [ 1, 0, 1, 0, 0, 1, 1, 0, 0, 0, 0, 0 ], 
  [ 0, 1, 0, 1, 0, 0, 1, 1, 1, 1, 1, 0 ], 
  [ 1, 1, 1, 1, 1, 1, 1, 1, 1, 1, 0, 0 ], 
  [ 1, 1, 1, 1, 0, 1, 1, 0, 1, 0, 0, 0 ], 
  [ 0, 1, 1, 0, 1, 1, 0, 0, 1, 1, 1, 1 ], 
  [ 0, 1, 1, 0, 0, 1, 1, 1, 0, 1, 1, 0 ], 
  [ 1, 0, 1, 0, 1, 0, 1, 1, 1, 0, 0, 1 ], 
  [ 0, 1, 1, 0, 0, 1, 1, 1, 0, 1, 0, 0 ], 
  [ 0, 1, 1, 1, 1, 1, 1, 1, 0, 1, 0, 0 ], 
  [ 0, 0, 1, 0, 0, 0, 1, 0, 1, 1, 0, 0 ] ]
CLASS q=2 n=6 order=4 size=66157861625856000 M=
[ [ 1, 1, 1, 1, 0, 1, 1, 1, 1, 0, 0, 1 ], 
  [ 1, 1, 1, 0, 1, 0, 0, 1, 0, 1, 1, 0 ], 
  [ 0, 1, 1, 0, 1, 0, 0, 0, 1, 0, 1, 0 ], 
  [ 1, 1, 1, 1, 1, 0, 1, 1, 0, 1, 0, 0 ], 
  [ 0, 1, 0, 0, 0, 1, 1, 1, 0, 0, 1, 1 ], 
  [ 0, 1, 1, 0, 1, 1, 0, 1, 0, 1, 1, 0 ], 
  [ 0, 0, 0, 0, 0, 0, 1, 0, 1, 0, 1, 0 ], 
  [ 0, 1, 0, 1, 1, 1, 0, 1, 0, 1, 1, 1 ], 
  [ 0, 1, 0, 0, 1, 1, 1, 1, 0, 0, 0, 1 ], 
  [ 0, 1, 1, 0, 1, 0, 1, 0, 1, 1, 1, 1 ], 
  [ 1, 0, 1, 0, 0, 0, 1, 1, 0, 1, 1, 0 ], 
  [ 1, 0, 0, 1, 0, 1, 0, 1, 0, 0, 1, 1 ] ]
CLASS q=2 n=6 order=24 size=16936412576219136000 M=
[ [ 0, 1, 1, 0, 0, 1, 0, 1, 0, 0, 1, 1 ], 
  [ 0, 0, 0, 0, 0, 1, 0, 1, 1, 0, 1, 0 ], 
  [ 1, 0, 0, 1, 1, 0, 0, 1, 1, 0, 0, 1 ], 
  [ 1, 1, 1, 0, 1, 0, 0, 1, 1, 0, 1, 1 ], 
  [ 1, 0, 1, 1, 1, 0, 1, 1, 0, 1, 1, 1 ], 
  [ 0, 0, 1, 0, 1, 1, 0, 0, 0, 0, 0, 1 ], 
  [ 0, 0, 0, 0, 1, 0, 0, 0, 1, 1, 1, 0 ], 
  [ 0, 0, 0, 0, 0, 1, 1, 0, 1, 1, 1, 0 ], 
  [ 1, 1, 0, 0, 0, 1, 1, 1, 0, 0, 1, 1 ], 
  [ 1, 1, 0, 1, 1, 0, 1, 1, 0, 0, 0, 0 ], 
  [ 0, 0, 1, 1, 1, 0, 0, 1, 1, 1, 0, 0 ], 
  [ 0, 0, 0, 1, 1, 0, 1, 1, 0, 1, 0, 1 ] ]
CLASS q=2 n=6 order=4 size=344572195968000 M=
[ [ 1, 0, 0, 1, 0, 1, 0, 0, 0, 1, 0, 1 ], 
  [ 0, 1, 0, 0, 0, 1, 0, 1, 1, 1, 1, 1 ], 
  [ 0, 1, 1, 0, 1, 0, 1, 0, 1, 1, 0, 0 ], 
  [ 0, 0, 1, 1, 1, 0, 0, 0, 0, 0, 0, 1 ], 
  [ 1, 1, 0, 1, 0, 1, 1, 0, 1, 0, 0, 1 ], 
  [ 0, 0, 1, 1, 1, 0, 0, 0, 0, 1, 0, 0 ], 
  [ 1, 0, 0, 1, 0, 1, 1, 0, 0, 1, 0, 1 ], 
  [ 0, 0, 0, 1, 0, 1, 1, 1, 0, 1, 0, 0 ], 
  [ 1, 1, 0, 0, 1, 0, 1, 0, 0, 1, 0, 0 ], 
  [ 1, 0, 0, 0, 0, 0, 0, 0, 0, 1, 0, 0 ], 
  [ 1, 1, 1, 1, 0, 1, 0, 0, 1, 0, 1, 1 ], 
  [ 1, 0, 0, 1, 0, 1, 0, 0, 0, 1, 0, 0 ] ]
CLASS q=2 n=6 order=8 size=2117051572027392000 M=
[ [ 0, 1, 0, 1, 1, 1, 1, 0, 1, 0, 0, 1 ], 
  [ 1, 0, 0, 0, 1, 0, 1, 0, 1, 1, 0, 0 ], 
  [ 1, 1, 1, 1, 0, 1, 0, 0, 1, 1, 0, 1 ], 
  [ 0, 0, 0, 1, 0, 1, 1, 1, 0, 0, 0, 1 ], 
  [ 1, 0, 1, 0, 0, 0, 1, 0, 0, 0, 0, 0 ], 
  [ 1, 1, 0, 0, 1, 1, 0, 0, 0, 0, 1, 0 ], 
  [ 0, 1, 1, 1, 1, 1, 0, 0, 1, 1, 0, 1 ], 
  [ 1, 1, 0, 0, 1, 0, 1, 1, 0, 0, 1, 1 ], 
  [ 0, 1, 0, 0, 1, 1, 1, 1, 1, 0, 1, 1 ], 
  [ 1, 0, 0, 0, 1, 0, 1, 0, 0, 0, 0, 0 ], 
  [ 1, 0, 0, 0, 0, 0, 1, 0, 0, 0, 1, 1 ], 
  [ 0, 1, 0, 1, 0, 1, 0, 0, 1, 1, 0, 0 ] ]
CLASS q=2 n=6 order=12 size=176420964335616000 M=
[ [ 1, 0, 0, 1, 0, 1, 0, 0, 0, 1, 0, 1 ], 
  [ 1, 1, 0, 1, 0, 1, 0, 0, 0, 0, 0, 0 ], 
  [ 1, 1, 1, 1, 1, 1, 1, 0, 1, 1, 0, 0 ], 
  [ 1, 0, 0, 0, 1, 1, 0, 0, 1, 1, 0, 1 ], 
  [ 0, 1, 1, 1, 0, 0, 1, 1, 1, 1, 1, 1 ], 
  [ 0, 0, 1, 1, 1, 0, 0, 0, 0, 1, 0, 0 ], 
  [ 1, 0, 1, 0, 0, 1, 1, 1, 0, 0, 1, 1 ], 
  [ 0, 0, 0, 1, 0, 1, 1, 1, 0, 1, 0, 0 ], 
  [ 0, 1, 0, 0, 1, 0, 1, 0, 0, 0, 0, 1 ], 
  [ 0, 0, 0, 0, 0, 1, 0, 1, 1, 1, 1, 0 ], 
  [ 1, 1, 0, 0, 0, 0, 0, 0, 0, 0, 1, 0 ], 
  [ 1, 0, 1, 0, 0, 1, 0, 1, 0, 0, 1, 0 ] ]
CLASS q=2 n=6 order=24 size=67745650304876544000 M=
[ [ 0, 1, 0, 1, 1, 0, 1, 1, 0, 1, 1, 0 ], 
  [ 0, 0, 1, 0, 1, 0, 1, 0, 0, 1, 0, 1 ], 
  [ 1, 1, 0, 1, 0, 0, 0, 1, 1, 0, 1, 1 ], 
  [ 0, 0, 1, 1, 0, 0, 0, 0, 0, 0, 1, 1 ], 
  [ 0, 1, 0, 0, 1, 1, 0, 1, 1, 1, 1, 1 ], 
  [ 1, 1, 0, 0, 1, 0, 1, 1, 1, 1, 0, 0 ], 
  [ 1, 0, 1, 1, 0, 1, 1, 0, 0, 1, 0, 0 ], 
  [ 1, 1, 1, 0, 0, 1, 1, 0, 1, 1, 0, 1 ], 
  [ 0, 0, 1, 1, 0, 1, 0, 0, 0, 1, 0, 0 ], 
  [ 0, 1, 1, 0, 0, 0, 0, 0, 0, 1, 0, 1 ], 
  [ 1, 1, 1, 1, 0, 0, 1, 1, 0, 0, 0, 0 ], 
  [ 1, 0, 0, 1, 1, 1, 1, 0, 0, 1, 0, 1 ] ]
CLASS q=2 n=6 order=12 size=29403494055936000 M=
[ [ 1, 0, 0, 0, 0, 0, 0, 0, 0, 0, 0, 0 ], 
  [ 1, 1, 1, 1, 0, 1, 0, 0, 1, 1, 0, 0 ], 
  [ 1, 0, 0, 0, 0, 0, 1, 0, 1, 0, 0, 0 ], 
  [ 0, 0, 1, 0, 0, 1, 1, 0, 0, 1, 1, 1 ], 
  [ 0, 0, 1, 1, 1, 1, 0, 0, 1, 0, 0, 1 ], 
  [ 0, 0, 0, 1, 0, 1, 1, 1, 0, 1, 0, 0 ], 
  [ 1, 0, 0, 1, 0, 1, 0, 0, 0, 0, 0, 1 ], 
  [ 0, 0, 0, 0, 0, 0, 0, 1, 1, 1, 1, 1 ], 
  [ 1, 0, 0, 0, 1, 1, 1, 1, 1, 1, 1, 0 ], 
  [ 1, 0, 0, 1, 1, 0, 0, 1, 0, 1, 1, 0 ], 
  [ 1, 0, 1, 1, 1, 0, 0, 1, 1, 1, 0, 0 ], 
  [ 1, 0, 1, 1, 1, 1, 0, 0, 0, 0, 0, 0 ] ]
CLASS q=2 n=6 order=8 size=44105241083904000 M=
[ [ 1, 1, 0, 0, 1, 0, 0, 0, 0, 1, 1, 1 ], 
  [ 0, 0, 0, 0, 1, 0, 1, 1, 1, 1, 0, 0 ], 
  [ 0, 1, 0, 1, 1, 1, 0, 1, 1, 1, 1, 0 ], 
  [ 1, 0, 1, 0, 0, 0, 1, 1, 0, 0, 1, 0 ], 
  [ 0, 0, 0, 1, 1, 0, 0, 1, 1, 0, 1, 0 ], 
  [ 0, 1, 0, 0, 1, 1, 0, 0, 0, 1, 1, 1 ], 
  [ 0, 1, 0, 0, 1, 1, 0, 0, 1, 0, 0, 1 ], 
  [ 1, 0, 0, 1, 0, 0, 0, 0, 1, 1, 1, 1 ], 
  [ 1, 0, 1, 0, 0, 0, 0, 1, 1, 0, 1, 1 ], 
  [ 1, 1, 0, 0, 1, 1, 1, 0, 0, 0, 1, 0 ], 
  [ 1, 0, 0, 0, 0, 0, 1, 1, 1, 1, 0, 0 ], 
  [ 0, 0, 1, 1, 0, 1, 0, 1, 0, 0, 1, 0 ] ]
CLASS q=2 n=6 order=12 size=2940349405593600 M=
[ [ 0, 0, 1, 0, 0, 0, 0, 1, 1, 0, 0, 1 ], 
  [ 0, 1, 0, 0, 1, 0, 0, 1, 1, 1, 0, 1 ], 
  [ 0, 0, 1, 1, 1, 1, 0, 0, 0, 0, 1, 0 ], 
  [ 1, 1, 1, 1, 0, 1, 0, 0, 1, 1, 0, 0 ], 
  [ 1, 0, 0, 0, 1, 1, 0, 0, 0, 0, 0, 0 ], 
  [ 1, 0, 0, 1, 1, 0, 1, 1, 0, 1, 1, 0 ], 
  [ 0, 0, 0, 1, 0, 0, 0, 0, 1, 0, 1, 1 ], 
  [ 1, 1, 0, 1, 0, 1, 0, 1, 1, 0, 1, 0 ], 
  [ 1, 1, 1, 1, 0, 1, 1, 0, 1, 1, 1, 1 ], 
  [ 0, 1, 1, 0, 0, 1, 1, 1, 1, 1, 0, 0 ], 
  [ 1, 1, 0, 0, 0, 1, 1, 0, 0, 0, 1, 1 ], 
  [ 0, 0, 0, 1, 1, 1, 0, 0, 0, 0, 1, 1 ] ]
CLASS q=2 n=6 order=24 size=5645470858739712000 M=
[ [ 1, 0, 0, 0, 0, 0, 1, 1, 1, 0, 1, 1 ], 
  [ 1, 0, 1, 1, 1, 1, 1, 1, 1, 0, 1, 0 ], 
  [ 0, 1, 1, 1, 0, 1, 1, 0, 1, 1, 1, 0 ], 
  [ 1, 0, 0, 1, 1, 0, 1, 0, 1, 0, 0, 1 ], 
  [ 0, 0, 1, 0, 0, 1, 1, 1, 0, 1, 0, 1 ], 
  [ 1, 0, 1, 1, 1, 1, 0, 1, 0, 1, 0, 0 ], 
  [ 0, 0, 1, 1, 0, 1, 1, 1, 0, 0, 1, 1 ], 
  [ 0, 1, 0, 0, 0, 0, 1, 1, 0, 0, 0, 1 ], 
  [ 1, 1, 1, 0, 0, 0, 1, 1, 1, 0, 1, 0 ], 
  [ 0, 0, 1, 0, 1, 1, 0, 1, 1, 0, 1, 0 ], 
  [ 0, 0, 1, 0, 1, 0, 1, 1, 1, 0, 0, 0 ], 
  [ 0, 0, 0, 1, 1, 1, 1, 0, 0, 0, 1, 0 ] ]
CLASS q=2 n=6 order=12 size=2509098159439872000 M=
[ [ 0, 1, 0, 1, 1, 1, 1, 0, 0, 0, 1, 0 ], 
  [ 0, 0, 1, 1, 1, 1, 1, 1, 1, 1, 1, 1 ], 
  [ 0, 0, 1, 1, 1, 0, 0, 0, 0, 1, 0, 0 ], 
  [ 0, 1, 1, 0, 0, 0, 0, 1, 0, 1, 1, 0 ], 
  [ 1, 1, 0, 0, 1, 0, 1, 0, 0, 0, 0, 0 ], 
  [ 0, 1, 1, 0, 0, 0, 0, 0, 1, 1, 0, 1 ], 
  [ 0, 1, 1, 0, 1, 0, 0, 1, 1, 1, 0, 1 ], 
  [ 0, 1, 0, 1, 0, 1, 0, 0, 0, 1, 0, 1 ], 
  [ 1, 0, 1, 1, 1, 0, 0, 1, 0, 1, 1, 0 ], 
  [ 1, 1, 1, 0, 0, 0, 0, 0, 1, 1, 1, 0 ], 
  [ 1, 1, 0, 1, 0, 0, 0, 0, 1, 1, 0, 1 ], 
  [ 1, 0, 1, 0, 1, 0, 0, 1, 1, 0, 0, 0 ] ]
CLASS q=2 n=6 order=24 size=180655067479670784000 M=
[ [ 0, 0, 0, 0, 0, 0, 0, 0, 1, 1, 0, 0 ], 
  [ 1, 0, 1, 0, 0, 1, 0, 1, 0, 1, 1, 0 ], 
  [ 0, 1, 0, 0, 0, 1, 1, 0, 1, 1, 1, 1 ], 
  [ 1, 1, 0, 1, 0, 0, 0, 0, 1, 1, 1, 1 ], 
  [ 1, 0, 0, 0, 1, 1, 1, 1, 0, 0, 1, 0 ], 
  [ 1, 0, 1, 1, 1, 0, 1, 0, 0, 0, 1, 1 ], 
  [ 0, 0, 1, 1, 0, 0, 1, 1, 0, 0, 1, 0 ], 
  [ 1, 1, 1, 0, 0, 1, 1, 0, 1, 1, 0, 1 ], 
  [ 0, 1, 0, 1, 0, 0, 0, 1, 0, 0, 1, 0 ], 
  [ 0, 0, 0, 0, 1, 1, 1, 1, 0, 0, 0, 0 ], 
  [ 0, 0, 1, 0, 1, 0, 1, 0, 0, 0, 1, 0 ], 
  [ 0, 1, 1, 0, 0, 0, 0, 0, 0, 0, 1, 1 ] ]
CLASS q=2 n=6 order=7 size=20482433954611200 M=
[ [ 0, 0, 0, 0, 1, 1, 0, 0, 1, 0, 0, 0 ], 
  [ 0, 0, 1, 0, 0, 0, 0, 1, 1, 1, 1, 0 ], 
  [ 0, 1, 1, 0, 1, 0, 1, 1, 0, 1, 1, 0 ], 
  [ 1, 1, 0, 1, 1, 1, 1, 1, 1, 0, 1, 1 ], 
  [ 1, 0, 1, 1, 1, 0, 1, 0, 0, 1, 0, 1 ], 
  [ 0, 0, 0, 1, 1, 1, 0, 1, 1, 0, 1, 0 ], 
  [ 0, 0, 0, 1, 0, 1, 1, 0, 0, 1, 0, 1 ], 
  [ 0, 1, 0, 0, 0, 0, 1, 0, 0, 0, 1, 1 ], 
  [ 1, 1, 1, 1, 1, 1, 0, 0, 0, 0, 0, 1 ], 
  [ 0, 0, 1, 1, 0, 1, 1, 0, 1, 1, 0, 0 ], 
  [ 0, 1, 1, 1, 0, 0, 0, 0, 0, 0, 1, 1 ], 
  [ 0, 0, 0, 1, 0, 1, 0, 0, 0, 1, 0, 0 ] ]
CLASS q=2 n=6 order=14 size=19355900087107584000 M=
[ [ 0, 0, 1, 1, 0, 1, 1, 1, 1, 1, 1, 1 ], 
  [ 0, 1, 0, 0, 1, 0, 0, 0, 0, 1, 0, 1 ], 
  [ 1, 0, 1, 0, 1, 0, 1, 1, 0, 0, 1, 1 ], 
  [ 0, 1, 0, 1, 0, 1, 1, 0, 1, 0, 0, 1 ], 
  [ 1, 0, 0, 1, 0, 0, 0, 0, 1, 1, 0, 1 ], 
  [ 1, 1, 1, 0, 0, 0, 0, 1, 0, 0, 1, 1 ], 
  [ 1, 0, 1, 0, 1, 1, 1, 0, 0, 1, 0, 0 ], 
  [ 1, 1, 1, 0, 0, 0, 1, 1, 1, 1, 0, 1 ], 
  [ 0, 0, 1, 0, 0, 0, 1, 0, 0, 1, 0, 1 ], 
  [ 0, 1, 0, 1, 0, 1, 0, 1, 0, 0, 1, 1 ], 
  [ 1, 0, 0, 0, 0, 1, 1, 0, 1, 0, 1, 1 ], 
  [ 1, 0, 1, 0, 1, 1, 0, 0, 0, 1, 0, 1 ] ]
CLASS q=2 n=6 order=21 size=13764195617498726400 M=
[ [ 1, 0, 0, 0, 0, 0, 0, 1, 1, 1, 1, 1 ], 
  [ 0, 1, 1, 0, 1, 0, 1, 1, 0, 1, 1, 1 ], 
  [ 0, 0, 1, 1, 1, 1, 0, 1, 1, 1, 1, 1 ], 
  [ 1, 1, 1, 0, 0, 1, 1, 0, 0, 1, 0, 1 ], 
  [ 0, 0, 0, 0, 1, 1, 0, 1, 1, 0, 1, 0 ], 
  [ 1, 0, 0, 1, 1, 0, 1, 1, 1, 1, 1, 0 ], 
  [ 0, 0, 0, 1, 1, 0, 0, 1, 0, 0, 1, 1 ], 
  [ 0, 0, 0, 0, 1, 1, 0, 1, 0, 0, 0, 0 ], 
  [ 0, 1, 1, 1, 0, 1, 1, 0, 0, 1, 0, 1 ], 
  [ 0, 0, 1, 1, 1, 1, 0, 0, 0, 0, 0, 0 ], 
  [ 1, 0, 0, 0, 1, 1, 0, 0, 1, 0, 1, 0 ], 
  [ 0, 0, 0, 1, 1, 0, 1, 1, 0, 0, 1, 0 ] ]
CLASS q=2 n=6 order=28 size=154847200696860672000 M=
[ [ 0, 1, 0, 1, 1, 0, 1, 1, 1, 1, 1, 0 ], 
  [ 1, 0, 0, 1, 0, 0, 0, 1, 1, 0, 1, 0 ], 
  [ 1, 1, 1, 1, 0, 0, 1, 1, 1, 1, 1, 0 ], 
  [ 1, 0, 0, 1, 1, 0, 0, 1, 0, 0, 1, 0 ], 
  [ 0, 0, 1, 1, 0, 1, 0, 0, 1, 1, 0, 0 ], 
  [ 1, 0, 1, 1, 0, 1, 0, 0, 0, 1, 0, 0 ], 
  [ 1, 1, 1, 0, 0, 1, 0, 1, 0, 1, 1, 1 ], 
  [ 1, 1, 0, 0, 1, 1, 0, 1, 0, 1, 0, 0 ], 
  [ 0, 0, 1, 0, 1, 0, 1, 0, 0, 0, 0, 0 ], 
  [ 0, 1, 1, 0, 0, 1, 0, 0, 0, 1, 0, 1 ], 
  [ 0, 1, 1, 0, 1, 1, 0, 1, 1, 1, 0, 1 ], 
  [ 1, 1, 1, 0, 0, 1, 1, 1, 0, 1, 1, 0 ] ]
CLASS q=2 n=6 order=42 size=619388802787442688000 M=
[ [ 1, 1, 0, 0, 1, 0, 0, 1, 1, 1, 1, 1 ], 
  [ 1, 1, 0, 1, 1, 1, 1, 1, 1, 1, 1, 0 ], 
  [ 1, 1, 0, 1, 0, 1, 0, 0, 0, 1, 0, 0 ], 
  [ 1, 0, 1, 1, 1, 1, 0, 1, 0, 0, 1, 1 ], 
  [ 0, 1, 1, 0, 1, 0, 0, 1, 1, 1, 1, 0 ], 
  [ 0, 1, 0, 1, 0, 1, 0, 1, 1, 0, 1, 0 ], 
  [ 1, 0, 0, 1, 0, 0, 1, 1, 1, 1, 1, 1 ], 
  [ 1, 1, 0, 1, 1, 1, 1, 1, 1, 0, 0, 1 ], 
  [ 0, 1, 0, 0, 0, 1, 1, 1, 1, 1, 1, 0 ], 
  [ 1, 1, 0, 0, 0, 0, 1, 1, 0, 1, 1, 1 ], 
  [ 0, 0, 1, 1, 0, 1, 0, 0, 1, 1, 1, 0 ], 
  [ 1, 0, 0, 1, 0, 0, 0, 1, 1, 1, 1, 0 ] ]
CLASS q=2 n=6 order=84 size=1238777605574885376000 M=
[ [ 0, 1, 1, 1, 1, 0, 0, 0, 1, 1, 0, 0 ], 
  [ 1, 1, 0, 0, 1, 1, 1, 1, 0, 1, 1, 0 ], 
  [ 1, 0, 1, 0, 0, 1, 1, 1, 0, 1, 1, 0 ], 
  [ 1, 0, 1, 0, 0, 0, 0, 0, 1, 1, 0, 0 ], 
  [ 0, 1, 1, 0, 0, 0, 1, 1, 1, 0, 1, 0 ], 
  [ 0, 1, 1, 0, 1, 0, 0, 0, 1, 0, 0, 1 ], 
  [ 1, 0, 1, 1, 0, 0, 1, 0, 1, 0, 0, 1 ], 
  [ 0, 0, 1, 1, 1, 1, 0, 1, 1, 0, 0, 0 ], 
  [ 1, 1, 1, 0, 1, 1, 1, 0, 1, 0, 0, 0 ], 
  [ 1, 0, 0, 0, 1, 1, 0, 0, 0, 0, 0, 1 ], 
  [ 0, 1, 1, 0, 0, 0, 0, 0, 0, 1, 1, 1 ], 
  [ 1, 0, 1, 1, 0, 0, 0, 0, 1, 0, 0, 0 ] ]
CLASS q=2 n=6 order=12 size=93344425574400 M=
[ [ 0, 1, 1, 1, 1, 0, 1, 1, 1, 0, 1, 0 ], 
  [ 1, 0, 1, 1, 1, 0, 0, 1, 1, 0, 1, 1 ], 
  [ 1, 1, 0, 0, 1, 0, 0, 0, 0, 0, 0, 1 ], 
  [ 0, 0, 1, 1, 1, 0, 0, 1, 1, 1, 1, 0 ], 
  [ 0, 0, 0, 0, 1, 0, 1, 0, 0, 0, 0, 1 ], 
  [ 0, 0, 1, 0, 1, 1, 1, 1, 1, 1, 1, 1 ], 
  [ 0, 0, 1, 1, 1, 0, 1, 0, 0, 1, 0, 0 ], 
  [ 0, 1, 1, 1, 0, 1, 1, 1, 1, 0, 0, 1 ], 
  [ 1, 1, 0, 1, 0, 0, 1, 0, 1, 1, 0, 0 ], 
  [ 0, 0, 1, 1, 1, 0, 1, 0, 0, 0, 0, 1 ], 
  [ 1, 0, 0, 0, 1, 1, 1, 1, 0, 0, 0, 0 ], 
  [ 0, 0, 1, 1, 1, 0, 0, 0, 0, 1, 0, 1 ] ]
CLASS q=2 n=6 order=12 size=45163766869917696000 M=
[ [ 0, 1, 1, 0, 1, 0, 0, 1, 1, 0, 0, 1 ], 
  [ 1, 1, 0, 0, 1, 1, 1, 0, 1, 0, 0, 1 ], 
  [ 0, 0, 1, 0, 1, 1, 1, 0, 0, 0, 0, 0 ], 
  [ 0, 1, 0, 1, 0, 0, 0, 0, 0, 0, 1, 1 ], 
  [ 0, 1, 1, 1, 0, 1, 0, 0, 0, 0, 0, 1 ], 
  [ 1, 1, 0, 1, 0, 0, 1, 1, 1, 0, 1, 0 ], 
  [ 1, 0, 1, 1, 1, 0, 0, 0, 1, 0, 0, 0 ], 
  [ 1, 0, 0, 1, 1, 1, 1, 1, 0, 1, 1, 0 ], 
  [ 1, 1, 1, 1, 0, 1, 0, 0, 0, 0, 1, 1 ], 
  [ 1, 0, 1, 0, 1, 1, 1, 0, 1, 0, 1, 1 ], 
  [ 0, 0, 1, 0, 0, 0, 0, 0, 1, 1, 1, 0 ], 
  [ 1, 0, 0, 1, 1, 0, 0, 0, 1, 1, 1, 0 ] ]
CLASS q=2 n=6 order=40 size=325179121463407411200 M=
[ [ 0, 1, 0, 0, 0, 0, 1, 1, 1, 0, 0, 1 ], 
  [ 0, 1, 0, 0, 0, 0, 0, 0, 1, 1, 0, 1 ], 
  [ 0, 1, 1, 0, 0, 1, 0, 1, 1, 1, 0, 0 ], 
  [ 0, 1, 0, 0, 1, 1, 0, 1, 1, 1, 0, 0 ], 
  [ 1, 0, 0, 0, 0, 0, 0, 1, 1, 0, 0, 0 ], 
  [ 1, 0, 1, 0, 1, 0, 1, 0, 1, 0, 0, 1 ], 
  [ 0, 1, 0, 1, 1, 1, 1, 0, 1, 0, 1, 1 ], 
  [ 0, 0, 1, 0, 1, 0, 0, 1, 1, 0, 1, 1 ], 
  [ 1, 0, 0, 1, 0, 1, 1, 1, 0, 1, 0, 0 ], 
  [ 1, 0, 0, 0, 1, 0, 1, 1, 0, 1, 0, 0 ], 
  [ 1, 1, 1, 1, 0, 1, 0, 1, 1, 1, 1, 0 ], 
  [ 1, 0, 0, 0, 0, 0, 1, 0, 1, 1, 1, 1 ] ]
CLASS q=2 n=6 order=6 size=2940349405593600 M=
[ [ 1, 1, 0, 1, 0, 1, 1, 1, 1, 0, 1, 1 ], 
  [ 1, 1, 1, 0, 1, 1, 1, 1, 0, 0, 1, 0 ], 
  [ 1, 0, 0, 1, 1, 0, 1, 1, 1, 1, 0, 1 ], 
  [ 1, 0, 1, 0, 1, 0, 1, 0, 0, 0, 1, 1 ], 
  [ 0, 0, 0, 1, 1, 1, 0, 0, 1, 1, 1, 1 ], 
  [ 1, 0, 1, 0, 1, 0, 1, 0, 1, 0, 1, 1 ], 
  [ 1, 1, 0, 1, 0, 0, 0, 0, 0, 0, 1, 1 ], 
  [ 1, 1, 1, 0, 1, 1, 0, 0, 1, 0, 0, 0 ], 
  [ 1, 1, 0, 0, 1, 1, 1, 0, 0, 0, 1, 1 ], 
  [ 1, 0, 0, 0, 0, 1, 0, 0, 0, 0, 1, 0 ], 
  [ 1, 0, 1, 1, 0, 0, 1, 1, 1, 0, 0, 0 ], 
  [ 0, 0, 1, 0, 0, 0, 1, 1, 0, 0, 1, 0 ] ]
CLASS q=2 n=6 order=10 size=43357216195120988160 M=
[ [ 0, 0, 0, 0, 1, 0, 1, 1, 1, 1, 1, 1 ], 
  [ 0, 0, 0, 0, 1, 1, 0, 0, 0, 0, 0, 0 ], 
  [ 0, 0, 1, 1, 1, 1, 0, 0, 0, 0, 0, 1 ], 
  [ 0, 1, 1, 1, 0, 0, 1, 1, 1, 0, 1, 0 ], 
  [ 0, 0, 1, 0, 0, 0, 1, 1, 0, 0, 1, 1 ], 
  [ 1, 1, 0, 1, 0, 0, 1, 0, 1, 1, 1, 0 ], 
  [ 1, 1, 0, 0, 1, 1, 1, 1, 0, 1, 0, 0 ], 
  [ 1, 1, 1, 1, 0, 0, 1, 1, 1, 0, 0, 1 ], 
  [ 1, 1, 0, 1, 1, 1, 0, 0, 0, 0, 1, 0 ], 
  [ 1, 1, 0, 0, 0, 0, 0, 1, 1, 1, 0, 1 ], 
  [ 1, 0, 1, 1, 1, 1, 1, 0, 0, 0, 0, 0 ], 
  [ 1, 1, 1, 1, 1, 1, 0, 0, 0, 0, 0, 1 ] ]
CLASS q=2 n=6 order=20 size=1300716485853629644800 M=
[ [ 1, 1, 0, 0, 0, 1, 1, 0, 0, 0, 0, 1 ], 
  [ 1, 1, 1, 0, 0, 1, 1, 1, 1, 0, 0, 1 ], 
  [ 0, 1, 0, 0, 0, 0, 1, 1, 0, 1, 0, 1 ], 
  [ 1, 1, 1, 0, 0, 1, 0, 0, 0, 0, 0, 1 ], 
  [ 1, 0, 1, 1, 1, 0, 1, 1, 0, 0, 1, 0 ], 
  [ 0, 1, 0, 0, 1, 1, 1, 0, 1, 1, 0, 0 ], 
  [ 0, 0, 1, 1, 1, 0, 1, 1, 0, 0, 0, 0 ], 
  [ 1, 1, 1, 0, 1, 0, 0, 0, 0, 0, 1, 0 ], 
  [ 1, 0, 1, 0, 1, 1, 0, 0, 1, 0, 0, 0 ], 
  [ 0, 1, 0, 1, 0, 1, 1, 1, 0, 0, 0, 1 ], 
  [ 0, 0, 1, 0, 1, 0, 1, 0, 0, 1, 1, 0 ], 
  [ 0, 1, 0, 1, 1, 1, 1, 1, 1, 0, 1, 1 ] ]
CLASS q=2 n=6 order=10 size=14452405398373662720 M=
[ [ 1, 0, 1, 1, 1, 1, 0, 0, 0, 1, 0, 0 ], 
  [ 0, 1, 0, 1, 0, 0, 0, 0, 1, 0, 0, 0 ], 
  [ 1, 1, 1, 0, 1, 0, 0, 1, 1, 0, 0, 1 ], 
  [ 0, 0, 0, 1, 0, 0, 0, 1, 1, 0, 0, 1 ], 
  [ 1, 1, 1, 1, 0, 0, 1, 0, 1, 0, 0, 1 ], 
  [ 0, 1, 0, 1, 0, 0, 0, 1, 0, 0, 0, 1 ], 
  [ 1, 0, 0, 1, 0, 0, 1, 1, 1, 1, 0, 0 ], 
  [ 1, 0, 0, 1, 1, 0, 1, 1, 0, 1, 0, 1 ], 
  [ 1, 1, 0, 1, 0, 1, 1, 0, 1, 1, 0, 1 ], 
  [ 0, 0, 0, 1, 1, 1, 1, 0, 1, 0, 1, 0 ], 
  [ 1, 1, 0, 1, 0, 1, 1, 0, 1, 1, 0, 0 ], 
  [ 1, 0, 0, 1, 0, 0, 0, 0, 1, 1, 1, 1 ] ]
CLASS q=2 n=6 order=6 size=2859816960 M=
[ [ 1, 0, 1, 0, 0, 0, 1, 0, 1, 1, 0, 1 ], 
  [ 0, 1, 1, 0, 0, 0, 1, 0, 1, 1, 0, 1 ], 
  [ 1, 1, 1, 0, 1, 0, 0, 0, 1, 0, 0, 0 ], 
  [ 1, 1, 1, 0, 1, 0, 0, 0, 1, 1, 1, 0 ], 
  [ 0, 0, 0, 0, 1, 0, 0, 0, 0, 0, 0, 0 ], 
  [ 0, 0, 1, 0, 0, 1, 1, 0, 1, 1, 0, 1 ], 
  [ 0, 0, 0, 0, 0, 0, 1, 0, 0, 0, 0, 0 ], 
  [ 0, 0, 1, 1, 0, 0, 0, 1, 0, 1, 1, 0 ], 
  [ 1, 1, 1, 1, 1, 0, 0, 0, 0, 1, 1, 0 ], 
  [ 0, 0, 0, 1, 0, 0, 1, 0, 1, 1, 1, 1 ], 
  [ 0, 0, 1, 1, 0, 0, 0, 0, 0, 1, 0, 0 ], 
  [ 1, 1, 0, 0, 1, 0, 0, 0, 1, 0, 0, 1 ] ]
CLASS q=2 n=6 order=15 size=38539747728996433920 M=
[ [ 1, 0, 1, 0, 1, 1, 0, 0, 1, 0, 1, 1 ], 
  [ 0, 1, 0, 0, 0, 0, 1, 1, 1, 1, 1, 0 ], 
  [ 1, 1, 1, 0, 0, 0, 1, 1, 0, 0, 0, 1 ], 
  [ 0, 0, 1, 0, 1, 0, 1, 1, 0, 1, 1, 1 ], 
  [ 1, 1, 1, 1, 0, 0, 0, 1, 0, 0, 0, 0 ], 
  [ 0, 1, 1, 1, 0, 0, 0, 0, 0, 1, 0, 1 ], 
  [ 0, 0, 0, 1, 1, 1, 1, 1, 0, 1, 1, 1 ], 
  [ 1, 1, 0, 1, 0, 1, 1, 1, 1, 0, 1, 0 ], 
  [ 0, 0, 1, 0, 1, 1, 1, 0, 0, 0, 1, 1 ], 
  [ 1, 0, 0, 0, 0, 0, 1, 1, 0, 0, 1, 1 ], 
  [ 0, 1, 1, 0, 1, 0, 0, 1, 1, 0, 0, 0 ], 
  [ 1, 0, 0, 1, 1, 0, 0, 1, 1, 1, 1, 0 ] ]
CLASS q=2 n=6 order=30 size=115619243186989301760 M=
[ [ 0, 1, 0, 1, 1, 1, 0, 0, 1, 0, 1, 0 ], 
  [ 1, 1, 1, 0, 0, 1, 0, 0, 0, 1, 0, 1 ], 
  [ 0, 1, 1, 0, 1, 1, 1, 1, 1, 1, 1, 0 ], 
  [ 0, 0, 1, 1, 0, 1, 0, 0, 1, 0, 0, 0 ], 
  [ 1, 0, 0, 1, 0, 0, 0, 0, 1, 1, 1, 0 ], 
  [ 0, 1, 1, 1, 1, 0, 1, 0, 1, 1, 0, 1 ], 
  [ 1, 0, 1, 1, 1, 0, 1, 1, 0, 1, 1, 0 ], 
  [ 1, 0, 1, 0, 0, 0, 0, 0, 1, 1, 0, 1 ], 
  [ 0, 0, 0, 0, 1, 0, 1, 0, 1, 1, 0, 0 ], 
  [ 0, 0, 0, 0, 1, 1, 1, 1, 0, 1, 1, 1 ], 
  [ 1, 0, 0, 1, 1, 1, 0, 0, 1, 0, 0, 1 ], 
  [ 1, 1, 1, 0, 0, 0, 0, 1, 0, 1, 0, 1 ] ]
CLASS q=2 n=6 order=30 size=578096215934946508800 M=
[ [ 1, 1, 0, 0, 1, 1, 0, 1, 1, 1, 0, 1 ], 
  [ 1, 1, 1, 0, 1, 1, 0, 0, 0, 1, 0, 1 ], 
  [ 0, 1, 1, 0, 0, 1, 1, 1, 1, 1, 1, 0 ], 
  [ 0, 0, 0, 1, 1, 1, 1, 0, 0, 0, 1, 0 ], 
  [ 1, 0, 0, 1, 0, 0, 0, 0, 1, 1, 1, 0 ], 
  [ 0, 0, 0, 1, 0, 0, 1, 1, 0, 0, 1, 1 ], 
  [ 0, 1, 0, 0, 0, 0, 1, 0, 0, 1, 1, 0 ], 
  [ 0, 0, 0, 1, 1, 0, 1, 1, 0, 0, 0, 0 ], 
  [ 1, 0, 0, 1, 0, 0, 1, 1, 1, 0, 1, 1 ], 
  [ 0, 1, 0, 0, 0, 1, 0, 1, 1, 0, 1, 0 ], 
  [ 1, 1, 1, 1, 0, 1, 0, 0, 1, 1, 1, 0 ], 
  [ 1, 1, 0, 0, 0, 0, 1, 1, 1, 1, 1, 1 ] ]
CLASS q=2 n=6 order=10 size=216786080975604940800 M=
[ [ 0, 0, 0, 0, 0, 0, 1, 0, 0, 1, 1, 0 ], 
  [ 1, 0, 1, 0, 0, 1, 0, 0, 0, 1, 1, 1 ], 
  [ 1, 0, 1, 0, 0, 1, 0, 0, 0, 0, 0, 0 ], 
  [ 1, 0, 1, 1, 0, 1, 0, 0, 1, 1, 1, 1 ], 
  [ 1, 1, 0, 1, 0, 1, 0, 0, 0, 0, 0, 0 ], 
  [ 0, 1, 0, 1, 0, 0, 0, 1, 1, 0, 1, 0 ], 
  [ 0, 1, 1, 1, 0, 0, 0, 0, 0, 1, 0, 0 ], 
  [ 0, 0, 0, 0, 0, 0, 1, 0, 1, 0, 0, 1 ], 
  [ 1, 0, 0, 1, 1, 1, 1, 0, 0, 0, 0, 0 ], 
  [ 0, 0, 0, 0, 0, 0, 1, 1, 0, 0, 1, 1 ], 
  [ 0, 0, 0, 0, 0, 1, 1, 1, 0, 0, 1, 1 ], 
  [ 0, 1, 0, 0, 1, 1, 1, 1, 0, 0, 1, 1 ] ]
CLASS q=2 n=6 order=4 size=137828878387200 M=
[ [ 0, 0, 1, 1, 1, 1, 0, 1, 1, 0, 1, 0 ], 
  [ 0, 0, 0, 1, 0, 0, 0, 0, 1, 1, 1, 1 ], 
  [ 0, 0, 0, 1, 0, 1, 0, 0, 0, 0, 0, 0 ], 
  [ 1, 0, 0, 1, 1, 1, 1, 0, 1, 0, 1, 0 ], 
  [ 0, 1, 1, 1, 1, 0, 0, 0, 1, 0, 1, 1 ], 
  [ 0, 1, 0, 1, 0, 1, 0, 0, 1, 1, 1, 1 ], 
  [ 0, 1, 0, 0, 0, 0, 1, 0, 0, 1, 1, 0 ], 
  [ 0, 0, 0, 1, 0, 0, 0, 1, 1, 0, 0, 1 ], 
  [ 0, 1, 0, 1, 0, 0, 1, 1, 1, 0, 1, 0 ], 
  [ 1, 1, 1, 0, 1, 1, 1, 0, 0, 1, 1, 1 ], 
  [ 1, 0, 1, 1, 1, 1, 1, 0, 1, 1, 1, 0 ], 
  [ 0, 0, 0, 0, 0, 1, 1, 1, 1, 0, 1, 0 ] ]
CLASS q=2 n=6 order=20 size=1300716485853629644800 M=
[ [ 0, 0, 0, 1, 0, 0, 0, 0, 1, 1, 1, 1 ], 
  [ 0, 0, 0, 0, 1, 1, 0, 0, 0, 0, 0, 1 ], 
  [ 0, 0, 0, 0, 0, 1, 0, 1, 1, 0, 1, 0 ], 
  [ 0, 1, 0, 0, 1, 1, 0, 1, 0, 0, 0, 0 ], 
  [ 1, 1, 1, 0, 1, 0, 0, 0, 1, 1, 1, 0 ], 
  [ 1, 1, 1, 0, 0, 1, 0, 1, 0, 0, 1, 0 ], 
  [ 1, 0, 0, 1, 0, 1, 0, 1, 1, 0, 1, 0 ], 
  [ 0, 0, 1, 1, 0, 1, 1, 1, 1, 1, 1, 0 ], 
  [ 1, 1, 1, 1, 0, 0, 1, 0, 0, 1, 0, 0 ], 
  [ 1, 0, 0, 0, 1, 0, 0, 0, 0, 1, 1, 0 ], 
  [ 0, 0, 0, 1, 1, 0, 1, 0, 1, 1, 1, 1 ], 
  [ 0, 0, 0, 0, 0, 1, 1, 0, 0, 0, 1, 1 ] ]
CLASS q=2 n=6 order=12 size=90327533739835392000 M=
[ [ 1, 0, 1, 1, 1, 1, 1, 1, 0, 0, 1, 0 ], 
  [ 0, 1, 1, 1, 1, 1, 1, 1, 0, 0, 1, 0 ], 
  [ 0, 0, 0, 1, 1, 1, 0, 0, 1, 1, 1, 1 ], 
  [ 0, 0, 0, 0, 0, 1, 0, 1, 1, 0, 1, 0 ], 
  [ 0, 0, 1, 0, 1, 0, 1, 0, 0, 1, 0, 1 ], 
  [ 0, 0, 0, 1, 0, 0, 0, 0, 0, 1, 0, 1 ], 
  [ 1, 1, 0, 0, 0, 1, 1, 1, 0, 1, 0, 0 ], 
  [ 1, 1, 1, 1, 0, 1, 1, 1, 1, 1, 0, 0 ], 
  [ 0, 0, 1, 1, 1, 0, 0, 0, 1, 0, 0, 1 ], 
  [ 0, 0, 0, 0, 0, 1, 1, 1, 0, 0, 0, 1 ], 
  [ 1, 1, 0, 1, 1, 0, 0, 1, 0, 1, 0, 0 ], 
  [ 1, 1, 0, 1, 0, 1, 1, 0, 1, 1, 1, 0 ] ]
CLASS q=2 n=6 order=30 size=289048107967473254400 M=
[ [ 0, 1, 1, 1, 1, 1, 0, 0, 0, 1, 1, 0 ], 
  [ 0, 1, 0, 1, 1, 0, 0, 1, 1, 0, 0, 0 ], 
  [ 0, 1, 0, 1, 0, 0, 0, 0, 0, 0, 1, 1 ], 
  [ 1, 0, 0, 1, 0, 0, 0, 1, 0, 1, 0, 0 ], 
  [ 1, 0, 0, 1, 0, 1, 1, 0, 1, 1, 1, 0 ], 
  [ 1, 1, 1, 1, 1, 0, 1, 1, 1, 1, 1, 1 ], 
  [ 1, 1, 0, 1, 1, 0, 1, 1, 0, 0, 0, 1 ], 
  [ 0, 1, 1, 1, 1, 0, 0, 1, 0, 1, 0, 1 ], 
  [ 1, 0, 1, 0, 0, 0, 0, 1, 1, 0, 1, 1 ], 
  [ 0, 0, 0, 0, 0, 1, 0, 0, 0, 1, 1, 1 ], 
  [ 0, 0, 0, 0, 1, 0, 1, 1, 1, 1, 0, 0 ], 
  [ 0, 0, 0, 1, 1, 1, 1, 0, 1, 0, 0, 0 ] ]
CLASS q=2 n=6 order=12 size=752729447831961600 M=
[ [ 1, 1, 1, 0, 0, 1, 0, 0, 0, 0, 0, 1 ], 
  [ 0, 0, 1, 1, 1, 0, 0, 1, 0, 1, 1, 0 ], 
  [ 1, 0, 0, 0, 0, 0, 1, 1, 1, 1, 1, 0 ], 
  [ 1, 0, 1, 0, 1, 1, 0, 1, 0, 0, 0, 0 ], 
  [ 1, 1, 0, 0, 1, 1, 1, 1, 1, 1, 1, 1 ], 
  [ 0, 1, 0, 1, 0, 1, 1, 0, 0, 1, 0, 1 ], 
  [ 1, 0, 0, 0, 0, 0, 0, 1, 1, 1, 1, 1 ], 
  [ 1, 0, 1, 0, 0, 0, 0, 0, 1, 1, 1, 0 ], 
  [ 1, 1, 0, 1, 1, 0, 1, 0, 0, 0, 0, 0 ], 
  [ 1, 1, 0, 1, 0, 0, 0, 1, 1, 1, 1, 0 ], 
  [ 1, 1, 0, 0, 1, 1, 1, 1, 0, 1, 1, 0 ], 
  [ 0, 0, 1, 0, 1, 0, 1, 1, 0, 0, 1, 0 ] ]
CLASS q=2 n=6 order=20 size=13549130060975308800 M=
[ [ 0, 1, 1, 1, 0, 0, 1, 0, 1, 0, 0, 0 ], 
  [ 0, 0, 0, 0, 1, 1, 0, 1, 1, 0, 0, 0 ], 
  [ 0, 1, 0, 1, 1, 1, 1, 0, 0, 1, 1, 1 ], 
  [ 1, 0, 0, 0, 0, 1, 0, 0, 0, 1, 0, 1 ], 
  [ 0, 1, 1, 0, 1, 0, 0, 0, 1, 1, 1, 0 ], 
  [ 1, 0, 1, 1, 0, 0, 0, 1, 0, 0, 0, 1 ], 
  [ 0, 1, 1, 1, 0, 0, 1, 1, 1, 1, 0, 1 ], 
  [ 1, 0, 1, 1, 1, 1, 0, 1, 1, 0, 0, 0 ], 
  [ 1, 1, 1, 0, 1, 0, 0, 1, 0, 1, 0, 0 ], 
  [ 1, 1, 0, 1, 0, 1, 1, 0, 0, 0, 1, 1 ], 
  [ 0, 0, 1, 1, 1, 0, 1, 0, 0, 0, 1, 1 ], 
  [ 1, 1, 0, 1, 1, 1, 0, 0, 0, 0, 0, 1 ] ]
CLASS q=2 n=6 order=30 size=96349369322491084800 M=
[ [ 1, 0, 1, 0, 0, 1, 1, 0, 0, 1, 0, 1 ], 
  [ 0, 0, 0, 0, 1, 0, 0, 1, 0, 1, 1, 0 ], 
  [ 0, 1, 0, 0, 0, 1, 0, 0, 1, 1, 0, 0 ], 
  [ 0, 1, 1, 1, 1, 0, 1, 1, 0, 0, 0, 1 ], 
  [ 0, 1, 0, 1, 1, 1, 1, 0, 0, 1, 1, 0 ], 
  [ 1, 0, 1, 0, 1, 0, 1, 1, 0, 0, 0, 1 ], 
  [ 1, 1, 0, 1, 1, 0, 1, 1, 0, 0, 0, 1 ], 
  [ 1, 1, 0, 0, 0, 1, 0, 1, 1, 0, 1, 0 ], 
  [ 0, 0, 0, 0, 1, 0, 0, 1, 1, 0, 1, 1 ], 
  [ 1, 0, 1, 0, 1, 0, 1, 0, 0, 0, 1, 1 ], 
  [ 0, 1, 1, 1, 1, 1, 1, 1, 1, 0, 1, 1 ], 
  [ 0, 0, 0, 0, 1, 0, 1, 0, 0, 1, 1, 1 ] ]
CLASS q=2 n=6 order=60 size=1734288647804839526400 M=
[ [ 0, 1, 1, 1, 1, 0, 0, 1, 0, 1, 1, 1 ], 
  [ 0, 1, 0, 0, 0, 0, 1, 0, 0, 1, 1, 1 ], 
  [ 1, 0, 0, 0, 1, 1, 1, 0, 1, 1, 1, 1 ], 
  [ 0, 0, 0, 0, 1, 1, 1, 0, 0, 1, 0, 0 ], 
  [ 1, 0, 0, 1, 0, 1, 1, 1, 0, 0, 0, 0 ], 
  [ 1, 0, 0, 1, 0, 0, 0, 1, 1, 1, 0, 1 ], 
  [ 1, 0, 0, 0, 0, 0, 0, 0, 0, 1, 1, 0 ], 
  [ 0, 0, 1, 1, 1, 0, 0, 0, 1, 1, 1, 0 ], 
  [ 0, 1, 1, 1, 0, 0, 0, 0, 0, 1, 1, 1 ], 
  [ 1, 1, 1, 1, 1, 1, 0, 1, 1, 0, 1, 0 ], 
  [ 0, 1, 0, 1, 1, 1, 1, 1, 1, 1, 0, 0 ], 
  [ 0, 1, 1, 0, 1, 0, 0, 1, 0, 0, 0, 1 ] ]
CLASS q=2 n=6 order=4 size=2756577567744000 M=
[ [ 1, 0, 1, 1, 0, 0, 1, 1, 1, 0, 0, 0 ], 
  [ 0, 1, 1, 0, 1, 0, 1, 0, 1, 0, 1, 0 ], 
  [ 0, 1, 1, 0, 0, 0, 1, 1, 1, 0, 1, 1 ], 
  [ 1, 0, 0, 0, 0, 0, 0, 0, 0, 0, 1, 1 ], 
  [ 1, 1, 1, 0, 0, 0, 0, 0, 1, 0, 0, 1 ], 
  [ 1, 1, 1, 1, 1, 1, 0, 0, 1, 1, 1, 0 ], 
  [ 0, 0, 0, 0, 1, 0, 1, 0, 1, 1, 1, 1 ], 
  [ 0, 1, 0, 0, 1, 0, 1, 0, 0, 0, 1, 0 ], 
  [ 1, 0, 1, 1, 1, 1, 0, 1, 1, 1, 1, 1 ], 
  [ 1, 1, 1, 1, 0, 0, 0, 0, 0, 1, 0, 1 ], 
  [ 0, 0, 0, 1, 1, 0, 0, 0, 1, 1, 0, 0 ], 
  [ 1, 1, 1, 0, 0, 1, 1, 1, 1, 0, 0, 1 ] ]
CLASS q=2 n=6 order=8 size=25404618864328704000 M=
[ [ 1, 0, 1, 0, 0, 0, 0, 1, 0, 0, 0, 1 ], 
  [ 1, 1, 0, 1, 0, 1, 0, 1, 1, 0, 1, 1 ], 
  [ 1, 1, 0, 0, 1, 0, 0, 0, 0, 1, 1, 1 ], 
  [ 1, 1, 0, 1, 0, 0, 0, 0, 0, 1, 0, 1 ], 
  [ 0, 1, 0, 0, 0, 0, 0, 1, 0, 0, 1, 0 ], 
  [ 0, 1, 1, 1, 1, 1, 1, 1, 1, 1, 1, 0 ], 
  [ 1, 0, 0, 1, 1, 0, 1, 0, 1, 1, 0, 0 ], 
  [ 0, 1, 0, 0, 0, 1, 1, 1, 1, 1, 0, 1 ], 
  [ 0, 0, 0, 1, 1, 0, 0, 1, 1, 0, 1, 0 ], 
  [ 1, 0, 1, 1, 1, 0, 0, 1, 1, 1, 1, 1 ], 
  [ 0, 1, 1, 1, 0, 0, 1, 0, 1, 1, 1, 1 ], 
  [ 1, 0, 0, 1, 1, 1, 0, 1, 0, 0, 1, 1 ] ]
CLASS q=2 n=6 order=8 size=16936412576219136000 M=
[ [ 1, 1, 1, 1, 1, 0, 1, 1, 0, 0, 0, 1 ], 
  [ 1, 0, 1, 1, 1, 0, 0, 1, 0, 0, 1, 0 ], 
  [ 0, 1, 0, 0, 1, 1, 0, 0, 1, 0, 0, 0 ], 
  [ 1, 0, 0, 1, 1, 1, 1, 1, 0, 0, 1, 1 ], 
  [ 1, 1, 1, 1, 0, 0, 1, 1, 0, 1, 0, 0 ], 
  [ 0, 0, 1, 0, 0, 1, 0, 1, 1, 1, 1, 0 ], 
  [ 0, 0, 0, 0, 1, 0, 1, 1, 0, 1, 0, 1 ], 
  [ 0, 1, 0, 1, 0, 0, 1, 0, 1, 0, 1, 1 ], 
  [ 0, 0, 0, 0, 1, 1, 0, 0, 0, 0, 1, 1 ], 
  [ 0, 0, 1, 0, 1, 0, 0, 0, 1, 1, 1, 1 ], 
  [ 1, 1, 1, 0, 0, 0, 1, 1, 1, 1, 1, 1 ], 
  [ 1, 0, 0, 0, 1, 0, 0, 0, 1, 0, 1, 0 ] ]
CLASS q=2 n=6 order=16 size=1625895607317037056000 M=
[ [ 0, 1, 0, 0, 1, 1, 0, 0, 1, 1, 1, 0 ], 
  [ 1, 0, 0, 0, 1, 1, 0, 1, 1, 1, 1, 0 ], 
  [ 1, 0, 1, 1, 1, 1, 1, 1, 1, 0, 0, 0 ], 
  [ 0, 0, 0, 0, 1, 1, 0, 0, 0, 1, 1, 1 ], 
  [ 1, 0, 1, 0, 1, 1, 1, 0, 1, 0, 1, 0 ], 
  [ 1, 1, 0, 0, 1, 1, 0, 0, 1, 1, 0, 1 ], 
  [ 0, 1, 1, 0, 1, 1, 1, 0, 1, 1, 1, 0 ], 
  [ 0, 1, 0, 1, 1, 0, 1, 0, 0, 0, 0, 1 ], 
  [ 1, 1, 1, 0, 1, 0, 0, 0, 0, 1, 0, 1 ], 
  [ 0, 0, 1, 1, 1, 1, 0, 1, 0, 1, 1, 1 ], 
  [ 1, 0, 1, 0, 1, 0, 1, 0, 1, 1, 0, 0 ], 
  [ 1, 1, 1, 1, 0, 1, 0, 1, 0, 1, 0, 1 ] ]
CLASS q=2 n=6 order=12 size=45163766869917696000 M=
[ [ 1, 0, 1, 0, 0, 0, 0, 0, 0, 1, 1, 1 ], 
  [ 1, 0, 0, 0, 1, 0, 0, 0, 0, 0, 1, 0 ], 
  [ 1, 1, 1, 1, 0, 1, 0, 0, 1, 0, 1, 0 ], 
  [ 1, 1, 1, 1, 1, 1, 0, 1, 1, 0, 1, 0 ], 
  [ 0, 0, 0, 0, 1, 1, 1, 1, 0, 0, 1, 1 ], 
  [ 1, 1, 1, 0, 1, 1, 1, 1, 0, 0, 1, 0 ], 
  [ 0, 0, 1, 0, 1, 1, 1, 0, 1, 1, 0, 1 ], 
  [ 1, 1, 1, 0, 0, 1, 1, 0, 1, 1, 0, 0 ], 
  [ 1, 0, 1, 1, 1, 1, 1, 0, 0, 1, 0, 1 ], 
  [ 0, 0, 1, 0, 1, 0, 0, 1, 0, 0, 0, 0 ], 
  [ 1, 0, 1, 0, 1, 0, 0, 0, 1, 1, 1, 0 ], 
  [ 1, 1, 0, 0, 0, 0, 0, 1, 0, 1, 0, 1 ] ]
CLASS q=2 n=6 order=12 size=45163766869917696000 M=
[ [ 0, 0, 0, 1, 1, 1, 1, 1, 0, 0, 1, 1 ], 
  [ 0, 1, 0, 1, 0, 1, 1, 0, 0, 0, 0, 1 ], 
  [ 0, 1, 1, 1, 0, 1, 1, 0, 1, 0, 1, 0 ], 
  [ 0, 1, 1, 0, 1, 1, 1, 1, 1, 0, 1, 0 ], 
  [ 0, 0, 0, 0, 1, 1, 1, 1, 1, 0, 0, 0 ], 
  [ 1, 0, 0, 1, 1, 0, 0, 1, 0, 1, 1, 1 ], 
  [ 0, 0, 1, 1, 1, 1, 0, 1, 0, 1, 1, 1 ], 
  [ 0, 0, 1, 1, 0, 0, 1, 0, 0, 1, 1, 1 ], 
  [ 0, 1, 0, 0, 1, 1, 1, 1, 1, 0, 0, 0 ], 
  [ 1, 1, 0, 0, 1, 0, 0, 1, 1, 0, 1, 1 ], 
  [ 0, 0, 0, 0, 0, 1, 1, 0, 0, 0, 0, 0 ], 
  [ 0, 0, 1, 1, 1, 0, 1, 0, 1, 0, 0, 1 ] ]
CLASS q=2 n=6 order=12 size=3763647239159808000 M=
[ [ 0, 0, 0, 0, 0, 1, 0, 1, 0, 1, 0, 1 ], 
  [ 0, 0, 1, 1, 0, 0, 0, 1, 1, 0, 0, 1 ], 
  [ 1, 0, 0, 1, 1, 0, 1, 0, 1, 1, 1, 0 ], 
  [ 0, 1, 0, 0, 1, 1, 0, 1, 0, 1, 1, 1 ], 
  [ 1, 0, 1, 0, 0, 0, 1, 1, 1, 0, 0, 1 ], 
  [ 1, 1, 1, 1, 0, 1, 1, 1, 0, 0, 1, 0 ], 
  [ 1, 0, 1, 0, 0, 0, 0, 1, 0, 1, 0, 1 ], 
  [ 0, 0, 1, 0, 1, 0, 1, 1, 0, 0, 0, 0 ], 
  [ 1, 1, 0, 0, 1, 1, 0, 1, 0, 1, 1, 0 ], 
  [ 1, 1, 0, 0, 1, 0, 1, 1, 0, 1, 0, 1 ], 
  [ 1, 0, 1, 1, 1, 1, 1, 1, 0, 1, 0, 0 ], 
  [ 0, 1, 1, 1, 0, 1, 0, 0, 1, 1, 1, 1 ] ]
CLASS q=2 n=6 order=24 size=90327533739835392000 M=
[ [ 1, 1, 1, 1, 1, 0, 0, 0, 1, 0, 1, 1 ], 
  [ 0, 1, 1, 0, 0, 0, 0, 1, 1, 1, 0, 0 ], 
  [ 1, 1, 1, 0, 1, 1, 1, 1, 0, 0, 1, 1 ], 
  [ 0, 0, 0, 1, 0, 1, 1, 1, 1, 1, 1, 0 ], 
  [ 0, 1, 1, 0, 0, 0, 0, 0, 1, 1, 0, 1 ], 
  [ 1, 0, 0, 1, 1, 1, 1, 0, 1, 0, 0, 1 ], 
  [ 0, 1, 0, 0, 0, 1, 0, 1, 1, 1, 0, 1 ], 
  [ 1, 1, 0, 1, 1, 1, 1, 1, 0, 1, 1, 0 ], 
  [ 1, 1, 0, 0, 0, 1, 0, 1, 0, 1, 0, 0 ], 
  [ 0, 0, 0, 0, 1, 0, 1, 0, 1, 0, 1, 1 ], 
  [ 0, 0, 0, 1, 1, 0, 0, 1, 1, 0, 0, 1 ], 
  [ 1, 0, 0, 1, 0, 0, 1, 0, 0, 1, 1, 0 ] ]
CLASS q=2 n=6 order=12 size=5645470858739712000 M=
[ [ 1, 0, 0, 1, 1, 1, 0, 0, 1, 0, 0, 0 ], 
  [ 0, 1, 1, 0, 1, 0, 1, 1, 1, 0, 0, 0 ], 
  [ 0, 1, 0, 0, 1, 0, 1, 1, 0, 0, 1, 0 ], 
  [ 1, 0, 0, 0, 0, 0, 1, 0, 0, 0, 1, 1 ], 
  [ 0, 1, 0, 1, 0, 0, 0, 0, 0, 1, 1, 0 ], 
  [ 0, 1, 0, 0, 0, 0, 0, 1, 0, 1, 1, 1 ], 
  [ 1, 0, 0, 0, 0, 1, 0, 1, 0, 1, 0, 1 ], 
  [ 1, 0, 0, 1, 1, 1, 0, 1, 0, 0, 0, 1 ], 
  [ 1, 0, 0, 0, 1, 1, 1, 1, 1, 0, 1, 0 ], 
  [ 1, 1, 1, 1, 0, 1, 0, 0, 0, 1, 1, 0 ], 
  [ 1, 0, 1, 0, 0, 0, 1, 1, 1, 1, 0, 1 ], 
  [ 1, 0, 1, 0, 0, 0, 0, 0, 1, 1, 1, 1 ] ]
CLASS q=2 n=6 order=8 size=564547085873971200 M=
[ [ 0, 0, 0, 1, 0, 1, 1, 1, 1, 0, 0, 0 ], 
  [ 1, 0, 0, 0, 0, 1, 1, 0, 1, 0, 1, 0 ], 
  [ 0, 0, 0, 0, 1, 0, 0, 1, 1, 0, 0, 0 ], 
  [ 1, 1, 1, 0, 1, 1, 0, 0, 1, 0, 0, 0 ], 
  [ 1, 0, 0, 0, 0, 0, 1, 0, 0, 1, 1, 1 ], 
  [ 1, 0, 1, 0, 1, 1, 0, 1, 0, 1, 1, 1 ], 
  [ 1, 1, 0, 1, 0, 1, 1, 1, 0, 0, 0, 0 ], 
  [ 1, 1, 1, 0, 1, 0, 1, 0, 1, 1, 1, 1 ], 
  [ 0, 1, 0, 0, 1, 1, 0, 0, 0, 1, 0, 1 ], 
  [ 0, 1, 0, 1, 1, 0, 1, 1, 1, 1, 1, 0 ], 
  [ 1, 0, 1, 0, 0, 0, 1, 1, 1, 1, 0, 0 ], 
  [ 1, 1, 1, 0, 1, 1, 1, 1, 0, 0, 1, 1 ] ]
CLASS q=2 n=6 order=24 size=361310134959341568000 M=
[ [ 1, 0, 0, 0, 1, 1, 1, 1, 1, 0, 0, 1 ], 
  [ 0, 0, 0, 0, 1, 0, 1, 0, 1, 0, 1, 0 ], 
  [ 1, 0, 0, 1, 1, 0, 0, 0, 1, 0, 1, 0 ], 
  [ 0, 0, 1, 0, 1, 1, 1, 0, 1, 0, 1, 1 ], 
  [ 0, 1, 1, 1, 1, 1, 0, 0, 0, 1, 0, 0 ], 
  [ 1, 0, 0, 1, 1, 1, 0, 0, 1, 0, 0, 1 ], 
  [ 1, 1, 1, 1, 1, 1, 1, 0, 1, 0, 0, 1 ], 
  [ 1, 1, 1, 0, 0, 1, 1, 0, 1, 1, 0, 0 ], 
  [ 0, 0, 0, 0, 1, 1, 0, 0, 0, 1, 1, 0 ], 
  [ 0, 0, 1, 1, 1, 0, 0, 1, 1, 0, 0, 1 ], 
  [ 0, 1, 0, 1, 1, 0, 1, 1, 0, 0, 0, 1 ], 
  [ 0, 0, 0, 0, 0, 1, 0, 0, 1, 1, 0, 0 ] ]
CLASS q=2 n=6 order=4 size=198473584877568000 M=
[ [ 1, 1, 1, 1, 1, 0, 0, 0, 1, 0, 1, 1 ], 
  [ 0, 1, 1, 1, 1, 0, 1, 0, 0, 0, 1, 1 ], 
  [ 1, 0, 1, 0, 0, 0, 0, 0, 0, 0, 1, 1 ], 
  [ 0, 1, 1, 1, 0, 0, 0, 1, 1, 0, 0, 1 ], 
  [ 1, 1, 0, 0, 1, 0, 1, 0, 0, 1, 1, 0 ], 
  [ 0, 0, 1, 0, 1, 0, 0, 1, 0, 1, 0, 0 ], 
  [ 1, 1, 1, 0, 0, 0, 1, 1, 1, 0, 1, 0 ], 
  [ 1, 0, 1, 1, 0, 1, 1, 1, 1, 1, 1, 0 ], 
  [ 1, 1, 1, 0, 1, 0, 1, 1, 1, 0, 1, 0 ], 
  [ 0, 0, 1, 1, 1, 1, 0, 0, 0, 0, 0, 1 ], 
  [ 1, 0, 1, 1, 0, 0, 1, 0, 0, 0, 0, 1 ], 
  [ 1, 0, 1, 1, 1, 0, 0, 0, 1, 0, 1, 0 ] ]
CLASS q=2 n=6 order=4 size=66157861625856000 M=
[ [ 1, 1, 0, 1, 1, 1, 0, 0, 1, 1, 0, 1 ], 
  [ 1, 0, 0, 0, 1, 0, 0, 1, 0, 0, 1, 0 ], 
  [ 0, 1, 0, 0, 1, 0, 1, 1, 0, 0, 0, 0 ], 
  [ 0, 0, 0, 1, 1, 0, 0, 1, 1, 1, 1, 0 ], 
  [ 1, 1, 0, 0, 1, 1, 1, 1, 0, 1, 1, 1 ], 
  [ 1, 1, 1, 0, 1, 1, 1, 1, 1, 1, 1, 1 ], 
  [ 0, 1, 0, 1, 0, 0, 0, 0, 0, 1, 0, 1 ], 
  [ 1, 1, 0, 1, 1, 0, 1, 0, 0, 1, 0, 0 ], 
  [ 1, 1, 0, 0, 0, 1, 0, 0, 1, 0, 0, 0 ], 
  [ 0, 0, 0, 1, 0, 1, 1, 0, 1, 1, 1, 0 ], 
  [ 1, 1, 0, 1, 1, 1, 1, 1, 0, 1, 1, 1 ], 
  [ 1, 0, 1, 0, 1, 1, 0, 0, 1, 0, 1, 1 ] ]
CLASS q=2 n=6 order=8 size=50809237728657408000 M=
[ [ 0, 0, 0, 1, 1, 1, 0, 1, 1, 1, 0, 0 ], 
  [ 0, 1, 1, 0, 1, 1, 1, 0, 1, 0, 1, 1 ], 
  [ 1, 0, 1, 0, 1, 1, 0, 0, 1, 0, 0, 1 ], 
  [ 1, 1, 0, 1, 0, 1, 0, 1, 1, 0, 0, 0 ], 
  [ 1, 0, 0, 1, 0, 1, 0, 1, 0, 1, 1, 0 ], 
  [ 0, 0, 0, 1, 0, 1, 1, 1, 1, 1, 1, 1 ], 
  [ 0, 1, 1, 0, 1, 1, 0, 0, 0, 1, 0, 1 ], 
  [ 1, 1, 0, 1, 0, 1, 0, 0, 1, 0, 1, 0 ], 
  [ 1, 1, 0, 0, 1, 0, 1, 1, 0, 0, 0, 1 ], 
  [ 1, 0, 1, 1, 1, 1, 0, 1, 0, 1, 0, 0 ], 
  [ 1, 1, 1, 1, 0, 0, 1, 1, 0, 0, 0, 1 ], 
  [ 1, 1, 0, 0, 0, 1, 1, 1, 1, 1, 1, 1 ] ]
CLASS q=2 n=6 order=4 size=68914439193600 M=
[ [ 1, 1, 1, 1, 0, 1, 1, 1, 1, 0, 1, 1 ], 
  [ 0, 1, 1, 0, 1, 0, 0, 0, 1, 1, 1, 0 ], 
  [ 0, 1, 1, 1, 0, 1, 0, 1, 0, 0, 0, 0 ], 
  [ 0, 0, 0, 0, 0, 1, 1, 0, 1, 1, 1, 1 ], 
  [ 0, 1, 0, 1, 1, 1, 0, 1, 0, 0, 0, 0 ], 
  [ 1, 0, 0, 0, 0, 1, 1, 1, 0, 0, 1, 0 ], 
  [ 0, 1, 0, 1, 1, 1, 0, 1, 0, 1, 0, 1 ], 
  [ 1, 0, 0, 1, 1, 1, 1, 0, 1, 0, 0, 0 ], 
  [ 1, 0, 1, 0, 0, 0, 0, 1, 0, 0, 0, 1 ], 
  [ 0, 0, 1, 1, 0, 1, 0, 0, 0, 0, 0, 0 ], 
  [ 1, 0, 1, 1, 0, 1, 1, 1, 0, 1, 0, 0 ], 
  [ 0, 0, 0, 1, 1, 1, 0, 0, 1, 0, 1, 1 ] ]
CLASS q=2 n=6 order=12 size=11290941717479424000 M=
[ [ 1, 1, 0, 1, 0, 0, 0, 1, 0, 1, 1, 0 ], 
  [ 1, 0, 0, 1, 0, 1, 1, 1, 0, 1, 0, 1 ], 
  [ 0, 0, 1, 1, 1, 1, 1, 0, 1, 0, 0, 1 ], 
  [ 0, 0, 0, 0, 1, 0, 0, 1, 1, 0, 1, 1 ], 
  [ 1, 1, 0, 1, 0, 1, 0, 0, 1, 0, 0, 1 ], 
  [ 0, 0, 1, 1, 0, 1, 1, 1, 0, 1, 1, 0 ], 
  [ 1, 1, 1, 0, 1, 1, 0, 1, 0, 0, 0, 1 ], 
  [ 1, 1, 0, 1, 1, 1, 1, 0, 0, 0, 1, 1 ], 
  [ 0, 1, 1, 0, 0, 0, 1, 1, 0, 0, 0, 1 ], 
  [ 1, 1, 1, 0, 0, 0, 1, 0, 0, 0, 1, 0 ], 
  [ 0, 1, 1, 0, 0, 0, 0, 1, 0, 1, 1, 0 ], 
  [ 1, 1, 1, 1, 0, 0, 1, 1, 0, 1, 0, 0 ] ]
CLASS q=2 n=6 order=24 size=90327533739835392000 M=
[ [ 1, 1, 1, 1, 0, 1, 1, 0, 1, 0, 1, 1 ], 
  [ 0, 0, 0, 0, 1, 1, 0, 1, 0, 0, 0, 1 ], 
  [ 0, 0, 1, 0, 1, 1, 0, 1, 0, 0, 0, 1 ], 
  [ 0, 0, 1, 1, 0, 0, 1, 0, 0, 1, 1, 0 ], 
  [ 0, 0, 0, 0, 1, 1, 1, 1, 1, 1, 1, 0 ], 
  [ 1, 0, 0, 0, 1, 1, 0, 1, 1, 1, 0, 0 ], 
  [ 0, 0, 0, 0, 0, 0, 0, 1, 0, 0, 0, 1 ], 
  [ 0, 1, 0, 0, 0, 1, 0, 0, 1, 1, 1, 1 ], 
  [ 1, 0, 1, 0, 1, 1, 0, 0, 1, 1, 0, 0 ], 
  [ 1, 1, 0, 0, 1, 1, 1, 0, 1, 1, 1, 1 ], 
  [ 0, 0, 1, 0, 0, 0, 0, 0, 1, 1, 0, 0 ], 
  [ 1, 1, 0, 0, 1, 1, 0, 0, 1, 0, 0, 1 ] ]
CLASS q=2 n=6 order=15 size=9558469178818560 M=
[ [ 0, 1, 1, 1, 0, 1, 0, 1, 1, 1, 1, 1 ], 
  [ 1, 0, 1, 1, 0, 1, 0, 1, 1, 1, 1, 1 ], 
  [ 0, 0, 1, 1, 1, 1, 1, 1, 1, 0, 1, 0 ], 
  [ 1, 1, 0, 1, 0, 0, 1, 1, 1, 1, 0, 1 ], 
  [ 1, 1, 1, 1, 0, 1, 1, 0, 1, 0, 1, 0 ], 
  [ 1, 1, 1, 1, 1, 0, 1, 0, 1, 1, 0, 1 ], 
  [ 0, 0, 0, 0, 1, 0, 0, 1, 0, 0, 1, 0 ], 
  [ 0, 0, 1, 0, 1, 0, 0, 0, 1, 1, 1, 1 ], 
  [ 1, 1, 0, 0, 1, 1, 1, 0, 0, 1, 0, 0 ], 
  [ 0, 0, 1, 0, 1, 0, 0, 1, 1, 1, 0, 0 ], 
  [ 0, 0, 1, 0, 1, 1, 1, 1, 1, 1, 1, 0 ], 
  [ 1, 1, 1, 0, 0, 1, 1, 1, 0, 0, 1, 0 ] ]
CLASS q=2 n=6 order=30 size=9032753373983539200 M=
[ [ 1, 1, 1, 0, 1, 1, 1, 0, 1, 1, 0, 1 ], 
  [ 0, 1, 0, 0, 0, 0, 0, 0, 0, 1, 1, 1 ], 
  [ 0, 0, 1, 0, 0, 1, 1, 0, 0, 0, 1, 1 ], 
  [ 1, 0, 0, 1, 0, 0, 1, 0, 1, 1, 0, 0 ], 
  [ 1, 0, 1, 0, 1, 0, 0, 0, 0, 1, 1, 0 ], 
  [ 1, 0, 0, 1, 1, 0, 0, 1, 0, 1, 1, 0 ], 
  [ 1, 1, 1, 1, 0, 0, 0, 0, 0, 0, 1, 0 ], 
  [ 1, 0, 1, 1, 1, 0, 0, 0, 1, 0, 0, 0 ], 
  [ 1, 1, 0, 1, 1, 0, 1, 0, 1, 0, 1, 1 ], 
  [ 1, 0, 0, 0, 0, 1, 0, 1, 0, 1, 0, 1 ], 
  [ 0, 0, 0, 1, 0, 0, 1, 1, 0, 1, 1, 1 ], 
  [ 0, 1, 1, 0, 0, 0, 1, 1, 1, 0, 1, 0 ] ]
CLASS q=2 n=6 order=60 size=72262026991868313600 M=
[ [ 1, 0, 1, 1, 1, 0, 0, 0, 0, 0, 1, 1 ], 
  [ 1, 1, 0, 0, 1, 0, 0, 0, 0, 1, 1, 1 ], 
  [ 1, 0, 0, 1, 1, 0, 0, 0, 0, 0, 0, 1 ], 
  [ 0, 1, 1, 0, 0, 1, 0, 1, 1, 1, 0, 1 ], 
  [ 0, 0, 0, 0, 1, 0, 1, 1, 0, 0, 0, 0 ], 
  [ 0, 0, 1, 1, 0, 1, 1, 1, 0, 0, 0, 1 ], 
  [ 1, 0, 1, 1, 1, 0, 0, 0, 1, 1, 1, 1 ], 
  [ 0, 0, 0, 1, 1, 0, 1, 1, 1, 0, 0, 1 ], 
  [ 1, 0, 0, 0, 0, 1, 0, 1, 1, 1, 1, 0 ], 
  [ 1, 0, 0, 1, 1, 0, 1, 1, 0, 0, 0, 1 ], 
  [ 0, 1, 0, 1, 0, 0, 0, 0, 1, 1, 1, 1 ], 
  [ 1, 1, 1, 1, 0, 0, 0, 0, 1, 1, 0, 1 ] ]
CLASS q=2 n=6 order=12 size=334546421258649600 M=
[ [ 1, 1, 1, 1, 0, 0, 1, 1, 1, 0, 0, 0 ], 
  [ 1, 0, 0, 1, 0, 1, 1, 1, 1, 1, 0, 1 ], 
  [ 0, 1, 1, 1, 1, 1, 1, 1, 0, 1, 0, 0 ], 
  [ 0, 1, 1, 0, 0, 1, 1, 0, 0, 1, 0, 0 ], 
  [ 1, 1, 0, 1, 0, 1, 1, 0, 0, 0, 0, 0 ], 
  [ 0, 0, 0, 0, 1, 0, 0, 0, 1, 0, 0, 1 ], 
  [ 0, 1, 0, 1, 1, 1, 1, 0, 0, 1, 0, 1 ], 
  [ 0, 0, 0, 0, 0, 1, 1, 0, 0, 1, 0, 1 ], 
  [ 1, 1, 0, 0, 1, 1, 1, 1, 1, 0, 1, 0 ], 
  [ 0, 1, 0, 1, 0, 0, 0, 1, 0, 1, 1, 0 ], 
  [ 1, 0, 0, 1, 1, 1, 1, 0, 1, 1, 0, 1 ], 
  [ 1, 1, 1, 0, 0, 0, 1, 1, 0, 1, 1, 1 ] ]
CLASS q=2 n=6 order=8 size=529262893006848000 M=
[ [ 1, 0, 0, 0, 1, 1, 0, 1, 1, 0, 0, 0 ], 
  [ 0, 1, 0, 0, 1, 1, 0, 0, 0, 0, 1, 0 ], 
  [ 1, 0, 0, 1, 0, 1, 0, 1, 1, 1, 0, 0 ], 
  [ 0, 1, 1, 0, 0, 0, 0, 1, 0, 1, 1, 0 ], 
  [ 0, 1, 0, 0, 0, 1, 0, 0, 1, 0, 1, 1 ], 
  [ 1, 0, 1, 0, 0, 0, 1, 0, 1, 1, 0, 1 ], 
  [ 0, 1, 1, 1, 0, 0, 0, 1, 1, 1, 1, 0 ], 
  [ 0, 0, 0, 1, 1, 0, 0, 1, 0, 1, 1, 1 ], 
  [ 1, 0, 0, 1, 0, 1, 1, 1, 1, 0, 1, 0 ], 
  [ 0, 1, 1, 0, 0, 1, 1, 0, 0, 1, 0, 1 ], 
  [ 1, 1, 1, 1, 1, 0, 1, 1, 1, 1, 1, 0 ], 
  [ 1, 0, 1, 1, 0, 1, 0, 0, 0, 1, 0, 0 ] ]
CLASS q=2 n=6 order=4 size=529262893006848000 M=
[ [ 1, 1, 0, 0, 1, 0, 0, 0, 1, 1, 1, 1 ], 
  [ 0, 1, 0, 0, 0, 0, 1, 0, 0, 0, 1, 1 ], 
  [ 0, 1, 0, 1, 1, 0, 1, 1, 1, 1, 1, 0 ], 
  [ 1, 0, 0, 0, 0, 0, 0, 0, 0, 0, 1, 0 ], 
  [ 1, 0, 1, 1, 0, 0, 0, 1, 1, 0, 0, 0 ], 
  [ 0, 1, 1, 1, 0, 1, 1, 0, 1, 1, 1, 1 ], 
  [ 1, 1, 1, 1, 1, 0, 0, 0, 0, 1, 0, 1 ], 
  [ 0, 0, 1, 1, 0, 1, 1, 1, 1, 1, 1, 0 ], 
  [ 1, 1, 1, 1, 0, 0, 0, 1, 1, 1, 1, 1 ], 
  [ 0, 0, 0, 1, 1, 0, 0, 0, 1, 1, 0, 0 ], 
  [ 0, 1, 0, 0, 0, 0, 0, 1, 1, 1, 0, 1 ], 
  [ 0, 0, 0, 1, 0, 1, 0, 0, 0, 1, 0, 0 ] ]
CLASS q=2 n=6 order=6 size=2509098159439872000 M=
[ [ 1, 1, 0, 0, 1, 0, 0, 0, 0, 0, 1, 1 ], 
  [ 0, 1, 1, 1, 1, 0, 0, 0, 1, 1, 1, 1 ], 
  [ 1, 1, 0, 1, 1, 0, 1, 1, 0, 0, 0, 0 ], 
  [ 0, 1, 0, 1, 1, 1, 0, 1, 1, 1, 0, 0 ], 
  [ 0, 1, 1, 1, 1, 0, 1, 1, 0, 1, 0, 1 ], 
  [ 0, 0, 1, 1, 1, 0, 0, 1, 0, 0, 0, 0 ], 
  [ 0, 0, 1, 1, 1, 1, 1, 1, 1, 1, 0, 1 ], 
  [ 0, 1, 1, 1, 0, 0, 0, 0, 0, 1, 0, 1 ], 
  [ 1, 1, 0, 1, 0, 1, 0, 1, 1, 1, 1, 0 ], 
  [ 1, 0, 1, 0, 0, 0, 1, 1, 0, 1, 0, 1 ], 
  [ 0, 0, 0, 1, 0, 0, 1, 1, 1, 0, 0, 0 ], 
  [ 1, 1, 0, 0, 0, 0, 0, 0, 0, 1, 1, 1 ] ]
CLASS q=2 n=6 order=12 size=1672732106293248000 M=
[ [ 0, 1, 0, 1, 0, 0, 0, 0, 1, 0, 0, 0 ], 
  [ 1, 0, 0, 0, 1, 0, 1, 0, 0, 0, 0, 1 ], 
  [ 0, 1, 0, 0, 0, 1, 0, 1, 0, 0, 1, 1 ], 
  [ 1, 0, 1, 0, 1, 1, 1, 1, 0, 0, 0, 0 ], 
  [ 1, 1, 0, 0, 1, 1, 0, 1, 0, 1, 1, 1 ], 
  [ 1, 0, 0, 1, 0, 1, 1, 1, 0, 1, 0, 0 ], 
  [ 0, 0, 1, 1, 1, 1, 0, 1, 1, 1, 0, 1 ], 
  [ 0, 1, 1, 0, 0, 1, 1, 1, 0, 1, 1, 0 ], 
  [ 1, 1, 1, 0, 1, 1, 0, 1, 0, 0, 1, 1 ], 
  [ 1, 1, 1, 0, 1, 0, 1, 1, 1, 0, 0, 1 ], 
  [ 0, 0, 0, 0, 1, 0, 0, 1, 0, 0, 1, 0 ], 
  [ 1, 1, 1, 0, 1, 1, 1, 0, 0, 0, 0, 1 ] ]
CLASS q=2 n=6 order=9 size=10705485480276787200 M=
[ [ 0, 1, 1, 0, 1, 1, 1, 1, 1, 0, 0, 1 ], 
  [ 1, 1, 0, 0, 1, 1, 1, 0, 0, 0, 1, 0 ], 
  [ 1, 0, 1, 0, 1, 0, 1, 0, 0, 1, 0, 0 ], 
  [ 0, 0, 0, 0, 0, 1, 0, 0, 0, 1, 0, 1 ], 
  [ 1, 0, 0, 0, 0, 0, 0, 0, 0, 1, 0, 1 ], 
  [ 0, 1, 1, 1, 0, 0, 0, 1, 1, 1, 1, 0 ], 
  [ 1, 0, 1, 1, 0, 1, 1, 0, 0, 0, 0, 0 ], 
  [ 0, 0, 0, 1, 0, 0, 0, 0, 1, 0, 1, 0 ], 
  [ 0, 0, 0, 0, 0, 1, 1, 0, 1, 1, 1, 1 ], 
  [ 1, 0, 1, 1, 0, 1, 0, 0, 0, 1, 0, 0 ], 
  [ 0, 1, 0, 0, 1, 1, 0, 0, 0, 1, 1, 1 ], 
  [ 1, 1, 1, 0, 1, 1, 0, 1, 1, 0, 0, 1 ] ]
CLASS q=2 n=6 order=18 size=481746846612455424000 M=
[ [ 0, 1, 1, 0, 1, 1, 1, 0, 0, 0, 0, 1 ], 
  [ 0, 0, 1, 1, 1, 1, 1, 1, 1, 0, 1, 1 ], 
  [ 0, 0, 0, 0, 0, 1, 1, 0, 1, 1, 1, 0 ], 
  [ 1, 1, 0, 0, 0, 0, 1, 1, 0, 0, 0, 0 ], 
  [ 0, 1, 1, 0, 0, 1, 0, 1, 0, 1, 0, 0 ], 
  [ 1, 1, 0, 1, 1, 0, 0, 0, 0, 1, 1, 0 ], 
  [ 0, 1, 0, 0, 1, 1, 1, 0, 0, 1, 0, 0 ], 
  [ 0, 0, 0, 1, 1, 0, 1, 1, 1, 0, 1, 1 ], 
  [ 1, 0, 1, 1, 1, 0, 1, 0, 0, 1, 1, 0 ], 
  [ 0, 1, 1, 1, 1, 0, 1, 0, 1, 1, 0, 1 ], 
  [ 1, 1, 1, 1, 1, 1, 0, 0, 1, 1, 0, 1 ], 
  [ 1, 0, 1, 0, 0, 1, 0, 1, 1, 0, 1, 0 ] ]
CLASS q=2 n=6 order=9 size=15930781964697600 M=
[ [ 0, 0, 1, 0, 0, 0, 0, 0, 0, 1, 0, 0 ], 
  [ 0, 1, 0, 1, 0, 0, 1, 0, 0, 0, 1, 0 ], 
  [ 1, 0, 1, 1, 1, 1, 1, 1, 1, 0, 0, 1 ], 
  [ 0, 0, 0, 0, 0, 1, 1, 0, 0, 1, 0, 0 ], 
  [ 1, 1, 1, 0, 0, 0, 0, 0, 0, 1, 1, 0 ], 
  [ 1, 0, 1, 0, 0, 0, 0, 0, 0, 0, 1, 0 ], 
  [ 0, 0, 0, 0, 0, 1, 1, 0, 0, 1, 1, 0 ], 
  [ 1, 0, 0, 1, 1, 0, 0, 0, 1, 1, 1, 1 ], 
  [ 1, 1, 1, 1, 1, 0, 1, 0, 1, 1, 0, 0 ], 
  [ 0, 0, 0, 0, 0, 1, 0, 0, 0, 0, 1, 0 ], 
  [ 0, 0, 0, 0, 0, 1, 0, 0, 0, 1, 0, 0 ], 
  [ 1, 1, 0, 1, 0, 1, 1, 1, 1, 0, 1, 0 ] ]
CLASS q=2 n=6 order=18 size=1003639263775948800 M=
[ [ 1, 0, 1, 1, 1, 0, 0, 1, 1, 0, 1, 1 ], 
  [ 1, 0, 0, 0, 0, 1, 1, 0, 1, 1, 0, 0 ], 
  [ 1, 1, 1, 0, 0, 0, 1, 0, 1, 0, 1, 0 ], 
  [ 1, 1, 1, 1, 1, 1, 0, 0, 0, 0, 0, 0 ], 
  [ 0, 0, 1, 1, 0, 0, 0, 0, 1, 1, 1, 0 ], 
  [ 0, 0, 0, 1, 0, 1, 1, 1, 0, 1, 1, 1 ], 
  [ 1, 0, 1, 1, 0, 1, 1, 0, 0, 0, 0, 0 ], 
  [ 1, 0, 1, 0, 0, 0, 0, 0, 0, 0, 0, 1 ], 
  [ 0, 1, 1, 0, 0, 0, 0, 0, 0, 1, 1, 0 ], 
  [ 0, 0, 1, 0, 1, 0, 1, 0, 1, 0, 0, 0 ], 
  [ 1, 0, 1, 1, 0, 1, 0, 0, 0, 0, 1, 0 ], 
  [ 1, 1, 0, 0, 0, 0, 1, 1, 1, 1, 1, 0 ] ]
CLASS q=2 n=6 order=12 size=7527294478319616000 M=
[ [ 0, 1, 1, 0, 1, 1, 1, 1, 0, 0, 0, 0 ], 
  [ 0, 1, 0, 0, 0, 0, 1, 0, 0, 0, 0, 1 ], 
  [ 0, 1, 1, 0, 0, 0, 0, 0, 0, 0, 0, 0 ], 
  [ 1, 1, 0, 0, 1, 0, 1, 1, 1, 0, 0, 1 ], 
  [ 0, 1, 1, 0, 1, 0, 1, 0, 1, 0, 0, 0 ], 
  [ 1, 1, 1, 1, 0, 0, 0, 0, 0, 1, 1, 0 ], 
  [ 0, 1, 1, 0, 1, 0, 0, 1, 1, 1, 1, 1 ], 
  [ 0, 1, 0, 0, 1, 0, 0, 1, 0, 1, 1, 1 ], 
  [ 0, 1, 0, 0, 1, 0, 1, 0, 0, 0, 0, 1 ], 
  [ 1, 1, 1, 1, 0, 1, 1, 0, 0, 1, 1, 0 ], 
  [ 1, 1, 0, 1, 1, 0, 0, 1, 0, 1, 0, 1 ], 
  [ 1, 1, 0, 1, 1, 0, 0, 1, 1, 1, 0, 0 ] ]
CLASS q=2 n=6 order=4 size=11026310270976000 M=
[ [ 1, 1, 1, 1, 0, 1, 1, 1, 0, 0, 1, 1 ], 
  [ 1, 1, 1, 0, 1, 0, 0, 1, 1, 1, 0, 0 ], 
  [ 0, 1, 1, 0, 0, 0, 1, 0, 0, 0, 1, 0 ], 
  [ 1, 1, 1, 1, 0, 0, 0, 1, 0, 1, 1, 0 ], 
  [ 0, 1, 0, 0, 0, 1, 1, 1, 1, 0, 0, 1 ], 
  [ 0, 1, 0, 1, 0, 1, 1, 0, 0, 0, 0, 1 ], 
  [ 0, 0, 0, 0, 1, 0, 1, 1, 0, 1, 0, 1 ], 
  [ 0, 1, 1, 0, 0, 1, 0, 1, 1, 1, 0, 1 ], 
  [ 0, 1, 0, 0, 0, 1, 1, 0, 0, 1, 0, 0 ], 
  [ 1, 0, 1, 1, 1, 1, 0, 1, 0, 1, 0, 1 ], 
  [ 1, 0, 1, 0, 1, 0, 1, 0, 0, 0, 1, 1 ], 
  [ 0, 1, 1, 1, 1, 0, 1, 0, 1, 0, 0, 1 ] ]
CLASS q=2 n=6 order=6 size=1881823619579904000 M=
[ [ 0, 0, 0, 1, 0, 0, 1, 1, 1, 0, 1, 1 ], 
  [ 0, 1, 0, 1, 0, 0, 1, 0, 1, 1, 1, 0 ], 
  [ 0, 1, 1, 1, 1, 0, 1, 1, 0, 0, 1, 0 ], 
  [ 0, 1, 0, 0, 1, 1, 0, 1, 0, 0, 0, 1 ], 
  [ 0, 0, 1, 1, 1, 1, 0, 0, 0, 0, 0, 1 ], 
  [ 0, 0, 1, 1, 1, 1, 1, 1, 0, 1, 1, 1 ], 
  [ 1, 0, 1, 1, 1, 0, 1, 1, 1, 1, 1, 1 ], 
  [ 1, 0, 0, 0, 1, 0, 1, 1, 1, 0, 1, 1 ], 
  [ 1, 0, 1, 1, 1, 1, 1, 1, 0, 1, 0, 0 ], 
  [ 0, 1, 1, 1, 0, 0, 0, 0, 0, 1, 0, 0 ], 
  [ 0, 1, 1, 0, 1, 0, 1, 1, 1, 0, 0, 1 ], 
  [ 0, 0, 0, 1, 1, 0, 1, 0, 1, 1, 0, 0 ] ]
CLASS q=2 n=6 order=12 size=90327533739835392000 M=
[ [ 0, 1, 0, 1, 1, 0, 0, 0, 1, 0, 1, 0 ], 
  [ 1, 1, 0, 1, 0, 0, 1, 1, 1, 1, 0, 1 ], 
  [ 1, 1, 0, 0, 1, 0, 1, 0, 1, 1, 1, 0 ], 
  [ 0, 0, 0, 0, 0, 1, 0, 0, 1, 0, 1, 1 ], 
  [ 1, 1, 0, 0, 1, 1, 1, 0, 1, 1, 1, 1 ], 
  [ 1, 0, 0, 0, 0, 0, 0, 1, 1, 0, 1, 1 ], 
  [ 1, 0, 0, 1, 0, 1, 0, 0, 0, 1, 0, 1 ], 
  [ 1, 0, 1, 0, 1, 0, 1, 1, 0, 1, 1, 1 ], 
  [ 1, 0, 0, 0, 0, 1, 0, 0, 0, 1, 0, 1 ], 
  [ 1, 0, 1, 0, 0, 0, 0, 0, 1, 1, 0, 1 ], 
  [ 1, 0, 0, 0, 1, 1, 1, 0, 0, 1, 1, 1 ], 
  [ 1, 1, 0, 0, 0, 1, 1, 0, 1, 0, 0, 0 ] ]
CLASS q=2 n=6 order=16 size=406473901829259264000 M=
[ [ 1, 0, 1, 1, 1, 0, 1, 0, 0, 0, 0, 0 ], 
  [ 0, 1, 1, 1, 1, 0, 1, 0, 0, 0, 0, 0 ], 
  [ 0, 0, 0, 0, 1, 1, 0, 1, 0, 0, 1, 1 ], 
  [ 0, 0, 1, 1, 0, 1, 0, 1, 0, 0, 1, 1 ], 
  [ 1, 1, 0, 1, 0, 1, 0, 1, 1, 1, 0, 1 ], 
  [ 1, 1, 1, 1, 1, 0, 0, 1, 1, 1, 1, 0 ], 
  [ 0, 0, 0, 0, 1, 0, 0, 0, 1, 1, 1, 0 ], 
  [ 0, 0, 1, 0, 1, 1, 0, 0, 1, 0, 1, 1 ], 
  [ 1, 1, 0, 1, 1, 1, 1, 1, 0, 0, 0, 1 ], 
  [ 1, 1, 0, 1, 0, 1, 1, 1, 1, 0, 0, 0 ], 
  [ 1, 1, 0, 1, 0, 1, 1, 1, 0, 0, 1, 1 ], 
  [ 0, 0, 0, 1, 1, 1, 1, 0, 1, 0, 1, 0 ] ]
CLASS q=2 n=6 order=8 size=3175577358041088000 M=
[ [ 1, 0, 0, 0, 1, 0, 1, 1, 0, 1, 1, 0 ], 
  [ 0, 1, 0, 1, 1, 0, 1, 0, 1, 1, 0, 0 ], 
  [ 0, 1, 0, 1, 1, 1, 0, 0, 1, 0, 1, 1 ], 
  [ 0, 0, 1, 0, 0, 1, 0, 0, 1, 1, 0, 0 ], 
  [ 1, 1, 1, 1, 0, 0, 0, 1, 1, 0, 1, 1 ], 
  [ 1, 1, 0, 1, 1, 1, 1, 0, 1, 1, 0, 0 ], 
  [ 0, 1, 0, 0, 1, 0, 0, 1, 1, 0, 0, 1 ], 
  [ 0, 0, 1, 1, 0, 0, 1, 0, 0, 1, 1, 1 ], 
  [ 0, 0, 1, 1, 0, 1, 0, 1, 1, 0, 1, 1 ], 
  [ 1, 0, 1, 1, 0, 1, 0, 0, 0, 1, 1, 1 ], 
  [ 0, 0, 1, 1, 0, 0, 1, 0, 1, 0, 1, 0 ], 
  [ 0, 1, 0, 1, 1, 0, 1, 0, 0, 0, 1, 0 ] ]
CLASS q=2 n=6 order=8 size=1587788679020544000 M=
[ [ 0, 0, 0, 0, 0, 1, 0, 0, 0, 0, 1, 1 ], 
  [ 1, 0, 1, 0, 0, 1, 0, 0, 0, 1, 1, 0 ], 
  [ 0, 0, 1, 0, 0, 0, 0, 1, 1, 1, 1, 1 ], 
  [ 0, 0, 1, 1, 1, 1, 1, 1, 0, 0, 1, 0 ], 
  [ 0, 1, 1, 1, 0, 1, 1, 0, 0, 0, 0, 0 ], 
  [ 0, 1, 0, 0, 0, 0, 0, 1, 0, 0, 1, 1 ], 
  [ 0, 1, 1, 0, 0, 0, 0, 1, 1, 1, 0, 0 ], 
  [ 1, 0, 0, 0, 0, 0, 1, 1, 0, 1, 0, 0 ], 
  [ 0, 1, 1, 0, 0, 1, 0, 1, 0, 0, 1, 1 ], 
  [ 1, 1, 0, 0, 1, 0, 0, 0, 1, 0, 0, 1 ], 
  [ 0, 1, 0, 0, 0, 0, 0, 0, 1, 1, 0, 0 ], 
  [ 1, 0, 0, 1, 1, 0, 0, 1, 1, 1, 0, 1 ] ]
CLASS q=2 n=6 order=8 size=1587788679020544000 M=
[ [ 1, 0, 1, 0, 1, 1, 1, 1, 0, 0, 1, 0 ], 
  [ 0, 1, 0, 1, 0, 0, 0, 1, 1, 1, 1, 0 ], 
  [ 1, 1, 1, 1, 0, 1, 0, 1, 0, 0, 1, 0 ], 
  [ 0, 1, 0, 0, 0, 0, 0, 1, 0, 0, 1, 0 ], 
  [ 1, 1, 0, 1, 0, 1, 0, 0, 1, 1, 1, 1 ], 
  [ 0, 0, 1, 0, 1, 0, 0, 1, 0, 1, 0, 0 ], 
  [ 0, 1, 1, 0, 0, 1, 1, 0, 0, 1, 0, 1 ], 
  [ 1, 1, 0, 1, 0, 1, 0, 0, 0, 0, 1, 1 ], 
  [ 1, 0, 0, 1, 1, 1, 1, 0, 1, 1, 0, 0 ], 
  [ 0, 0, 0, 1, 1, 0, 1, 0, 0, 0, 0, 1 ], 
  [ 1, 0, 0, 1, 1, 1, 0, 0, 0, 0, 1, 1 ], 
  [ 0, 0, 0, 0, 0, 1, 0, 1, 1, 1, 0, 0 ] ]
CLASS q=2 n=6 order=4 size=11026310270976000 M=
[ [ 0, 0, 1, 0, 1, 0, 0, 1, 1, 1, 0, 0 ], 
  [ 0, 0, 1, 1, 0, 1, 1, 1, 0, 0, 1, 1 ], 
  [ 1, 0, 1, 1, 0, 1, 0, 1, 0, 0, 1, 0 ], 
  [ 1, 1, 1, 1, 1, 0, 0, 0, 1, 0, 0, 1 ], 
  [ 1, 0, 0, 1, 1, 0, 0, 1, 0, 1, 1, 0 ], 
  [ 1, 0, 1, 1, 0, 0, 1, 1, 0, 0, 1, 1 ], 
  [ 0, 0, 1, 1, 0, 0, 1, 1, 1, 1, 1, 1 ], 
  [ 1, 0, 1, 1, 0, 0, 0, 1, 1, 0, 1, 0 ], 
  [ 1, 0, 1, 0, 0, 0, 0, 0, 0, 0, 0, 1 ], 
  [ 0, 1, 0, 1, 1, 0, 0, 0, 0, 1, 1, 1 ], 
  [ 0, 1, 0, 0, 1, 1, 0, 0, 0, 1, 1, 0 ], 
  [ 1, 0, 0, 1, 0, 1, 0, 1, 0, 0, 1, 1 ] ]
CLASS q=2 n=6 order=12 size=90327533739835392000 M=
[ [ 1, 1, 0, 1, 0, 1, 1, 1, 0, 1, 0, 0 ], 
  [ 1, 0, 1, 0, 1, 1, 1, 0, 1, 0, 1, 1 ], 
  [ 1, 1, 1, 1, 1, 0, 1, 1, 0, 0, 0, 0 ], 
  [ 0, 0, 0, 0, 1, 0, 0, 1, 0, 1, 1, 0 ], 
  [ 1, 1, 1, 1, 1, 0, 0, 0, 0, 1, 0, 0 ], 
  [ 0, 1, 1, 1, 1, 0, 0, 1, 0, 0, 0, 0 ], 
  [ 1, 0, 1, 1, 0, 0, 1, 0, 1, 0, 1, 0 ], 
  [ 1, 0, 1, 1, 0, 0, 1, 0, 1, 1, 0, 0 ], 
  [ 1, 0, 0, 1, 1, 1, 1, 0, 1, 0, 0, 1 ], 
  [ 1, 0, 1, 0, 0, 0, 0, 0, 0, 1, 1, 0 ], 
  [ 1, 0, 1, 0, 0, 1, 1, 0, 1, 0, 0, 1 ], 
  [ 1, 1, 0, 1, 0, 0, 0, 1, 1, 0, 0, 1 ] ]
CLASS q=2 n=6 order=12 size=30109177913278464000 M=
[ [ 0, 0, 0, 0, 0, 1, 1, 1, 1, 1, 0, 1 ], 
  [ 0, 1, 1, 1, 1, 1, 1, 0, 0, 0, 1, 0 ], 
  [ 1, 1, 1, 0, 0, 0, 1, 1, 1, 0, 1, 1 ], 
  [ 0, 0, 0, 0, 0, 1, 0, 0, 0, 1, 1, 1 ], 
  [ 1, 1, 0, 0, 0, 1, 0, 0, 0, 0, 0, 0 ], 
  [ 1, 0, 0, 0, 0, 0, 0, 0, 0, 1, 1, 1 ], 
  [ 0, 1, 1, 0, 1, 1, 0, 0, 1, 1, 1, 1 ], 
  [ 0, 1, 0, 1, 1, 1, 0, 1, 1, 1, 0, 0 ], 
  [ 0, 1, 1, 1, 1, 1, 0, 0, 1, 0, 0, 0 ], 
  [ 0, 1, 0, 1, 1, 0, 1, 0, 1, 1, 0, 0 ], 
  [ 0, 1, 1, 0, 1, 1, 0, 1, 0, 1, 1, 0 ], 
  [ 0, 0, 0, 1, 0, 1, 0, 0, 1, 0, 1, 0 ] ]
CLASS q=2 n=6 order=12 size=10036392637759488000 M=
[ [ 1, 0, 1, 0, 0, 1, 1, 1, 1, 1, 1, 1 ], 
  [ 0, 0, 0, 0, 1, 0, 1, 0, 0, 1, 1, 1 ], 
  [ 1, 0, 0, 1, 0, 1, 0, 0, 0, 0, 1, 0 ], 
  [ 0, 0, 0, 1, 0, 1, 1, 0, 0, 1, 0, 1 ], 
  [ 0, 1, 1, 0, 0, 1, 0, 0, 1, 0, 0, 0 ], 
  [ 0, 1, 0, 1, 1, 1, 1, 1, 1, 1, 1, 0 ], 
  [ 0, 1, 1, 0, 0, 1, 0, 1, 1, 0, 1, 0 ], 
  [ 1, 0, 0, 0, 0, 0, 1, 0, 1, 1, 1, 0 ], 
  [ 0, 0, 1, 1, 1, 0, 0, 1, 1, 0, 0, 0 ], 
  [ 1, 1, 0, 0, 0, 1, 1, 1, 0, 1, 1, 1 ], 
  [ 0, 0, 0, 0, 0, 0, 0, 1, 1, 0, 0, 0 ], 
  [ 0, 0, 0, 1, 0, 0, 0, 0, 1, 1, 1, 0 ] ]
CLASS q=2 n=6 order=40 size=108393040487802470400 M=
[ [ 0, 1, 1, 0, 0, 0, 1, 1, 0, 0, 0, 1 ], 
  [ 0, 0, 0, 1, 0, 1, 1, 0, 1, 0, 1, 0 ], 
  [ 1, 1, 0, 0, 1, 1, 0, 0, 1, 0, 1, 1 ], 
  [ 1, 1, 1, 0, 1, 0, 1, 1, 1, 0, 1, 1 ], 
  [ 0, 0, 1, 0, 1, 0, 1, 0, 0, 1, 1, 1 ], 
  [ 1, 0, 0, 1, 1, 0, 1, 1, 1, 0, 0, 0 ], 
  [ 0, 0, 0, 1, 1, 1, 0, 0, 1, 1, 1, 0 ], 
  [ 0, 1, 1, 0, 1, 0, 0, 1, 0, 1, 1, 0 ], 
  [ 0, 1, 0, 0, 1, 1, 0, 1, 0, 1, 1, 1 ], 
  [ 1, 0, 1, 0, 0, 0, 1, 1, 1, 1, 1, 1 ], 
  [ 0, 1, 0, 0, 1, 0, 1, 0, 0, 0, 1, 1 ], 
  [ 0, 0, 0, 0, 1, 1, 1, 0, 1, 0, 1, 1 ] ]
CLASS q=2 n=6 order=12 size=11948086473523200 M=
[ [ 0, 1, 0, 1, 1, 0, 0, 0, 1, 0, 1, 1 ], 
  [ 1, 1, 0, 0, 1, 0, 1, 0, 0, 0, 0, 0 ], 
  [ 1, 1, 0, 0, 1, 0, 0, 0, 1, 0, 0, 1 ], 
  [ 0, 0, 1, 0, 0, 0, 0, 0, 0, 0, 1, 0 ], 
  [ 0, 0, 1, 1, 0, 0, 1, 0, 1, 0, 0, 1 ], 
  [ 0, 1, 0, 1, 1, 0, 0, 1, 0, 1, 0, 1 ], 
  [ 0, 0, 1, 1, 1, 0, 0, 0, 1, 0, 0, 1 ], 
  [ 1, 0, 0, 0, 0, 1, 0, 0, 1, 1, 1, 0 ], 
  [ 0, 0, 1, 1, 1, 0, 1, 0, 0, 0, 0, 1 ], 
  [ 0, 0, 0, 0, 0, 0, 0, 0, 1, 1, 1, 0 ], 
  [ 0, 0, 1, 1, 0, 1, 0, 1, 0, 1, 0, 1 ], 
  [ 0, 0, 1, 1, 0, 0, 0, 0, 1, 0, 0, 1 ] ]
CLASS q=2 n=6 order=60 size=578096215934946508800 M=
[ [ 0, 0, 1, 1, 0, 0, 1, 1, 1, 1, 1, 1 ], 
  [ 0, 0, 0, 1, 0, 1, 1, 1, 0, 0, 0, 0 ], 
  [ 0, 0, 0, 0, 0, 1, 0, 0, 0, 0, 1, 1 ], 
  [ 1, 1, 1, 1, 0, 0, 0, 1, 1, 1, 1, 0 ], 
  [ 0, 1, 0, 1, 0, 0, 1, 1, 1, 0, 0, 0 ], 
  [ 0, 1, 0, 0, 1, 1, 1, 0, 0, 0, 1, 0 ], 
  [ 1, 0, 1, 1, 0, 0, 1, 0, 0, 1, 1, 1 ], 
  [ 0, 1, 1, 1, 1, 1, 1, 1, 0, 1, 0, 1 ], 
  [ 1, 0, 1, 0, 1, 0, 0, 0, 0, 0, 1, 0 ], 
  [ 1, 1, 1, 0, 0, 1, 0, 1, 1, 1, 1, 1 ], 
  [ 1, 1, 1, 1, 0, 1, 0, 1, 0, 1, 1, 1 ], 
  [ 1, 0, 0, 0, 0, 0, 1, 1, 1, 1, 0, 0 ] ]
CLASS q=2 n=6 order=30 size=3010917791327846400 M=
[ [ 0, 1, 0, 0, 0, 0, 0, 1, 1, 0, 1, 1 ], 
  [ 0, 1, 1, 0, 0, 0, 1, 1, 0, 0, 1, 1 ], 
  [ 1, 1, 1, 0, 1, 1, 1, 0, 0, 0, 0, 0 ], 
  [ 0, 0, 0, 1, 1, 1, 1, 0, 0, 1, 1, 1 ], 
  [ 1, 0, 1, 0, 1, 1, 1, 1, 1, 1, 0, 1 ], 
  [ 1, 0, 0, 1, 1, 1, 1, 0, 1, 1, 1, 0 ], 
  [ 1, 0, 1, 0, 1, 0, 1, 0, 0, 0, 0, 0 ], 
  [ 0, 1, 0, 0, 1, 0, 1, 0, 0, 0, 1, 0 ], 
  [ 1, 0, 0, 0, 1, 1, 0, 1, 1, 1, 1, 1 ], 
  [ 0, 1, 0, 0, 0, 1, 0, 0, 1, 0, 1, 1 ], 
  [ 1, 0, 0, 1, 1, 0, 1, 1, 0, 0, 0, 0 ], 
  [ 1, 1, 1, 1, 1, 0, 1, 0, 1, 1, 0, 1 ] ]
CLASS q=2 n=6 order=60 size=108393040487802470400 M=
[ [ 1, 1, 0, 0, 1, 1, 1, 0, 0, 1, 1, 1 ], 
  [ 0, 0, 1, 1, 1, 0, 0, 1, 1, 1, 0, 0 ], 
  [ 1, 0, 0, 1, 0, 0, 0, 1, 0, 1, 1, 1 ], 
  [ 0, 0, 1, 1, 1, 1, 1, 1, 1, 1, 1, 1 ], 
  [ 1, 0, 0, 0, 1, 0, 0, 0, 1, 1, 1, 0 ], 
  [ 1, 1, 1, 1, 0, 1, 1, 0, 1, 1, 1, 1 ], 
  [ 0, 0, 1, 0, 1, 0, 0, 0, 0, 1, 0, 1 ], 
  [ 1, 1, 1, 1, 1, 1, 1, 1, 1, 1, 0, 0 ], 
  [ 1, 1, 1, 1, 1, 0, 0, 1, 0, 0, 1, 1 ], 
  [ 0, 1, 0, 0, 0, 0, 1, 1, 1, 0, 1, 0 ], 
  [ 0, 1, 0, 1, 0, 0, 1, 1, 1, 1, 0, 1 ], 
  [ 1, 1, 1, 1, 0, 0, 0, 0, 0, 0, 1, 1 ] ]
CLASS q=2 n=6 order=60 size=72262026991868313600 M=
[ [ 1, 1, 0, 1, 1, 0, 1, 0, 1, 0, 1, 0 ], 
  [ 1, 1, 1, 0, 1, 1, 0, 0, 0, 1, 1, 0 ], 
  [ 0, 1, 0, 0, 0, 0, 1, 0, 0, 0, 1, 1 ], 
  [ 1, 1, 0, 0, 1, 0, 1, 1, 1, 1, 1, 0 ], 
  [ 0, 1, 1, 0, 1, 0, 1, 0, 0, 0, 0, 0 ], 
  [ 0, 1, 0, 0, 1, 1, 1, 0, 1, 0, 0, 0 ], 
  [ 1, 1, 1, 1, 1, 0, 0, 0, 1, 0, 0, 1 ], 
  [ 1, 0, 0, 0, 1, 0, 1, 1, 1, 1, 1, 1 ], 
  [ 1, 0, 1, 1, 0, 1, 1, 1, 0, 1, 1, 1 ], 
  [ 1, 1, 0, 1, 0, 1, 1, 1, 1, 1, 1, 1 ], 
  [ 1, 1, 0, 1, 1, 0, 0, 0, 0, 0, 1, 0 ], 
  [ 0, 0, 1, 0, 0, 1, 1, 1, 0, 0, 0, 1 ] ]
CLASS q=2 n=6 order=15 size=770794954579928678400 M=
[ [ 1, 1, 0, 1, 1, 0, 0, 0, 0, 1, 1, 0 ], 
  [ 0, 1, 0, 1, 0, 1, 1, 0, 0, 0, 0, 1 ], 
  [ 1, 1, 1, 0, 0, 0, 0, 0, 1, 0, 0, 0 ], 
  [ 0, 1, 0, 1, 1, 0, 0, 1, 0, 1, 0, 1 ], 
  [ 1, 1, 1, 1, 0, 1, 0, 0, 1, 1, 0, 1 ], 
  [ 0, 1, 1, 1, 0, 1, 0, 1, 0, 0, 0, 1 ], 
  [ 1, 1, 1, 0, 0, 0, 1, 1, 0, 0, 1, 1 ], 
  [ 1, 1, 0, 1, 1, 0, 0, 1, 0, 1, 1, 0 ], 
  [ 0, 0, 1, 1, 1, 1, 0, 1, 1, 1, 1, 1 ], 
  [ 0, 1, 0, 1, 0, 0, 0, 1, 1, 0, 1, 0 ], 
  [ 0, 0, 1, 1, 0, 0, 0, 1, 1, 1, 0, 0 ], 
  [ 0, 1, 0, 0, 0, 0, 0, 0, 0, 1, 0, 1 ] ]
CLASS q=2 n=6 order=30 size=2312384863739786035200 M=
[ [ 1, 0, 1, 1, 1, 0, 0, 1, 1, 0, 0, 1 ], 
  [ 0, 0, 0, 0, 1, 0, 0, 1, 1, 1, 0, 0 ], 
  [ 1, 0, 0, 1, 0, 1, 0, 0, 0, 1, 1, 1 ], 
  [ 1, 1, 0, 1, 1, 0, 1, 0, 0, 1, 0, 1 ], 
  [ 1, 1, 1, 0, 0, 0, 0, 1, 1, 1, 1, 0 ], 
  [ 1, 0, 0, 1, 1, 1, 0, 1, 1, 0, 0, 0 ], 
  [ 1, 0, 1, 0, 1, 0, 1, 1, 0, 1, 1, 1 ], 
  [ 1, 0, 0, 1, 1, 0, 1, 0, 1, 0, 0, 0 ], 
  [ 1, 1, 1, 1, 0, 0, 0, 0, 0, 0, 1, 1 ], 
  [ 1, 1, 0, 1, 1, 1, 0, 1, 0, 1, 0, 0 ], 
  [ 0, 1, 1, 0, 0, 1, 1, 1, 0, 0, 0, 0 ], 
  [ 1, 0, 1, 0, 0, 1, 0, 0, 1, 0, 0, 0 ] ]
CLASS q=2 n=6 order=6 size=55757736876441600 M=
[ [ 1, 0, 0, 1, 1, 1, 0, 0, 1, 0, 1, 0 ], 
  [ 1, 0, 1, 0, 1, 1, 1, 0, 0, 1, 1, 1 ], 
  [ 1, 0, 0, 0, 1, 0, 1, 1, 0, 0, 1, 1 ], 
  [ 1, 0, 0, 0, 1, 1, 1, 1, 1, 1, 1, 1 ], 
  [ 1, 0, 0, 1, 1, 0, 1, 0, 1, 0, 0, 1 ], 
  [ 1, 1, 1, 1, 0, 1, 1, 1, 0, 0, 1, 1 ], 
  [ 1, 1, 0, 0, 1, 0, 0, 1, 1, 0, 0, 0 ], 
  [ 0, 0, 1, 1, 0, 0, 0, 1, 1, 1, 1, 0 ], 
  [ 1, 1, 0, 1, 1, 1, 1, 0, 1, 0, 0, 1 ], 
  [ 1, 0, 0, 1, 0, 0, 0, 1, 1, 1, 0, 1 ], 
  [ 1, 0, 1, 1, 1, 0, 1, 0, 1, 0, 1, 0 ], 
  [ 0, 1, 1, 0, 0, 1, 0, 1, 0, 0, 0, 1 ] ]
CLASS q=2 n=6 order=15 size=19269873864498216960 M=
[ [ 0, 1, 0, 1, 1, 0, 0, 0, 0, 1, 0, 1 ], 
  [ 1, 1, 1, 1, 1, 1, 1, 0, 0, 1, 0, 1 ], 
  [ 1, 1, 0, 0, 1, 0, 0, 0, 0, 0, 1, 1 ], 
  [ 1, 0, 1, 0, 1, 0, 0, 1, 1, 1, 1, 1 ], 
  [ 1, 0, 0, 1, 1, 0, 1, 0, 0, 1, 1, 0 ], 
  [ 0, 1, 1, 1, 0, 1, 1, 0, 1, 1, 1, 1 ], 
  [ 0, 0, 0, 0, 1, 1, 1, 1, 0, 1, 1, 0 ], 
  [ 1, 1, 1, 0, 0, 1, 1, 1, 1, 1, 0, 1 ], 
  [ 0, 1, 1, 0, 0, 1, 0, 1, 0, 0, 0, 0 ], 
  [ 0, 1, 0, 0, 1, 0, 0, 0, 0, 0, 0, 1 ], 
  [ 0, 0, 1, 1, 0, 1, 1, 1, 1, 1, 1, 0 ], 
  [ 0, 1, 1, 0, 1, 0, 1, 0, 1, 0, 0, 1 ] ]
CLASS q=2 n=6 order=30 size=289048107967473254400 M=
[ [ 0, 1, 1, 1, 0, 1, 0, 1, 0, 1, 1, 1 ], 
  [ 0, 0, 1, 1, 1, 0, 0, 0, 0, 0, 1, 1 ], 
  [ 0, 0, 0, 1, 1, 1, 1, 0, 1, 1, 1, 1 ], 
  [ 1, 0, 0, 1, 0, 1, 1, 1, 1, 0, 0, 0 ], 
  [ 0, 1, 1, 1, 1, 0, 1, 0, 0, 0, 0, 0 ], 
  [ 1, 0, 0, 0, 0, 1, 1, 1, 1, 0, 1, 0 ], 
  [ 0, 1, 0, 1, 0, 0, 0, 1, 0, 0, 1, 0 ], 
  [ 1, 1, 1, 0, 1, 0, 0, 0, 0, 1, 0, 1 ], 
  [ 0, 1, 1, 1, 0, 1, 0, 1, 1, 1, 0, 1 ], 
  [ 1, 0, 0, 0, 1, 0, 1, 1, 1, 1, 0, 0 ], 
  [ 0, 1, 0, 0, 1, 0, 0, 0, 1, 0, 0, 0 ], 
  [ 0, 1, 0, 0, 0, 1, 0, 1, 1, 0, 1, 0 ] ]
CLASS q=2 n=6 order=12 size=334546421258649600 M=
[ [ 1, 1, 1, 1, 0, 0, 1, 1, 1, 0, 0, 1 ], 
  [ 1, 0, 1, 0, 1, 1, 1, 0, 0, 1, 1, 1 ], 
  [ 1, 1, 1, 0, 0, 0, 1, 0, 0, 1, 1, 0 ], 
  [ 1, 1, 1, 0, 0, 0, 0, 0, 1, 1, 0, 0 ], 
  [ 1, 1, 1, 0, 0, 1, 1, 0, 0, 0, 0, 0 ], 
  [ 1, 0, 0, 1, 1, 0, 0, 0, 0, 0, 0, 0 ], 
  [ 1, 1, 0, 0, 1, 1, 1, 1, 1, 1, 1, 0 ], 
  [ 0, 0, 1, 0, 0, 1, 0, 0, 0, 0, 1, 0 ], 
  [ 1, 1, 0, 0, 1, 1, 0, 1, 0, 0, 1, 1 ], 
  [ 1, 1, 1, 1, 1, 0, 0, 0, 1, 0, 0, 0 ], 
  [ 1, 1, 0, 1, 0, 1, 0, 1, 1, 0, 0, 1 ], 
  [ 0, 1, 1, 1, 0, 0, 0, 0, 1, 1, 0, 1 ] ]
CLASS q=2 n=6 order=20 size=86714432390241976320 M=
[ [ 0, 1, 1, 0, 0, 1, 1, 1, 0, 1, 0, 0 ], 
  [ 1, 0, 1, 0, 0, 1, 1, 0, 1, 1, 0, 1 ], 
  [ 0, 0, 1, 1, 1, 1, 0, 0, 0, 0, 0, 0 ], 
  [ 0, 1, 1, 1, 0, 1, 1, 0, 0, 1, 1, 1 ], 
  [ 0, 1, 1, 0, 0, 1, 0, 1, 1, 0, 1, 0 ], 
  [ 1, 1, 1, 0, 1, 0, 0, 0, 0, 1, 1, 0 ], 
  [ 1, 1, 1, 1, 1, 1, 0, 1, 0, 1, 1, 0 ], 
  [ 1, 0, 1, 1, 1, 1, 1, 1, 1, 0, 0, 0 ], 
  [ 0, 1, 0, 1, 1, 0, 1, 0, 1, 0, 0, 1 ], 
  [ 0, 0, 0, 0, 0, 0, 0, 1, 1, 1, 1, 1 ], 
  [ 0, 1, 1, 1, 1, 1, 0, 1, 1, 0, 1, 0 ], 
  [ 0, 1, 0, 1, 0, 1, 0, 0, 1, 1, 0, 0 ] ]
CLASS q=2 n=6 order=30 size=867144323902419763200 M=
[ [ 0, 1, 0, 0, 1, 0, 1, 1, 1, 1, 1, 1 ], 
  [ 1, 1, 1, 1, 1, 1, 1, 0, 0, 1, 0, 1 ], 
  [ 1, 0, 1, 1, 0, 1, 0, 0, 1, 0, 1, 0 ], 
  [ 1, 0, 1, 1, 1, 0, 1, 0, 0, 1, 0, 1 ], 
  [ 1, 0, 0, 0, 1, 0, 0, 1, 1, 1, 0, 0 ], 
  [ 0, 1, 1, 0, 0, 1, 0, 1, 0, 1, 0, 1 ], 
  [ 0, 1, 1, 0, 0, 0, 0, 0, 0, 1, 0, 1 ], 
  [ 1, 0, 0, 0, 1, 0, 0, 0, 1, 1, 1, 0 ], 
  [ 0, 1, 1, 0, 0, 1, 0, 1, 0, 0, 0, 0 ], 
  [ 0, 0, 1, 1, 0, 1, 0, 0, 1, 0, 0, 0 ], 
  [ 0, 0, 1, 0, 0, 1, 0, 0, 0, 1, 0, 0 ], 
  [ 0, 0, 0, 0, 0, 1, 0, 1, 1, 0, 1, 0 ] ]
CLASS q=2 n=6 order=60 size=1734288647804839526400 M=
[ [ 0, 0, 0, 1, 1, 0, 1, 0, 0, 1, 0, 0 ], 
  [ 0, 0, 1, 1, 1, 0, 0, 0, 0, 0, 1, 1 ], 
  [ 0, 1, 1, 1, 0, 1, 1, 1, 1, 0, 1, 0 ], 
  [ 1, 1, 1, 1, 1, 0, 0, 0, 1, 0, 1, 1 ], 
  [ 0, 0, 0, 0, 0, 1, 1, 0, 1, 0, 0, 1 ], 
  [ 1, 1, 1, 0, 1, 0, 0, 0, 1, 0, 0, 1 ], 
  [ 0, 1, 0, 1, 0, 1, 1, 1, 0, 1, 0, 0 ], 
  [ 1, 1, 1, 1, 1, 1, 0, 1, 1, 0, 0, 1 ], 
  [ 0, 1, 1, 0, 0, 1, 1, 0, 0, 1, 1, 1 ], 
  [ 1, 1, 1, 0, 0, 0, 1, 0, 1, 0, 0, 1 ], 
  [ 0, 0, 1, 0, 0, 1, 1, 1, 1, 0, 1, 1 ], 
  [ 0, 1, 0, 1, 0, 0, 0, 0, 0, 1, 1, 0 ] ]
CLASS q=2 n=6 order=6 size=55757736876441600 M=
[ [ 1, 0, 0, 0, 1, 1, 1, 1, 0, 0, 0, 0 ], 
  [ 1, 0, 1, 0, 1, 1, 1, 0, 0, 1, 1, 1 ], 
  [ 1, 1, 1, 1, 0, 1, 1, 1, 1, 0, 1, 0 ], 
  [ 1, 0, 0, 1, 1, 1, 0, 0, 0, 1, 0, 1 ], 
  [ 1, 0, 0, 0, 1, 0, 0, 1, 0, 0, 1, 1 ], 
  [ 1, 1, 1, 0, 0, 1, 0, 0, 1, 0, 0, 1 ], 
  [ 1, 0, 1, 0, 0, 1, 1, 0, 1, 0, 1, 1 ], 
  [ 0, 1, 0, 1, 1, 1, 1, 0, 1, 1, 0, 1 ], 
  [ 1, 1, 0, 1, 1, 1, 1, 0, 1, 0, 0, 1 ], 
  [ 1, 1, 1, 0, 1, 1, 0, 1, 0, 1, 0, 0 ], 
  [ 1, 0, 1, 0, 1, 0, 0, 1, 0, 0, 0, 0 ], 
  [ 0, 0, 0, 0, 1, 0, 1, 0, 0, 0, 1, 0 ] ]
CLASS q=2 n=6 order=30 size=289048107967473254400 M=
[ [ 0, 1, 0, 1, 1, 1, 0, 0, 0, 1, 1, 1 ], 
  [ 0, 1, 1, 0, 0, 1, 1, 0, 1, 1, 1, 1 ], 
  [ 0, 0, 0, 0, 1, 0, 1, 1, 0, 1, 1, 0 ], 
  [ 0, 0, 1, 1, 1, 1, 1, 1, 1, 0, 1, 1 ], 
  [ 0, 1, 1, 1, 1, 0, 0, 0, 1, 0, 0, 1 ], 
  [ 0, 0, 0, 1, 0, 1, 1, 1, 0, 1, 0, 1 ], 
  [ 1, 1, 0, 1, 0, 0, 0, 1, 1, 0, 0, 0 ], 
  [ 1, 1, 1, 1, 0, 0, 1, 1, 1, 1, 0, 1 ], 
  [ 1, 1, 1, 0, 0, 0, 1, 1, 1, 0, 0, 1 ], 
  [ 0, 0, 1, 0, 1, 1, 0, 1, 0, 1, 1, 0 ], 
  [ 1, 1, 1, 0, 1, 1, 0, 1, 1, 1, 0, 1 ], 
  [ 1, 0, 1, 0, 0, 0, 1, 0, 1, 1, 1, 0 ] ]
CLASS q=2 n=6 order=15 size=770794954579928678400 M=
[ [ 0, 0, 1, 1, 0, 1, 1, 1, 0, 1, 1, 0 ], 
  [ 1, 1, 1, 1, 1, 1, 1, 0, 0, 1, 0, 1 ], 
  [ 1, 0, 1, 1, 0, 0, 1, 0, 1, 1, 0, 0 ], 
  [ 1, 1, 0, 0, 0, 1, 1, 0, 1, 1, 0, 0 ], 
  [ 1, 0, 0, 0, 1, 1, 1, 1, 1, 0, 1, 0 ], 
  [ 0, 0, 0, 1, 1, 0, 0, 1, 1, 1, 0, 0 ], 
  [ 0, 0, 0, 1, 1, 0, 1, 0, 1, 0, 1, 0 ], 
  [ 1, 0, 0, 0, 1, 0, 0, 0, 1, 1, 1, 0 ], 
  [ 0, 0, 0, 1, 1, 1, 1, 1, 1, 1, 1, 1 ], 
  [ 0, 0, 1, 1, 0, 0, 1, 0, 1, 1, 1, 0 ], 
  [ 0, 1, 0, 1, 1, 0, 0, 0, 1, 1, 0, 1 ], 
  [ 0, 0, 0, 0, 0, 1, 0, 1, 1, 0, 1, 0 ] ]
CLASS q=2 n=6 order=6 size=2534442585292800 M=
[ [ 1, 1, 1, 1, 0, 1, 0, 1, 1, 1, 1, 1 ], 
  [ 0, 0, 1, 1, 0, 1, 1, 1, 0, 0, 0, 0 ], 
  [ 0, 1, 1, 0, 1, 0, 0, 0, 1, 0, 1, 1 ], 
  [ 1, 1, 1, 0, 0, 1, 1, 0, 1, 0, 1, 0 ], 
  [ 1, 1, 1, 0, 0, 1, 1, 0, 0, 0, 0, 0 ], 
  [ 0, 0, 0, 0, 0, 1, 1, 1, 0, 0, 0, 1 ], 
  [ 0, 1, 0, 0, 0, 0, 1, 1, 0, 1, 0, 1 ], 
  [ 0, 0, 1, 1, 0, 1, 1, 1, 1, 0, 0, 0 ], 
  [ 0, 1, 0, 1, 0, 0, 1, 0, 0, 0, 1, 0 ], 
  [ 1, 1, 1, 0, 1, 0, 1, 1, 0, 0, 1, 0 ], 
  [ 0, 1, 0, 0, 1, 0, 1, 0, 1, 0, 0, 0 ], 
  [ 1, 1, 1, 1, 1, 0, 1, 0, 0, 0, 0, 0 ] ]
CLASS q=2 n=6 order=18 size=160582282204151808000 M=
[ [ 1, 1, 0, 1, 0, 1, 0, 1, 1, 0, 0, 1 ], 
  [ 1, 0, 0, 0, 0, 1, 1, 1, 1, 0, 1, 1 ], 
  [ 0, 0, 1, 1, 0, 1, 1, 1, 1, 1, 1, 0 ], 
  [ 1, 1, 0, 1, 0, 0, 1, 0, 0, 0, 1, 1 ], 
  [ 1, 1, 1, 0, 1, 1, 1, 0, 1, 0, 1, 0 ], 
  [ 0, 0, 0, 1, 1, 1, 1, 0, 1, 0, 0, 0 ], 
  [ 0, 1, 1, 0, 1, 0, 1, 1, 1, 1, 1, 0 ], 
  [ 1, 1, 1, 1, 0, 1, 0, 0, 0, 0, 1, 0 ], 
  [ 0, 1, 1, 0, 0, 1, 0, 1, 1, 1, 1, 0 ], 
  [ 1, 0, 1, 1, 0, 0, 0, 1, 0, 0, 0, 1 ], 
  [ 1, 0, 1, 0, 0, 0, 1, 0, 1, 1, 0, 0 ], 
  [ 1, 0, 0, 1, 0, 1, 1, 1, 1, 0, 0, 0 ] ]
CLASS q=2 n=6 order=9 size=214109709605535744000 M=
[ [ 0, 0, 1, 0, 1, 1, 1, 0, 1, 0, 0, 0 ], 
  [ 0, 1, 1, 1, 0, 1, 1, 1, 0, 0, 0, 1 ], 
  [ 1, 0, 1, 1, 1, 1, 0, 0, 0, 1, 0, 1 ], 
  [ 0, 0, 0, 1, 1, 1, 1, 1, 0, 0, 0, 0 ], 
  [ 1, 0, 0, 0, 1, 0, 0, 1, 0, 0, 1, 1 ], 
  [ 0, 1, 1, 1, 1, 0, 0, 0, 1, 0, 1, 1 ], 
  [ 0, 0, 0, 0, 1, 0, 0, 1, 1, 0, 0, 0 ], 
  [ 1, 1, 1, 0, 0, 0, 1, 0, 1, 0, 1, 1 ], 
  [ 0, 0, 1, 1, 1, 0, 1, 1, 0, 1, 1, 0 ], 
  [ 0, 0, 1, 1, 0, 0, 0, 1, 1, 0, 1, 1 ], 
  [ 1, 1, 0, 1, 1, 1, 0, 0, 1, 1, 1, 1 ], 
  [ 0, 0, 1, 0, 1, 1, 1, 0, 0, 0, 1, 1 ] ]
CLASS q=2 n=6 order=18 size=642329128816607232000 M=
[ [ 1, 0, 1, 1, 1, 1, 0, 0, 1, 1, 1, 0 ], 
  [ 0, 1, 0, 1, 0, 0, 0, 0, 0, 0, 1, 1 ], 
  [ 1, 0, 0, 1, 0, 1, 1, 1, 0, 0, 1, 0 ], 
  [ 0, 1, 1, 1, 1, 0, 1, 0, 0, 1, 0, 1 ], 
  [ 1, 0, 1, 1, 1, 1, 0, 1, 0, 1, 1, 1 ], 
  [ 1, 0, 0, 0, 0, 1, 1, 1, 0, 1, 1, 0 ], 
  [ 0, 0, 0, 0, 1, 0, 1, 0, 0, 1, 0, 0 ], 
  [ 0, 0, 0, 0, 0, 0, 0, 1, 0, 1, 1, 1 ], 
  [ 0, 0, 0, 0, 1, 1, 0, 1, 0, 0, 0, 0 ], 
  [ 1, 0, 1, 1, 1, 1, 1, 0, 1, 0, 1, 1 ], 
  [ 1, 1, 1, 1, 0, 1, 1, 0, 1, 0, 1, 1 ], 
  [ 1, 0, 1, 0, 1, 0, 1, 1, 1, 1, 0, 0 ] ]
CLASS q=2 n=6 order=6 size=418183026573312000 M=
[ [ 0, 0, 0, 1, 1, 0, 0, 1, 0, 0, 1, 1 ], 
  [ 1, 0, 0, 0, 0, 1, 0, 0, 0, 1, 0, 0 ], 
  [ 1, 0, 0, 1, 1, 0, 1, 0, 1, 1, 1, 0 ], 
  [ 0, 1, 0, 1, 0, 1, 0, 1, 1, 1, 1, 0 ], 
  [ 1, 0, 1, 0, 0, 1, 1, 1, 0, 0, 0, 1 ], 
  [ 0, 0, 0, 0, 1, 1, 1, 1, 1, 1, 0, 0 ], 
  [ 0, 0, 0, 1, 1, 1, 0, 0, 1, 1, 0, 1 ], 
  [ 1, 1, 0, 0, 0, 1, 0, 1, 1, 1, 0, 1 ], 
  [ 1, 0, 1, 0, 1, 0, 0, 0, 1, 0, 1, 0 ], 
  [ 1, 1, 1, 0, 0, 0, 1, 1, 1, 1, 1, 1 ], 
  [ 1, 0, 1, 0, 1, 1, 1, 0, 1, 0, 0, 1 ], 
  [ 1, 1, 1, 1, 1, 0, 1, 0, 0, 0, 0, 0 ] ]
CLASS q=2 n=6 order=8 size=25404618864328704000 M=
[ [ 0, 1, 0, 1, 1, 0, 1, 1, 1, 0, 1, 1 ], 
  [ 1, 1, 1, 0, 1, 0, 0, 0, 1, 1, 0, 0 ], 
  [ 1, 0, 0, 1, 0, 0, 1, 0, 0, 0, 0, 0 ], 
  [ 0, 0, 1, 1, 1, 0, 0, 0, 0, 1, 0, 0 ], 
  [ 0, 1, 1, 1, 1, 1, 1, 0, 1, 0, 0, 1 ], 
  [ 0, 0, 0, 0, 1, 0, 0, 0, 0, 0, 0, 0 ], 
  [ 0, 1, 1, 1, 0, 0, 1, 0, 0, 0, 0, 0 ], 
  [ 1, 1, 1, 1, 0, 0, 1, 0, 0, 1, 0, 0 ], 
  [ 1, 1, 1, 0, 1, 0, 1, 0, 1, 1, 0, 0 ], 
  [ 0, 1, 0, 1, 1, 0, 0, 1, 1, 1, 0, 0 ], 
  [ 1, 1, 1, 0, 0, 0, 0, 0, 1, 1, 1, 0 ], 
  [ 0, 0, 0, 0, 1, 0, 0, 0, 0, 0, 1, 1 ] ]
CLASS q=2 n=6 order=8 size=1058525786013696000 M=
[ [ 0, 0, 0, 0, 0, 1, 0, 0, 1, 1, 0, 1 ], 
  [ 0, 0, 1, 1, 0, 1, 0, 0, 0, 1, 0, 1 ], 
  [ 0, 1, 0, 1, 0, 1, 0, 0, 0, 1, 1, 1 ], 
  [ 1, 1, 0, 1, 0, 0, 1, 0, 0, 1, 1, 1 ], 
  [ 1, 0, 1, 0, 0, 1, 1, 0, 0, 1, 1, 1 ], 
  [ 1, 0, 1, 1, 0, 0, 1, 0, 0, 0, 0, 0 ], 
  [ 0, 0, 0, 0, 0, 0, 1, 0, 0, 0, 0, 0 ], 
  [ 0, 1, 1, 1, 0, 1, 0, 1, 1, 0, 1, 1 ], 
  [ 0, 1, 1, 0, 1, 0, 1, 0, 0, 1, 0, 0 ], 
  [ 0, 1, 0, 1, 1, 0, 0, 0, 0, 1, 0, 1 ], 
  [ 0, 1, 1, 0, 1, 1, 0, 0, 1, 1, 1, 0 ], 
  [ 0, 0, 1, 1, 0, 1, 1, 0, 0, 0, 0, 1 ] ]
CLASS q=2 n=6 order=16 size=406473901829259264000 M=
[ [ 1, 1, 1, 0, 1, 0, 0, 0, 0, 0, 0, 1 ], 
  [ 1, 0, 0, 0, 1, 0, 1, 0, 0, 0, 0, 0 ], 
  [ 0, 0, 1, 0, 0, 0, 0, 0, 1, 1, 0, 0 ], 
  [ 1, 0, 0, 0, 1, 0, 1, 0, 0, 1, 1, 0 ], 
  [ 1, 1, 0, 1, 0, 0, 1, 1, 0, 1, 1, 0 ], 
  [ 0, 0, 0, 1, 0, 1, 0, 1, 0, 1, 0, 0 ], 
  [ 0, 0, 0, 0, 1, 1, 1, 1, 0, 0, 1, 0 ], 
  [ 1, 0, 1, 0, 0, 1, 1, 1, 0, 0, 0, 0 ], 
  [ 1, 1, 1, 1, 1, 1, 1, 0, 1, 0, 0, 1 ], 
  [ 1, 0, 0, 0, 1, 0, 1, 0, 0, 0, 1, 0 ], 
  [ 0, 1, 1, 0, 1, 1, 0, 0, 0, 0, 0, 0 ], 
  [ 1, 0, 0, 1, 0, 1, 0, 1, 0, 1, 1, 0 ] ]
CLASS q=2 n=6 order=6 size=61257279283200 M=
[ [ 0, 1, 0, 1, 1, 1, 1, 0, 0, 1, 1, 0 ], 
  [ 1, 0, 0, 0, 1, 1, 1, 1, 1, 1, 0, 0 ], 
  [ 0, 1, 1, 0, 1, 1, 0, 0, 1, 0, 0, 0 ], 
  [ 1, 1, 1, 0, 0, 0, 1, 1, 1, 0, 0, 0 ], 
  [ 0, 0, 1, 0, 0, 0, 0, 0, 0, 0, 0, 1 ], 
  [ 0, 0, 1, 0, 1, 0, 0, 1, 1, 1, 1, 0 ], 
  [ 0, 1, 1, 1, 0, 1, 1, 1, 0, 0, 1, 1 ], 
  [ 1, 1, 0, 0, 1, 1, 1, 0, 1, 1, 0, 0 ], 
  [ 0, 0, 1, 1, 1, 0, 0, 1, 0, 0, 1, 1 ], 
  [ 0, 1, 1, 0, 0, 1, 0, 0, 1, 1, 0, 1 ], 
  [ 0, 0, 0, 0, 0, 1, 0, 1, 1, 1, 0, 1 ], 
  [ 1, 0, 1, 1, 1, 0, 1, 0, 1, 1, 1, 0 ] ]
CLASS q=2 n=6 order=4 size=66157861625856000 M=
[ [ 0, 0, 0, 1, 0, 1, 0, 0, 0, 0, 0, 0 ], 
  [ 1, 0, 0, 0, 1, 0, 0, 0, 1, 0, 0, 0 ], 
  [ 0, 0, 1, 0, 1, 1, 1, 0, 0, 1, 1, 0 ], 
  [ 0, 0, 0, 1, 0, 1, 1, 0, 1, 1, 1, 0 ], 
  [ 1, 1, 1, 0, 1, 0, 0, 0, 1, 1, 0, 0 ], 
  [ 1, 0, 0, 0, 0, 1, 1, 1, 0, 1, 0, 0 ], 
  [ 0, 1, 0, 1, 0, 0, 1, 1, 1, 1, 1, 1 ], 
  [ 1, 0, 1, 1, 1, 1, 1, 0, 0, 1, 0, 1 ], 
  [ 1, 0, 1, 1, 1, 0, 1, 0, 0, 0, 1, 0 ], 
  [ 0, 1, 1, 0, 1, 0, 1, 1, 0, 1, 0, 0 ], 
  [ 0, 0, 0, 0, 0, 0, 1, 1, 0, 0, 1, 1 ], 
  [ 1, 1, 1, 0, 1, 1, 1, 0, 1, 0, 1, 1 ] ]
CLASS q=2 n=6 order=16 size=1625895607317037056000 M=
[ [ 0, 1, 0, 1, 0, 0, 0, 0, 0, 0, 1, 0 ], 
  [ 1, 1, 1, 0, 0, 0, 0, 0, 0, 0, 1, 1 ], 
  [ 0, 1, 1, 0, 0, 1, 0, 1, 1, 1, 0, 1 ], 
  [ 0, 0, 1, 0, 0, 0, 0, 1, 0, 0, 1, 1 ], 
  [ 0, 1, 0, 0, 1, 1, 1, 0, 0, 1, 1, 0 ], 
  [ 1, 0, 1, 1, 1, 0, 1, 0, 1, 1, 0, 0 ], 
  [ 0, 1, 0, 0, 1, 0, 1, 0, 1, 0, 1, 0 ], 
  [ 1, 1, 1, 1, 1, 1, 0, 0, 1, 1, 1, 0 ], 
  [ 1, 1, 0, 1, 0, 0, 0, 0, 0, 0, 0, 1 ], 
  [ 1, 0, 0, 0, 0, 0, 1, 0, 0, 0, 0, 1 ], 
  [ 0, 1, 0, 0, 0, 1, 1, 0, 1, 1, 1, 0 ], 
  [ 1, 0, 0, 1, 1, 1, 1, 1, 1, 0, 1, 1 ] ]
CLASS q=2 n=6 order=8 size=8821048216780800 M=
[ [ 1, 1, 1, 1, 0, 0, 0, 1, 1, 1, 0, 0 ], 
  [ 1, 1, 0, 1, 1, 1, 0, 0, 1, 1, 0, 1 ], 
  [ 0, 1, 1, 1, 1, 0, 0, 0, 0, 1, 0, 0 ], 
  [ 1, 1, 1, 0, 0, 1, 1, 0, 0, 0, 0, 1 ], 
  [ 1, 0, 0, 1, 0, 1, 0, 0, 1, 1, 0, 1 ], 
  [ 1, 0, 1, 0, 1, 0, 1, 0, 0, 1, 0, 1 ], 
  [ 0, 1, 1, 1, 0, 0, 1, 0, 0, 0, 0, 0 ], 
  [ 1, 1, 0, 0, 0, 1, 1, 0, 0, 1, 0, 1 ], 
  [ 1, 1, 0, 1, 1, 1, 1, 0, 1, 1, 0, 1 ], 
  [ 0, 1, 0, 1, 1, 0, 0, 1, 1, 1, 0, 0 ], 
  [ 1, 0, 0, 1, 1, 1, 0, 0, 1, 1, 1, 1 ], 
  [ 0, 0, 0, 0, 0, 0, 0, 0, 0, 0, 0, 1 ] ]
CLASS q=2 n=6 order=24 size=33872825152438272000 M=
[ [ 1, 0, 1, 1, 1, 1, 0, 1, 0, 1, 0, 0 ], 
  [ 0, 1, 0, 0, 1, 1, 1, 0, 1, 0, 1, 1 ], 
  [ 1, 0, 1, 0, 1, 1, 0, 1, 1, 1, 0, 1 ], 
  [ 1, 0, 1, 0, 0, 0, 0, 1, 1, 1, 1, 0 ], 
  [ 0, 0, 1, 1, 0, 0, 1, 0, 1, 0, 1, 1 ], 
  [ 1, 1, 0, 1, 0, 1, 0, 0, 1, 1, 1, 0 ], 
  [ 0, 1, 0, 0, 0, 0, 0, 0, 1, 0, 0, 0 ], 
  [ 1, 1, 0, 0, 1, 0, 0, 1, 0, 0, 0, 1 ], 
  [ 0, 1, 1, 1, 1, 1, 1, 0, 0, 0, 1, 1 ], 
  [ 1, 0, 0, 0, 0, 1, 1, 0, 0, 1, 1, 0 ], 
  [ 0, 0, 0, 0, 1, 1, 1, 0, 1, 0, 0, 0 ], 
  [ 1, 0, 0, 1, 1, 1, 1, 0, 0, 1, 1, 1 ] ]
CLASS q=2 n=6 order=16 size=135491300609753088000 M=
[ [ 1, 1, 0, 0, 0, 0, 1, 1, 0, 1, 0, 0 ], 
  [ 0, 0, 0, 1, 1, 1, 1, 1, 1, 0, 0, 1 ], 
  [ 0, 1, 0, 0, 0, 0, 1, 1, 1, 0, 0, 0 ], 
  [ 1, 0, 0, 0, 0, 0, 1, 0, 0, 1, 0, 0 ], 
  [ 1, 0, 1, 1, 0, 0, 1, 0, 0, 0, 0, 0 ], 
  [ 1, 0, 1, 1, 0, 0, 1, 1, 1, 1, 0, 0 ], 
  [ 0, 0, 1, 1, 0, 1, 0, 0, 0, 0, 0, 0 ], 
  [ 1, 1, 0, 1, 0, 1, 1, 0, 1, 0, 0, 0 ], 
  [ 1, 1, 0, 0, 0, 1, 1, 1, 0, 1, 0, 0 ], 
  [ 0, 0, 1, 0, 1, 0, 0, 1, 1, 1, 0, 0 ], 
  [ 1, 1, 0, 0, 0, 0, 1, 1, 0, 1, 1, 0 ], 
  [ 0, 0, 0, 0, 0, 0, 0, 0, 0, 0, 0, 1 ] ]
CLASS q=2 n=6 order=48 size=1083930404878024704000 M=
[ [ 0, 0, 0, 1, 0, 1, 0, 0, 0, 1, 0, 1 ], 
  [ 1, 0, 0, 0, 0, 0, 1, 0, 0, 0, 1, 1 ], 
  [ 1, 1, 0, 0, 0, 0, 0, 0, 0, 1, 0, 1 ], 
  [ 1, 0, 1, 0, 1, 1, 1, 0, 1, 0, 1, 1 ], 
  [ 0, 0, 1, 0, 1, 1, 0, 1, 1, 0, 1, 0 ], 
  [ 0, 1, 0, 1, 1, 1, 1, 0, 0, 1, 1, 0 ], 
  [ 1, 1, 1, 0, 1, 0, 1, 0, 0, 1, 0, 1 ], 
  [ 0, 0, 1, 0, 1, 0, 1, 1, 0, 1, 0, 1 ], 
  [ 1, 0, 1, 1, 0, 1, 1, 0, 0, 0, 1, 1 ], 
  [ 0, 1, 0, 0, 1, 1, 1, 1, 0, 0, 1, 1 ], 
  [ 0, 1, 0, 1, 1, 1, 1, 0, 1, 1, 0, 1 ], 
  [ 1, 0, 0, 1, 1, 1, 1, 0, 0, 1, 1, 1 ] ]
CLASS q=2 n=6 order=24 size=722620269918683136000 M=
[ [ 1, 1, 0, 1, 1, 1, 0, 1, 0, 1, 1, 0 ], 
  [ 0, 1, 1, 1, 0, 1, 0, 0, 1, 1, 0, 1 ], 
  [ 1, 0, 1, 0, 1, 1, 0, 1, 1, 1, 1, 1 ], 
  [ 0, 0, 1, 1, 0, 0, 0, 0, 1, 1, 0, 0 ], 
  [ 0, 0, 1, 1, 1, 0, 1, 0, 1, 1, 1, 0 ], 
  [ 0, 1, 1, 1, 1, 0, 0, 1, 1, 1, 1, 0 ], 
  [ 1, 1, 1, 0, 0, 0, 1, 0, 0, 1, 1, 0 ], 
  [ 1, 0, 0, 1, 0, 1, 0, 1, 0, 1, 1, 0 ], 
  [ 1, 0, 0, 1, 1, 1, 0, 1, 1, 0, 0, 0 ], 
  [ 0, 1, 1, 0, 1, 0, 0, 0, 1, 0, 1, 0 ], 
  [ 1, 1, 1, 0, 1, 1, 0, 1, 1, 0, 0, 0 ], 
  [ 1, 1, 1, 1, 0, 1, 1, 0, 0, 0, 1, 1 ] ]
CLASS q=2 n=6 order=18 size=15054588956639232000 M=
[ [ 0, 1, 1, 0, 1, 1, 1, 1, 0, 0, 0, 0 ], 
  [ 1, 0, 1, 0, 1, 0, 0, 1, 0, 0, 1, 0 ], 
  [ 0, 0, 1, 0, 0, 1, 0, 1, 0, 1, 0, 1 ], 
  [ 1, 0, 1, 0, 1, 0, 1, 1, 1, 0, 0, 1 ], 
  [ 1, 0, 1, 0, 0, 1, 0, 0, 1, 0, 1, 1 ], 
  [ 0, 1, 0, 0, 0, 1, 1, 0, 1, 1, 0, 1 ], 
  [ 0, 1, 1, 1, 1, 0, 1, 1, 0, 1, 1, 1 ], 
  [ 0, 0, 0, 1, 1, 1, 1, 0, 0, 0, 1, 1 ], 
  [ 1, 0, 0, 1, 0, 0, 1, 1, 1, 0, 1, 0 ], 
  [ 0, 1, 0, 1, 0, 1, 0, 0, 1, 1, 0, 1 ], 
  [ 0, 0, 0, 1, 1, 0, 0, 0, 0, 1, 0, 1 ], 
  [ 1, 0, 0, 0, 0, 0, 1, 0, 0, 0, 1, 1 ] ]
CLASS q=2 n=6 order=36 size=120436711653113856000 M=
[ [ 1, 0, 1, 0, 0, 1, 0, 0, 1, 1, 1, 0 ], 
  [ 1, 1, 0, 1, 0, 0, 1, 0, 0, 1, 0, 0 ], 
  [ 0, 0, 0, 0, 1, 1, 1, 1, 1, 1, 1, 1 ], 
  [ 0, 1, 0, 1, 0, 1, 1, 0, 1, 1, 1, 0 ], 
  [ 1, 0, 0, 0, 0, 0, 1, 1, 0, 1, 0, 1 ], 
  [ 0, 0, 1, 1, 1, 1, 1, 0, 1, 0, 1, 1 ], 
  [ 1, 1, 1, 0, 1, 0, 1, 1, 0, 0, 1, 0 ], 
  [ 0, 1, 0, 1, 1, 0, 0, 0, 1, 1, 0, 1 ], 
  [ 1, 0, 1, 0, 1, 0, 1, 0, 0, 1, 1, 0 ], 
  [ 0, 1, 1, 0, 0, 0, 1, 0, 0, 1, 0, 0 ], 
  [ 0, 0, 1, 1, 0, 0, 1, 0, 1, 0, 0, 0 ], 
  [ 1, 1, 0, 1, 0, 0, 0, 1, 1, 1, 1, 0 ] ]
CLASS q=2 n=6 order=24 size=5645470858739712000 M=
[ [ 1, 0, 0, 0, 0, 1, 0, 1, 1, 0, 0, 0 ], 
  [ 0, 1, 0, 1, 0, 1, 0, 1, 1, 0, 1, 0 ], 
  [ 1, 1, 1, 1, 1, 1, 1, 1, 0, 1, 0, 1 ], 
  [ 1, 0, 0, 1, 1, 1, 1, 1, 0, 0, 1, 1 ], 
  [ 0, 1, 1, 0, 1, 0, 1, 0, 0, 1, 0, 0 ], 
  [ 0, 1, 0, 0, 0, 0, 1, 0, 1, 0, 1, 1 ], 
  [ 0, 0, 1, 1, 1, 1, 0, 0, 0, 1, 0, 1 ], 
  [ 0, 1, 0, 0, 0, 0, 1, 1, 1, 0, 0, 1 ], 
  [ 1, 0, 0, 0, 1, 1, 1, 0, 0, 0, 0, 1 ], 
  [ 1, 1, 1, 1, 0, 0, 1, 1, 1, 0, 1, 1 ], 
  [ 1, 0, 0, 1, 1, 1, 1, 0, 1, 0, 0, 1 ], 
  [ 1, 0, 0, 1, 0, 1, 1, 0, 1, 1, 1, 1 ] ]
CLASS q=2 n=6 order=24 size=90327533739835392000 M=
[ [ 0, 1, 1, 1, 1, 1, 1, 0, 0, 1, 0, 1 ], 
  [ 1, 0, 1, 1, 1, 1, 0, 0, 0, 1, 0, 1 ], 
  [ 1, 1, 0, 0, 1, 0, 0, 0, 1, 1, 1, 0 ], 
  [ 0, 0, 0, 0, 0, 0, 1, 0, 0, 1, 0, 0 ], 
  [ 0, 0, 1, 0, 0, 1, 1, 0, 0, 0, 0, 1 ], 
  [ 0, 0, 0, 0, 0, 1, 1, 0, 0, 1, 1, 0 ], 
  [ 1, 0, 0, 0, 1, 0, 1, 1, 1, 1, 0, 1 ], 
  [ 0, 1, 1, 0, 1, 0, 1, 1, 1, 1, 0, 1 ], 
  [ 0, 1, 0, 1, 0, 1, 1, 1, 1, 1, 0, 0 ], 
  [ 1, 1, 0, 0, 1, 1, 1, 0, 0, 0, 1, 1 ], 
  [ 0, 0, 1, 0, 1, 1, 0, 0, 0, 0, 1, 1 ], 
  [ 0, 1, 0, 1, 1, 1, 1, 1, 1, 0, 1, 1 ] ]
CLASS q=2 n=6 order=12 size=940911809789952000 M=
[ [ 1, 1, 0, 0, 0, 0, 0, 1, 0, 1, 0, 0 ], 
  [ 0, 0, 0, 1, 0, 0, 1, 0, 0, 0, 0, 0 ], 
  [ 0, 0, 0, 0, 1, 0, 1, 0, 1, 0, 0, 0 ], 
  [ 0, 1, 1, 0, 1, 1, 0, 1, 1, 1, 0, 1 ], 
  [ 1, 1, 0, 1, 0, 1, 0, 0, 0, 1, 0, 0 ], 
  [ 0, 1, 0, 0, 1, 0, 0, 0, 1, 0, 0, 1 ], 
  [ 0, 0, 1, 1, 1, 1, 0, 1, 0, 0, 1, 1 ], 
  [ 0, 1, 1, 1, 0, 0, 1, 1, 0, 1, 1, 1 ], 
  [ 0, 0, 0, 1, 1, 0, 1, 0, 1, 0, 0, 1 ], 
  [ 1, 1, 0, 0, 0, 1, 0, 0, 0, 1, 1, 0 ], 
  [ 0, 0, 1, 0, 0, 0, 1, 1, 1, 1, 1, 1 ], 
  [ 0, 1, 1, 1, 0, 1, 1, 1, 0, 0, 1, 1 ] ]
CLASS q=2 n=6 order=15 size=535274274013839360 M=
[ [ 0, 1, 1, 0, 0, 0, 0, 0, 0, 0, 1, 0 ], 
  [ 0, 0, 0, 0, 0, 1, 1, 0, 1, 1, 1, 1 ], 
  [ 1, 1, 1, 1, 1, 1, 0, 0, 0, 0, 1, 0 ], 
  [ 0, 0, 1, 0, 1, 1, 0, 1, 0, 0, 0, 0 ], 
  [ 0, 0, 0, 1, 0, 0, 1, 1, 0, 0, 0, 1 ], 
  [ 1, 1, 0, 1, 1, 0, 0, 1, 1, 1, 0, 0 ], 
  [ 0, 1, 0, 0, 0, 1, 1, 0, 0, 1, 1, 0 ], 
  [ 1, 1, 1, 1, 1, 1, 1, 1, 0, 1, 1, 0 ], 
  [ 1, 1, 1, 1, 0, 0, 1, 0, 1, 1, 0, 0 ], 
  [ 0, 1, 0, 0, 1, 0, 1, 0, 1, 1, 1, 0 ], 
  [ 1, 1, 0, 0, 1, 0, 1, 1, 0, 1, 0, 1 ], 
  [ 1, 0, 1, 1, 1, 0, 0, 1, 1, 1, 0, 0 ] ]
CLASS q=2 n=6 order=12 size=12043671165311385600 M=
[ [ 0, 1, 0, 0, 1, 0, 0, 0, 0, 0, 1, 0 ], 
  [ 1, 0, 0, 0, 1, 1, 0, 1, 1, 1, 0, 1 ], 
  [ 0, 0, 0, 1, 1, 1, 1, 0, 0, 1, 0, 1 ], 
  [ 0, 0, 1, 1, 0, 0, 0, 1, 1, 1, 0, 0 ], 
  [ 0, 0, 1, 0, 1, 1, 0, 1, 1, 0, 1, 1 ], 
  [ 1, 1, 0, 1, 1, 0, 0, 0, 0, 1, 1, 1 ], 
  [ 1, 1, 0, 1, 0, 1, 1, 0, 0, 0, 1, 0 ], 
  [ 0, 1, 1, 1, 1, 1, 0, 1, 1, 1, 1, 1 ], 
  [ 0, 0, 0, 1, 0, 1, 0, 1, 0, 1, 0, 1 ], 
  [ 1, 1, 0, 1, 0, 0, 0, 1, 1, 0, 0, 1 ], 
  [ 0, 1, 0, 0, 1, 1, 0, 1, 0, 0, 1, 1 ], 
  [ 1, 1, 0, 1, 0, 0, 1, 1, 1, 1, 0, 1 ] ]
CLASS q=2 n=6 order=20 size=54196520243901235200 M=
[ [ 1, 0, 1, 1, 0, 1, 1, 0, 1, 0, 1, 0 ], 
  [ 0, 0, 1, 0, 1, 1, 1, 1, 1, 0, 0, 0 ], 
  [ 0, 1, 0, 1, 1, 0, 0, 1, 1, 1, 1, 1 ], 
  [ 1, 0, 1, 1, 0, 0, 0, 1, 0, 0, 0, 1 ], 
  [ 0, 1, 1, 1, 1, 1, 1, 1, 0, 1, 0, 0 ], 
  [ 0, 1, 1, 0, 0, 0, 1, 0, 1, 1, 1, 1 ], 
  [ 0, 0, 1, 1, 0, 0, 1, 1, 0, 1, 1, 0 ], 
  [ 1, 0, 1, 1, 0, 0, 1, 1, 1, 1, 1, 0 ], 
  [ 0, 1, 1, 0, 0, 1, 0, 0, 0, 1, 0, 1 ], 
  [ 1, 1, 1, 1, 0, 1, 1, 0, 1, 1, 0, 0 ], 
  [ 0, 1, 1, 0, 0, 0, 0, 1, 0, 1, 0, 0 ], 
  [ 1, 1, 0, 1, 1, 1, 1, 1, 0, 1, 1, 1 ] ]
CLASS q=2 n=6 order=30 size=144524053983736627200 M=
[ [ 1, 0, 0, 1, 1, 1, 1, 0, 0, 0, 1, 0 ], 
  [ 0, 0, 0, 1, 1, 1, 0, 1, 1, 1, 0, 0 ], 
  [ 1, 0, 0, 0, 1, 0, 0, 1, 1, 0, 0, 0 ], 
  [ 1, 0, 0, 1, 0, 0, 1, 0, 1, 0, 1, 0 ], 
  [ 1, 0, 0, 1, 0, 1, 0, 0, 0, 1, 1, 1 ], 
  [ 1, 1, 1, 0, 1, 1, 0, 0, 1, 0, 1, 0 ], 
  [ 1, 0, 0, 0, 1, 0, 1, 0, 1, 1, 1, 1 ], 
  [ 1, 1, 0, 0, 0, 0, 1, 1, 1, 0, 0, 0 ], 
  [ 0, 0, 1, 1, 0, 1, 0, 1, 1, 1, 1, 1 ], 
  [ 0, 0, 0, 1, 1, 0, 1, 0, 1, 1, 1, 1 ], 
  [ 1, 0, 0, 1, 1, 1, 1, 0, 1, 0, 0, 0 ], 
  [ 0, 1, 1, 1, 0, 1, 1, 1, 0, 1, 0, 0 ] ]
CLASS q=2 n=6 order=60 size=1734288647804839526400 M=
[ [ 0, 0, 1, 0, 1, 1, 0, 1, 0, 1, 1, 0 ], 
  [ 1, 0, 0, 0, 0, 1, 0, 1, 0, 0, 1, 0 ], 
  [ 1, 0, 0, 0, 1, 1, 1, 0, 1, 0, 0, 0 ], 
  [ 1, 1, 1, 0, 1, 0, 0, 0, 1, 1, 0, 0 ], 
  [ 1, 1, 0, 0, 1, 1, 0, 0, 0, 1, 1, 0 ], 
  [ 0, 1, 0, 1, 1, 1, 1, 1, 1, 0, 1, 1 ], 
  [ 1, 0, 1, 0, 0, 0, 1, 1, 0, 1, 0, 1 ], 
  [ 0, 0, 1, 0, 1, 1, 0, 0, 1, 0, 0, 1 ], 
  [ 1, 0, 0, 1, 0, 1, 0, 0, 0, 1, 1, 0 ], 
  [ 1, 1, 1, 0, 1, 1, 0, 0, 0, 1, 1, 0 ], 
  [ 0, 1, 0, 0, 0, 0, 1, 1, 1, 0, 0, 0 ], 
  [ 0, 1, 0, 0, 1, 0, 1, 0, 1, 0, 1, 1 ] ]
CLASS q=2 n=6 order=30 size=24087342330622771200 M=
[ [ 0, 1, 1, 1, 0, 1, 0, 0, 1, 0, 0, 1 ], 
  [ 1, 1, 1, 1, 1, 0, 1, 0, 0, 1, 0, 1 ], 
  [ 0, 1, 0, 0, 0, 0, 0, 1, 1, 1, 1, 0 ], 
  [ 1, 0, 1, 0, 1, 0, 0, 1, 0, 0, 1, 0 ], 
  [ 0, 0, 1, 0, 1, 1, 1, 1, 0, 1, 1, 0 ], 
  [ 1, 0, 0, 1, 0, 0, 1, 0, 1, 1, 1, 0 ], 
  [ 0, 0, 0, 0, 1, 0, 1, 1, 0, 0, 1, 1 ], 
  [ 0, 0, 1, 0, 0, 0, 1, 0, 0, 0, 1, 1 ], 
  [ 0, 1, 1, 0, 0, 0, 0, 0, 1, 0, 1, 1 ], 
  [ 1, 0, 0, 1, 1, 1, 0, 1, 0, 1, 0, 0 ], 
  [ 0, 0, 1, 1, 1, 0, 1, 0, 1, 0, 1, 0 ], 
  [ 1, 1, 0, 1, 1, 0, 1, 1, 1, 0, 1, 1 ] ]
CLASS q=2 n=6 order=60 size=289048107967473254400 M=
[ [ 0, 0, 0, 0, 0, 1, 1, 1, 1, 1, 1, 0 ], 
  [ 0, 0, 0, 1, 0, 1, 1, 0, 0, 1, 0, 1 ], 
  [ 1, 1, 1, 0, 1, 0, 1, 0, 0, 1, 0, 1 ], 
  [ 0, 0, 1, 1, 0, 1, 1, 1, 1, 1, 1, 0 ], 
  [ 0, 0, 1, 1, 0, 0, 0, 0, 1, 1, 0, 0 ], 
  [ 0, 1, 0, 0, 0, 1, 1, 1, 0, 1, 1, 1 ], 
  [ 1, 0, 0, 0, 1, 0, 0, 0, 0, 0, 1, 1 ], 
  [ 0, 0, 1, 1, 1, 1, 1, 0, 0, 0, 0, 0 ], 
  [ 1, 0, 1, 1, 1, 0, 1, 1, 0, 0, 1, 1 ], 
  [ 0, 1, 0, 0, 1, 0, 0, 1, 1, 1, 1, 0 ], 
  [ 0, 1, 1, 1, 0, 1, 1, 1, 0, 0, 0, 0 ], 
  [ 0, 1, 0, 0, 1, 0, 1, 1, 0, 0, 0, 1 ] ]
CLASS q=2 n=6 order=40 size=325179121463407411200 M=
[ [ 0, 1, 0, 1, 1, 0, 0, 1, 0, 1, 0, 0 ], 
  [ 1, 1, 1, 1, 1, 1, 0, 1, 0, 0, 1, 1 ], 
  [ 0, 1, 1, 0, 0, 0, 1, 0, 0, 1, 1, 0 ], 
  [ 1, 1, 0, 0, 1, 0, 1, 0, 0, 0, 0, 0 ], 
  [ 0, 0, 0, 1, 0, 1, 0, 1, 1, 0, 1, 1 ], 
  [ 1, 0, 1, 1, 1, 1, 1, 0, 0, 0, 0, 0 ], 
  [ 1, 1, 1, 0, 0, 1, 0, 1, 1, 1, 1, 1 ], 
  [ 0, 0, 0, 0, 0, 1, 0, 1, 1, 1, 1, 0 ], 
  [ 0, 1, 1, 1, 0, 0, 0, 1, 1, 0, 0, 1 ], 
  [ 0, 1, 0, 0, 0, 1, 0, 0, 1, 0, 1, 1 ], 
  [ 0, 1, 1, 0, 1, 0, 1, 1, 0, 1, 1, 1 ], 
  [ 1, 0, 1, 1, 1, 1, 0, 0, 1, 1, 0, 1 ] ]
CLASS q=2 n=6 order=6 size=918859189248000 M=
[ [ 0, 1, 0, 0, 1, 0, 0, 0, 1, 1, 1, 0 ], 
  [ 1, 0, 0, 0, 1, 0, 0, 0, 1, 1, 1, 0 ], 
  [ 0, 0, 0, 1, 1, 1, 0, 0, 1, 1, 1, 1 ], 
  [ 1, 1, 1, 0, 0, 1, 0, 0, 0, 1, 1, 1 ], 
  [ 0, 0, 1, 1, 0, 1, 0, 0, 1, 1, 1, 1 ], 
  [ 1, 1, 1, 1, 1, 0, 0, 1, 0, 0, 1, 1 ], 
  [ 0, 0, 0, 0, 1, 0, 0, 0, 1, 0, 1, 1 ], 
  [ 1, 1, 0, 0, 1, 0, 1, 0, 0, 0, 0, 1 ], 
  [ 0, 0, 0, 1, 1, 1, 1, 0, 1, 0, 1, 0 ], 
  [ 0, 0, 1, 1, 1, 1, 1, 1, 0, 1, 0, 0 ], 
  [ 1, 1, 1, 1, 0, 1, 1, 1, 1, 1, 0, 0 ], 
  [ 1, 1, 0, 1, 1, 1, 1, 1, 1, 0, 0, 1 ] ]
CLASS q=2 n=6 order=12 size=1411367714684928000 M=
[ [ 0, 1, 1, 1, 0, 1, 0, 0, 0, 1, 1, 1 ], 
  [ 1, 0, 0, 1, 0, 1, 0, 1, 0, 1, 0, 1 ], 
  [ 1, 1, 0, 0, 1, 1, 0, 0, 1, 0, 1, 0 ], 
  [ 1, 0, 1, 1, 0, 0, 0, 1, 0, 0, 1, 0 ], 
  [ 1, 1, 1, 1, 0, 0, 0, 0, 0, 1, 0, 1 ], 
  [ 0, 0, 0, 0, 0, 1, 1, 0, 0, 0, 1, 1 ], 
  [ 1, 0, 1, 0, 1, 0, 0, 1, 1, 1, 1, 1 ], 
  [ 1, 1, 1, 0, 0, 0, 1, 1, 1, 1, 0, 1 ], 
  [ 0, 0, 0, 0, 0, 1, 0, 1, 1, 1, 1, 0 ], 
  [ 1, 1, 1, 1, 0, 0, 0, 0, 1, 1, 1, 1 ], 
  [ 0, 0, 0, 0, 1, 1, 1, 0, 0, 1, 0, 1 ], 
  [ 0, 1, 0, 1, 1, 0, 0, 0, 1, 0, 1, 0 ] ]
CLASS q=2 n=6 order=12 size=541965202439012352000 M=
[ [ 0, 1, 0, 1, 1, 0, 0, 1, 0, 0, 0, 1 ], 
  [ 0, 0, 0, 0, 0, 1, 1, 0, 1, 0, 1, 1 ], 
  [ 0, 0, 1, 1, 0, 1, 1, 1, 0, 1, 1, 1 ], 
  [ 0, 0, 0, 1, 0, 1, 0, 0, 1, 1, 1, 0 ], 
  [ 1, 1, 1, 1, 0, 1, 1, 1, 0, 1, 0, 0 ], 
  [ 0, 0, 1, 1, 1, 0, 0, 0, 0, 0, 1, 0 ], 
  [ 1, 0, 1, 0, 0, 1, 0, 1, 1, 0, 1, 0 ], 
  [ 0, 0, 0, 0, 0, 0, 0, 1, 1, 1, 0, 0 ], 
  [ 1, 0, 0, 0, 1, 1, 0, 0, 0, 0, 0, 1 ], 
  [ 0, 0, 1, 1, 1, 1, 1, 1, 1, 0, 1, 1 ], 
  [ 1, 0, 1, 1, 1, 1, 1, 0, 1, 0, 0, 1 ], 
  [ 1, 1, 1, 1, 1, 0, 0, 0, 1, 1, 0, 0 ] ]
CLASS q=2 n=6 order=6 size=15054588956639232000 M=
[ [ 1, 0, 1, 1, 0, 1, 1, 0, 0, 0, 0, 0 ], 
  [ 0, 0, 1, 0, 1, 1, 1, 1, 0, 1, 0, 0 ], 
  [ 1, 1, 1, 1, 1, 1, 1, 0, 0, 1, 0, 0 ], 
  [ 1, 0, 1, 0, 1, 1, 1, 0, 1, 0, 0, 0 ], 
  [ 1, 1, 1, 1, 1, 0, 1, 0, 1, 1, 1, 0 ], 
  [ 1, 1, 1, 0, 0, 1, 1, 0, 0, 0, 1, 1 ], 
  [ 0, 1, 1, 0, 1, 1, 0, 1, 1, 0, 0, 1 ], 
  [ 0, 1, 1, 1, 1, 1, 0, 0, 1, 0, 0, 1 ], 
  [ 0, 0, 1, 0, 1, 0, 1, 0, 0, 1, 1, 0 ], 
  [ 1, 1, 0, 1, 1, 1, 0, 1, 0, 1, 1, 0 ], 
  [ 1, 1, 1, 0, 1, 0, 1, 1, 1, 1, 0, 0 ], 
  [ 1, 1, 1, 0, 0, 0, 1, 0, 1, 1, 1, 1 ] ]
CLASS q=2 n=6 order=12 size=90327533739835392000 M=
[ [ 0, 1, 1, 0, 0, 0, 1, 0, 0, 0, 1, 0 ], 
  [ 0, 1, 0, 0, 0, 1, 0, 0, 1, 1, 1, 1 ], 
  [ 1, 1, 1, 0, 0, 1, 0, 1, 0, 0, 1, 0 ], 
  [ 0, 0, 1, 0, 1, 0, 0, 0, 0, 1, 0, 0 ], 
  [ 1, 0, 0, 1, 0, 0, 1, 1, 1, 1, 0, 1 ], 
  [ 0, 1, 0, 1, 1, 0, 0, 0, 1, 1, 0, 1 ], 
  [ 0, 1, 0, 0, 0, 0, 1, 0, 0, 1, 1, 0 ], 
  [ 1, 1, 0, 0, 0, 1, 1, 0, 1, 0, 1, 1 ], 
  [ 1, 0, 0, 0, 1, 0, 1, 0, 0, 1, 0, 1 ], 
  [ 0, 1, 1, 1, 0, 0, 1, 0, 1, 1, 1, 1 ], 
  [ 0, 1, 1, 0, 0, 0, 0, 1, 0, 1, 0, 1 ], 
  [ 0, 0, 0, 1, 0, 0, 1, 1, 1, 1, 0, 0 ] ]
CLASS q=2 n=6 order=12 size=3763647239159808000 M=
[ [ 0, 1, 1, 0, 1, 1, 0, 0, 1, 1, 0, 1 ], 
  [ 1, 1, 1, 0, 1, 1, 0, 0, 0, 1, 1, 0 ], 
  [ 0, 0, 0, 0, 1, 0, 0, 0, 0, 1, 0, 1 ], 
  [ 1, 0, 1, 1, 1, 1, 0, 0, 1, 0, 1, 1 ], 
  [ 1, 0, 0, 0, 1, 1, 0, 0, 0, 0, 1, 1 ], 
  [ 0, 0, 0, 1, 1, 0, 0, 0, 1, 0, 1, 1 ], 
  [ 1, 0, 0, 1, 1, 0, 1, 0, 0, 1, 0, 1 ], 
  [ 0, 1, 0, 1, 0, 1, 0, 0, 1, 1, 0, 0 ], 
  [ 1, 0, 0, 1, 1, 0, 1, 0, 1, 1, 1, 0 ], 
  [ 1, 1, 1, 1, 0, 0, 1, 0, 0, 0, 0, 1 ], 
  [ 0, 0, 1, 1, 1, 1, 0, 1, 0, 0, 1, 1 ], 
  [ 0, 0, 0, 0, 0, 0, 1, 0, 0, 0, 0, 0 ] ]
CLASS q=2 n=6 order=24 size=376364723915980800 M=
[ [ 1, 1, 0, 0, 0, 0, 0, 0, 1, 0, 1, 0 ], 
  [ 0, 1, 0, 0, 1, 0, 0, 1, 1, 1, 1, 1 ], 
  [ 1, 0, 1, 0, 1, 0, 0, 1, 1, 0, 1, 1 ], 
  [ 0, 0, 0, 0, 0, 0, 0, 1, 1, 1, 1, 1 ], 
  [ 1, 0, 1, 1, 1, 1, 1, 0, 0, 1, 0, 0 ], 
  [ 0, 1, 0, 1, 0, 0, 0, 1, 0, 0, 1, 1 ], 
  [ 1, 1, 0, 0, 1, 1, 1, 1, 0, 1, 1, 1 ], 
  [ 1, 1, 1, 1, 1, 1, 0, 0, 1, 1, 1, 1 ], 
  [ 1, 0, 0, 0, 1, 1, 1, 1, 1, 0, 1, 1 ], 
  [ 0, 1, 1, 0, 0, 0, 0, 1, 1, 0, 0, 1 ], 
  [ 1, 1, 0, 0, 1, 1, 0, 1, 0, 1, 0, 1 ], 
  [ 1, 1, 0, 0, 0, 1, 1, 0, 0, 1, 1, 1 ] ]
CLASS q=2 n=6 order=8 size=132315723251712000 M=
[ [ 1, 0, 0, 0, 0, 0, 1, 0, 0, 0, 1, 0 ], 
  [ 0, 0, 1, 0, 1, 1, 1, 0, 1, 1, 0, 1 ], 
  [ 0, 1, 0, 1, 0, 1, 0, 0, 0, 1, 1, 1 ], 
  [ 0, 0, 1, 0, 0, 0, 0, 0, 0, 0, 0, 0 ], 
  [ 0, 0, 1, 0, 0, 1, 1, 0, 1, 0, 0, 0 ], 
  [ 1, 0, 0, 0, 0, 0, 1, 0, 1, 1, 0, 0 ], 
  [ 1, 1, 0, 0, 0, 0, 0, 0, 1, 0, 1, 1 ], 
  [ 1, 0, 0, 0, 1, 0, 0, 0, 1, 1, 1, 0 ], 
  [ 0, 1, 1, 0, 1, 1, 0, 0, 0, 1, 1, 1 ], 
  [ 0, 0, 1, 0, 1, 0, 1, 0, 1, 1, 1, 0 ], 
  [ 0, 0, 0, 0, 0, 0, 1, 0, 0, 0, 0, 0 ], 
  [ 0, 1, 1, 0, 0, 1, 0, 1, 1, 1, 0, 0 ] ]
CLASS q=2 n=6 order=24 size=16936412576219136000 M=
[ [ 0, 1, 1, 0, 1, 1, 0, 0, 1, 1, 0, 1 ], 
  [ 0, 1, 0, 0, 1, 0, 1, 1, 0, 0, 0, 0 ], 
  [ 0, 1, 0, 0, 0, 0, 1, 1, 1, 1, 0, 1 ], 
  [ 1, 1, 0, 0, 0, 0, 0, 1, 0, 0, 1, 1 ], 
  [ 1, 1, 1, 1, 0, 0, 0, 1, 1, 0, 1, 1 ], 
  [ 1, 0, 0, 0, 1, 0, 0, 1, 1, 1, 0, 1 ], 
  [ 0, 0, 1, 1, 1, 1, 0, 1, 0, 0, 1, 1 ], 
  [ 1, 0, 0, 1, 0, 1, 0, 0, 0, 1, 0, 1 ], 
  [ 1, 0, 1, 0, 1, 1, 0, 0, 1, 1, 1, 0 ], 
  [ 1, 1, 1, 1, 0, 0, 1, 0, 0, 0, 0, 1 ], 
  [ 1, 0, 1, 0, 1, 1, 0, 0, 0, 1, 0, 1 ], 
  [ 0, 0, 0, 1, 1, 0, 0, 0, 0, 1, 1, 1 ] ]
CLASS q=2 n=6 order=12 size=1881823619579904000 M=
[ [ 1, 1, 1, 1, 0, 0, 0, 1, 0, 1, 1, 0 ], 
  [ 0, 0, 1, 1, 1, 0, 1, 1, 1, 1, 1, 1 ], 
  [ 0, 0, 0, 1, 0, 0, 1, 1, 0, 0, 1, 0 ], 
  [ 0, 0, 0, 1, 1, 0, 0, 0, 0, 0, 0, 1 ], 
  [ 0, 1, 0, 1, 1, 1, 1, 0, 0, 1, 1, 1 ], 
  [ 0, 1, 0, 1, 1, 0, 0, 0, 0, 1, 0, 0 ], 
  [ 0, 1, 1, 0, 0, 1, 1, 1, 0, 1, 0, 1 ], 
  [ 0, 1, 0, 0, 1, 0, 1, 1, 0, 0, 0, 0 ], 
  [ 1, 0, 0, 1, 1, 1, 0, 0, 0, 1, 1, 0 ], 
  [ 0, 0, 0, 1, 1, 0, 1, 1, 0, 1, 0, 0 ], 
  [ 1, 1, 1, 1, 0, 0, 0, 1, 0, 0, 1, 0 ], 
  [ 0, 1, 1, 0, 0, 0, 0, 0, 1, 0, 1, 1 ] ]
CLASS q=2 n=6 order=12 size=2822735429369856000 M=
[ [ 1, 0, 0, 0, 0, 1, 0, 1, 1, 0, 1, 0 ], 
  [ 1, 0, 0, 0, 1, 0, 1, 0, 1, 1, 0, 0 ], 
  [ 1, 1, 0, 0, 0, 1, 0, 1, 0, 1, 1, 0 ], 
  [ 1, 1, 1, 0, 1, 1, 1, 0, 0, 0, 1, 1 ], 
  [ 0, 0, 1, 0, 1, 1, 1, 1, 0, 0, 1, 0 ], 
  [ 1, 0, 0, 0, 1, 1, 1, 0, 1, 0, 1, 0 ], 
  [ 1, 1, 0, 0, 0, 0, 0, 0, 0, 1, 0, 0 ], 
  [ 1, 0, 0, 0, 1, 1, 1, 0, 0, 1, 0, 1 ], 
  [ 1, 1, 0, 0, 1, 0, 0, 0, 0, 1, 0, 1 ], 
  [ 1, 0, 1, 1, 0, 1, 1, 0, 1, 0, 0, 1 ], 
  [ 1, 0, 0, 1, 0, 0, 1, 1, 1, 0, 0, 1 ], 
  [ 1, 1, 1, 0, 1, 0, 0, 0, 0, 1, 0, 1 ] ]
CLASS q=2 n=6 order=6 size=705683857342464000 M=
[ [ 1, 0, 1, 0, 1, 0, 1, 0, 0, 1, 0, 1 ], 
  [ 1, 0, 1, 0, 0, 1, 0, 1, 0, 0, 1, 1 ], 
  [ 1, 1, 0, 0, 0, 0, 0, 0, 1, 0, 0, 1 ], 
  [ 0, 0, 1, 0, 0, 1, 1, 0, 1, 1, 0, 1 ], 
  [ 1, 1, 0, 1, 1, 1, 0, 0, 0, 1, 1, 0 ], 
  [ 0, 1, 1, 0, 1, 0, 0, 1, 1, 0, 1, 1 ], 
  [ 0, 0, 1, 1, 0, 1, 1, 0, 1, 1, 1, 1 ], 
  [ 0, 1, 0, 0, 0, 1, 1, 0, 1, 0, 1, 1 ], 
  [ 0, 0, 0, 1, 0, 1, 0, 0, 1, 1, 1, 0 ], 
  [ 0, 1, 1, 0, 1, 1, 1, 1, 1, 1, 0, 1 ], 
  [ 0, 1, 1, 0, 0, 0, 0, 0, 1, 1, 0, 1 ], 
  [ 0, 0, 1, 1, 0, 0, 0, 1, 0, 0, 0, 1 ] ]
CLASS q=2 n=6 order=12 size=15054588956639232000 M=
[ [ 1, 1, 0, 0, 1, 1, 1, 1, 1, 1, 0, 1 ], 
  [ 0, 1, 0, 1, 1, 0, 0, 1, 1, 1, 0, 1 ], 
  [ 1, 0, 0, 1, 0, 1, 1, 0, 1, 1, 1, 1 ], 
  [ 1, 0, 0, 0, 0, 1, 1, 0, 1, 0, 0, 0 ], 
  [ 1, 0, 1, 0, 1, 1, 1, 0, 1, 1, 0, 0 ], 
  [ 1, 1, 1, 1, 0, 0, 1, 0, 0, 1, 0, 1 ], 
  [ 1, 1, 0, 0, 0, 1, 1, 1, 1, 0, 0, 1 ], 
  [ 1, 1, 0, 1, 0, 1, 0, 1, 0, 0, 0, 0 ], 
  [ 1, 1, 1, 0, 1, 1, 0, 1, 1, 1, 1, 1 ], 
  [ 1, 0, 1, 0, 0, 0, 0, 1, 0, 1, 1, 0 ], 
  [ 0, 0, 0, 0, 1, 0, 1, 1, 0, 0, 1, 1 ], 
  [ 1, 1, 0, 0, 0, 0, 0, 1, 0, 0, 1, 1 ] ]
CLASS q=2 n=6 order=6 size=7527294478319616000 M=
[ [ 1, 0, 1, 0, 1, 1, 1, 0, 1, 0, 1, 1 ], 
  [ 0, 1, 1, 0, 0, 1, 1, 0, 0, 0, 1, 0 ], 
  [ 1, 0, 1, 1, 0, 1, 0, 1, 0, 0, 0, 1 ], 
  [ 0, 0, 0, 1, 0, 1, 1, 0, 1, 0, 1, 1 ], 
  [ 0, 1, 1, 1, 0, 1, 0, 0, 1, 1, 1, 1 ], 
  [ 1, 0, 0, 1, 0, 1, 0, 0, 1, 1, 1, 0 ], 
  [ 0, 0, 1, 1, 1, 0, 0, 0, 1, 1, 1, 0 ], 
  [ 1, 1, 0, 0, 1, 1, 0, 0, 1, 1, 0, 0 ], 
  [ 1, 0, 0, 1, 0, 1, 1, 0, 0, 0, 0, 0 ], 
  [ 0, 1, 1, 0, 1, 0, 0, 0, 0, 0, 1, 1 ], 
  [ 0, 0, 0, 1, 0, 1, 0, 0, 1, 0, 1, 1 ], 
  [ 1, 1, 0, 0, 0, 1, 1, 1, 0, 1, 0, 0 ] ]
CLASS q=2 n=6 order=12 size=180655067479670784000 M=
[ [ 1, 0, 0, 0, 0, 0, 0, 1, 1, 0, 0, 1 ], 
  [ 0, 1, 1, 1, 0, 1, 1, 0, 0, 0, 1, 1 ], 
  [ 1, 0, 1, 1, 1, 0, 0, 1, 0, 0, 0, 1 ], 
  [ 1, 0, 0, 0, 0, 0, 0, 1, 0, 1, 1, 1 ], 
  [ 0, 1, 0, 1, 0, 0, 1, 1, 0, 1, 1, 1 ], 
  [ 1, 0, 0, 1, 0, 1, 0, 0, 0, 0, 0, 0 ], 
  [ 0, 0, 0, 1, 0, 1, 0, 0, 1, 0, 0, 1 ], 
  [ 0, 0, 0, 0, 0, 0, 1, 0, 1, 0, 1, 1 ], 
  [ 0, 1, 1, 1, 0, 0, 0, 0, 1, 0, 1, 1 ], 
  [ 0, 0, 1, 1, 1, 1, 0, 1, 0, 1, 1, 1 ], 
  [ 1, 1, 1, 1, 0, 1, 0, 1, 1, 1, 0, 0 ], 
  [ 0, 1, 0, 1, 1, 1, 0, 1, 0, 0, 1, 0 ] ]
CLASS q=2 n=6 order=6 size=15054588956639232000 M=
[ [ 0, 0, 1, 0, 1, 0, 0, 0, 0, 0, 1, 1 ], 
  [ 0, 1, 0, 1, 1, 1, 1, 0, 1, 1, 0, 1 ], 
  [ 0, 0, 0, 1, 0, 1, 0, 0, 1, 1, 1, 1 ], 
  [ 0, 1, 1, 1, 1, 0, 0, 1, 1, 1, 1, 0 ], 
  [ 0, 0, 1, 1, 1, 1, 0, 0, 1, 1, 1, 1 ], 
  [ 0, 1, 0, 1, 1, 0, 0, 1, 1, 1, 0, 1 ], 
  [ 0, 1, 0, 0, 1, 0, 0, 1, 0, 1, 1, 1 ], 
  [ 1, 0, 0, 0, 0, 0, 0, 0, 0, 0, 1, 1 ], 
  [ 0, 0, 0, 0, 1, 0, 1, 0, 1, 0, 0, 0 ], 
  [ 1, 0, 0, 0, 0, 0, 1, 1, 0, 0, 0, 0 ], 
  [ 1, 0, 1, 0, 0, 0, 0, 0, 1, 0, 1, 1 ], 
  [ 0, 0, 0, 0, 0, 0, 1, 1, 1, 1, 1, 1 ] ]
CLASS q=2 n=6 order=12 size=120436711653113856000 M=
[ [ 0, 0, 1, 0, 1, 1, 0, 0, 0, 1, 0, 1 ], 
  [ 0, 0, 0, 0, 0, 1, 1, 1, 1, 0, 1, 0 ], 
  [ 0, 1, 1, 1, 0, 1, 0, 1, 1, 0, 1, 1 ], 
  [ 0, 1, 1, 0, 1, 1, 1, 1, 1, 0, 1, 1 ], 
  [ 1, 1, 0, 0, 1, 1, 0, 1, 0, 1, 0, 1 ], 
  [ 1, 0, 1, 0, 0, 1, 0, 0, 1, 0, 0, 0 ], 
  [ 0, 0, 1, 0, 0, 1, 0, 0, 0, 0, 1, 0 ], 
  [ 1, 0, 0, 1, 1, 0, 0, 0, 0, 0, 0, 1 ], 
  [ 0, 1, 1, 0, 1, 0, 1, 1, 1, 0, 0, 1 ], 
  [ 1, 1, 1, 1, 1, 0, 1, 1, 0, 1, 0, 0 ], 
  [ 0, 1, 1, 0, 0, 1, 1, 0, 0, 1, 1, 0 ], 
  [ 1, 1, 0, 0, 1, 0, 0, 0, 0, 0, 1, 1 ] ]
CLASS q=2 n=6 order=12 size=361310134959341568000 M=
[ [ 1, 1, 1, 0, 0, 1, 0, 1, 0, 0, 0, 0 ], 
  [ 0, 1, 0, 0, 0, 0, 0, 1, 1, 0, 0, 1 ], 
  [ 1, 0, 0, 0, 1, 0, 0, 1, 1, 0, 1, 1 ], 
  [ 0, 1, 0, 0, 1, 1, 0, 1, 0, 0, 0, 1 ], 
  [ 1, 0, 1, 1, 0, 0, 0, 0, 0, 0, 1, 1 ], 
  [ 1, 1, 1, 0, 0, 1, 0, 1, 0, 1, 0, 1 ], 
  [ 0, 1, 1, 1, 1, 1, 1, 1, 1, 0, 1, 0 ], 
  [ 1, 1, 0, 1, 0, 1, 1, 1, 1, 1, 1, 1 ], 
  [ 1, 1, 0, 1, 1, 0, 0, 0, 0, 1, 0, 0 ], 
  [ 1, 1, 0, 0, 0, 1, 0, 0, 0, 1, 0, 1 ], 
  [ 1, 0, 1, 0, 1, 0, 0, 1, 0, 1, 0, 1 ], 
  [ 0, 1, 1, 1, 1, 0, 1, 0, 0, 1, 0, 1 ] ]
CLASS q=2 n=6 order=12 size=2822735429369856000 M=
[ [ 1, 0, 0, 0, 1, 0, 1, 0, 1, 0, 1, 1 ], 
  [ 1, 1, 0, 1, 0, 1, 0, 0, 0, 1, 1, 1 ], 
  [ 0, 1, 0, 0, 0, 1, 1, 1, 1, 1, 1, 1 ], 
  [ 1, 1, 0, 0, 1, 0, 0, 1, 0, 1, 0, 1 ], 
  [ 1, 0, 1, 0, 0, 0, 1, 0, 0, 0, 0, 0 ], 
  [ 0, 1, 1, 1, 0, 1, 0, 1, 0, 1, 0, 0 ], 
  [ 1, 1, 0, 1, 1, 0, 1, 0, 0, 0, 1, 0 ], 
  [ 0, 1, 0, 0, 1, 1, 0, 1, 1, 0, 1, 0 ], 
  [ 1, 0, 1, 1, 0, 0, 0, 1, 1, 0, 0, 1 ], 
  [ 0, 1, 1, 0, 0, 0, 0, 1, 1, 1, 0, 1 ], 
  [ 0, 0, 1, 0, 0, 1, 0, 0, 1, 1, 0, 0 ], 
  [ 0, 0, 1, 1, 0, 0, 1, 1, 1, 1, 0, 0 ] ]
CLASS q=2 n=6 order=12 size=29403494055936000 M=
[ [ 1, 0, 0, 0, 0, 1, 0, 1, 1, 1, 1, 1 ], 
  [ 1, 1, 1, 1, 1, 0, 1, 1, 1, 1, 1, 1 ], 
  [ 1, 0, 0, 1, 0, 1, 1, 1, 1, 0, 0, 0 ], 
  [ 0, 0, 0, 0, 1, 0, 0, 1, 0, 1, 1, 1 ], 
  [ 1, 1, 0, 0, 0, 0, 1, 1, 0, 1, 1, 0 ], 
  [ 1, 0, 0, 0, 0, 0, 1, 1, 1, 0, 1, 1 ], 
  [ 0, 1, 1, 0, 1, 0, 1, 0, 1, 0, 1, 1 ], 
  [ 1, 0, 1, 1, 1, 0, 1, 0, 1, 1, 1, 1 ], 
  [ 1, 1, 1, 1, 1, 0, 1, 0, 1, 0, 0, 0 ], 
  [ 1, 1, 1, 0, 0, 1, 1, 1, 1, 0, 0, 1 ], 
  [ 0, 1, 0, 1, 1, 0, 0, 0, 1, 0, 1, 0 ], 
  [ 0, 1, 1, 1, 1, 0, 0, 1, 0, 0, 0, 0 ] ]
CLASS q=2 n=6 order=12 size=11290941717479424000 M=
[ [ 0, 0, 0, 0, 1, 1, 0, 0, 1, 0, 0, 1 ], 
  [ 0, 1, 0, 1, 0, 0, 0, 0, 0, 0, 1, 1 ], 
  [ 0, 0, 0, 0, 0, 1, 1, 1, 1, 0, 1, 1 ], 
  [ 0, 0, 0, 1, 0, 0, 1, 1, 1, 1, 1, 1 ], 
  [ 1, 0, 0, 1, 1, 1, 0, 1, 1, 1, 1, 0 ], 
  [ 1, 1, 0, 1, 1, 0, 0, 0, 1, 0, 1, 0 ], 
  [ 1, 1, 1, 1, 1, 1, 0, 0, 0, 1, 1, 1 ], 
  [ 1, 0, 1, 1, 0, 1, 0, 0, 1, 0, 1, 1 ], 
  [ 1, 1, 1, 1, 1, 1, 0, 1, 0, 0, 0, 0 ], 
  [ 1, 0, 1, 0, 0, 1, 0, 1, 1, 1, 0, 0 ], 
  [ 1, 0, 0, 0, 0, 0, 1, 1, 0, 1, 1, 0 ], 
  [ 0, 0, 0, 1, 0, 1, 0, 1, 0, 1, 0, 0 ] ]
CLASS q=2 n=6 order=12 size=90327533739835392000 M=
[ [ 1, 1, 1, 1, 1, 0, 0, 0, 0, 1, 0, 1 ], 
  [ 1, 0, 1, 0, 0, 1, 0, 0, 1, 1, 1, 1 ], 
  [ 0, 0, 0, 0, 0, 1, 0, 0, 1, 0, 0, 1 ], 
  [ 0, 0, 0, 0, 0, 0, 1, 0, 0, 1, 0, 1 ], 
  [ 1, 0, 0, 0, 1, 1, 0, 0, 0, 1, 0, 0 ], 
  [ 0, 0, 1, 1, 1, 1, 0, 1, 1, 1, 0, 0 ], 
  [ 1, 1, 0, 1, 0, 0, 0, 1, 1, 0, 0, 1 ], 
  [ 1, 0, 0, 0, 1, 0, 1, 1, 1, 1, 0, 1 ], 
  [ 1, 1, 1, 0, 1, 1, 0, 0, 1, 0, 1, 0 ], 
  [ 0, 1, 0, 0, 0, 0, 1, 1, 1, 0, 0, 0 ], 
  [ 1, 0, 0, 0, 0, 0, 1, 1, 0, 1, 1, 0 ], 
  [ 0, 0, 1, 1, 1, 0, 0, 0, 1, 0, 1, 0 ] ]
CLASS q=2 n=6 order=30 size=1734288647804839526400 M=
[ [ 1, 0, 0, 1, 0, 0, 0, 0, 1, 0, 0, 0 ], 
  [ 1, 1, 1, 0, 1, 0, 1, 0, 0, 1, 1, 1 ], 
  [ 0, 0, 1, 1, 1, 0, 0, 1, 1, 1, 1, 0 ], 
  [ 1, 1, 0, 1, 1, 0, 0, 1, 1, 1, 1, 0 ], 
  [ 1, 0, 0, 1, 1, 1, 1, 1, 1, 0, 1, 0 ], 
  [ 0, 0, 1, 0, 0, 0, 1, 1, 0, 1, 0, 1 ], 
  [ 0, 1, 0, 1, 1, 0, 1, 0, 1, 1, 1, 0 ], 
  [ 1, 0, 0, 1, 0, 1, 0, 1, 0, 0, 0, 0 ], 
  [ 0, 0, 0, 0, 1, 1, 1, 1, 0, 0, 0, 0 ], 
  [ 1, 0, 1, 1, 0, 1, 1, 1, 0, 1, 1, 1 ], 
  [ 0, 1, 1, 1, 0, 1, 0, 1, 1, 0, 1, 0 ], 
  [ 1, 1, 0, 0, 1, 0, 0, 1, 1, 1, 0, 0 ] ]
CLASS q=2 n=6 order=8 size=50809237728657408000 M=
[ [ 0, 0, 0, 1, 1, 0, 1, 0, 0, 1, 0, 1 ], 
  [ 0, 1, 1, 1, 1, 1, 0, 1, 1, 1, 1, 1 ], 
  [ 1, 0, 0, 0, 0, 1, 0, 1, 0, 0, 0, 0 ], 
  [ 1, 0, 0, 0, 1, 0, 0, 0, 0, 1, 0, 1 ], 
  [ 1, 1, 0, 1, 1, 0, 0, 1, 1, 0, 0, 0 ], 
  [ 1, 1, 0, 0, 1, 0, 0, 1, 0, 1, 1, 0 ], 
  [ 1, 0, 0, 1, 1, 1, 1, 0, 0, 1, 1, 1 ], 
  [ 1, 0, 1, 1, 0, 0, 0, 1, 0, 0, 0, 1 ], 
  [ 1, 0, 1, 0, 0, 0, 0, 1, 1, 0, 1, 0 ], 
  [ 1, 1, 0, 1, 0, 0, 1, 1, 0, 1, 1, 1 ], 
  [ 0, 1, 0, 0, 0, 1, 1, 1, 0, 1, 0, 1 ], 
  [ 0, 1, 1, 0, 1, 1, 0, 0, 0, 1, 0, 0 ] ]
CLASS q=2 n=6 order=12 size=1411367714684928000 M=
[ [ 0, 1, 1, 0, 1, 1, 1, 0, 0, 1, 1, 1 ], 
  [ 0, 1, 1, 0, 1, 0, 1, 1, 1, 1, 1, 1 ], 
  [ 0, 1, 1, 0, 0, 1, 1, 0, 0, 1, 0, 1 ], 
  [ 0, 1, 1, 1, 0, 0, 0, 1, 1, 0, 0, 1 ], 
  [ 1, 1, 0, 1, 1, 0, 1, 1, 1, 0, 1, 0 ], 
  [ 0, 0, 1, 0, 1, 0, 0, 1, 0, 1, 0, 0 ], 
  [ 1, 0, 1, 0, 0, 0, 1, 0, 1, 1, 0, 0 ], 
  [ 0, 0, 1, 0, 0, 0, 0, 1, 0, 0, 1, 0 ], 
  [ 1, 0, 1, 1, 1, 0, 1, 1, 0, 0, 0, 0 ], 
  [ 0, 1, 1, 1, 1, 1, 0, 1, 0, 1, 1, 1 ], 
  [ 0, 0, 1, 1, 0, 1, 0, 1, 0, 0, 0, 1 ], 
  [ 1, 0, 1, 0, 1, 0, 0, 1, 0, 1, 1, 0 ] ]
CLASS q=2 n=6 order=24 size=90327533739835392000 M=
[ [ 1, 0, 0, 1, 1, 1, 0, 0, 1, 1, 1, 0 ], 
  [ 1, 0, 1, 1, 0, 1, 1, 0, 0, 1, 0, 0 ], 
  [ 0, 1, 0, 1, 0, 1, 0, 1, 1, 0, 0, 1 ], 
  [ 1, 0, 0, 1, 0, 0, 0, 0, 1, 1, 1, 0 ], 
  [ 1, 1, 0, 0, 0, 0, 0, 0, 1, 0, 1, 0 ], 
  [ 1, 1, 0, 1, 1, 1, 1, 1, 0, 1, 0, 0 ], 
  [ 0, 1, 1, 0, 0, 0, 0, 1, 1, 0, 1, 1 ], 
  [ 0, 1, 1, 0, 0, 0, 0, 1, 1, 1, 0, 0 ], 
  [ 0, 0, 1, 0, 1, 1, 1, 1, 1, 0, 1, 0 ], 
  [ 1, 0, 0, 0, 1, 1, 0, 0, 1, 0, 0, 1 ], 
  [ 1, 1, 0, 1, 1, 1, 1, 0, 1, 0, 1, 0 ], 
  [ 1, 1, 0, 1, 0, 0, 0, 1, 1, 1, 0, 1 ] ]
CLASS q=2 n=6 order=8 size=8468206288109568000 M=
[ [ 1, 1, 1, 1, 1, 0, 1, 1, 1, 1, 0, 0 ], 
  [ 0, 1, 1, 0, 1, 0, 1, 0, 1, 1, 1, 0 ], 
  [ 0, 0, 1, 1, 0, 0, 0, 0, 1, 1, 0, 1 ], 
  [ 0, 0, 0, 1, 0, 0, 1, 1, 1, 0, 1, 1 ], 
  [ 0, 1, 1, 0, 1, 1, 1, 0, 0, 0, 1, 1 ], 
  [ 0, 1, 0, 1, 0, 0, 1, 0, 0, 1, 0, 0 ], 
  [ 1, 1, 1, 0, 1, 1, 1, 0, 0, 1, 0, 1 ], 
  [ 1, 1, 0, 0, 0, 0, 0, 0, 1, 1, 0, 1 ], 
  [ 1, 0, 0, 1, 1, 0, 0, 1, 0, 1, 0, 0 ], 
  [ 0, 1, 0, 1, 1, 0, 1, 1, 1, 1, 1, 0 ], 
  [ 1, 0, 0, 1, 1, 0, 1, 0, 1, 0, 0, 1 ], 
  [ 1, 1, 0, 0, 0, 1, 0, 1, 0, 0, 0, 1 ] ]
CLASS q=2 n=6 order=24 size=270982601219506176000 M=
[ [ 0, 1, 1, 1, 1, 0, 0, 1, 0, 1, 0, 0 ], 
  [ 0, 1, 0, 1, 0, 0, 1, 1, 1, 1, 1, 0 ], 
  [ 0, 1, 1, 0, 0, 1, 0, 1, 0, 0, 1, 0 ], 
  [ 0, 1, 1, 0, 1, 1, 1, 1, 1, 1, 0, 1 ], 
  [ 0, 0, 1, 0, 0, 1, 0, 1, 0, 0, 0, 0 ], 
  [ 1, 1, 1, 1, 0, 1, 0, 1, 0, 1, 1, 0 ], 
  [ 1, 0, 0, 0, 0, 1, 0, 0, 0, 0, 0, 1 ], 
  [ 0, 1, 0, 0, 1, 0, 1, 1, 1, 1, 1, 0 ], 
  [ 0, 0, 1, 0, 1, 1, 1, 1, 1, 0, 1, 0 ], 
  [ 0, 1, 0, 1, 1, 0, 0, 1, 1, 0, 0, 0 ], 
  [ 1, 1, 1, 0, 1, 1, 1, 0, 0, 0, 0, 1 ], 
  [ 0, 0, 1, 0, 1, 1, 1, 0, 1, 1, 1, 0 ] ]
CLASS q=2 n=6 order=24 size=90327533739835392000 M=
[ [ 1, 1, 0, 1, 0, 1, 0, 0, 0, 1, 1, 0 ], 
  [ 0, 0, 0, 0, 1, 0, 1, 1, 1, 1, 1, 1 ], 
  [ 1, 1, 0, 1, 1, 0, 1, 1, 0, 0, 1, 1 ], 
  [ 0, 1, 1, 0, 0, 1, 1, 0, 0, 1, 1, 0 ], 
  [ 1, 1, 1, 1, 1, 1, 0, 1, 0, 1, 1, 0 ], 
  [ 1, 0, 0, 1, 1, 0, 0, 1, 0, 1, 0, 0 ], 
  [ 0, 1, 1, 0, 0, 1, 1, 0, 0, 0, 0, 0 ], 
  [ 1, 0, 1, 0, 1, 0, 0, 1, 1, 1, 1, 0 ], 
  [ 0, 1, 1, 1, 0, 0, 1, 1, 1, 1, 1, 1 ], 
  [ 1, 0, 1, 1, 0, 0, 1, 0, 0, 0, 1, 0 ], 
  [ 1, 0, 1, 1, 0, 1, 0, 0, 0, 0, 1, 0 ], 
  [ 0, 1, 0, 1, 1, 1, 0, 0, 0, 1, 0, 0 ] ]
CLASS q=2 n=6 order=8 size=50809237728657408000 M=
[ [ 1, 1, 0, 1, 1, 0, 1, 1, 1, 1, 1, 0 ], 
  [ 0, 0, 1, 1, 0, 0, 1, 0, 1, 1, 1, 1 ], 
  [ 1, 1, 0, 0, 1, 0, 1, 0, 0, 0, 1, 1 ], 
  [ 0, 0, 0, 0, 1, 1, 1, 1, 0, 0, 0, 1 ], 
  [ 0, 0, 0, 0, 0, 1, 1, 0, 1, 0, 0, 1 ], 
  [ 1, 0, 0, 0, 1, 1, 0, 0, 0, 0, 0, 0 ], 
  [ 0, 1, 1, 1, 1, 0, 1, 1, 0, 1, 1, 1 ], 
  [ 1, 1, 0, 1, 1, 0, 1, 0, 0, 1, 0, 0 ], 
  [ 0, 1, 0, 1, 0, 1, 0, 0, 0, 1, 1, 1 ], 
  [ 0, 0, 0, 0, 1, 1, 0, 1, 0, 1, 1, 1 ], 
  [ 0, 0, 0, 1, 0, 0, 0, 1, 1, 0, 1, 0 ], 
  [ 0, 1, 1, 0, 0, 1, 0, 1, 0, 1, 0, 1 ] ]
CLASS q=2 n=6 order=12 size=1083930404878024704000 M=
[ [ 1, 1, 0, 1, 1, 0, 1, 1, 1, 1, 0, 1 ], 
  [ 1, 1, 1, 1, 0, 0, 1, 0, 1, 0, 0, 1 ], 
  [ 0, 1, 0, 1, 0, 1, 1, 1, 1, 0, 1, 0 ], 
  [ 1, 0, 1, 1, 0, 0, 0, 1, 1, 0, 0, 0 ], 
  [ 1, 1, 0, 1, 0, 1, 1, 1, 1, 1, 1, 0 ], 
  [ 1, 0, 0, 1, 0, 0, 0, 0, 1, 1, 1, 0 ], 
  [ 0, 1, 1, 0, 1, 0, 1, 0, 1, 1, 1, 0 ], 
  [ 1, 0, 1, 0, 0, 0, 0, 1, 0, 1, 0, 0 ], 
  [ 1, 0, 1, 1, 1, 0, 1, 1, 0, 1, 1, 0 ], 
  [ 0, 1, 1, 1, 1, 1, 1, 0, 1, 0, 1, 1 ], 
  [ 1, 0, 0, 1, 0, 0, 1, 0, 0, 0, 0, 0 ], 
  [ 0, 1, 1, 0, 1, 1, 0, 1, 1, 0, 1, 1 ] ]
CLASS q=2 n=6 order=6 size=7527294478319616000 M=
[ [ 1, 1, 1, 1, 1, 1, 0, 0, 1, 1, 1, 0 ], 
  [ 0, 0, 1, 0, 1, 0, 1, 1, 1, 0, 0, 0 ], 
  [ 1, 0, 1, 1, 0, 1, 1, 0, 0, 1, 1, 1 ], 
  [ 1, 1, 1, 1, 0, 0, 1, 1, 0, 1, 0, 1 ], 
  [ 1, 1, 1, 0, 1, 0, 1, 1, 1, 0, 0, 1 ], 
  [ 0, 0, 1, 1, 1, 0, 0, 0, 1, 1, 1, 1 ], 
  [ 1, 0, 1, 0, 0, 0, 0, 1, 0, 1, 1, 1 ], 
  [ 1, 0, 1, 1, 0, 0, 1, 1, 0, 1, 1, 0 ], 
  [ 1, 0, 0, 1, 0, 0, 1, 1, 1, 1, 1, 0 ], 
  [ 0, 0, 0, 0, 0, 1, 0, 0, 0, 1, 0, 0 ], 
  [ 0, 1, 1, 0, 0, 1, 1, 0, 0, 0, 1, 1 ], 
  [ 0, 1, 0, 0, 0, 0, 1, 1, 0, 0, 1, 1 ] ]
CLASS q=2 n=6 order=24 size=20072785275518976000 M=
[ [ 1, 0, 0, 1, 0, 0, 1, 1, 0, 1, 0, 0 ], 
  [ 1, 1, 0, 0, 1, 0, 0, 0, 0, 1, 1, 1 ], 
  [ 0, 0, 1, 0, 1, 1, 1, 1, 1, 0, 1, 1 ], 
  [ 0, 1, 0, 1, 1, 1, 0, 1, 0, 1, 1, 1 ], 
  [ 1, 0, 0, 1, 1, 1, 1, 1, 0, 1, 0, 0 ], 
  [ 0, 1, 0, 1, 1, 0, 0, 1, 0, 0, 1, 0 ], 
  [ 1, 0, 1, 0, 1, 1, 0, 1, 0, 1, 1, 1 ], 
  [ 0, 1, 0, 0, 0, 0, 1, 1, 1, 0, 1, 1 ], 
  [ 1, 1, 1, 1, 1, 1, 1, 0, 1, 0, 0, 0 ], 
  [ 0, 1, 1, 0, 1, 1, 1, 1, 0, 0, 1, 1 ], 
  [ 1, 1, 1, 1, 0, 0, 0, 1, 1, 1, 1, 0 ], 
  [ 0, 1, 1, 0, 1, 1, 1, 0, 1, 0, 0, 1 ] ]
CLASS q=2 n=6 order=18 size=5018196318879744000 M=
[ [ 0, 1, 0, 0, 1, 1, 1, 0, 1, 1, 0, 0 ], 
  [ 1, 0, 0, 0, 0, 1, 0, 1, 0, 0, 0, 0 ], 
  [ 1, 0, 1, 1, 1, 1, 1, 1, 1, 1, 0, 0 ], 
  [ 1, 0, 1, 0, 1, 1, 1, 1, 0, 0, 0, 0 ], 
  [ 0, 0, 0, 0, 0, 0, 0, 0, 1, 1, 0, 1 ], 
  [ 1, 1, 0, 0, 1, 1, 0, 1, 0, 0, 1, 0 ], 
  [ 1, 1, 0, 0, 1, 1, 0, 1, 1, 1, 0, 0 ], 
  [ 0, 0, 1, 1, 0, 0, 0, 1, 0, 1, 1, 0 ], 
  [ 1, 0, 1, 1, 1, 0, 1, 1, 0, 1, 1, 1 ], 
  [ 0, 0, 1, 0, 1, 1, 1, 1, 1, 0, 1, 1 ], 
  [ 0, 0, 1, 1, 0, 1, 0, 0, 1, 0, 1, 1 ], 
  [ 0, 1, 0, 1, 1, 0, 0, 1, 1, 1, 0, 0 ] ]
CLASS q=2 n=6 order=36 size=180655067479670784000 M=
[ [ 1, 1, 1, 1, 0, 0, 0, 0, 1, 1, 0, 0 ], 
  [ 0, 1, 0, 1, 0, 1, 1, 1, 0, 1, 0, 0 ], 
  [ 0, 1, 1, 0, 1, 0, 1, 0, 1, 1, 0, 0 ], 
  [ 1, 0, 1, 1, 1, 1, 1, 1, 1, 0, 1, 0 ], 
  [ 1, 0, 0, 0, 0, 0, 1, 0, 0, 1, 1, 0 ], 
  [ 1, 0, 0, 1, 1, 0, 1, 0, 1, 1, 0, 0 ], 
  [ 0, 0, 1, 1, 1, 1, 0, 0, 0, 0, 0, 0 ], 
  [ 0, 1, 0, 1, 1, 1, 1, 0, 0, 0, 1, 1 ], 
  [ 1, 0, 1, 0, 1, 0, 0, 1, 0, 0, 1, 1 ], 
  [ 1, 0, 0, 1, 0, 1, 0, 1, 0, 0, 0, 1 ], 
  [ 0, 1, 0, 1, 1, 0, 0, 1, 0, 0, 0, 0 ], 
  [ 1, 0, 1, 0, 0, 1, 0, 0, 0, 0, 1, 0 ] ]
CLASS q=2 n=6 order=72 size=1445240539837366272000 M=
[ [ 1, 0, 1, 1, 1, 0, 0, 0, 0, 1, 0, 0 ], 
  [ 0, 1, 0, 0, 1, 1, 0, 1, 1, 1, 0, 1 ], 
  [ 0, 1, 0, 1, 0, 1, 0, 1, 1, 1, 1, 0 ], 
  [ 1, 1, 0, 0, 0, 1, 1, 0, 0, 1, 0, 0 ], 
  [ 1, 0, 1, 0, 0, 0, 0, 0, 1, 1, 1, 0 ], 
  [ 0, 1, 1, 0, 1, 1, 0, 1, 1, 0, 1, 1 ], 
  [ 1, 0, 1, 0, 0, 1, 0, 1, 0, 0, 0, 0 ], 
  [ 0, 1, 1, 0, 0, 0, 0, 1, 0, 1, 1, 0 ], 
  [ 1, 1, 1, 1, 1, 1, 1, 1, 0, 1, 1, 1 ], 
  [ 1, 0, 1, 0, 1, 0, 1, 1, 1, 0, 0, 1 ], 
  [ 0, 1, 0, 0, 1, 0, 0, 1, 1, 1, 1, 1 ], 
  [ 0, 0, 0, 0, 0, 1, 0, 1, 1, 0, 0, 1 ] ]
CLASS q=2 n=6 order=36 size=60218355826556928000 M=
[ [ 0, 0, 1, 0, 0, 0, 0, 0, 1, 0, 0, 1 ], 
  [ 1, 0, 1, 1, 0, 0, 0, 0, 1, 0, 0, 1 ], 
  [ 1, 0, 0, 0, 1, 1, 1, 0, 0, 0, 0, 0 ], 
  [ 1, 0, 0, 1, 0, 1, 1, 0, 1, 0, 1, 1 ], 
  [ 1, 1, 1, 0, 0, 0, 0, 1, 0, 0, 0, 1 ], 
  [ 0, 0, 0, 0, 0, 1, 1, 1, 0, 0, 0, 1 ], 
  [ 1, 1, 1, 0, 0, 1, 0, 0, 1, 0, 0, 0 ], 
  [ 1, 0, 0, 1, 1, 0, 1, 1, 0, 0, 1, 1 ], 
  [ 1, 0, 0, 1, 1, 0, 0, 1, 0, 1, 0, 1 ], 
  [ 0, 1, 1, 1, 0, 1, 1, 0, 0, 0, 1, 1 ], 
  [ 1, 0, 0, 0, 0, 1, 0, 1, 0, 1, 1, 1 ], 
  [ 1, 1, 1, 1, 0, 0, 1, 1, 1, 1, 0, 0 ] ]
CLASS q=2 n=6 order=72 size=1445240539837366272000 M=
[ [ 1, 1, 0, 1, 0, 1, 1, 1, 1, 1, 1, 0 ], 
  [ 1, 1, 0, 0, 0, 1, 0, 0, 1, 1, 1, 1 ], 
  [ 0, 0, 1, 1, 1, 1, 1, 0, 1, 0, 0, 0 ], 
  [ 1, 1, 0, 0, 1, 1, 0, 1, 0, 0, 1, 0 ], 
  [ 1, 0, 0, 1, 0, 0, 1, 1, 1, 0, 0, 0 ], 
  [ 1, 0, 0, 1, 0, 1, 1, 0, 1, 0, 1, 1 ], 
  [ 0, 1, 0, 1, 0, 0, 0, 1, 1, 0, 1, 1 ], 
  [ 1, 0, 1, 1, 1, 1, 1, 0, 0, 0, 0, 0 ], 
  [ 1, 1, 1, 0, 1, 0, 0, 1, 1, 1, 0, 1 ], 
  [ 1, 0, 0, 0, 1, 1, 0, 0, 1, 0, 0, 1 ], 
  [ 1, 0, 0, 1, 1, 1, 1, 1, 0, 0, 0, 0 ], 
  [ 1, 1, 0, 0, 0, 0, 1, 1, 0, 1, 0, 1 ] ]
CLASS q=2 n=6 order=12 size=8468206288109568000 M=
[ [ 0, 0, 1, 0, 0, 0, 1, 1, 1, 1, 0, 1 ], 
  [ 1, 1, 1, 1, 1, 0, 1, 1, 0, 0, 0, 0 ], 
  [ 1, 1, 1, 0, 1, 1, 0, 0, 1, 0, 1, 0 ], 
  [ 1, 1, 1, 0, 0, 0, 1, 0, 0, 1, 0, 0 ], 
  [ 1, 1, 1, 1, 0, 1, 1, 0, 1, 0, 1, 0 ], 
  [ 0, 1, 1, 0, 0, 1, 0, 1, 0, 0, 1, 0 ], 
  [ 1, 1, 0, 1, 1, 1, 1, 1, 0, 1, 0, 0 ], 
  [ 0, 0, 0, 1, 1, 0, 1, 0, 1, 1, 0, 1 ], 
  [ 0, 1, 1, 0, 0, 0, 1, 1, 0, 0, 0, 1 ], 
  [ 0, 0, 1, 1, 0, 1, 1, 0, 1, 0, 1, 0 ], 
  [ 0, 0, 0, 1, 0, 0, 1, 0, 1, 1, 0, 0 ], 
  [ 1, 1, 0, 1, 0, 0, 1, 0, 1, 0, 1, 1 ] ]
CLASS q=2 n=6 order=12 size=11290941717479424000 M=
[ [ 1, 0, 1, 1, 0, 1, 1, 1, 0, 0, 0, 0 ], 
  [ 1, 0, 0, 0, 1, 1, 1, 1, 1, 1, 0, 1 ], 
  [ 0, 0, 1, 0, 1, 1, 0, 0, 0, 0, 0, 0 ], 
  [ 0, 1, 0, 1, 0, 0, 1, 1, 1, 0, 0, 0 ], 
  [ 1, 1, 0, 1, 0, 1, 0, 0, 0, 1, 1, 1 ], 
  [ 1, 0, 1, 0, 0, 0, 0, 1, 1, 1, 1, 1 ], 
  [ 0, 1, 1, 0, 0, 0, 0, 0, 0, 1, 0, 0 ], 
  [ 1, 0, 0, 1, 1, 0, 0, 0, 1, 1, 1, 0 ], 
  [ 0, 1, 0, 1, 0, 1, 1, 1, 1, 0, 1, 1 ], 
  [ 0, 1, 1, 1, 1, 0, 0, 0, 1, 1, 0, 0 ], 
  [ 0, 1, 1, 0, 1, 1, 0, 1, 0, 0, 0, 1 ], 
  [ 1, 1, 0, 1, 0, 1, 1, 1, 0, 1, 1, 1 ] ]
CLASS q=2 n=6 order=6 size=62229617049600 M=
[ [ 0, 1, 0, 1, 0, 0, 1, 0, 0, 1, 0, 0 ], 
  [ 0, 0, 0, 1, 0, 0, 0, 1, 0, 0, 1, 0 ], 
  [ 1, 1, 1, 1, 0, 0, 1, 0, 0, 1, 0, 0 ], 
  [ 0, 1, 0, 0, 1, 0, 1, 0, 0, 0, 1, 1 ], 
  [ 0, 0, 0, 0, 1, 0, 0, 0, 0, 0, 0, 0 ], 
  [ 1, 0, 1, 0, 0, 1, 0, 1, 1, 0, 0, 1 ], 
  [ 0, 0, 1, 0, 0, 0, 0, 0, 1, 1, 1, 1 ], 
  [ 1, 0, 1, 0, 1, 0, 1, 1, 1, 0, 0, 0 ], 
  [ 0, 1, 0, 1, 0, 0, 0, 1, 1, 1, 1, 0 ], 
  [ 0, 1, 0, 1, 1, 0, 1, 0, 0, 1, 1, 1 ], 
  [ 1, 1, 1, 1, 1, 0, 1, 1, 1, 0, 0, 0 ], 
  [ 1, 1, 0, 1, 1, 0, 0, 1, 0, 1, 0, 0 ] ]
CLASS q=2 n=6 order=12 size=15054588956639232000 M=
[ [ 1, 0, 0, 1, 1, 0, 0, 0, 0, 1, 1, 0 ], 
  [ 0, 1, 1, 0, 0, 0, 0, 0, 0, 1, 1, 1 ], 
  [ 1, 0, 0, 1, 0, 0, 1, 1, 1, 1, 0, 1 ], 
  [ 1, 1, 0, 1, 0, 1, 0, 1, 0, 1, 0, 0 ], 
  [ 0, 1, 1, 0, 0, 0, 1, 1, 1, 1, 0, 1 ], 
  [ 1, 0, 1, 1, 1, 1, 1, 1, 0, 1, 0, 0 ], 
  [ 1, 0, 1, 0, 0, 0, 0, 1, 0, 0, 0, 1 ], 
  [ 0, 1, 1, 0, 1, 0, 0, 0, 1, 1, 0, 1 ], 
  [ 1, 0, 0, 1, 1, 1, 0, 1, 0, 0, 1, 1 ], 
  [ 0, 0, 1, 1, 0, 0, 1, 1, 0, 1, 0, 1 ], 
  [ 1, 1, 0, 0, 1, 0, 1, 1, 0, 1, 0, 1 ], 
  [ 0, 1, 0, 1, 1, 1, 1, 0, 1, 0, 1, 1 ] ]
CLASS q=2 n=6 order=12 size=90327533739835392000 M=
[ [ 0, 1, 1, 1, 1, 1, 1, 1, 0, 0, 1, 0 ], 
  [ 1, 0, 1, 1, 1, 1, 1, 1, 0, 0, 1, 0 ], 
  [ 0, 0, 0, 0, 1, 1, 0, 1, 0, 1, 0, 1 ], 
  [ 0, 0, 0, 0, 0, 1, 0, 1, 1, 0, 1, 0 ], 
  [ 0, 0, 1, 0, 1, 0, 1, 0, 0, 1, 0, 1 ], 
  [ 0, 0, 0, 1, 0, 0, 0, 0, 0, 1, 0, 1 ], 
  [ 1, 1, 0, 1, 0, 1, 1, 0, 1, 1, 1, 0 ], 
  [ 1, 1, 1, 0, 0, 1, 0, 0, 0, 1, 1, 1 ], 
  [ 0, 0, 1, 1, 1, 0, 0, 0, 1, 0, 0, 1 ], 
  [ 0, 0, 0, 1, 0, 1, 1, 0, 1, 0, 1, 1 ], 
  [ 1, 1, 0, 0, 1, 0, 1, 0, 1, 1, 1, 1 ], 
  [ 1, 1, 0, 0, 0, 1, 1, 1, 0, 1, 0, 0 ] ]
CLASS q=2 n=6 order=18 size=160582282204151808000 M=
[ [ 0, 1, 0, 0, 0, 0, 0, 1, 1, 1, 1, 0 ], 
  [ 1, 1, 0, 1, 0, 1, 1, 0, 1, 0, 0, 0 ], 
  [ 0, 0, 1, 0, 1, 1, 0, 0, 0, 0, 1, 0 ], 
  [ 0, 1, 0, 0, 1, 1, 0, 0, 1, 0, 1, 1 ], 
  [ 1, 1, 0, 1, 0, 0, 0, 0, 0, 0, 0, 1 ], 
  [ 1, 0, 0, 1, 0, 0, 0, 1, 0, 0, 0, 1 ], 
  [ 1, 0, 1, 1, 0, 1, 1, 0, 0, 0, 0, 0 ], 
  [ 0, 1, 0, 0, 0, 0, 0, 0, 1, 1, 1, 0 ], 
  [ 0, 1, 1, 1, 1, 0, 0, 0, 1, 1, 0, 0 ], 
  [ 0, 0, 0, 1, 1, 1, 0, 0, 0, 1, 0, 1 ], 
  [ 0, 0, 0, 0, 0, 1, 0, 0, 1, 0, 0, 1 ], 
  [ 0, 0, 0, 1, 0, 1, 0, 1, 1, 1, 0, 0 ] ]
CLASS q=2 n=6 order=36 size=963493693224910848000 M=
[ [ 1, 1, 1, 1, 0, 0, 0, 0, 1, 1, 0, 1 ], 
  [ 1, 1, 0, 1, 1, 1, 0, 1, 0, 1, 1, 0 ], 
  [ 1, 1, 0, 1, 0, 0, 1, 0, 1, 1, 1, 0 ], 
  [ 1, 1, 1, 1, 0, 1, 0, 1, 1, 1, 0, 1 ], 
  [ 1, 0, 1, 1, 0, 0, 0, 1, 0, 1, 0, 0 ], 
  [ 1, 0, 1, 0, 0, 1, 0, 0, 0, 1, 1, 1 ], 
  [ 0, 1, 0, 0, 1, 1, 1, 0, 0, 1, 0, 0 ], 
  [ 0, 1, 0, 1, 0, 0, 0, 1, 0, 1, 1, 1 ], 
  [ 1, 1, 1, 1, 0, 0, 0, 0, 1, 0, 1, 0 ], 
  [ 0, 0, 1, 1, 0, 0, 0, 0, 0, 0, 0, 1 ], 
  [ 1, 1, 0, 0, 1, 0, 1, 0, 0, 0, 0, 0 ], 
  [ 1, 0, 1, 0, 0, 1, 0, 1, 1, 0, 1, 0 ] ]
CLASS q=2 n=6 order=45 size=1541589909159857356800 M=
[ [ 1, 0, 0, 0, 0, 1, 1, 1, 0, 1, 0, 1 ], 
  [ 0, 1, 0, 1, 0, 1, 0, 1, 0, 1, 1, 0 ], 
  [ 0, 1, 0, 1, 1, 0, 0, 0, 0, 0, 0, 1 ], 
  [ 0, 0, 0, 1, 0, 1, 0, 1, 1, 0, 0, 1 ], 
  [ 1, 0, 0, 1, 0, 1, 0, 0, 0, 0, 0, 1 ], 
  [ 1, 0, 1, 1, 0, 0, 1, 1, 0, 0, 0, 1 ], 
  [ 1, 1, 1, 0, 0, 0, 1, 1, 1, 0, 0, 0 ], 
  [ 0, 1, 0, 0, 1, 0, 0, 1, 1, 1, 0, 0 ], 
  [ 1, 0, 1, 1, 1, 0, 0, 0, 1, 0, 0, 0 ], 
  [ 0, 1, 0, 0, 0, 1, 0, 0, 0, 1, 1, 0 ], 
  [ 0, 0, 1, 1, 1, 1, 1, 1, 1, 1, 0, 0 ], 
  [ 1, 0, 0, 0, 1, 0, 0, 1, 1, 0, 1, 1 ] ]
CLASS q=2 n=6 order=9 size=35684951600922624000 M=
[ [ 0, 1, 0, 0, 0, 1, 0, 0, 1, 1, 1, 1 ], 
  [ 0, 0, 1, 0, 1, 1, 1, 0, 0, 0, 1, 1 ], 
  [ 1, 0, 0, 1, 0, 0, 0, 1, 1, 0, 0, 0 ], 
  [ 1, 1, 1, 1, 1, 1, 0, 0, 0, 1, 0, 1 ], 
  [ 0, 1, 1, 0, 0, 1, 1, 0, 0, 1, 1, 0 ], 
  [ 0, 0, 0, 1, 0, 0, 0, 0, 1, 0, 0, 1 ], 
  [ 0, 0, 0, 0, 0, 1, 1, 0, 0, 1, 1, 0 ], 
  [ 1, 1, 0, 0, 1, 0, 1, 0, 1, 0, 0, 1 ], 
  [ 1, 0, 1, 1, 0, 0, 1, 0, 0, 0, 1, 0 ], 
  [ 0, 1, 0, 0, 1, 1, 1, 0, 1, 0, 0, 0 ], 
  [ 1, 1, 1, 1, 1, 1, 1, 0, 0, 1, 0, 1 ], 
  [ 0, 1, 1, 0, 0, 1, 0, 1, 0, 0, 1, 1 ] ]
CLASS q=2 n=6 order=18 size=321164564408303616000 M=
[ [ 0, 0, 0, 1, 0, 0, 0, 1, 1, 0, 1, 0 ], 
  [ 1, 1, 0, 0, 1, 1, 0, 0, 0, 1, 1, 0 ], 
  [ 0, 0, 1, 0, 1, 1, 1, 0, 0, 0, 0, 0 ], 
  [ 1, 1, 1, 1, 1, 1, 0, 0, 0, 1, 1, 0 ], 
  [ 0, 1, 1, 1, 1, 0, 1, 0, 0, 0, 1, 0 ], 
  [ 0, 1, 1, 1, 0, 0, 1, 1, 1, 0, 1, 0 ], 
  [ 1, 0, 1, 1, 0, 1, 1, 0, 0, 0, 0, 0 ], 
  [ 1, 0, 1, 1, 1, 0, 1, 0, 1, 1, 1, 1 ], 
  [ 1, 0, 1, 1, 0, 1, 1, 0, 0, 0, 1, 0 ], 
  [ 0, 1, 0, 0, 1, 1, 1, 0, 0, 0, 1, 1 ], 
  [ 1, 0, 1, 1, 0, 1, 0, 0, 0, 1, 0, 0 ], 
  [ 1, 0, 0, 0, 1, 0, 0, 1, 0, 0, 1, 0 ] ]
CLASS q=2 n=6 order=36 size=1926987386449821696000 M=
[ [ 0, 1, 1, 1, 0, 1, 0, 0, 1, 1, 1, 1 ], 
  [ 1, 0, 0, 0, 1, 1, 0, 1, 0, 0, 1, 0 ], 
  [ 1, 0, 0, 0, 0, 0, 0, 0, 1, 1, 1, 0 ], 
  [ 1, 0, 1, 0, 0, 1, 0, 1, 1, 1, 1, 1 ], 
  [ 1, 0, 1, 1, 0, 0, 0, 1, 0, 0, 1, 0 ], 
  [ 0, 0, 1, 0, 0, 0, 1, 0, 0, 1, 1, 1 ], 
  [ 0, 1, 0, 0, 1, 1, 1, 0, 0, 1, 0, 0 ], 
  [ 1, 0, 1, 1, 0, 0, 0, 1, 1, 1, 1, 0 ], 
  [ 0, 0, 1, 0, 0, 1, 1, 0, 1, 1, 1, 0 ], 
  [ 1, 1, 1, 0, 0, 1, 1, 0, 0, 0, 1, 1 ], 
  [ 1, 0, 0, 1, 1, 0, 1, 0, 0, 0, 1, 0 ], 
  [ 1, 1, 0, 0, 0, 0, 0, 1, 0, 0, 0, 1 ] ]
CLASS q=2 n=6 order=12 size=30109177913278464000 M=
[ [ 0, 0, 1, 1, 1, 0, 0, 0, 0, 1, 0, 0 ], 
  [ 1, 1, 1, 1, 0, 0, 0, 1, 1, 1, 1, 1 ], 
  [ 0, 0, 0, 0, 1, 1, 1, 1, 1, 1, 0, 1 ], 
  [ 1, 1, 0, 1, 1, 0, 1, 1, 1, 1, 0, 0 ], 
  [ 0, 0, 1, 1, 0, 0, 1, 0, 0, 0, 1, 0 ], 
  [ 0, 1, 1, 0, 0, 0, 0, 0, 1, 1, 0, 0 ], 
  [ 1, 0, 1, 1, 1, 0, 0, 0, 0, 0, 1, 0 ], 
  [ 1, 1, 0, 0, 1, 1, 1, 1, 1, 0, 1, 1 ], 
  [ 0, 1, 0, 1, 0, 1, 1, 0, 0, 1, 1, 1 ], 
  [ 0, 1, 0, 1, 1, 0, 1, 1, 1, 0, 0, 0 ], 
  [ 0, 1, 0, 0, 0, 1, 0, 0, 1, 1, 1, 0 ], 
  [ 0, 1, 1, 1, 0, 1, 0, 0, 1, 0, 0, 0 ] ]
CLASS q=2 n=6 order=11 size=1051084028972630016000 M=
[ [ 1, 0, 1, 1, 0, 0, 0, 0, 1, 0, 0, 0 ], 
  [ 0, 1, 0, 0, 0, 1, 0, 1, 0, 0, 0, 1 ], 
  [ 0, 1, 0, 0, 1, 0, 1, 0, 0, 1, 0, 1 ], 
  [ 1, 0, 0, 0, 0, 1, 1, 0, 1, 0, 0, 1 ], 
  [ 0, 0, 0, 0, 0, 0, 0, 0, 0, 0, 0, 1 ], 
  [ 0, 1, 0, 0, 0, 0, 1, 1, 0, 1, 1, 1 ], 
  [ 0, 0, 1, 0, 0, 0, 0, 1, 1, 1, 0, 0 ], 
  [ 1, 0, 0, 0, 0, 1, 1, 0, 0, 0, 0, 0 ], 
  [ 0, 0, 0, 0, 1, 0, 1, 1, 1, 0, 0, 1 ], 
  [ 1, 0, 0, 0, 1, 0, 0, 1, 0, 0, 0, 0 ], 
  [ 1, 1, 0, 1, 0, 0, 1, 1, 0, 0, 0, 1 ], 
  [ 1, 0, 1, 1, 0, 1, 1, 0, 0, 0, 0, 0 ] ]
CLASS q=2 n=6 order=22 size=3153252086917890048000 M=
[ [ 0, 1, 1, 1, 1, 1, 0, 0, 0, 0, 1, 0 ], 
  [ 1, 0, 1, 0, 0, 0, 0, 0, 1, 1, 0, 1 ], 
  [ 0, 0, 1, 1, 0, 0, 1, 1, 1, 1, 1, 0 ], 
  [ 1, 1, 1, 1, 1, 0, 0, 0, 1, 0, 1, 0 ], 
  [ 0, 1, 1, 1, 1, 1, 0, 1, 1, 0, 1, 0 ], 
  [ 1, 1, 1, 0, 0, 1, 0, 0, 1, 1, 1, 1 ], 
  [ 0, 1, 0, 0, 0, 0, 1, 1, 1, 1, 1, 0 ], 
  [ 0, 0, 0, 1, 1, 1, 1, 0, 0, 1, 0, 1 ], 
  [ 1, 0, 1, 0, 1, 1, 1, 0, 1, 1, 0, 0 ], 
  [ 0, 0, 1, 1, 0, 0, 0, 0, 0, 0, 1, 0 ], 
  [ 0, 1, 0, 0, 0, 0, 1, 0, 0, 1, 0, 0 ], 
  [ 1, 0, 0, 1, 0, 1, 0, 0, 0, 0, 1, 1 ] ]
CLASS q=2 n=6 order=33 size=1051084028972630016000 M=
[ [ 1, 0, 0, 0, 1, 1, 0, 1, 0, 1, 0, 0 ], 
  [ 1, 0, 1, 1, 0, 1, 0, 0, 0, 0, 1, 1 ], 
  [ 1, 1, 1, 1, 1, 1, 1, 1, 0, 1, 0, 0 ], 
  [ 0, 0, 0, 1, 1, 1, 0, 0, 0, 1, 1, 1 ], 
  [ 0, 1, 0, 0, 1, 1, 1, 0, 0, 1, 0, 0 ], 
  [ 0, 1, 0, 1, 0, 0, 1, 1, 0, 1, 1, 1 ], 
  [ 1, 1, 0, 0, 1, 0, 1, 1, 1, 1, 1, 1 ], 
  [ 0, 0, 0, 1, 0, 0, 1, 1, 1, 1, 0, 1 ], 
  [ 1, 0, 0, 1, 0, 0, 1, 0, 1, 0, 0, 1 ], 
  [ 1, 1, 0, 0, 1, 0, 1, 1, 1, 1, 0, 0 ], 
  [ 1, 0, 0, 0, 0, 0, 0, 1, 0, 0, 1, 1 ], 
  [ 1, 0, 1, 0, 1, 1, 1, 0, 1, 0, 1, 1 ] ]
CLASS q=2 n=6 order=33 size=1051084028972630016000 M=
[ [ 1, 0, 1, 0, 1, 0, 0, 0, 0, 1, 1, 1 ], 
  [ 1, 1, 0, 0, 1, 1, 1, 1, 0, 1, 0, 1 ], 
  [ 0, 0, 1, 0, 0, 1, 1, 1, 1, 0, 0, 0 ], 
  [ 0, 0, 1, 0, 1, 1, 0, 1, 0, 1, 1, 0 ], 
  [ 0, 0, 0, 1, 0, 1, 1, 0, 1, 0, 1, 0 ], 
  [ 0, 0, 0, 0, 1, 1, 1, 0, 1, 0, 0, 0 ], 
  [ 1, 1, 1, 1, 1, 0, 1, 1, 0, 0, 1, 1 ], 
  [ 1, 1, 0, 1, 0, 0, 1, 1, 0, 1, 0, 0 ], 
  [ 1, 0, 1, 1, 0, 1, 0, 0, 0, 1, 0, 0 ], 
  [ 1, 0, 1, 1, 1, 0, 1, 1, 0, 0, 0, 1 ], 
  [ 0, 0, 0, 0, 1, 0, 0, 1, 1, 0, 1, 0 ], 
  [ 0, 0, 1, 1, 1, 1, 0, 0, 1, 0, 1, 0 ] ]
CLASS q=2 n=6 order=66 size=3153252086917890048000 M=
[ [ 1, 1, 0, 1, 0, 0, 0, 1, 0, 1, 1, 0 ], 
  [ 0, 1, 1, 1, 0, 0, 1, 0, 1, 0, 0, 1 ], 
  [ 1, 0, 1, 1, 1, 0, 0, 1, 0, 0, 0, 0 ], 
  [ 1, 1, 0, 0, 0, 1, 1, 0, 1, 1, 0, 0 ], 
  [ 1, 0, 1, 1, 0, 0, 0, 1, 0, 0, 0, 0 ], 
  [ 0, 1, 1, 1, 1, 1, 0, 1, 1, 0, 1, 1 ], 
  [ 0, 1, 0, 0, 0, 0, 1, 0, 1, 0, 0, 1 ], 
  [ 1, 1, 1, 0, 0, 0, 0, 0, 1, 1, 1, 0 ], 
  [ 0, 0, 0, 0, 0, 0, 0, 1, 1, 0, 1, 1 ], 
  [ 1, 0, 0, 0, 0, 0, 0, 1, 0, 0, 0, 1 ], 
  [ 1, 0, 0, 0, 1, 0, 0, 1, 1, 0, 0, 0 ], 
  [ 1, 1, 1, 1, 1, 0, 1, 0, 0, 1, 0, 0 ] ]
CLASS q=2 n=6 order=66 size=3153252086917890048000 M=
[ [ 0, 0, 1, 0, 0, 0, 0, 1, 1, 0, 0, 1 ], 
  [ 0, 0, 0, 1, 1, 1, 1, 1, 1, 0, 1, 0 ], 
  [ 0, 1, 1, 0, 0, 1, 0, 1, 1, 1, 1, 0 ], 
  [ 1, 0, 1, 0, 1, 0, 0, 1, 0, 1, 1, 0 ], 
  [ 0, 1, 0, 1, 1, 1, 0, 0, 0, 1, 0, 1 ], 
  [ 1, 1, 1, 1, 0, 1, 0, 0, 0, 1, 0, 1 ], 
  [ 1, 1, 0, 1, 0, 0, 0, 0, 0, 0, 1, 0 ], 
  [ 1, 1, 1, 0, 1, 1, 1, 0, 1, 0, 1, 0 ], 
  [ 1, 0, 0, 1, 1, 1, 0, 0, 1, 1, 0, 1 ], 
  [ 1, 0, 1, 1, 0, 1, 1, 1, 1, 0, 0, 0 ], 
  [ 0, 1, 1, 0, 1, 1, 0, 0, 0, 1, 1, 0 ], 
  [ 1, 0, 1, 1, 1, 1, 1, 1, 1, 1, 1, 0 ] ]
CLASS q=2 n=6 order=33 size=2102168057945260032000 M=
[ [ 1, 1, 0, 0, 1, 0, 1, 0, 1, 0, 1, 0 ], 
  [ 1, 0, 1, 0, 1, 0, 0, 1, 0, 0, 0, 1 ], 
  [ 0, 1, 1, 1, 1, 0, 0, 1, 0, 0, 0, 0 ], 
  [ 1, 1, 0, 1, 0, 1, 0, 1, 0, 0, 1, 0 ], 
  [ 1, 0, 1, 1, 1, 0, 1, 1, 1, 0, 0, 0 ], 
  [ 1, 0, 1, 1, 0, 1, 0, 1, 0, 1, 0, 0 ], 
  [ 1, 0, 1, 0, 0, 0, 0, 0, 1, 1, 0, 0 ], 
  [ 0, 0, 0, 0, 0, 1, 1, 0, 1, 0, 0, 1 ], 
  [ 0, 1, 1, 0, 1, 0, 1, 0, 0, 1, 0, 0 ], 
  [ 0, 1, 1, 0, 1, 1, 0, 1, 1, 0, 0, 1 ], 
  [ 1, 0, 0, 0, 0, 0, 1, 0, 1, 1, 1, 0 ], 
  [ 1, 1, 0, 1, 0, 0, 0, 0, 0, 0, 0, 0 ] ]
CLASS q=2 n=6 order=33 size=2102168057945260032000 M=
[ [ 1, 0, 1, 0, 0, 1, 1, 1, 1, 0, 1, 1 ], 
  [ 1, 0, 0, 0, 0, 1, 1, 0, 0, 1, 0, 1 ], 
  [ 0, 0, 0, 0, 1, 1, 1, 1, 1, 0, 1, 0 ], 
  [ 0, 0, 1, 0, 1, 0, 0, 1, 1, 1, 1, 0 ], 
  [ 0, 1, 1, 1, 0, 0, 1, 0, 1, 1, 0, 0 ], 
  [ 1, 1, 0, 1, 0, 0, 1, 1, 0, 0, 0, 0 ], 
  [ 0, 0, 1, 1, 0, 0, 1, 0, 1, 1, 1, 0 ], 
  [ 1, 0, 0, 1, 0, 0, 1, 0, 1, 1, 1, 0 ], 
  [ 1, 1, 1, 1, 0, 0, 0, 1, 0, 0, 0, 1 ], 
  [ 1, 1, 0, 1, 0, 0, 0, 0, 1, 1, 0, 1 ], 
  [ 0, 0, 0, 0, 1, 0, 0, 0, 1, 1, 0, 0 ], 
  [ 0, 0, 1, 0, 1, 0, 1, 0, 1, 0, 0, 0 ] ]
CLASS q=2 n=6 order=33 size=2102168057945260032000 M=
[ [ 0, 0, 1, 0, 1, 1, 0, 0, 1, 0, 0, 0 ], 
  [ 1, 1, 1, 0, 1, 0, 1, 0, 0, 0, 0, 1 ], 
  [ 0, 0, 0, 0, 0, 0, 0, 0, 1, 0, 0, 1 ], 
  [ 0, 1, 1, 0, 1, 1, 1, 1, 1, 0, 1, 0 ], 
  [ 0, 1, 1, 0, 1, 0, 1, 0, 0, 1, 1, 1 ], 
  [ 0, 1, 0, 1, 0, 1, 0, 1, 1, 0, 0, 1 ], 
  [ 1, 1, 0, 0, 1, 0, 0, 1, 1, 1, 1, 0 ], 
  [ 0, 1, 0, 1, 0, 1, 0, 1, 0, 0, 0, 1 ], 
  [ 0, 1, 0, 0, 0, 0, 0, 1, 0, 0, 0, 1 ], 
  [ 0, 0, 1, 1, 0, 1, 1, 0, 1, 0, 0, 1 ], 
  [ 0, 0, 1, 1, 1, 0, 0, 1, 1, 0, 0, 1 ], 
  [ 1, 1, 0, 0, 0, 0, 1, 0, 1, 0, 0, 0 ] ]
CLASS q=2 n=6 order=30 size=433572161951209881600 M=
[ [ 1, 1, 0, 0, 1, 1, 1, 0, 1, 1, 1, 0 ], 
  [ 0, 1, 0, 1, 1, 1, 1, 1, 0, 0, 0, 1 ], 
  [ 0, 0, 1, 1, 0, 1, 0, 1, 0, 1, 1, 1 ], 
  [ 1, 0, 1, 1, 0, 1, 1, 1, 1, 0, 1, 0 ], 
  [ 0, 0, 0, 1, 0, 1, 0, 0, 0, 1, 1, 0 ], 
  [ 0, 0, 0, 1, 0, 1, 0, 1, 0, 1, 0, 1 ], 
  [ 0, 0, 0, 1, 1, 1, 0, 1, 0, 0, 1, 1 ], 
  [ 1, 1, 1, 0, 0, 0, 1, 0, 1, 1, 1, 0 ], 
  [ 1, 0, 0, 0, 0, 0, 1, 1, 0, 0, 1, 0 ], 
  [ 1, 1, 0, 0, 0, 0, 1, 1, 0, 1, 1, 0 ], 
  [ 1, 1, 1, 1, 1, 0, 0, 0, 1, 1, 1, 1 ], 
  [ 1, 0, 0, 0, 1, 1, 1, 1, 1, 1, 1, 0 ] ]
CLASS q=2 n=6 order=12 size=10036392637759488000 M=
[ [ 1, 1, 0, 0, 1, 0, 0, 0, 1, 1, 0, 1 ], 
  [ 0, 0, 1, 1, 1, 0, 1, 1, 1, 1, 1, 1 ], 
  [ 0, 0, 0, 1, 0, 1, 1, 1, 1, 0, 0, 1 ], 
  [ 0, 1, 1, 0, 0, 0, 0, 1, 0, 0, 1, 1 ], 
  [ 0, 1, 1, 0, 1, 0, 1, 1, 1, 1, 1, 0 ], 
  [ 0, 0, 1, 1, 1, 0, 1, 1, 0, 0, 0, 0 ], 
  [ 0, 1, 1, 0, 0, 0, 0, 1, 1, 1, 1, 1 ], 
  [ 1, 0, 1, 0, 0, 0, 0, 1, 1, 0, 0, 1 ], 
  [ 1, 0, 1, 0, 0, 1, 1, 1, 1, 1, 0, 0 ], 
  [ 0, 0, 0, 1, 1, 0, 1, 0, 0, 0, 0, 0 ], 
  [ 0, 1, 1, 1, 0, 0, 1, 1, 0, 0, 1, 1 ], 
  [ 0, 1, 0, 0, 0, 1, 0, 1, 1, 1, 0, 0 ] ]
CLASS q=2 n=6 order=24 size=1083930404878024704000 M=
[ [ 1, 0, 1, 0, 1, 1, 1, 0, 0, 1, 0, 1 ], 
  [ 0, 1, 1, 1, 1, 0, 0, 0, 1, 0, 1, 1 ], 
  [ 1, 0, 0, 0, 1, 1, 1, 0, 0, 1, 0, 1 ], 
  [ 0, 0, 0, 1, 0, 1, 1, 0, 1, 1, 1, 0 ], 
  [ 1, 1, 0, 0, 1, 1, 1, 0, 1, 1, 0, 1 ], 
  [ 1, 1, 0, 0, 1, 1, 0, 0, 1, 0, 0, 0 ], 
  [ 1, 1, 1, 0, 1, 0, 1, 1, 1, 1, 0, 1 ], 
  [ 1, 1, 1, 0, 1, 0, 0, 0, 1, 1, 1, 0 ], 
  [ 0, 0, 1, 0, 0, 0, 0, 1, 0, 0, 1, 0 ], 
  [ 1, 1, 0, 0, 0, 1, 0, 1, 1, 1, 0, 1 ], 
  [ 1, 1, 0, 0, 1, 0, 1, 1, 0, 1, 1, 1 ], 
  [ 0, 0, 0, 0, 1, 1, 1, 0, 0, 0, 0, 1 ] ]
CLASS q=2 n=6 order=20 size=13549130060975308800 M=
[ [ 0, 0, 0, 0, 1, 1, 0, 0, 1, 0, 0, 0 ], 
  [ 1, 1, 0, 1, 1, 1, 0, 0, 1, 1, 0, 0 ], 
  [ 1, 1, 0, 1, 0, 0, 0, 1, 0, 0, 1, 0 ], 
  [ 0, 1, 1, 0, 1, 0, 0, 0, 0, 1, 0, 1 ], 
  [ 1, 0, 1, 1, 1, 1, 0, 0, 0, 0, 1, 0 ], 
  [ 0, 1, 0, 0, 1, 1, 1, 0, 1, 0, 0, 0 ], 
  [ 0, 0, 0, 1, 1, 1, 1, 0, 0, 0, 0, 1 ], 
  [ 1, 0, 1, 1, 1, 0, 1, 1, 0, 1, 0, 1 ], 
  [ 1, 0, 1, 1, 0, 1, 1, 1, 0, 1, 1, 1 ], 
  [ 0, 1, 1, 1, 0, 1, 0, 0, 0, 1, 0, 0 ], 
  [ 0, 0, 1, 1, 1, 1, 1, 0, 1, 0, 1, 0 ], 
  [ 0, 1, 0, 1, 0, 0, 1, 0, 1, 0, 0, 0 ] ]
CLASS q=2 n=6 order=60 size=433572161951209881600 M=
[ [ 1, 1, 1, 1, 1, 1, 0, 1, 1, 0, 0, 1 ], 
  [ 0, 1, 0, 0, 1, 0, 0, 0, 0, 0, 1, 1 ], 
  [ 1, 1, 0, 1, 0, 0, 1, 1, 0, 1, 1, 0 ], 
  [ 0, 0, 0, 0, 1, 1, 0, 0, 0, 0, 0, 1 ], 
  [ 1, 0, 0, 0, 1, 0, 0, 0, 1, 1, 1, 0 ], 
  [ 1, 1, 1, 1, 0, 1, 1, 0, 1, 1, 1, 1 ], 
  [ 0, 0, 0, 1, 1, 0, 1, 1, 1, 0, 1, 1 ], 
  [ 1, 1, 1, 1, 1, 1, 1, 1, 1, 1, 0, 0 ], 
  [ 1, 0, 1, 1, 1, 0, 1, 1, 0, 0, 1, 0 ], 
  [ 0, 1, 1, 1, 0, 0, 0, 0, 0, 1, 0, 0 ], 
  [ 0, 0, 0, 1, 0, 0, 0, 1, 1, 1, 0, 0 ], 
  [ 1, 1, 0, 0, 0, 0, 1, 1, 1, 1, 0, 1 ] ]
CLASS q=2 n=6 order=30 size=36131013495934156800 M=
[ [ 1, 0, 1, 0, 0, 0, 1, 1, 0, 1, 0, 1 ], 
  [ 1, 0, 0, 0, 1, 1, 0, 1, 1, 1, 1, 0 ], 
  [ 0, 1, 0, 0, 1, 0, 0, 0, 0, 1, 1, 1 ], 
  [ 1, 1, 1, 0, 0, 1, 1, 0, 1, 1, 1, 1 ], 
  [ 0, 0, 1, 1, 1, 1, 0, 0, 1, 1, 0, 0 ], 
  [ 1, 0, 0, 0, 0, 1, 1, 1, 0, 0, 0, 0 ], 
  [ 0, 0, 1, 1, 0, 1, 0, 0, 1, 0, 0, 0 ], 
  [ 1, 0, 0, 0, 1, 1, 1, 0, 0, 0, 1, 1 ], 
  [ 1, 1, 1, 0, 0, 1, 0, 1, 1, 1, 1, 0 ], 
  [ 0, 0, 1, 0, 1, 1, 1, 0, 1, 0, 0, 0 ], 
  [ 0, 0, 1, 1, 1, 1, 1, 0, 1, 1, 1, 1 ], 
  [ 0, 0, 1, 0, 1, 0, 0, 1, 0, 0, 1, 1 ] ]
CLASS q=2 n=6 order=14 size=6451966695702528000 M=
[ [ 0, 1, 0, 0, 1, 1, 0, 1, 1, 1, 1, 0 ], 
  [ 1, 0, 0, 1, 0, 1, 0, 0, 1, 0, 1, 0 ], 
  [ 0, 1, 1, 0, 0, 0, 1, 1, 1, 1, 1, 1 ], 
  [ 1, 0, 1, 0, 0, 1, 1, 1, 0, 0, 1, 1 ], 
  [ 1, 1, 1, 1, 1, 1, 0, 0, 0, 1, 1, 0 ], 
  [ 1, 0, 0, 1, 0, 0, 1, 1, 0, 1, 0, 1 ], 
  [ 0, 1, 1, 1, 1, 1, 0, 0, 1, 1, 1, 0 ], 
  [ 0, 0, 0, 1, 1, 0, 0, 0, 0, 1, 0, 0 ], 
  [ 0, 0, 1, 1, 1, 0, 0, 1, 1, 0, 1, 0 ], 
  [ 1, 0, 0, 1, 0, 1, 1, 0, 1, 0, 0, 0 ], 
  [ 1, 1, 0, 0, 1, 0, 0, 1, 0, 1, 0, 1 ], 
  [ 0, 0, 1, 1, 1, 0, 0, 0, 1, 0, 0, 0 ] ]
CLASS q=2 n=6 order=21 size=45880652058329088000 M=
[ [ 1, 0, 1, 0, 0, 1, 1, 0, 0, 1, 0, 1 ], 
  [ 1, 1, 1, 0, 0, 0, 1, 0, 0, 1, 0, 1 ], 
  [ 0, 0, 0, 0, 0, 0, 0, 1, 1, 1, 0, 0 ], 
  [ 0, 1, 0, 0, 0, 1, 0, 0, 0, 1, 1, 0 ], 
  [ 0, 0, 0, 0, 0, 0, 1, 1, 1, 0, 0, 1 ], 
  [ 0, 1, 0, 0, 0, 1, 1, 0, 1, 0, 0, 1 ], 
  [ 1, 0, 0, 1, 1, 1, 0, 1, 1, 1, 0, 1 ], 
  [ 0, 0, 1, 0, 0, 0, 0, 0, 0, 0, 0, 0 ], 
  [ 1, 1, 0, 0, 1, 0, 0, 1, 1, 1, 0, 1 ], 
  [ 0, 0, 1, 0, 0, 1, 0, 0, 0, 0, 0, 0 ], 
  [ 0, 0, 0, 0, 0, 1, 0, 1, 0, 0, 1, 0 ], 
  [ 0, 0, 0, 0, 0, 0, 0, 1, 1, 1, 0, 1 ] ]
CLASS q=2 n=6 order=28 size=77423600348430336000 M=
[ [ 0, 1, 0, 1, 1, 0, 1, 0, 1, 1, 1, 1 ], 
  [ 0, 0, 0, 0, 1, 0, 1, 0, 1, 0, 1, 1 ], 
  [ 0, 0, 1, 1, 0, 0, 1, 0, 1, 0, 1, 1 ], 
  [ 0, 0, 1, 0, 1, 0, 0, 1, 1, 0, 1, 0 ], 
  [ 1, 1, 1, 0, 1, 1, 0, 0, 0, 1, 0, 0 ], 
  [ 1, 0, 0, 0, 1, 0, 0, 0, 1, 0, 0, 0 ], 
  [ 1, 1, 1, 0, 1, 1, 0, 1, 0, 0, 1, 1 ], 
  [ 1, 1, 0, 0, 1, 0, 1, 0, 1, 1, 1, 0 ], 
  [ 0, 0, 1, 0, 0, 1, 0, 1, 1, 1, 1, 0 ], 
  [ 1, 1, 1, 1, 1, 0, 1, 0, 0, 1, 0, 1 ], 
  [ 1, 0, 0, 1, 0, 1, 1, 0, 1, 1, 0, 0 ], 
  [ 0, 0, 1, 0, 0, 1, 1, 0, 1, 1, 1, 1 ] ]
CLASS q=2 n=6 order=42 size=412925868524961792000 M=
[ [ 0, 1, 0, 0, 0, 1, 0, 0, 1, 1, 1, 1 ], 
  [ 0, 1, 0, 1, 0, 1, 1, 1, 1, 0, 0, 0 ], 
  [ 0, 0, 0, 1, 1, 0, 0, 0, 0, 1, 0, 0 ], 
  [ 1, 0, 0, 1, 1, 1, 0, 0, 0, 0, 0, 0 ], 
  [ 0, 0, 0, 1, 0, 0, 1, 0, 0, 1, 0, 1 ], 
  [ 1, 0, 0, 0, 1, 1, 1, 0, 1, 1, 0, 0 ], 
  [ 0, 1, 0, 0, 1, 0, 1, 1, 0, 1, 1, 1 ], 
  [ 1, 0, 1, 1, 0, 1, 1, 0, 0, 1, 1, 1 ], 
  [ 0, 1, 0, 1, 1, 0, 1, 0, 0, 0, 0, 1 ], 
  [ 1, 0, 0, 0, 1, 1, 1, 1, 1, 0, 0, 1 ], 
  [ 1, 1, 1, 1, 0, 0, 0, 1, 1, 1, 1, 0 ], 
  [ 0, 1, 0, 1, 1, 0, 1, 1, 0, 1, 1, 1 ] ]
CLASS q=2 n=6 order=84 size=2477555211149770752000 M=
[ [ 1, 1, 0, 1, 0, 0, 0, 0, 1, 1, 0, 0 ], 
  [ 0, 0, 1, 1, 0, 0, 0, 0, 1, 1, 0, 1 ], 
  [ 0, 1, 1, 0, 1, 1, 1, 0, 0, 0, 1, 1 ], 
  [ 1, 1, 0, 0, 1, 0, 1, 1, 1, 1, 0, 0 ], 
  [ 0, 1, 0, 0, 0, 1, 1, 0, 0, 1, 1, 0 ], 
  [ 0, 1, 1, 1, 0, 1, 0, 0, 1, 1, 0, 0 ], 
  [ 0, 0, 0, 0, 0, 1, 0, 1, 1, 1, 0, 0 ], 
  [ 0, 1, 0, 1, 0, 0, 0, 0, 1, 0, 0, 1 ], 
  [ 1, 1, 0, 1, 0, 0, 0, 0, 0, 0, 1, 1 ], 
  [ 1, 0, 1, 1, 1, 1, 1, 1, 0, 0, 0, 1 ], 
  [ 1, 1, 1, 0, 1, 1, 0, 0, 1, 0, 0, 1 ], 
  [ 1, 0, 0, 1, 1, 1, 0, 1, 0, 1, 0, 1 ] ]
CLASS q=2 n=6 order=20 size=40647390182925926400 M=
[ [ 1, 0, 1, 0, 1, 0, 1, 0, 0, 0, 0, 0 ], 
  [ 1, 1, 0, 0, 1, 0, 0, 0, 0, 1, 1, 1 ], 
  [ 0, 0, 0, 1, 1, 0, 0, 1, 1, 1, 1, 0 ], 
  [ 0, 1, 1, 0, 0, 0, 0, 1, 1, 0, 1, 1 ], 
  [ 1, 1, 1, 1, 0, 1, 1, 1, 1, 1, 1, 1 ], 
  [ 0, 0, 0, 1, 1, 0, 1, 1, 1, 1, 0, 1 ], 
  [ 1, 1, 1, 0, 1, 1, 0, 0, 1, 1, 0, 0 ], 
  [ 1, 0, 1, 0, 0, 0, 0, 0, 1, 1, 1, 1 ], 
  [ 0, 1, 1, 0, 1, 0, 1, 1, 0, 0, 1, 0 ], 
  [ 1, 1, 1, 0, 0, 0, 1, 1, 1, 1, 1, 0 ], 
  [ 1, 0, 1, 0, 1, 1, 0, 1, 1, 0, 0, 1 ], 
  [ 1, 0, 1, 1, 0, 0, 1, 1, 0, 0, 1, 0 ] ]
CLASS q=2 n=6 order=6 size=836366053146624000 M=
[ [ 1, 0, 0, 0, 1, 1, 1, 1, 0, 1, 1, 1 ], 
  [ 0, 0, 0, 0, 1, 1, 1, 1, 1, 0, 0, 0 ], 
  [ 1, 1, 1, 1, 0, 0, 1, 1, 0, 0, 1, 0 ], 
  [ 0, 0, 0, 0, 0, 1, 0, 0, 1, 1, 1, 1 ], 
  [ 1, 0, 1, 0, 0, 1, 1, 1, 1, 1, 0, 0 ], 
  [ 0, 1, 1, 0, 1, 1, 0, 1, 1, 1, 0, 1 ], 
  [ 0, 1, 0, 0, 1, 0, 0, 1, 1, 0, 0, 0 ], 
  [ 0, 0, 0, 0, 0, 1, 1, 1, 1, 1, 0, 0 ], 
  [ 1, 0, 0, 0, 0, 1, 1, 1, 1, 1, 1, 1 ], 
  [ 1, 0, 0, 0, 0, 1, 0, 1, 1, 0, 1, 0 ], 
  [ 1, 1, 0, 1, 1, 1, 1, 0, 1, 1, 1, 0 ], 
  [ 1, 1, 1, 1, 1, 0, 1, 0, 0, 0, 0, 1 ] ]
CLASS q=2 n=6 order=18 size=60218355826556928000 M=
[ [ 0, 0, 1, 0, 1, 0, 1, 1, 1, 0, 0, 1 ], 
  [ 1, 1, 1, 1, 1, 1, 1, 0, 1, 1, 1, 1 ], 
  [ 1, 1, 1, 0, 0, 1, 0, 1, 0, 0, 0, 1 ], 
  [ 0, 0, 1, 0, 0, 1, 0, 0, 0, 0, 1, 1 ], 
  [ 0, 0, 1, 0, 0, 1, 1, 1, 1, 0, 1, 1 ], 
  [ 0, 0, 1, 0, 0, 1, 0, 0, 1, 1, 0, 0 ], 
  [ 1, 1, 1, 0, 1, 1, 0, 1, 0, 1, 1, 0 ], 
  [ 1, 1, 1, 1, 1, 1, 0, 0, 0, 0, 0, 0 ], 
  [ 1, 1, 0, 0, 0, 0, 0, 0, 0, 0, 0, 0 ], 
  [ 0, 1, 0, 0, 1, 0, 0, 0, 1, 0, 0, 1 ], 
  [ 1, 1, 1, 0, 0, 1, 1, 0, 1, 1, 1, 1 ], 
  [ 1, 1, 1, 1, 0, 0, 0, 0, 1, 0, 1, 0 ] ]
CLASS q=2 n=6 order=36 size=722620269918683136000 M=
[ [ 1, 1, 0, 0, 0, 1, 0, 0, 1, 0, 1, 0 ], 
  [ 1, 1, 0, 0, 0, 0, 0, 1, 1, 1, 0, 0 ], 
  [ 1, 0, 0, 0, 0, 1, 1, 1, 1, 1, 0, 0 ], 
  [ 1, 0, 1, 0, 1, 1, 0, 1, 1, 0, 0, 0 ], 
  [ 0, 1, 0, 1, 1, 0, 1, 1, 0, 0, 0, 0 ], 
  [ 1, 1, 0, 0, 0, 0, 1, 1, 1, 0, 0, 0 ], 
  [ 1, 1, 1, 0, 0, 0, 1, 1, 1, 0, 1, 0 ], 
  [ 1, 1, 0, 0, 0, 0, 0, 1, 1, 1, 1, 1 ], 
  [ 0, 0, 1, 1, 1, 1, 1, 1, 1, 0, 1, 1 ], 
  [ 0, 1, 1, 1, 1, 1, 1, 1, 1, 1, 1, 1 ], 
  [ 1, 0, 1, 0, 0, 0, 1, 1, 1, 1, 0, 0 ], 
  [ 0, 0, 0, 1, 0, 1, 1, 0, 0, 1, 1, 1 ] ]
CLASS q=2 n=6 order=21 size=275283912349974528000 M=
[ [ 0, 0, 0, 0, 1, 1, 0, 0, 0, 0, 1, 1 ], 
  [ 1, 0, 1, 0, 0, 1, 0, 1, 0, 0, 1, 1 ], 
  [ 0, 0, 0, 1, 0, 1, 0, 0, 0, 1, 0, 1 ], 
  [ 0, 0, 1, 1, 0, 0, 1, 1, 1, 1, 1, 1 ], 
  [ 0, 1, 0, 0, 0, 0, 1, 1, 0, 0, 0, 0 ], 
  [ 0, 0, 1, 0, 0, 0, 0, 1, 0, 0, 1, 1 ], 
  [ 1, 0, 1, 1, 0, 1, 0, 1, 1, 1, 0, 1 ], 
  [ 1, 1, 1, 1, 1, 1, 1, 0, 1, 0, 1, 1 ], 
  [ 0, 0, 0, 0, 0, 1, 1, 1, 0, 1, 0, 1 ], 
  [ 1, 1, 0, 1, 1, 1, 1, 0, 1, 1, 0, 0 ], 
  [ 0, 1, 0, 0, 1, 0, 1, 1, 1, 0, 0, 1 ], 
  [ 0, 0, 0, 1, 0, 0, 1, 1, 1, 0, 1, 1 ] ]
CLASS q=2 n=6 order=42 size=825851737049923584000 M=
[ [ 0, 1, 0, 1, 1, 0, 0, 1, 0, 0, 0, 0 ], 
  [ 0, 1, 1, 1, 1, 1, 1, 0, 1, 1, 1, 1 ], 
  [ 0, 1, 1, 0, 0, 0, 1, 0, 0, 0, 1, 0 ], 
  [ 1, 0, 1, 1, 0, 1, 1, 0, 0, 1, 0, 1 ], 
  [ 1, 1, 0, 1, 1, 1, 0, 0, 1, 1, 0, 0 ], 
  [ 0, 1, 1, 0, 1, 1, 0, 1, 0, 1, 0, 1 ], 
  [ 0, 1, 0, 0, 0, 1, 1, 1, 1, 1, 1, 1 ], 
  [ 0, 0, 0, 1, 1, 0, 0, 0, 0, 1, 0, 1 ], 
  [ 0, 0, 1, 0, 0, 0, 1, 0, 1, 0, 0, 0 ], 
  [ 0, 1, 0, 0, 0, 0, 0, 1, 1, 0, 1, 1 ], 
  [ 0, 1, 0, 0, 1, 1, 1, 1, 0, 1, 1, 1 ], 
  [ 1, 1, 0, 1, 0, 1, 0, 1, 1, 0, 0, 1 ] ]
CLASS q=2 n=6 order=14 size=1290393339140505600 M=
[ [ 0, 0, 1, 0, 1, 0, 1, 1, 0, 1, 1, 1 ], 
  [ 1, 1, 0, 0, 1, 0, 1, 1, 1, 0, 1, 1 ], 
  [ 1, 1, 0, 0, 1, 1, 0, 0, 0, 0, 0, 1 ], 
  [ 0, 1, 1, 1, 0, 0, 1, 0, 0, 0, 0, 0 ], 
  [ 1, 0, 1, 0, 0, 1, 0, 0, 1, 0, 0, 0 ], 
  [ 0, 1, 1, 0, 0, 0, 1, 1, 1, 0, 1, 0 ], 
  [ 1, 1, 0, 1, 0, 0, 1, 0, 1, 0, 0, 1 ], 
  [ 0, 0, 1, 0, 0, 1, 1, 1, 0, 0, 1, 0 ], 
  [ 0, 0, 1, 0, 0, 0, 1, 1, 0, 0, 0, 0 ], 
  [ 0, 0, 0, 0, 0, 0, 1, 0, 0, 0, 0, 1 ], 
  [ 1, 0, 0, 1, 0, 1, 1, 0, 1, 1, 0, 0 ], 
  [ 1, 1, 0, 0, 1, 0, 1, 1, 0, 0, 1, 1 ] ]
CLASS q=2 n=6 order=42 size=825851737049923584000 M=
[ [ 0, 1, 0, 1, 1, 0, 0, 1, 0, 0, 0, 0 ], 
  [ 1, 1, 1, 1, 1, 1, 0, 1, 1, 1, 0, 0 ], 
  [ 1, 1, 1, 1, 1, 1, 1, 0, 0, 1, 1, 0 ], 
  [ 1, 0, 1, 1, 0, 1, 1, 0, 0, 1, 0, 1 ], 
  [ 0, 1, 0, 0, 0, 1, 1, 0, 0, 1, 1, 0 ], 
  [ 1, 1, 1, 1, 0, 0, 0, 1, 0, 0, 0, 1 ], 
  [ 0, 1, 0, 1, 1, 0, 0, 0, 1, 0, 0, 0 ], 
  [ 0, 0, 0, 0, 0, 0, 0, 1, 1, 1, 0, 0 ], 
  [ 1, 0, 1, 1, 1, 0, 0, 0, 0, 0, 1, 0 ], 
  [ 0, 1, 0, 0, 0, 1, 1, 1, 0, 1, 0, 1 ], 
  [ 0, 1, 0, 1, 0, 0, 0, 0, 0, 0, 0, 0 ], 
  [ 1, 1, 0, 0, 1, 1, 0, 0, 0, 0, 0, 0 ] ]
CLASS q=2 n=6 order=42 size=206462934262480896000 M=
[ [ 0, 0, 1, 0, 0, 1, 0, 0, 1, 0, 0, 1 ], 
  [ 0, 0, 0, 0, 1, 0, 0, 1, 1, 0, 0, 1 ], 
  [ 0, 0, 0, 1, 0, 1, 0, 1, 0, 1, 0, 0 ], 
  [ 1, 1, 0, 0, 1, 0, 1, 1, 1, 1, 0, 0 ], 
  [ 1, 0, 1, 0, 1, 1, 0, 1, 0, 1, 0, 0 ], 
  [ 0, 1, 1, 0, 1, 1, 0, 1, 0, 1, 0, 1 ], 
  [ 0, 1, 0, 0, 0, 1, 1, 1, 1, 1, 1, 1 ], 
  [ 0, 0, 0, 1, 0, 1, 0, 0, 0, 1, 0, 0 ], 
  [ 0, 1, 0, 1, 1, 0, 0, 1, 1, 1, 1, 1 ], 
  [ 0, 1, 0, 0, 1, 1, 0, 1, 1, 0, 1, 0 ], 
  [ 0, 0, 1, 1, 1, 0, 0, 0, 0, 0, 0, 1 ], 
  [ 1, 1, 0, 1, 1, 0, 0, 1, 1, 0, 0, 0 ] ]
CLASS q=2 n=6 order=12 size=1411367714684928000 M=
[ [ 0, 1, 0, 1, 0, 1, 1, 0, 1, 0, 1, 0 ], 
  [ 0, 0, 0, 0, 1, 0, 0, 0, 1, 0, 0, 0 ], 
  [ 0, 1, 1, 1, 0, 0, 1, 1, 1, 0, 1, 0 ], 
  [ 1, 1, 1, 0, 0, 1, 1, 1, 1, 1, 1, 0 ], 
  [ 0, 1, 0, 0, 1, 1, 1, 1, 0, 1, 0, 1 ], 
  [ 0, 0, 0, 0, 1, 1, 1, 0, 1, 1, 1, 0 ], 
  [ 0, 0, 1, 1, 1, 1, 0, 1, 0, 1, 1, 0 ], 
  [ 0, 0, 0, 0, 0, 0, 0, 1, 0, 0, 1, 1 ], 
  [ 1, 1, 1, 0, 1, 1, 1, 1, 1, 1, 0, 1 ], 
  [ 1, 0, 0, 0, 0, 1, 0, 1, 0, 1, 1, 1 ], 
  [ 0, 1, 0, 1, 1, 0, 0, 1, 0, 0, 0, 0 ], 
  [ 1, 1, 0, 0, 1, 1, 1, 0, 0, 1, 0, 1 ] ]
CLASS q=2 n=6 order=8 size=1058525786013696000 M=
[ [ 0, 0, 0, 0, 0, 1, 0, 0, 1, 0, 0, 0 ], 
  [ 0, 1, 1, 0, 1, 1, 1, 0, 1, 0, 0, 0 ], 
  [ 1, 1, 0, 0, 1, 1, 0, 0, 1, 1, 1, 1 ], 
  [ 0, 1, 1, 1, 1, 0, 0, 1, 1, 1, 1, 0 ], 
  [ 0, 0, 0, 1, 1, 0, 1, 1, 1, 1, 1, 0 ], 
  [ 0, 1, 1, 1, 1, 1, 0, 0, 0, 1, 0, 0 ], 
  [ 1, 0, 1, 1, 1, 0, 0, 0, 0, 1, 1, 0 ], 
  [ 0, 1, 1, 1, 0, 0, 0, 1, 0, 0, 1, 0 ], 
  [ 1, 0, 0, 1, 0, 0, 1, 0, 0, 0, 0, 1 ], 
  [ 0, 1, 1, 1, 1, 0, 0, 1, 1, 1, 0, 0 ], 
  [ 1, 0, 0, 1, 1, 0, 0, 0, 1, 1, 0, 0 ], 
  [ 1, 0, 1, 0, 1, 0, 0, 1, 1, 1, 0, 0 ] ]
CLASS q=2 n=6 order=24 size=2167860809756049408000 M=
[ [ 0, 1, 1, 0, 0, 1, 0, 0, 1, 1, 0, 1 ], 
  [ 1, 0, 1, 0, 0, 0, 0, 1, 0, 1, 1, 1 ], 
  [ 0, 1, 1, 0, 1, 0, 0, 1, 1, 1, 1, 1 ], 
  [ 0, 1, 0, 1, 1, 1, 0, 0, 1, 1, 0, 1 ], 
  [ 1, 0, 0, 1, 0, 1, 1, 1, 0, 0, 0, 0 ], 
  [ 0, 0, 0, 1, 0, 1, 0, 1, 1, 1, 1, 1 ], 
  [ 0, 0, 1, 1, 0, 0, 1, 0, 0, 0, 1, 1 ], 
  [ 0, 1, 0, 0, 0, 0, 1, 0, 1, 1, 0, 1 ], 
  [ 1, 0, 0, 0, 1, 0, 0, 1, 1, 1, 0, 1 ], 
  [ 1, 0, 1, 1, 1, 0, 0, 0, 1, 1, 1, 1 ], 
  [ 0, 1, 0, 0, 0, 0, 1, 0, 0, 1, 1, 1 ], 
  [ 0, 0, 1, 0, 0, 1, 1, 0, 0, 1, 1, 0 ] ]
CLASS q=2 n=6 order=28 size=154847200696860672000 M=
[ [ 0, 0, 1, 1, 0, 1, 1, 1, 1, 1, 1, 1 ], 
  [ 0, 1, 0, 0, 1, 0, 1, 0, 0, 1, 0, 0 ], 
  [ 1, 0, 1, 1, 1, 0, 1, 0, 1, 0, 0, 1 ], 
  [ 0, 1, 0, 1, 0, 1, 1, 0, 1, 0, 0, 1 ], 
  [ 1, 0, 0, 1, 0, 0, 1, 0, 1, 1, 0, 0 ], 
  [ 1, 1, 1, 0, 0, 0, 1, 1, 0, 0, 1, 0 ], 
  [ 1, 0, 1, 1, 1, 1, 0, 1, 1, 1, 1, 1 ], 
  [ 0, 1, 1, 1, 1, 1, 0, 1, 0, 1, 0, 1 ], 
  [ 0, 0, 1, 0, 0, 0, 1, 0, 0, 1, 0, 1 ], 
  [ 0, 1, 0, 0, 0, 1, 0, 0, 1, 0, 0, 1 ], 
  [ 0, 0, 0, 1, 1, 0, 1, 0, 0, 0, 1, 0 ], 
  [ 1, 0, 1, 1, 1, 1, 1, 1, 1, 1, 1, 0 ] ]
CLASS q=2 n=6 order=5 size=667034095309553664 M=
[ [ 0, 1, 0, 0, 0, 0, 0, 0, 1, 0, 0, 1 ], 
  [ 1, 1, 0, 1, 1, 1, 0, 0, 1, 1, 1, 0 ], 
  [ 1, 1, 0, 1, 1, 1, 1, 1, 1, 1, 0, 0 ], 
  [ 1, 0, 1, 0, 1, 1, 0, 1, 0, 0, 1, 0 ], 
  [ 0, 1, 0, 0, 0, 0, 0, 1, 1, 1, 1, 1 ], 
  [ 1, 1, 0, 0, 1, 1, 1, 1, 0, 0, 1, 0 ], 
  [ 1, 1, 0, 1, 0, 0, 1, 0, 0, 1, 0, 1 ], 
  [ 1, 1, 1, 1, 1, 1, 0, 0, 0, 1, 0, 0 ], 
  [ 0, 0, 0, 1, 1, 1, 0, 1, 1, 0, 0, 1 ], 
  [ 1, 0, 1, 0, 1, 0, 0, 1, 1, 1, 0, 1 ], 
  [ 0, 1, 0, 0, 1, 0, 1, 0, 0, 1, 1, 1 ], 
  [ 0, 0, 0, 1, 0, 0, 0, 1, 1, 0, 0, 1 ] ]
CLASS q=2 n=6 order=10 size=130071648585362964480 M=
[ [ 1, 0, 1, 1, 1, 1, 0, 1, 0, 1, 0, 0 ], 
  [ 0, 1, 1, 0, 0, 1, 1, 0, 1, 1, 0, 1 ], 
  [ 0, 0, 0, 0, 1, 1, 0, 0, 0, 0, 1, 0 ], 
  [ 0, 1, 1, 0, 1, 1, 1, 1, 1, 1, 0, 1 ], 
  [ 0, 0, 0, 1, 1, 0, 0, 1, 0, 1, 0, 1 ], 
  [ 0, 0, 0, 0, 0, 1, 1, 1, 0, 0, 1, 1 ], 
  [ 1, 1, 0, 1, 0, 1, 1, 0, 0, 0, 0, 1 ], 
  [ 0, 1, 1, 0, 1, 0, 0, 0, 1, 0, 0, 1 ], 
  [ 0, 0, 1, 1, 1, 0, 0, 0, 1, 1, 0, 1 ], 
  [ 1, 1, 1, 0, 1, 0, 0, 0, 1, 1, 0, 1 ], 
  [ 1, 1, 0, 0, 0, 0, 0, 1, 1, 0, 1, 0 ], 
  [ 1, 0, 1, 1, 0, 1, 1, 1, 0, 0, 1, 1 ] ]
CLASS q=2 n=6 order=20 size=2601432971707259289600 M=
[ [ 0, 1, 1, 1, 0, 0, 0, 0, 0, 1, 1, 0 ], 
  [ 1, 1, 0, 1, 1, 0, 1, 1, 0, 0, 1, 1 ], 
  [ 0, 0, 1, 1, 1, 1, 0, 0, 1, 1, 1, 1 ], 
  [ 0, 1, 1, 0, 0, 0, 1, 1, 0, 0, 1, 1 ], 
  [ 0, 0, 1, 0, 0, 1, 1, 0, 1, 0, 1, 0 ], 
  [ 1, 1, 0, 1, 1, 0, 1, 0, 0, 1, 1, 0 ], 
  [ 1, 1, 0, 1, 0, 0, 0, 0, 0, 1, 0, 0 ], 
  [ 1, 1, 1, 0, 0, 0, 0, 1, 0, 1, 0, 0 ], 
  [ 0, 0, 0, 0, 1, 0, 0, 0, 0, 1, 0, 0 ], 
  [ 0, 0, 0, 1, 1, 1, 1, 0, 0, 1, 1, 1 ], 
  [ 0, 0, 1, 0, 0, 1, 1, 1, 1, 1, 0, 0 ], 
  [ 1, 0, 0, 1, 1, 1, 1, 0, 1, 1, 0, 1 ] ]
CLASS q=2 n=6 order=8 size=2117051572027392000 M=
[ [ 1, 1, 0, 1, 1, 0, 1, 1, 0, 1, 1, 0 ], 
  [ 0, 1, 1, 0, 1, 1, 1, 1, 0, 0, 1, 0 ], 
  [ 0, 0, 0, 1, 0, 1, 1, 0, 1, 1, 1, 1 ], 
  [ 0, 0, 1, 0, 1, 1, 0, 0, 0, 1, 0, 0 ], 
  [ 1, 1, 1, 0, 1, 0, 0, 0, 1, 1, 0, 0 ], 
  [ 0, 1, 1, 1, 0, 0, 1, 0, 1, 0, 0, 0 ], 
  [ 1, 1, 0, 1, 0, 1, 0, 0, 0, 0, 1, 1 ], 
  [ 0, 1, 0, 1, 1, 1, 1, 1, 1, 0, 0, 1 ], 
  [ 0, 1, 1, 0, 0, 0, 0, 0, 0, 1, 0, 0 ], 
  [ 0, 1, 0, 0, 0, 1, 1, 1, 1, 1, 0, 1 ], 
  [ 0, 0, 0, 0, 0, 0, 1, 0, 0, 0, 1, 1 ], 
  [ 1, 1, 0, 0, 0, 1, 1, 1, 1, 0, 0, 0 ] ]
CLASS q=2 n=6 order=24 size=67745650304876544000 M=
[ [ 1, 1, 0, 0, 1, 1, 1, 1, 1, 1, 1, 0 ], 
  [ 1, 1, 0, 0, 0, 0, 1, 0, 1, 0, 0, 1 ], 
  [ 1, 1, 0, 0, 0, 1, 0, 1, 1, 1, 0, 0 ], 
  [ 0, 0, 1, 0, 0, 1, 1, 0, 0, 0, 0, 0 ], 
  [ 0, 0, 0, 1, 1, 1, 1, 0, 0, 0, 0, 1 ], 
  [ 1, 1, 0, 1, 1, 0, 0, 0, 1, 0, 0, 0 ], 
  [ 1, 1, 1, 1, 0, 0, 0, 1, 1, 1, 0, 1 ], 
  [ 1, 1, 0, 1, 0, 1, 1, 1, 0, 1, 0, 0 ], 
  [ 1, 1, 0, 0, 0, 0, 0, 0, 0, 0, 0, 0 ], 
  [ 1, 0, 1, 1, 0, 0, 1, 1, 0, 0, 0, 1 ], 
  [ 0, 0, 1, 0, 0, 0, 0, 0, 1, 1, 1, 0 ], 
  [ 1, 1, 1, 0, 0, 0, 1, 0, 0, 1, 1, 0 ] ]
CLASS q=2 n=6 order=18 size=1926987386449821696000 M=
[ [ 1, 1, 0, 1, 1, 1, 0, 0, 1, 1, 0, 1 ], 
  [ 0, 1, 0, 1, 0, 1, 0, 1, 1, 1, 1, 1 ], 
  [ 0, 0, 1, 1, 1, 0, 1, 1, 1, 0, 1, 1 ], 
  [ 1, 0, 1, 0, 0, 1, 0, 0, 1, 0, 0, 1 ], 
  [ 0, 0, 1, 0, 1, 1, 0, 0, 0, 0, 1, 1 ], 
  [ 0, 1, 0, 1, 0, 0, 1, 0, 1, 0, 0, 0 ], 
  [ 1, 1, 0, 1, 1, 0, 0, 1, 0, 0, 1, 1 ], 
  [ 1, 1, 1, 1, 1, 1, 0, 0, 0, 0, 1, 0 ], 
  [ 0, 0, 0, 0, 1, 1, 1, 1, 1, 1, 0, 0 ], 
  [ 1, 0, 0, 0, 0, 0, 1, 0, 1, 1, 1, 1 ], 
  [ 0, 0, 0, 0, 0, 1, 0, 0, 1, 0, 0, 1 ], 
  [ 1, 0, 1, 1, 0, 1, 1, 1, 0, 1, 0, 0 ] ]
CLASS q=2 n=6 order=30 size=2312384863739786035200 M=
[ [ 1, 0, 0, 0, 0, 0, 1, 0, 0, 0, 1, 0 ], 
  [ 1, 0, 1, 0, 1, 0, 0, 1, 0, 0, 1, 0 ], 
  [ 0, 1, 1, 0, 0, 1, 1, 0, 0, 0, 1, 1 ], 
  [ 1, 0, 0, 0, 0, 0, 0, 0, 1, 1, 0, 0 ], 
  [ 1, 1, 1, 0, 0, 1, 0, 1, 0, 1, 0, 0 ], 
  [ 1, 1, 0, 0, 1, 1, 1, 0, 1, 0, 1, 1 ], 
  [ 1, 1, 0, 1, 0, 0, 0, 1, 1, 0, 1, 0 ], 
  [ 0, 0, 1, 0, 1, 1, 0, 1, 1, 1, 1, 1 ], 
  [ 1, 1, 0, 0, 0, 0, 0, 0, 0, 1, 0, 1 ], 
  [ 0, 0, 0, 0, 0, 1, 1, 0, 1, 1, 0, 0 ], 
  [ 1, 0, 1, 1, 0, 0, 1, 0, 1, 1, 0, 0 ], 
  [ 1, 0, 1, 1, 1, 1, 1, 1, 0, 0, 1, 1 ] ]
CLASS q=2 n=6 order=7 size=58989409789280256000 M=
[ [ 1, 0, 1, 0, 0, 0, 0, 1, 0, 1, 0, 1 ], 
  [ 0, 0, 0, 1, 0, 1, 1, 0, 1, 0, 0, 0 ], 
  [ 0, 0, 0, 0, 0, 0, 1, 1, 0, 1, 1, 0 ], 
  [ 0, 0, 1, 1, 0, 1, 0, 1, 0, 0, 1, 0 ], 
  [ 1, 0, 0, 1, 0, 0, 0, 0, 1, 0, 0, 1 ], 
  [ 0, 0, 1, 0, 1, 0, 0, 0, 0, 0, 0, 0 ], 
  [ 1, 1, 1, 0, 1, 0, 1, 0, 0, 0, 0, 1 ], 
  [ 1, 1, 1, 0, 0, 0, 1, 0, 1, 1, 1, 0 ], 
  [ 0, 1, 1, 1, 0, 1, 1, 0, 0, 1, 1, 1 ], 
  [ 1, 0, 1, 1, 1, 1, 1, 1, 0, 1, 0, 0 ], 
  [ 0, 0, 1, 1, 0, 1, 1, 1, 1, 0, 1, 1 ], 
  [ 0, 1, 0, 1, 0, 1, 0, 0, 1, 0, 1, 1 ] ]
CLASS q=2 n=6 order=21 size=3303406948199694336000 M=
[ [ 1, 1, 0, 0, 1, 1, 0, 1, 1, 1, 0, 1 ], 
  [ 1, 0, 0, 1, 1, 1, 1, 0, 0, 1, 0, 1 ], 
  [ 0, 0, 0, 1, 1, 1, 0, 0, 1, 0, 1, 1 ], 
  [ 0, 0, 0, 0, 0, 0, 0, 0, 0, 0, 0, 1 ], 
  [ 0, 1, 1, 1, 1, 1, 0, 0, 0, 1, 0, 0 ], 
  [ 0, 1, 0, 0, 0, 0, 0, 0, 1, 0, 0, 0 ], 
  [ 1, 0, 1, 1, 0, 0, 1, 0, 1, 1, 0, 0 ], 
  [ 1, 0, 1, 1, 0, 1, 1, 0, 0, 1, 0, 1 ], 
  [ 1, 1, 0, 1, 1, 1, 1, 1, 0, 1, 0, 1 ], 
  [ 0, 0, 1, 0, 0, 0, 1, 0, 1, 0, 0, 1 ], 
  [ 1, 0, 1, 1, 1, 1, 1, 0, 1, 1, 0, 0 ], 
  [ 0, 0, 1, 1, 0, 1, 0, 1, 1, 0, 0, 0 ] ]
CLASS q=2 n=6 order=63 size=3303406948199694336000 M=
[ [ 1, 1, 0, 0, 1, 1, 1, 1, 0, 0, 1, 1 ], 
  [ 1, 1, 0, 0, 1, 0, 0, 1, 0, 0, 1, 0 ], 
  [ 0, 1, 0, 1, 1, 1, 0, 1, 0, 0, 0, 0 ], 
  [ 0, 1, 0, 1, 0, 0, 1, 1, 0, 1, 1, 0 ], 
  [ 0, 1, 1, 0, 1, 0, 0, 1, 1, 0, 0, 1 ], 
  [ 1, 0, 1, 0, 0, 1, 1, 0, 0, 0, 0, 1 ], 
  [ 1, 1, 0, 1, 1, 0, 0, 0, 1, 1, 1, 0 ], 
  [ 0, 1, 0, 1, 1, 0, 1, 0, 1, 1, 1, 0 ], 
  [ 1, 1, 0, 1, 1, 1, 1, 1, 1, 0, 0, 0 ], 
  [ 1, 0, 1, 0, 1, 0, 1, 0, 1, 1, 1, 0 ], 
  [ 0, 1, 0, 1, 0, 0, 0, 1, 0, 0, 1, 1 ], 
  [ 0, 0, 0, 0, 0, 1, 1, 0, 1, 0, 0, 0 ] ]
CLASS q=2 n=6 order=63 size=3303406948199694336000 M=
[ [ 1, 1, 0, 0, 1, 1, 0, 0, 0, 0, 0, 0 ], 
  [ 1, 1, 1, 1, 0, 1, 1, 0, 1, 1, 0, 1 ], 
  [ 1, 0, 1, 1, 1, 0, 1, 0, 0, 0, 0, 0 ], 
  [ 1, 1, 1, 0, 0, 0, 0, 1, 0, 1, 1, 0 ], 
  [ 0, 1, 0, 1, 0, 1, 0, 1, 0, 0, 1, 0 ], 
  [ 1, 1, 1, 0, 1, 1, 1, 1, 0, 1, 0, 1 ], 
  [ 0, 1, 0, 0, 0, 1, 1, 0, 1, 0, 0, 1 ], 
  [ 1, 1, 0, 1, 1, 1, 0, 1, 1, 1, 1, 0 ], 
  [ 1, 0, 0, 1, 0, 1, 1, 0, 1, 0, 1, 0 ], 
  [ 1, 1, 0, 0, 0, 0, 0, 1, 1, 0, 0, 1 ], 
  [ 1, 0, 1, 1, 0, 1, 1, 1, 0, 1, 1, 1 ], 
  [ 0, 1, 1, 0, 0, 1, 0, 1, 0, 0, 1, 1 ] ]
CLASS q=2 n=6 order=63 size=3303406948199694336000 M=
[ [ 1, 0, 0, 0, 1, 0, 1, 0, 0, 0, 1, 0 ], 
  [ 1, 0, 1, 0, 1, 1, 1, 1, 1, 0, 1, 1 ], 
  [ 1, 1, 1, 0, 0, 0, 0, 0, 1, 0, 0, 1 ], 
  [ 0, 0, 1, 1, 0, 1, 1, 1, 1, 1, 1, 0 ], 
  [ 1, 0, 1, 1, 0, 0, 1, 0, 0, 1, 1, 0 ], 
  [ 1, 1, 1, 1, 1, 1, 1, 1, 0, 0, 1, 1 ], 
  [ 1, 0, 0, 1, 1, 1, 0, 0, 0, 1, 1, 1 ], 
  [ 0, 1, 0, 1, 0, 1, 1, 1, 0, 0, 0, 1 ], 
  [ 0, 1, 0, 1, 0, 0, 1, 1, 1, 0, 0, 0 ], 
  [ 1, 1, 0, 0, 1, 0, 1, 0, 0, 1, 1, 1 ], 
  [ 1, 0, 0, 1, 0, 1, 1, 1, 0, 1, 1, 0 ], 
  [ 0, 0, 0, 1, 1, 0, 1, 1, 1, 0, 1, 1 ] ]
CLASS q=2 n=6 order=30 size=578096215934946508800 M=
[ [ 0, 0, 0, 1, 1, 0, 0, 0, 0, 0, 0, 0 ], 
  [ 0, 1, 0, 1, 1, 1, 1, 1, 1, 0, 0, 1 ], 
  [ 0, 1, 1, 1, 1, 1, 1, 1, 1, 0, 1, 0 ], 
  [ 1, 0, 1, 1, 1, 1, 1, 1, 1, 1, 1, 1 ], 
  [ 1, 1, 1, 0, 1, 1, 0, 1, 0, 1, 0, 0 ], 
  [ 1, 0, 0, 0, 0, 0, 0, 1, 0, 1, 1, 1 ], 
  [ 0, 0, 0, 1, 0, 0, 0, 1, 1, 0, 1, 0 ], 
  [ 1, 0, 1, 1, 0, 1, 1, 0, 0, 1, 1, 0 ], 
  [ 0, 1, 0, 0, 0, 0, 0, 0, 1, 0, 0, 0 ], 
  [ 0, 1, 1, 0, 1, 1, 1, 0, 0, 1, 1, 1 ], 
  [ 0, 1, 0, 0, 0, 0, 1, 0, 0, 0, 1, 1 ], 
  [ 1, 0, 0, 0, 1, 0, 0, 0, 0, 1, 1, 1 ] ]
CLASS q=2 n=6 order=30 size=115619243186989301760 M=
[ [ 1, 0, 0, 1, 1, 0, 1, 0, 0, 0, 1, 1 ], 
  [ 0, 0, 1, 0, 1, 0, 1, 1, 1, 1, 1, 0 ], 
  [ 0, 1, 1, 0, 0, 1, 1, 0, 1, 1, 1, 0 ], 
  [ 1, 1, 0, 0, 0, 0, 0, 1, 0, 0, 1, 1 ], 
  [ 0, 1, 0, 1, 0, 0, 0, 0, 0, 1, 1, 0 ], 
  [ 1, 1, 0, 0, 0, 0, 1, 0, 1, 1, 0, 1 ], 
  [ 0, 0, 0, 0, 1, 0, 1, 1, 0, 0, 1, 0 ], 
  [ 1, 0, 1, 1, 1, 1, 1, 0, 1, 1, 1, 1 ], 
  [ 1, 1, 1, 1, 0, 1, 0, 1, 0, 1, 0, 0 ], 
  [ 0, 0, 1, 1, 0, 1, 1, 1, 0, 1, 0, 1 ], 
  [ 1, 0, 0, 0, 0, 0, 1, 0, 0, 0, 1, 1 ], 
  [ 0, 1, 1, 0, 0, 0, 0, 1, 0, 0, 0, 1 ] ]
CLASS q=2 n=6 order=30 size=48174684661245542400 M=
[ [ 0, 1, 1, 0, 0, 1, 1, 0, 1, 0, 0, 0 ], 
  [ 1, 1, 0, 1, 1, 1, 1, 0, 1, 0, 0, 0 ], 
  [ 1, 1, 1, 1, 0, 1, 0, 0, 0, 0, 0, 0 ], 
  [ 0, 0, 1, 0, 0, 1, 1, 1, 1, 1, 1, 0 ], 
  [ 1, 0, 1, 1, 1, 0, 1, 1, 0, 0, 0, 0 ], 
  [ 1, 0, 0, 1, 0, 1, 1, 0, 1, 0, 1, 1 ], 
  [ 1, 1, 0, 1, 1, 0, 1, 1, 1, 0, 0, 1 ], 
  [ 0, 0, 1, 0, 1, 1, 1, 1, 1, 0, 1, 0 ], 
  [ 1, 1, 0, 0, 0, 1, 1, 1, 1, 0, 1, 1 ], 
  [ 0, 1, 1, 0, 0, 0, 0, 0, 0, 0, 0, 0 ], 
  [ 1, 0, 0, 1, 0, 1, 1, 1, 1, 1, 1, 1 ], 
  [ 0, 1, 1, 0, 0, 0, 1, 1, 0, 1, 1, 1 ] ]
CLASS q=2 n=6 order=12 size=30109177913278464000 M=
[ [ 0, 1, 1, 1, 0, 1, 1, 1, 1, 0, 0, 0 ], 
  [ 1, 1, 1, 1, 1, 0, 0, 1, 0, 0, 0, 1 ], 
  [ 0, 1, 1, 0, 0, 1, 1, 0, 1, 0, 0, 1 ], 
  [ 1, 0, 0, 0, 1, 0, 1, 0, 1, 1, 0, 0 ], 
  [ 1, 1, 1, 1, 0, 1, 0, 1, 1, 0, 1, 0 ], 
  [ 1, 0, 0, 1, 1, 0, 0, 0, 1, 1, 0, 1 ], 
  [ 0, 1, 1, 0, 1, 1, 1, 1, 1, 0, 0, 0 ], 
  [ 1, 1, 0, 1, 1, 1, 1, 1, 0, 1, 1, 0 ], 
  [ 1, 0, 1, 0, 0, 1, 1, 1, 0, 0, 0, 1 ], 
  [ 1, 0, 1, 0, 1, 1, 1, 1, 1, 1, 0, 1 ], 
  [ 1, 1, 1, 1, 0, 1, 1, 1, 0, 1, 0, 0 ], 
  [ 1, 0, 1, 0, 1, 1, 0, 0, 0, 1, 1, 0 ] ]
CLASS q=2 n=6 order=12 size=180655067479670784000 M=
[ [ 1, 0, 0, 0, 0, 0, 0, 0, 1, 1, 0, 0 ], 
  [ 0, 0, 0, 0, 0, 0, 0, 0, 0, 1, 0, 0 ], 
  [ 0, 1, 1, 1, 1, 0, 1, 1, 0, 1, 1, 0 ], 
  [ 1, 0, 0, 1, 0, 0, 0, 0, 0, 0, 0, 1 ], 
  [ 0, 1, 0, 0, 0, 1, 0, 0, 0, 1, 1, 1 ], 
  [ 1, 1, 1, 1, 0, 0, 1, 0, 0, 1, 0, 0 ], 
  [ 0, 0, 0, 1, 0, 1, 1, 1, 0, 0, 0, 0 ], 
  [ 0, 0, 1, 0, 1, 0, 0, 1, 0, 0, 1, 0 ], 
  [ 0, 1, 1, 1, 0, 1, 0, 1, 0, 1, 0, 0 ], 
  [ 0, 1, 0, 1, 1, 0, 1, 0, 0, 1, 1, 0 ], 
  [ 1, 1, 1, 1, 0, 1, 1, 0, 0, 1, 0, 1 ], 
  [ 1, 0, 0, 0, 1, 0, 0, 1, 0, 0, 0, 0 ] ]
CLASS q=2 n=6 order=12 size=541965202439012352000 M=
[ [ 1, 1, 0, 0, 0, 0, 0, 1, 1, 1, 1, 0 ], 
  [ 1, 0, 0, 1, 1, 1, 0, 1, 1, 0, 0, 1 ], 
  [ 0, 1, 1, 1, 0, 0, 1, 0, 1, 1, 0, 0 ], 
  [ 1, 1, 1, 0, 0, 1, 1, 1, 0, 0, 0, 1 ], 
  [ 1, 0, 1, 0, 0, 0, 0, 0, 0, 0, 1, 1 ], 
  [ 0, 1, 1, 0, 1, 1, 0, 1, 1, 1, 1, 1 ], 
  [ 1, 1, 1, 1, 0, 1, 1, 1, 1, 1, 1, 1 ], 
  [ 0, 0, 0, 1, 1, 1, 1, 0, 1, 0, 1, 0 ], 
  [ 0, 1, 0, 0, 1, 0, 1, 1, 0, 1, 0, 1 ], 
  [ 1, 1, 0, 1, 1, 0, 0, 1, 0, 1, 1, 1 ], 
  [ 0, 1, 0, 1, 0, 1, 1, 0, 1, 0, 1, 1 ], 
  [ 1, 1, 1, 1, 0, 0, 1, 0, 0, 1, 0, 0 ] ]
CLASS q=2 n=6 order=12 size=3763647239159808000 M=
[ [ 0, 0, 1, 0, 0, 0, 0, 0, 1, 1, 0, 0 ], 
  [ 1, 1, 0, 0, 1, 0, 0, 0, 0, 1, 0, 1 ], 
  [ 0, 0, 0, 1, 1, 0, 0, 1, 0, 1, 0, 1 ], 
  [ 1, 0, 1, 1, 1, 1, 1, 0, 0, 1, 0, 0 ], 
  [ 1, 0, 1, 0, 1, 1, 0, 1, 0, 0, 0, 1 ], 
  [ 1, 0, 1, 0, 1, 1, 0, 0, 1, 1, 1, 1 ], 
  [ 1, 1, 0, 1, 1, 1, 0, 1, 1, 0, 0, 1 ], 
  [ 0, 0, 0, 0, 1, 0, 0, 0, 1, 1, 1, 0 ], 
  [ 0, 1, 0, 1, 0, 1, 1, 1, 0, 1, 0, 0 ], 
  [ 1, 1, 0, 1, 1, 0, 0, 0, 1, 0, 1, 1 ], 
  [ 1, 1, 1, 0, 0, 1, 1, 1, 0, 0, 1, 1 ], 
  [ 0, 0, 1, 0, 0, 1, 1, 1, 1, 1, 0, 1 ] ]
CLASS q=2 n=6 order=12 size=1672732106293248000 M=
[ [ 1, 1, 1, 0, 0, 0, 1, 0, 1, 1, 0, 1 ], 
  [ 1, 0, 1, 1, 0, 1, 1, 0, 0, 1, 0, 0 ], 
  [ 0, 0, 1, 1, 1, 1, 1, 1, 0, 0, 0, 1 ], 
  [ 0, 1, 0, 1, 0, 1, 0, 1, 1, 0, 0, 1 ], 
  [ 0, 0, 1, 1, 1, 1, 0, 0, 1, 0, 0, 0 ], 
  [ 0, 0, 0, 0, 0, 1, 0, 1, 1, 0, 0, 1 ], 
  [ 0, 0, 0, 1, 1, 0, 0, 1, 1, 0, 1, 1 ], 
  [ 0, 1, 0, 1, 0, 1, 0, 0, 0, 0, 0, 0 ], 
  [ 1, 0, 1, 1, 0, 1, 0, 0, 0, 1, 1, 0 ], 
  [ 0, 1, 0, 1, 0, 1, 0, 0, 0, 0, 0, 1 ], 
  [ 0, 1, 0, 0, 0, 0, 0, 0, 1, 0, 0, 0 ], 
  [ 1, 1, 1, 0, 0, 1, 0, 0, 0, 0, 0, 0 ] ]
CLASS q=2 n=6 order=24 size=30109177913278464000 M=
[ [ 0, 1, 1, 1, 0, 1, 0, 0, 1, 0, 0, 1 ], 
  [ 0, 0, 0, 0, 1, 0, 1, 0, 1, 0, 0, 1 ], 
  [ 1, 1, 1, 1, 1, 1, 0, 1, 1, 1, 1, 1 ], 
  [ 1, 1, 1, 0, 0, 0, 1, 0, 0, 1, 1, 1 ], 
  [ 0, 0, 1, 0, 0, 0, 1, 1, 0, 1, 0, 1 ], 
  [ 1, 0, 0, 1, 0, 0, 0, 0, 0, 0, 0, 0 ], 
  [ 1, 1, 1, 1, 1, 0, 0, 0, 1, 0, 0, 0 ], 
  [ 1, 0, 0, 0, 1, 1, 0, 1, 0, 1, 1, 1 ], 
  [ 1, 1, 1, 1, 0, 1, 1, 0, 0, 1, 0, 1 ], 
  [ 1, 0, 0, 1, 0, 0, 0, 0, 1, 0, 0, 1 ], 
  [ 1, 0, 0, 0, 1, 0, 0, 0, 1, 1, 1, 1 ], 
  [ 1, 1, 1, 0, 0, 1, 1, 1, 0, 0, 0, 1 ] ]
CLASS q=2 n=6 order=36 size=120436711653113856000 M=
[ [ 1, 0, 0, 1, 1, 1, 1, 1, 1, 0, 0, 1 ], 
  [ 0, 0, 0, 1, 1, 1, 0, 1, 0, 1, 1, 1 ], 
  [ 0, 0, 1, 1, 0, 1, 1, 1, 1, 1, 1, 1 ], 
  [ 1, 1, 0, 1, 0, 1, 1, 0, 0, 1, 0, 0 ], 
  [ 1, 1, 0, 0, 0, 1, 0, 0, 0, 1, 1, 0 ], 
  [ 0, 0, 1, 1, 0, 0, 0, 0, 1, 1, 0, 0 ], 
  [ 0, 1, 1, 1, 1, 0, 0, 1, 0, 0, 0, 0 ], 
  [ 1, 1, 0, 1, 1, 1, 0, 1, 0, 1, 1, 1 ], 
  [ 1, 1, 0, 1, 1, 1, 1, 1, 0, 1, 0, 1 ], 
  [ 0, 0, 1, 0, 0, 0, 1, 0, 1, 0, 0, 1 ], 
  [ 1, 1, 0, 1, 0, 0, 0, 1, 1, 0, 0, 1 ], 
  [ 1, 1, 0, 1, 0, 0, 0, 0, 0, 1, 0, 0 ] ]
CLASS q=2 n=6 order=6 size=78409317482496000 M=
[ [ 0, 0, 1, 1, 1, 1, 1, 1, 1, 1, 1, 1 ], 
  [ 0, 0, 0, 0, 0, 1, 1, 0, 0, 0, 1, 0 ], 
  [ 0, 0, 0, 0, 0, 1, 0, 1, 1, 1, 1, 1 ], 
  [ 0, 1, 1, 0, 1, 1, 0, 1, 0, 1, 1, 0 ], 
  [ 0, 0, 1, 0, 1, 0, 0, 1, 1, 1, 1, 0 ], 
  [ 1, 1, 1, 1, 0, 0, 0, 0, 0, 0, 0, 0 ], 
  [ 1, 0, 1, 0, 1, 1, 1, 0, 1, 0, 0, 1 ], 
  [ 1, 0, 0, 1, 1, 0, 1, 1, 0, 0, 0, 0 ], 
  [ 1, 0, 1, 0, 1, 1, 0, 0, 0, 0, 0, 1 ], 
  [ 1, 1, 0, 0, 0, 0, 1, 0, 0, 1, 0, 0 ], 
  [ 1, 0, 0, 1, 0, 0, 1, 1, 0, 1, 1, 1 ], 
  [ 1, 0, 1, 0, 0, 0, 0, 1, 0, 1, 0, 1 ] ]
CLASS q=2 n=6 order=14 size=77423600348430336000 M=
[ [ 0, 1, 0, 0, 1, 1, 0, 0, 1, 0, 0, 0 ], 
  [ 1, 0, 0, 1, 0, 1, 0, 1, 1, 1, 0, 1 ], 
  [ 0, 1, 1, 0, 0, 0, 1, 0, 0, 0, 1, 0 ], 
  [ 1, 0, 1, 0, 0, 0, 1, 1, 1, 1, 0, 1 ], 
  [ 1, 1, 0, 1, 1, 0, 1, 0, 0, 0, 1, 0 ], 
  [ 1, 0, 0, 1, 0, 0, 1, 1, 1, 1, 1, 1 ], 
  [ 1, 0, 1, 0, 1, 1, 0, 0, 1, 1, 0, 1 ], 
  [ 0, 0, 0, 1, 1, 1, 1, 0, 1, 0, 1, 1 ], 
  [ 1, 1, 0, 0, 1, 1, 1, 1, 0, 1, 0, 0 ], 
  [ 1, 0, 1, 0, 1, 1, 0, 0, 0, 1, 1, 1 ], 
  [ 0, 1, 0, 1, 1, 0, 1, 0, 1, 1, 1, 1 ], 
  [ 1, 1, 0, 1, 0, 0, 1, 1, 0, 1, 1, 1 ] ]
CLASS q=2 n=6 order=42 size=2477555211149770752000 M=
[ [ 0, 1, 1, 0, 1, 1, 1, 0, 1, 0, 0, 0 ], 
  [ 0, 1, 1, 0, 1, 0, 0, 0, 1, 0, 1, 0 ], 
  [ 0, 1, 0, 0, 1, 1, 1, 0, 0, 0, 1, 1 ], 
  [ 1, 1, 0, 0, 0, 0, 1, 1, 0, 0, 0, 1 ], 
  [ 1, 0, 1, 0, 1, 0, 0, 0, 1, 0, 1, 1 ], 
  [ 1, 0, 1, 1, 0, 1, 1, 0, 1, 1, 0, 0 ], 
  [ 0, 0, 1, 1, 1, 0, 1, 1, 1, 1, 0, 0 ], 
  [ 0, 1, 0, 1, 0, 1, 1, 1, 0, 1, 1, 1 ], 
  [ 1, 0, 1, 0, 1, 0, 1, 1, 0, 1, 1, 0 ], 
  [ 1, 1, 0, 0, 0, 1, 0, 0, 1, 0, 0, 0 ], 
  [ 1, 1, 1, 0, 0, 1, 0, 0, 0, 0, 0, 0 ], 
  [ 1, 0, 0, 1, 1, 0, 1, 1, 1, 0, 1, 0 ] ]
CLASS q=2 n=6 order=28 size=232270801045291008000 M=
[ [ 0, 1, 0, 1, 1, 1, 1, 0, 0, 0, 0, 1 ], 
  [ 0, 1, 1, 1, 0, 1, 0, 0, 1, 1, 1, 0 ], 
  [ 0, 0, 1, 0, 0, 0, 0, 1, 0, 0, 0, 1 ], 
  [ 1, 0, 0, 0, 1, 0, 0, 1, 0, 1, 1, 1 ], 
  [ 1, 0, 0, 1, 0, 0, 1, 1, 1, 1, 0, 0 ], 
  [ 1, 1, 0, 1, 1, 1, 0, 0, 0, 0, 1, 1 ], 
  [ 0, 0, 1, 0, 1, 0, 1, 1, 1, 0, 1, 1 ], 
  [ 0, 1, 1, 0, 0, 1, 0, 0, 1, 1, 0, 1 ], 
  [ 0, 0, 1, 0, 1, 1, 1, 0, 1, 1, 1, 0 ], 
  [ 1, 1, 1, 0, 0, 0, 1, 1, 1, 1, 1, 0 ], 
  [ 0, 0, 1, 1, 1, 1, 0, 0, 0, 1, 1, 0 ], 
  [ 0, 1, 0, 0, 0, 1, 0, 1, 0, 0, 0, 0 ] ]
CLASS q=2 n=6 order=56 size=1858166408362328064000 M=
[ [ 1, 0, 0, 1, 1, 1, 0, 0, 0, 1, 1, 0 ], 
  [ 1, 0, 1, 1, 0, 0, 0, 0, 1, 0, 1, 1 ], 
  [ 0, 0, 0, 0, 0, 1, 1, 1, 0, 0, 1, 1 ], 
  [ 1, 0, 1, 0, 0, 0, 1, 1, 1, 0, 1, 0 ], 
  [ 0, 1, 0, 0, 1, 0, 0, 1, 1, 1, 1, 1 ], 
  [ 0, 0, 1, 1, 0, 0, 1, 0, 0, 1, 0, 1 ], 
  [ 1, 0, 1, 1, 0, 0, 1, 1, 0, 0, 1, 1 ], 
  [ 0, 1, 1, 1, 0, 0, 0, 1, 1, 0, 0, 1 ], 
  [ 1, 0, 0, 1, 1, 1, 0, 1, 1, 1, 1, 1 ], 
  [ 0, 1, 0, 1, 0, 1, 1, 1, 0, 0, 0, 0 ], 
  [ 0, 1, 0, 0, 1, 1, 0, 1, 0, 1, 1, 1 ], 
  [ 1, 0, 0, 1, 1, 1, 0, 0, 1, 0, 0, 1 ] ]
CLASS q=2 n=6 order=24 size=361310134959341568000 M=
[ [ 1, 0, 0, 1, 0, 0, 1, 1, 0, 0, 0, 1 ], 
  [ 0, 1, 1, 1, 1, 1, 1, 1, 1, 0, 1, 0 ], 
  [ 0, 0, 1, 0, 0, 1, 1, 0, 1, 0, 0, 1 ], 
  [ 1, 0, 0, 1, 0, 1, 1, 1, 0, 1, 0, 0 ], 
  [ 1, 1, 1, 0, 1, 1, 1, 0, 0, 0, 1, 1 ], 
  [ 0, 0, 0, 1, 0, 0, 1, 1, 0, 0, 0, 1 ], 
  [ 1, 0, 1, 1, 0, 0, 0, 0, 1, 0, 1, 1 ], 
  [ 1, 0, 0, 0, 1, 1, 0, 1, 0, 1, 1, 1 ], 
  [ 1, 0, 1, 1, 1, 1, 0, 1, 1, 1, 0, 1 ], 
  [ 0, 0, 1, 0, 1, 0, 1, 1, 0, 1, 1, 1 ], 
  [ 1, 0, 1, 0, 0, 0, 1, 0, 0, 0, 0, 1 ], 
  [ 1, 0, 1, 1, 1, 1, 1, 0, 1, 0, 0, 0 ] ]
CLASS q=2 n=6 order=36 size=963493693224910848000 M=
[ [ 1, 1, 0, 1, 1, 1, 1, 0, 1, 0, 1, 0 ], 
  [ 0, 1, 1, 0, 1, 1, 0, 1, 1, 1, 0, 1 ], 
  [ 0, 1, 1, 0, 0, 0, 1, 0, 0, 1, 0, 1 ], 
  [ 0, 0, 1, 0, 0, 0, 1, 1, 1, 1, 1, 1 ], 
  [ 1, 1, 0, 1, 0, 1, 1, 1, 1, 1, 0, 1 ], 
  [ 1, 1, 1, 0, 1, 1, 0, 0, 1, 0, 0, 1 ], 
  [ 0, 1, 0, 0, 1, 1, 1, 0, 0, 1, 0, 0 ], 
  [ 0, 0, 1, 1, 0, 1, 1, 1, 1, 1, 1, 0 ], 
  [ 1, 0, 1, 1, 1, 0, 0, 0, 0, 1, 0, 0 ], 
  [ 1, 0, 1, 0, 1, 1, 1, 0, 1, 1, 0, 1 ], 
  [ 0, 0, 0, 1, 1, 1, 0, 0, 0, 0, 1, 0 ], 
  [ 0, 1, 0, 1, 1, 1, 0, 1, 1, 1, 1, 1 ] ]
CLASS q=2 n=6 order=20 size=6774565030487654400 M=
[ [ 0, 0, 1, 1, 0, 1, 0, 0, 0, 1, 0, 0 ], 
  [ 1, 1, 1, 0, 1, 0, 0, 0, 1, 0, 0, 0 ], 
  [ 1, 0, 0, 0, 1, 1, 1, 0, 1, 0, 0, 1 ], 
  [ 1, 1, 0, 0, 1, 0, 0, 0, 1, 0, 1, 1 ], 
  [ 0, 0, 1, 0, 0, 0, 0, 0, 1, 0, 0, 0 ], 
  [ 0, 1, 1, 0, 0, 0, 0, 1, 1, 1, 1, 1 ], 
  [ 0, 0, 0, 1, 0, 0, 0, 1, 1, 1, 0, 1 ], 
  [ 0, 1, 0, 1, 0, 1, 0, 0, 1, 1, 1, 0 ], 
  [ 0, 1, 0, 0, 0, 1, 0, 0, 0, 0, 0, 0 ], 
  [ 0, 1, 0, 0, 1, 1, 1, 1, 1, 0, 0, 0 ], 
  [ 1, 0, 1, 1, 1, 1, 1, 1, 1, 1, 0, 1 ], 
  [ 0, 0, 1, 1, 0, 0, 1, 0, 0, 1, 1, 0 ] ]
CLASS q=2 n=6 order=24 size=376364723915980800 M=
[ [ 0, 1, 1, 0, 1, 0, 1, 0, 1, 0, 1, 0 ], 
  [ 0, 0, 1, 1, 1, 1, 1, 1, 0, 0, 0, 0 ], 
  [ 1, 1, 1, 0, 1, 1, 1, 0, 1, 1, 0, 1 ], 
  [ 0, 1, 0, 0, 0, 1, 1, 0, 0, 0, 1, 1 ], 
  [ 1, 1, 1, 0, 1, 1, 0, 1, 1, 1, 1, 0 ], 
  [ 1, 1, 0, 1, 0, 0, 0, 1, 1, 1, 0, 0 ], 
  [ 1, 0, 1, 0, 1, 0, 0, 0, 1, 1, 0, 0 ], 
  [ 0, 1, 0, 1, 0, 0, 0, 1, 0, 1, 0, 1 ], 
  [ 0, 1, 1, 1, 0, 0, 0, 0, 1, 1, 0, 0 ], 
  [ 0, 1, 1, 1, 1, 1, 1, 1, 0, 1, 0, 0 ], 
  [ 1, 1, 1, 0, 0, 1, 1, 1, 1, 1, 0, 0 ], 
  [ 0, 1, 1, 0, 1, 0, 1, 1, 0, 1, 0, 0 ] ]
CLASS q=2 n=6 order=60 size=36131013495934156800 M=
[ [ 1, 1, 1, 1, 0, 0, 0, 0, 0, 0, 1, 1 ], 
  [ 1, 0, 0, 1, 1, 1, 1, 0, 1, 0, 0, 1 ], 
  [ 1, 0, 1, 1, 1, 1, 1, 0, 1, 1, 0, 1 ], 
  [ 1, 1, 0, 1, 0, 1, 0, 1, 0, 1, 0, 1 ], 
  [ 1, 1, 1, 1, 0, 0, 0, 0, 1, 0, 0, 0 ], 
  [ 0, 1, 0, 0, 0, 1, 1, 0, 0, 0, 0, 1 ], 
  [ 1, 0, 0, 1, 1, 1, 1, 0, 1, 0, 0, 0 ], 
  [ 1, 1, 1, 0, 0, 0, 0, 0, 0, 1, 1, 0 ], 
  [ 0, 1, 0, 0, 0, 0, 1, 0, 0, 1, 0, 1 ], 
  [ 0, 0, 1, 1, 0, 1, 0, 0, 1, 0, 0, 0 ], 
  [ 0, 1, 1, 1, 1, 1, 0, 1, 1, 1, 0, 1 ], 
  [ 1, 0, 1, 1, 1, 1, 0, 0, 1, 1, 0, 1 ] ]
CLASS q=2 n=6 order=120 size=867144323902419763200 M=
[ [ 1, 0, 0, 0, 0, 0, 1, 0, 1, 0, 1, 0 ], 
  [ 0, 1, 1, 0, 0, 1, 1, 0, 1, 1, 0, 1 ], 
  [ 1, 0, 0, 0, 0, 1, 1, 1, 0, 1, 1, 0 ], 
  [ 0, 0, 1, 1, 1, 1, 0, 1, 0, 0, 1, 1 ], 
  [ 1, 1, 0, 0, 0, 1, 1, 0, 0, 1, 0, 0 ], 
  [ 0, 0, 1, 1, 0, 1, 1, 0, 1, 0, 0, 0 ], 
  [ 0, 0, 0, 1, 0, 1, 1, 0, 0, 1, 0, 1 ], 
  [ 1, 0, 0, 1, 0, 0, 0, 0, 1, 1, 0, 1 ], 
  [ 1, 1, 0, 1, 1, 1, 0, 0, 1, 0, 0, 1 ], 
  [ 0, 0, 1, 1, 0, 1, 0, 0, 0, 0, 1, 0 ], 
  [ 1, 0, 1, 1, 1, 0, 0, 0, 0, 1, 0, 1 ], 
  [ 1, 0, 1, 1, 0, 1, 1, 1, 0, 1, 0, 0 ] ]
CLASS q=2 n=6 order=12 size=15054588956639232000 M=
[ [ 1, 1, 1, 1, 0, 1, 0, 0, 0, 0, 1, 0 ], 
  [ 0, 0, 0, 0, 1, 0, 1, 1, 1, 0, 0, 0 ], 
  [ 0, 0, 0, 1, 0, 0, 1, 1, 1, 0, 1, 1 ], 
  [ 0, 1, 0, 1, 1, 0, 0, 0, 0, 0, 0, 1 ], 
  [ 0, 0, 1, 0, 1, 1, 1, 1, 0, 1, 0, 0 ], 
  [ 1, 1, 1, 0, 0, 1, 1, 0, 1, 0, 1, 1 ], 
  [ 1, 0, 1, 1, 0, 1, 1, 1, 0, 1, 1, 1 ], 
  [ 1, 1, 0, 0, 1, 0, 1, 1, 1, 0, 1, 1 ], 
  [ 1, 0, 1, 1, 0, 0, 1, 1, 1, 0, 0, 1 ], 
  [ 1, 0, 0, 0, 0, 1, 1, 1, 1, 1, 0, 1 ], 
  [ 0, 0, 1, 0, 1, 1, 0, 0, 0, 1, 0, 0 ], 
  [ 1, 0, 1, 1, 0, 0, 1, 0, 0, 1, 0, 1 ] ]
CLASS q=2 n=6 order=18 size=642329128816607232000 M=
[ [ 0, 0, 0, 1, 0, 1, 1, 0, 1, 0, 0, 1 ], 
  [ 1, 0, 0, 0, 0, 1, 1, 0, 0, 0, 1, 0 ], 
  [ 0, 1, 1, 0, 1, 0, 0, 1, 1, 1, 0, 1 ], 
  [ 0, 0, 0, 0, 0, 1, 0, 0, 0, 0, 0, 0 ], 
  [ 0, 0, 1, 1, 0, 1, 1, 0, 0, 0, 1, 0 ], 
  [ 0, 1, 0, 0, 0, 0, 1, 0, 1, 1, 1, 1 ], 
  [ 0, 0, 0, 0, 0, 1, 1, 0, 0, 1, 1, 0 ], 
  [ 1, 1, 0, 1, 0, 0, 0, 0, 0, 1, 1, 1 ], 
  [ 1, 0, 1, 1, 0, 0, 1, 0, 0, 1, 0, 0 ], 
  [ 1, 1, 1, 0, 0, 1, 0, 0, 1, 0, 1, 1 ], 
  [ 0, 0, 0, 0, 0, 1, 1, 0, 0, 0, 0, 0 ], 
  [ 1, 1, 0, 1, 0, 1, 1, 1, 1, 0, 1, 0 ] ]
CLASS q=2 n=6 order=45 size=770794954579928678400 M=
[ [ 1, 0, 0, 1, 1, 1, 0, 1, 1, 1, 0, 0 ], 
  [ 1, 1, 0, 0, 1, 1, 1, 1, 1, 0, 1, 1 ], 
  [ 0, 0, 0, 0, 0, 0, 0, 1, 1, 1, 0, 0 ], 
  [ 1, 0, 0, 1, 0, 1, 1, 0, 0, 0, 0, 1 ], 
  [ 0, 1, 1, 0, 0, 0, 0, 0, 0, 0, 0, 1 ], 
  [ 0, 1, 1, 0, 0, 0, 0, 1, 0, 0, 1, 1 ], 
  [ 1, 1, 1, 0, 1, 1, 0, 0, 1, 1, 1, 0 ], 
  [ 0, 1, 1, 0, 1, 1, 0, 1, 0, 0, 0, 0 ], 
  [ 0, 0, 1, 1, 0, 1, 0, 0, 0, 0, 1, 0 ], 
  [ 0, 1, 1, 1, 0, 0, 1, 1, 0, 1, 1, 1 ], 
  [ 1, 0, 1, 0, 1, 0, 0, 1, 0, 0, 1, 0 ], 
  [ 1, 1, 0, 1, 0, 1, 1, 1, 1, 0, 0, 1 ] ]
CLASS q=2 n=6 order=90 size=2312384863739786035200 M=
[ [ 0, 0, 1, 1, 1, 0, 0, 0, 1, 1, 0, 1 ], 
  [ 1, 1, 1, 1, 1, 1, 0, 0, 0, 0, 0, 1 ], 
  [ 0, 0, 1, 1, 0, 1, 1, 1, 0, 0, 1, 1 ], 
  [ 1, 0, 0, 1, 0, 0, 0, 0, 1, 0, 0, 0 ], 
  [ 0, 1, 0, 0, 1, 1, 1, 1, 1, 1, 1, 0 ], 
  [ 1, 0, 0, 0, 1, 0, 0, 1, 0, 0, 0, 0 ], 
  [ 0, 1, 1, 1, 0, 1, 0, 0, 1, 0, 0, 0 ], 
  [ 0, 0, 0, 1, 0, 1, 1, 0, 0, 0, 0, 0 ], 
  [ 0, 0, 1, 1, 1, 1, 1, 0, 0, 1, 0, 0 ], 
  [ 0, 0, 1, 0, 0, 0, 0, 1, 1, 1, 1, 1 ], 
  [ 0, 0, 1, 0, 0, 1, 1, 1, 1, 1, 0, 1 ], 
  [ 0, 1, 1, 0, 1, 0, 1, 0, 0, 0, 1, 0 ] ]
CLASS q=2 n=6 order=12 size=1881823619579904000 M=
[ [ 0, 1, 1, 1, 0, 0, 0, 0, 0, 0, 1, 1 ], 
  [ 0, 1, 0, 0, 0, 1, 0, 0, 0, 0, 0, 1 ], 
  [ 0, 0, 0, 1, 1, 0, 1, 0, 1, 1, 1, 0 ], 
  [ 1, 0, 1, 0, 0, 1, 0, 0, 0, 0, 1, 1 ], 
  [ 0, 0, 1, 0, 1, 0, 0, 1, 0, 0, 1, 0 ], 
  [ 0, 0, 1, 1, 1, 0, 1, 0, 0, 0, 1, 1 ], 
  [ 1, 1, 1, 0, 1, 0, 0, 1, 1, 1, 0, 0 ], 
  [ 0, 0, 1, 1, 1, 1, 1, 1, 1, 1, 1, 1 ], 
  [ 1, 1, 1, 0, 1, 1, 1, 0, 0, 0, 0, 0 ], 
  [ 1, 0, 0, 0, 1, 0, 1, 1, 1, 1, 0, 1 ], 
  [ 1, 0, 0, 1, 1, 1, 0, 0, 1, 0, 0, 0 ], 
  [ 1, 0, 0, 1, 1, 1, 0, 0, 0, 1, 0, 0 ] ]
CLASS q=2 n=6 order=24 size=30109177913278464000 M=
[ [ 0, 1, 0, 1, 0, 1, 1, 1, 1, 0, 1, 0 ], 
  [ 1, 1, 0, 1, 0, 0, 1, 1, 0, 1, 1, 1 ], 
  [ 0, 0, 0, 0, 0, 0, 0, 1, 1, 1, 0, 0 ], 
  [ 1, 1, 0, 0, 1, 0, 1, 0, 0, 0, 0, 1 ], 
  [ 0, 0, 1, 0, 1, 1, 1, 1, 0, 1, 0, 1 ], 
  [ 0, 0, 0, 0, 0, 0, 0, 0, 1, 1, 0, 1 ], 
  [ 1, 1, 1, 1, 1, 1, 0, 1, 0, 0, 0, 0 ], 
  [ 1, 1, 1, 0, 1, 1, 0, 1, 1, 1, 0, 1 ], 
  [ 0, 1, 0, 1, 1, 1, 0, 0, 1, 1, 0, 0 ], 
  [ 1, 1, 0, 0, 1, 1, 0, 1, 1, 1, 0, 0 ], 
  [ 1, 0, 0, 0, 0, 1, 0, 0, 1, 1, 0, 0 ], 
  [ 1, 1, 0, 1, 1, 1, 1, 0, 1, 0, 1, 1 ] ]
CLASS q=2 n=6 order=12 size=176420964335616000 M=
[ [ 1, 0, 1, 1, 1, 0, 1, 1, 1, 0, 1, 0 ], 
  [ 1, 1, 1, 1, 0, 1, 0, 0, 1, 1, 0, 0 ], 
  [ 1, 1, 1, 1, 0, 1, 1, 0, 0, 0, 1, 1 ], 
  [ 1, 1, 0, 0, 0, 1, 0, 0, 0, 0, 1, 0 ], 
  [ 1, 0, 0, 0, 0, 0, 0, 0, 0, 1, 0, 1 ], 
  [ 1, 1, 0, 1, 1, 0, 0, 0, 1, 1, 1, 1 ], 
  [ 0, 1, 0, 1, 1, 1, 0, 0, 0, 1, 1, 0 ], 
  [ 0, 1, 1, 1, 0, 1, 1, 1, 0, 1, 1, 1 ], 
  [ 0, 0, 0, 0, 1, 0, 0, 0, 0, 1, 0, 1 ], 
  [ 0, 1, 1, 0, 1, 0, 1, 0, 0, 1, 1, 0 ], 
  [ 1, 0, 1, 0, 1, 0, 1, 0, 1, 0, 1, 0 ], 
  [ 0, 1, 1, 0, 0, 1, 0, 1, 1, 1, 0, 1 ] ]
CLASS q=2 n=6 order=17 size=17002829880439603200 M=
[ [ 0, 0, 0, 1, 0, 1, 1, 0, 1, 0, 0, 0 ], 
  [ 1, 0, 1, 0, 0, 0, 1, 0, 1, 0, 0, 1 ], 
  [ 0, 0, 1, 1, 1, 1, 1, 0, 0, 0, 1, 1 ], 
  [ 0, 1, 1, 0, 0, 1, 1, 1, 0, 0, 0, 0 ], 
  [ 0, 0, 0, 1, 1, 1, 0, 0, 0, 1, 0, 1 ], 
  [ 0, 0, 1, 0, 0, 1, 1, 1, 0, 0, 1, 0 ], 
  [ 1, 0, 1, 0, 0, 1, 1, 0, 1, 1, 1, 1 ], 
  [ 0, 1, 0, 1, 1, 0, 1, 1, 0, 0, 1, 0 ], 
  [ 0, 1, 1, 1, 1, 1, 0, 0, 1, 0, 0, 0 ], 
  [ 1, 1, 1, 0, 0, 0, 1, 0, 1, 1, 0, 1 ], 
  [ 1, 0, 0, 0, 0, 1, 1, 0, 1, 0, 0, 1 ], 
  [ 1, 1, 1, 1, 0, 1, 1, 1, 1, 0, 1, 1 ] ]
CLASS q=2 n=6 order=17 size=17002829880439603200 M=
[ [ 0, 1, 0, 0, 0, 0, 0, 1, 1, 0, 1, 1 ], 
  [ 0, 0, 0, 1, 0, 1, 0, 0, 0, 0, 1, 0 ], 
  [ 0, 0, 1, 0, 0, 0, 1, 1, 0, 0, 0, 1 ], 
  [ 0, 1, 0, 0, 1, 1, 0, 1, 0, 1, 0, 1 ], 
  [ 0, 0, 1, 1, 1, 1, 0, 1, 0, 0, 0, 0 ], 
  [ 1, 1, 1, 0, 1, 0, 1, 1, 1, 0, 0, 0 ], 
  [ 1, 0, 1, 0, 1, 1, 1, 0, 1, 1, 1, 0 ], 
  [ 1, 0, 1, 0, 0, 1, 0, 1, 1, 1, 1, 1 ], 
  [ 1, 1, 1, 1, 1, 1, 0, 0, 0, 0, 1, 0 ], 
  [ 0, 1, 0, 1, 0, 1, 0, 0, 0, 1, 1, 0 ], 
  [ 1, 1, 0, 1, 0, 1, 0, 0, 1, 0, 1, 0 ], 
  [ 1, 1, 1, 1, 0, 1, 1, 0, 1, 1, 0, 1 ] ]
CLASS q=2 n=6 order=34 size=765127344619782144000 M=
[ [ 0, 1, 1, 1, 0, 1, 0, 0, 1, 0, 0, 0 ], 
  [ 1, 0, 1, 0, 0, 1, 0, 0, 1, 1, 0, 1 ], 
  [ 1, 1, 1, 0, 1, 1, 1, 0, 1, 1, 0, 1 ], 
  [ 1, 1, 1, 1, 1, 1, 1, 1, 1, 0, 0, 0 ], 
  [ 1, 1, 0, 0, 0, 1, 0, 0, 1, 1, 1, 1 ], 
  [ 1, 1, 0, 1, 1, 1, 0, 0, 1, 1, 1, 1 ], 
  [ 1, 1, 1, 1, 1, 1, 0, 0, 1, 0, 0, 0 ], 
  [ 0, 0, 1, 1, 1, 1, 0, 1, 0, 1, 1, 1 ], 
  [ 0, 1, 1, 1, 1, 1, 1, 1, 1, 1, 1, 1 ], 
  [ 1, 1, 1, 0, 0, 1, 0, 0, 1, 0, 0, 1 ], 
  [ 1, 1, 1, 1, 0, 1, 0, 0, 1, 1, 0, 0 ], 
  [ 0, 1, 1, 1, 1, 1, 1, 1, 0, 1, 0, 1 ] ]
CLASS q=2 n=6 order=34 size=765127344619782144000 M=
[ [ 1, 0, 1, 0, 0, 0, 0, 0, 0, 0, 0, 0 ], 
  [ 0, 1, 1, 0, 0, 1, 1, 0, 0, 1, 1, 1 ], 
  [ 0, 1, 1, 1, 1, 1, 1, 0, 0, 1, 0, 0 ], 
  [ 0, 1, 0, 1, 0, 1, 1, 1, 0, 0, 0, 0 ], 
  [ 0, 1, 1, 1, 1, 1, 0, 0, 0, 1, 0, 0 ], 
  [ 0, 0, 0, 0, 0, 1, 1, 1, 0, 0, 0, 1 ], 
  [ 1, 0, 1, 0, 1, 0, 1, 0, 1, 1, 0, 1 ], 
  [ 1, 0, 1, 0, 1, 0, 1, 0, 1, 0, 0, 1 ], 
  [ 1, 1, 0, 1, 0, 0, 1, 0, 0, 1, 1, 1 ], 
  [ 0, 0, 1, 0, 0, 1, 1, 0, 0, 0, 1, 1 ], 
  [ 0, 1, 0, 1, 0, 1, 0, 0, 0, 1, 0, 1 ], 
  [ 0, 0, 1, 0, 1, 0, 0, 0, 0, 1, 1, 0 ] ]
CLASS q=2 n=6 order=68 size=1530254689239564288000 M=
[ [ 1, 0, 0, 1, 0, 0, 1, 1, 1, 0, 1, 0 ], 
  [ 1, 1, 1, 1, 1, 1, 1, 0, 0, 1, 1, 1 ], 
  [ 1, 1, 1, 0, 0, 0, 1, 0, 1, 1, 0, 0 ], 
  [ 0, 0, 0, 1, 0, 1, 0, 1, 0, 1, 1, 0 ], 
  [ 0, 1, 0, 0, 0, 1, 1, 0, 1, 0, 1, 0 ], 
  [ 0, 1, 1, 1, 1, 0, 0, 1, 0, 1, 1, 0 ], 
  [ 1, 0, 1, 0, 1, 0, 1, 1, 0, 0, 1, 1 ], 
  [ 1, 0, 1, 1, 0, 0, 0, 1, 1, 0, 1, 0 ], 
  [ 1, 0, 1, 1, 0, 0, 0, 1, 0, 1, 1, 1 ], 
  [ 0, 1, 1, 1, 1, 0, 1, 1, 1, 0, 0, 0 ], 
  [ 0, 1, 0, 1, 1, 0, 0, 1, 1, 0, 1, 0 ], 
  [ 1, 0, 0, 0, 1, 0, 0, 0, 0, 1, 1, 1 ] ]
CLASS q=2 n=6 order=68 size=1530254689239564288000 M=
[ [ 0, 1, 0, 0, 0, 1, 0, 0, 0, 0, 1, 1 ], 
  [ 0, 0, 0, 0, 1, 0, 1, 0, 1, 1, 0, 0 ], 
  [ 0, 1, 0, 1, 1, 0, 0, 1, 0, 1, 1, 0 ], 
  [ 0, 0, 0, 0, 1, 1, 1, 0, 0, 1, 0, 1 ], 
  [ 0, 1, 0, 0, 1, 1, 1, 1, 1, 1, 0, 1 ], 
  [ 0, 1, 0, 1, 1, 1, 0, 0, 0, 1, 0, 1 ], 
  [ 0, 1, 0, 1, 0, 1, 0, 0, 1, 0, 0, 0 ], 
  [ 1, 1, 0, 1, 0, 0, 1, 1, 1, 0, 0, 1 ], 
  [ 1, 1, 1, 1, 0, 0, 1, 0, 0, 0, 0, 1 ], 
  [ 1, 0, 0, 0, 1, 1, 1, 1, 0, 0, 1, 1 ], 
  [ 0, 1, 1, 0, 1, 0, 0, 1, 1, 0, 1, 0 ], 
  [ 1, 0, 0, 1, 1, 1, 1, 1, 0, 0, 1, 1 ] ]
CLASS q=2 n=6 order=68 size=1530254689239564288000 M=
[ [ 1, 1, 0, 1, 0, 1, 1, 1, 1, 0, 0, 0 ], 
  [ 0, 0, 1, 1, 0, 1, 0, 0, 1, 0, 0, 1 ], 
  [ 1, 0, 0, 1, 0, 0, 1, 1, 1, 1, 0, 1 ], 
  [ 0, 1, 1, 1, 1, 1, 0, 0, 0, 1, 0, 1 ], 
  [ 1, 1, 0, 0, 1, 0, 0, 0, 0, 1, 0, 1 ], 
  [ 0, 0, 0, 1, 0, 1, 1, 0, 0, 1, 0, 0 ], 
  [ 1, 0, 0, 1, 1, 1, 1, 1, 0, 0, 0, 0 ], 
  [ 1, 1, 1, 1, 1, 0, 1, 1, 1, 0, 1, 1 ], 
  [ 1, 0, 0, 0, 0, 0, 0, 0, 0, 1, 1, 1 ], 
  [ 1, 0, 1, 1, 0, 0, 0, 1, 0, 1, 1, 0 ], 
  [ 1, 1, 1, 0, 0, 1, 0, 1, 0, 0, 1, 0 ], 
  [ 1, 0, 1, 0, 1, 1, 1, 0, 0, 0, 0, 0 ] ]
CLASS q=2 n=6 order=68 size=1530254689239564288000 M=
[ [ 0, 0, 1, 1, 0, 1, 1, 0, 0, 0, 0, 0 ], 
  [ 0, 1, 1, 0, 0, 1, 1, 0, 1, 0, 1, 0 ], 
  [ 1, 0, 1, 1, 0, 0, 1, 0, 1, 0, 0, 0 ], 
  [ 0, 1, 1, 1, 1, 1, 1, 1, 0, 1, 0, 0 ], 
  [ 0, 1, 0, 1, 1, 1, 0, 0, 1, 0, 1, 0 ], 
  [ 1, 1, 0, 1, 1, 0, 0, 0, 1, 0, 0, 1 ], 
  [ 0, 0, 1, 1, 1, 1, 0, 1, 1, 1, 1, 0 ], 
  [ 1, 1, 1, 0, 1, 1, 1, 0, 1, 0, 0, 0 ], 
  [ 0, 1, 0, 0, 0, 0, 1, 0, 1, 1, 0, 1 ], 
  [ 1, 1, 1, 0, 0, 0, 1, 1, 0, 1, 0, 1 ], 
  [ 1, 1, 1, 1, 1, 1, 0, 1, 0, 0, 0, 0 ], 
  [ 0, 0, 0, 1, 1, 1, 0, 0, 1, 1, 0, 1 ] ]
CLASS q=2 n=6 order=34 size=255042448206594048000 M=
[ [ 0, 0, 1, 0, 1, 0, 0, 1, 1, 0, 1, 1 ], 
  [ 1, 1, 1, 0, 0, 0, 1, 1, 1, 0, 1, 1 ], 
  [ 0, 0, 1, 0, 1, 1, 1, 1, 0, 1, 1, 0 ], 
  [ 0, 1, 0, 1, 1, 1, 1, 0, 0, 1, 1, 1 ], 
  [ 1, 0, 0, 1, 0, 1, 0, 0, 1, 1, 0, 1 ], 
  [ 1, 0, 0, 0, 1, 0, 0, 1, 1, 0, 1, 1 ], 
  [ 0, 1, 0, 1, 1, 0, 1, 1, 0, 0, 0, 0 ], 
  [ 1, 1, 0, 1, 0, 1, 0, 1, 1, 0, 0, 0 ], 
  [ 1, 1, 1, 1, 1, 0, 0, 0, 0, 0, 1, 0 ], 
  [ 1, 0, 1, 0, 0, 0, 1, 1, 1, 1, 1, 1 ], 
  [ 0, 1, 1, 1, 0, 1, 0, 0, 0, 0, 0, 0 ], 
  [ 1, 1, 0, 1, 1, 1, 1, 1, 1, 0, 1, 0 ] ]
CLASS q=2 n=6 order=34 size=255042448206594048000 M=
[ [ 1, 1, 1, 0, 1, 0, 1, 0, 0, 1, 1, 1 ], 
  [ 0, 0, 1, 1, 0, 0, 1, 0, 0, 0, 1, 1 ], 
  [ 1, 1, 0, 1, 1, 1, 1, 0, 1, 1, 0, 1 ], 
  [ 1, 1, 0, 0, 0, 1, 0, 1, 1, 1, 1, 0 ], 
  [ 0, 1, 0, 1, 1, 1, 0, 1, 0, 1, 1, 1 ], 
  [ 1, 0, 1, 1, 1, 1, 0, 0, 1, 0, 1, 1 ], 
  [ 0, 0, 1, 0, 0, 1, 1, 0, 0, 1, 1, 0 ], 
  [ 1, 0, 1, 0, 0, 1, 1, 0, 1, 1, 1, 0 ], 
  [ 1, 1, 1, 1, 1, 1, 0, 0, 0, 1, 0, 0 ], 
  [ 0, 1, 1, 1, 0, 0, 1, 0, 0, 1, 1, 1 ], 
  [ 1, 0, 0, 1, 1, 0, 1, 1, 1, 0, 0, 0 ], 
  [ 0, 1, 1, 0, 0, 0, 0, 0, 0, 1, 1, 0 ] ]
CLASS q=2 n=6 order=51 size=680113195217584128000 M=
[ [ 0, 0, 1, 0, 0, 1, 1, 0, 1, 1, 0, 0 ], 
  [ 1, 0, 1, 1, 1, 1, 1, 0, 0, 1, 0, 1 ], 
  [ 0, 1, 0, 0, 0, 0, 0, 1, 0, 1, 0, 0 ], 
  [ 1, 1, 0, 1, 1, 0, 1, 0, 1, 1, 0, 1 ], 
  [ 1, 0, 0, 1, 0, 1, 1, 1, 0, 0, 1, 0 ], 
  [ 1, 0, 1, 0, 1, 0, 0, 0, 1, 0, 1, 1 ], 
  [ 1, 1, 0, 0, 1, 0, 1, 1, 0, 0, 1, 0 ], 
  [ 1, 0, 0, 1, 1, 1, 0, 0, 1, 1, 0, 1 ], 
  [ 1, 0, 0, 1, 1, 0, 0, 0, 1, 1, 1, 1 ], 
  [ 0, 0, 1, 1, 1, 0, 1, 1, 1, 0, 1, 0 ], 
  [ 1, 0, 0, 0, 0, 1, 1, 1, 0, 1, 0, 0 ], 
  [ 1, 1, 1, 1, 0, 0, 1, 1, 0, 0, 0, 0 ] ]
CLASS q=2 n=6 order=51 size=680113195217584128000 M=
[ [ 0, 1, 1, 0, 1, 1, 0, 0, 1, 1, 0, 1 ], 
  [ 0, 0, 1, 1, 0, 1, 0, 0, 1, 0, 0, 1 ], 
  [ 1, 0, 0, 1, 0, 0, 1, 1, 1, 1, 0, 1 ], 
  [ 0, 1, 1, 1, 1, 1, 0, 0, 0, 1, 0, 1 ], 
  [ 0, 1, 0, 0, 1, 1, 0, 1, 1, 0, 1, 0 ], 
  [ 1, 0, 0, 1, 0, 0, 1, 1, 1, 0, 1, 1 ], 
  [ 1, 0, 0, 1, 1, 1, 1, 1, 0, 0, 0, 0 ], 
  [ 0, 1, 1, 1, 1, 1, 1, 0, 0, 1, 0, 0 ], 
  [ 1, 0, 1, 1, 1, 1, 1, 0, 1, 1, 0, 1 ], 
  [ 1, 0, 1, 1, 0, 0, 0, 1, 0, 1, 1, 0 ], 
  [ 0, 1, 1, 0, 0, 0, 0, 0, 1, 1, 0, 1 ], 
  [ 0, 0, 1, 0, 1, 0, 1, 1, 1, 1, 1, 1 ] ]
CLASS q=2 n=6 order=102 size=2040339585652752384000 M=
[ [ 1, 1, 1, 1, 0, 0, 1, 1, 1, 0, 1, 1 ], 
  [ 1, 0, 1, 0, 1, 1, 0, 1, 0, 1, 1, 0 ], 
  [ 1, 1, 1, 1, 0, 0, 1, 0, 1, 1, 0, 0 ], 
  [ 0, 0, 1, 1, 1, 1, 1, 1, 0, 0, 0, 0 ], 
  [ 1, 1, 0, 1, 0, 1, 1, 1, 0, 0, 1, 0 ], 
  [ 1, 0, 0, 1, 1, 0, 0, 0, 1, 1, 0, 1 ], 
  [ 1, 1, 1, 1, 0, 1, 1, 0, 0, 0, 1, 0 ], 
  [ 1, 0, 1, 0, 1, 1, 1, 0, 1, 1, 0, 0 ], 
  [ 0, 1, 0, 0, 1, 1, 0, 0, 1, 0, 1, 0 ], 
  [ 0, 1, 1, 0, 1, 0, 0, 0, 1, 1, 0, 1 ], 
  [ 0, 0, 1, 1, 0, 1, 1, 0, 1, 1, 0, 0 ], 
  [ 1, 0, 0, 1, 0, 1, 1, 1, 0, 1, 0, 1 ] ]
CLASS q=2 n=6 order=102 size=2040339585652752384000 M=
[ [ 0, 0, 0, 0, 1, 1, 0, 1, 0, 1, 1, 0 ], 
  [ 0, 1, 0, 0, 0, 1, 1, 0, 1, 0, 0, 0 ], 
  [ 1, 1, 1, 0, 1, 1, 1, 0, 1, 0, 0, 0 ], 
  [ 0, 1, 1, 1, 0, 1, 1, 0, 0, 0, 0, 0 ], 
  [ 0, 1, 0, 0, 0, 1, 0, 0, 1, 0, 1, 0 ], 
  [ 0, 1, 1, 1, 1, 0, 1, 1, 0, 0, 1, 0 ], 
  [ 1, 1, 0, 1, 1, 0, 0, 1, 0, 1, 1, 1 ], 
  [ 0, 1, 1, 1, 0, 0, 0, 0, 0, 0, 1, 0 ], 
  [ 1, 1, 0, 1, 0, 0, 0, 0, 0, 1, 0, 0 ], 
  [ 1, 0, 0, 0, 0, 0, 1, 1, 0, 0, 1, 1 ], 
  [ 1, 0, 1, 0, 0, 0, 0, 0, 0, 1, 0, 0 ], 
  [ 1, 0, 1, 1, 0, 1, 0, 1, 0, 0, 0, 1 ] ]
CLASS q=2 n=6 order=12 size=705683857342464000 M=
[ [ 1, 0, 0, 1, 0, 1, 0, 1, 0, 1, 1, 0 ], 
  [ 0, 0, 1, 1, 0, 1, 1, 0, 0, 1, 1, 1 ], 
  [ 1, 0, 0, 0, 0, 0, 0, 1, 1, 0, 1, 1 ], 
  [ 0, 1, 1, 1, 1, 0, 0, 1, 1, 1, 1, 0 ], 
  [ 0, 1, 1, 0, 0, 1, 0, 1, 1, 0, 0, 1 ], 
  [ 1, 1, 1, 1, 0, 0, 1, 0, 1, 1, 1, 0 ], 
  [ 1, 1, 0, 1, 0, 0, 0, 1, 0, 1, 1, 1 ], 
  [ 1, 1, 1, 1, 1, 0, 0, 1, 1, 0, 1, 0 ], 
  [ 0, 1, 0, 0, 1, 1, 1, 1, 1, 1, 1, 0 ], 
  [ 0, 1, 0, 1, 0, 1, 0, 0, 1, 1, 0, 0 ], 
  [ 0, 1, 0, 0, 0, 0, 1, 0, 1, 1, 0, 1 ], 
  [ 1, 1, 1, 0, 0, 1, 1, 1, 1, 1, 1, 0 ] ]
CLASS q=2 n=6 order=12 size=1411367714684928000 M=
[ [ 1, 1, 1, 0, 0, 0, 1, 0, 1, 1, 0, 1 ], 
  [ 1, 0, 0, 0, 1, 0, 1, 0, 1, 0, 1, 1 ], 
  [ 1, 1, 1, 1, 1, 0, 1, 1, 1, 0, 1, 1 ], 
  [ 1, 0, 1, 0, 0, 0, 1, 0, 1, 0, 0, 0 ], 
  [ 1, 1, 1, 0, 1, 1, 0, 0, 1, 1, 0, 1 ], 
  [ 1, 1, 1, 0, 0, 0, 0, 1, 1, 0, 0, 0 ], 
  [ 0, 0, 1, 1, 0, 0, 0, 0, 1, 1, 1, 0 ], 
  [ 0, 1, 1, 1, 0, 0, 0, 0, 0, 0, 0, 1 ], 
  [ 0, 1, 1, 0, 0, 1, 1, 1, 1, 0, 1, 0 ], 
  [ 1, 0, 0, 1, 0, 1, 0, 1, 1, 0, 0, 0 ], 
  [ 1, 0, 1, 1, 1, 1, 1, 0, 0, 1, 1, 1 ], 
  [ 0, 0, 0, 1, 1, 0, 1, 1, 1, 0, 1, 0 ] ]
CLASS q=2 n=6 order=30 size=602183558265569280 M=
[ [ 0, 0, 0, 0, 1, 0, 0, 0, 0, 1, 1, 1 ], 
  [ 1, 0, 1, 0, 0, 1, 1, 1, 0, 1, 0, 0 ], 
  [ 1, 1, 1, 1, 0, 1, 1, 1, 0, 0, 1, 0 ], 
  [ 1, 0, 1, 1, 1, 0, 1, 0, 1, 0, 1, 0 ], 
  [ 1, 0, 1, 1, 1, 0, 1, 1, 0, 1, 0, 0 ], 
  [ 1, 0, 0, 0, 0, 1, 1, 1, 0, 1, 0, 1 ], 
  [ 0, 1, 1, 0, 0, 1, 1, 0, 0, 0, 0, 1 ], 
  [ 1, 0, 1, 0, 1, 0, 1, 1, 1, 1, 0, 1 ], 
  [ 1, 1, 1, 0, 1, 0, 1, 0, 1, 1, 0, 1 ], 
  [ 1, 1, 1, 1, 0, 1, 0, 1, 1, 0, 1, 1 ], 
  [ 1, 0, 0, 0, 1, 1, 1, 0, 0, 0, 0, 1 ], 
  [ 0, 1, 0, 0, 0, 0, 0, 0, 1, 0, 0, 1 ] ]
CLASS q=2 n=6 order=60 size=867144323902419763200 M=
[ [ 0, 1, 1, 0, 1, 0, 0, 0, 1, 0, 0, 1 ], 
  [ 0, 0, 1, 0, 1, 1, 0, 1, 1, 0, 0, 1 ], 
  [ 0, 1, 0, 1, 0, 0, 0, 0, 0, 1, 0, 1 ], 
  [ 0, 1, 0, 1, 0, 0, 0, 1, 0, 0, 1, 0 ], 
  [ 1, 0, 1, 0, 1, 0, 0, 0, 0, 1, 0, 0 ], 
  [ 0, 1, 1, 0, 0, 1, 0, 1, 1, 1, 0, 1 ], 
  [ 1, 1, 0, 0, 0, 1, 1, 1, 0, 1, 1, 0 ], 
  [ 1, 1, 1, 0, 0, 1, 1, 1, 0, 0, 0, 1 ], 
  [ 0, 0, 1, 0, 0, 1, 0, 0, 1, 1, 0, 1 ], 
  [ 0, 1, 0, 1, 1, 0, 1, 0, 0, 1, 0, 1 ], 
  [ 1, 0, 1, 1, 0, 1, 1, 1, 0, 1, 0, 1 ], 
  [ 0, 0, 0, 0, 0, 1, 0, 1, 1, 0, 1, 0 ] ]
CLASS q=2 n=6 order=51 size=680113195217584128000 M=
[ [ 0, 1, 1, 0, 0, 1, 1, 0, 0, 0, 0, 1 ], 
  [ 1, 0, 1, 0, 0, 0, 1, 0, 1, 0, 0, 1 ], 
  [ 0, 0, 0, 0, 0, 0, 0, 0, 1, 0, 0, 1 ], 
  [ 0, 1, 0, 1, 1, 0, 0, 1, 1, 0, 1, 0 ], 
  [ 0, 1, 0, 1, 0, 0, 1, 0, 0, 1, 1, 0 ], 
  [ 0, 1, 1, 0, 1, 0, 0, 1, 0, 0, 0, 1 ], 
  [ 1, 0, 1, 0, 0, 1, 1, 0, 1, 1, 1, 1 ], 
  [ 0, 0, 0, 1, 0, 1, 0, 1, 0, 0, 0, 1 ], 
  [ 0, 1, 1, 1, 1, 1, 0, 0, 1, 0, 0, 0 ], 
  [ 1, 1, 0, 1, 1, 1, 0, 0, 0, 1, 1, 1 ], 
  [ 1, 1, 1, 1, 0, 1, 1, 0, 0, 0, 0, 0 ], 
  [ 1, 0, 1, 1, 1, 0, 0, 1, 1, 0, 0, 0 ] ]
CLASS q=2 n=6 order=51 size=680113195217584128000 M=
[ [ 1, 0, 1, 0, 1, 1, 1, 0, 1, 1, 0, 1 ], 
  [ 1, 1, 1, 0, 1, 1, 1, 1, 1, 1, 1, 1 ], 
  [ 1, 0, 0, 0, 0, 1, 1, 0, 0, 0, 1, 0 ], 
  [ 0, 0, 0, 0, 1, 0, 0, 0, 1, 0, 0, 0 ], 
  [ 0, 1, 0, 1, 1, 1, 0, 0, 0, 1, 1, 0 ], 
  [ 0, 1, 1, 0, 0, 0, 0, 1, 0, 0, 0, 0 ], 
  [ 1, 1, 0, 1, 0, 1, 0, 0, 1, 1, 1, 1 ], 
  [ 1, 0, 1, 1, 1, 1, 0, 0, 1, 1, 1, 1 ], 
  [ 0, 1, 1, 0, 0, 0, 0, 1, 1, 0, 1, 0 ], 
  [ 1, 0, 0, 1, 0, 0, 0, 1, 0, 0, 0, 1 ], 
  [ 0, 1, 0, 0, 1, 0, 0, 0, 1, 0, 1, 0 ], 
  [ 0, 0, 1, 1, 1, 1, 1, 0, 0, 1, 0, 1 ] ]
CLASS q=2 n=6 order=34 size=255042448206594048000 M=
[ [ 0, 0, 1, 1, 1, 1, 0, 1, 1, 0, 1, 1 ], 
  [ 1, 0, 0, 0, 0, 0, 1, 1, 0, 0, 1, 1 ], 
  [ 1, 1, 0, 1, 0, 0, 0, 0, 0, 0, 1, 0 ], 
  [ 0, 1, 0, 0, 1, 0, 0, 0, 1, 0, 1, 0 ], 
  [ 0, 1, 1, 1, 1, 0, 1, 0, 0, 0, 0, 0 ], 
  [ 1, 0, 0, 0, 0, 0, 0, 0, 0, 0, 1, 1 ], 
  [ 0, 0, 0, 1, 1, 1, 0, 0, 1, 1, 0, 0 ], 
  [ 1, 0, 0, 0, 1, 0, 1, 1, 0, 0, 1, 1 ], 
  [ 1, 1, 1, 0, 0, 0, 0, 0, 1, 0, 0, 1 ], 
  [ 0, 1, 1, 1, 1, 0, 0, 0, 0, 0, 1, 0 ], 
  [ 1, 0, 1, 0, 0, 0, 0, 0, 0, 1, 0, 0 ], 
  [ 1, 0, 0, 0, 1, 0, 1, 1, 1, 0, 1, 1 ] ]
CLASS q=2 n=6 order=34 size=255042448206594048000 M=
[ [ 1, 1, 1, 1, 0, 1, 0, 0, 0, 0, 0, 1 ], 
  [ 0, 1, 1, 1, 1, 1, 0, 1, 1, 1, 1, 0 ], 
  [ 1, 0, 0, 0, 1, 1, 1, 1, 0, 0, 0, 0 ], 
  [ 0, 1, 1, 0, 1, 1, 0, 0, 1, 1, 1, 1 ], 
  [ 0, 0, 1, 1, 1, 0, 0, 1, 0, 1, 1, 0 ], 
  [ 1, 0, 1, 0, 1, 1, 0, 0, 0, 1, 1, 1 ], 
  [ 0, 0, 0, 1, 0, 1, 1, 0, 1, 0, 1, 0 ], 
  [ 0, 0, 0, 0, 0, 0, 0, 0, 1, 0, 0, 1 ], 
  [ 1, 1, 1, 0, 1, 0, 1, 1, 1, 0, 0, 1 ], 
  [ 1, 0, 0, 0, 0, 1, 1, 0, 1, 1, 1, 1 ], 
  [ 1, 0, 1, 1, 0, 1, 0, 1, 0, 1, 1, 1 ], 
  [ 0, 0, 0, 0, 0, 1, 0, 1, 0, 0, 0, 1 ] ]
CLASS q=2 n=6 order=102 size=2040339585652752384000 M=
[ [ 1, 0, 0, 0, 1, 1, 0, 1, 0, 1, 0, 1 ], 
  [ 0, 1, 1, 0, 1, 0, 0, 0, 1, 1, 0, 1 ], 
  [ 1, 0, 1, 1, 1, 1, 0, 0, 1, 1, 1, 1 ], 
  [ 0, 1, 1, 1, 0, 0, 0, 1, 0, 0, 1, 1 ], 
  [ 1, 1, 0, 1, 0, 1, 1, 1, 0, 0, 1, 0 ], 
  [ 0, 1, 0, 1, 1, 1, 0, 1, 0, 1, 1, 0 ], 
  [ 0, 0, 1, 1, 0, 0, 1, 1, 1, 0, 0, 1 ], 
  [ 0, 1, 1, 0, 1, 0, 1, 1, 0, 1, 1, 1 ], 
  [ 0, 1, 1, 1, 1, 1, 0, 0, 0, 1, 1, 1 ], 
  [ 1, 1, 1, 0, 0, 0, 1, 1, 0, 1, 0, 1 ], 
  [ 0, 1, 1, 1, 1, 0, 0, 0, 1, 1, 1, 1 ], 
  [ 1, 0, 0, 1, 0, 1, 1, 1, 0, 1, 0, 1 ] ]
CLASS q=2 n=6 order=102 size=2040339585652752384000 M=
[ [ 0, 1, 1, 1, 0, 0, 1, 1, 1, 0, 0, 0 ], 
  [ 1, 0, 0, 0, 0, 0, 1, 1, 0, 0, 1, 1 ], 
  [ 1, 0, 1, 0, 0, 0, 0, 0, 1, 0, 1, 1 ], 
  [ 0, 0, 1, 1, 1, 0, 0, 0, 0, 0, 1, 1 ], 
  [ 0, 1, 0, 0, 0, 1, 0, 0, 1, 0, 1, 0 ], 
  [ 1, 0, 1, 1, 1, 1, 1, 0, 1, 0, 0, 1 ], 
  [ 0, 0, 0, 1, 1, 1, 0, 0, 1, 1, 0, 0 ], 
  [ 1, 0, 1, 1, 0, 1, 0, 1, 1, 0, 0, 1 ], 
  [ 1, 1, 1, 0, 0, 0, 0, 0, 1, 0, 0, 1 ], 
  [ 0, 0, 0, 0, 1, 0, 0, 0, 1, 0, 1, 1 ], 
  [ 1, 1, 1, 0, 1, 1, 1, 0, 0, 1, 1, 1 ], 
  [ 1, 0, 1, 1, 0, 1, 0, 1, 0, 0, 0, 1 ] ]
CLASS q=2 n=6 order=24 size=2167860809756049408000 M=
[ [ 0, 0, 1, 0, 1, 1, 0, 1, 0, 1, 1, 0 ], 
  [ 1, 0, 0, 1, 1, 0, 0, 0, 0, 1, 1, 1 ], 
  [ 1, 0, 1, 1, 1, 1, 0, 1, 0, 1, 1, 1 ], 
  [ 0, 1, 1, 0, 1, 0, 0, 1, 1, 0, 1, 0 ], 
  [ 1, 1, 0, 1, 1, 0, 0, 0, 1, 1, 1, 1 ], 
  [ 0, 1, 1, 1, 0, 1, 1, 1, 1, 1, 0, 0 ], 
  [ 0, 1, 1, 0, 1, 1, 1, 0, 1, 0, 0, 0 ], 
  [ 0, 1, 0, 1, 1, 0, 0, 1, 1, 0, 1, 1 ], 
  [ 1, 1, 1, 1, 0, 0, 1, 1, 0, 1, 0, 0 ], 
  [ 1, 1, 0, 1, 1, 1, 0, 1, 1, 1, 1, 0 ], 
  [ 1, 1, 0, 1, 0, 1, 1, 0, 0, 1, 1, 1 ], 
  [ 1, 0, 0, 0, 1, 0, 1, 1, 1, 1, 0, 1 ] ]
CLASS q=2 n=6 order=15 size=2774861836487743242240 M=
[ [ 0, 0, 0, 0, 1, 1, 1, 0, 1, 1, 0, 0 ], 
  [ 0, 1, 0, 1, 0, 0, 1, 1, 0, 0, 1, 0 ], 
  [ 1, 0, 0, 1, 1, 1, 0, 1, 1, 0, 0, 0 ], 
  [ 1, 0, 1, 0, 1, 1, 0, 0, 0, 0, 0, 0 ], 
  [ 0, 1, 0, 1, 0, 0, 0, 0, 1, 1, 1, 0 ], 
  [ 1, 1, 1, 1, 0, 0, 1, 1, 0, 1, 0, 0 ], 
  [ 1, 0, 1, 1, 0, 1, 1, 0, 0, 1, 1, 1 ], 
  [ 0, 1, 0, 0, 0, 1, 1, 1, 1, 1, 0, 0 ], 
  [ 0, 1, 1, 0, 0, 1, 1, 1, 0, 0, 0, 1 ], 
  [ 0, 1, 0, 0, 0, 1, 1, 0, 0, 1, 0, 1 ], 
  [ 0, 1, 1, 0, 0, 1, 1, 0, 1, 0, 1, 0 ], 
  [ 1, 1, 0, 1, 1, 1, 0, 0, 1, 1, 1, 1 ] ]
CLASS q=2 n=6 order=35 size=991022084459908300800 M=
[ [ 0, 0, 0, 0, 0, 1, 1, 1, 1, 0, 1, 1 ], 
  [ 1, 0, 1, 1, 1, 1, 0, 1, 0, 1, 0, 0 ], 
  [ 1, 0, 1, 0, 0, 0, 0, 0, 1, 0, 1, 1 ], 
  [ 1, 0, 0, 1, 0, 1, 1, 1, 1, 1, 0, 1 ], 
  [ 1, 0, 1, 1, 0, 0, 1, 0, 1, 0, 1, 0 ], 
  [ 1, 0, 1, 0, 0, 1, 0, 0, 0, 1, 0, 1 ], 
  [ 0, 1, 0, 1, 0, 0, 0, 0, 0, 1, 0, 1 ], 
  [ 1, 1, 1, 0, 0, 1, 1, 0, 0, 0, 1, 0 ], 
  [ 1, 1, 1, 1, 0, 0, 0, 0, 1, 0, 1, 1 ], 
  [ 0, 0, 1, 0, 1, 1, 1, 0, 0, 0, 1, 1 ], 
  [ 1, 1, 1, 1, 0, 0, 1, 1, 0, 0, 0, 0 ], 
  [ 0, 0, 0, 1, 1, 0, 0, 0, 0, 1, 0, 0 ] ]
CLASS q=2 n=6 order=105 size=1982044168919816601600 M=
[ [ 1, 1, 0, 0, 0, 1, 1, 1, 0, 0, 0, 0 ], 
  [ 0, 1, 0, 0, 1, 0, 1, 0, 0, 0, 1, 0 ], 
  [ 1, 1, 1, 0, 0, 0, 1, 1, 1, 1, 1, 0 ], 
  [ 1, 0, 1, 0, 1, 1, 0, 0, 0, 0, 1, 0 ], 
  [ 0, 0, 0, 0, 0, 1, 0, 0, 1, 0, 1, 1 ], 
  [ 0, 0, 0, 0, 1, 0, 0, 1, 1, 1, 0, 1 ], 
  [ 1, 1, 1, 1, 0, 1, 1, 1, 1, 1, 0, 1 ], 
  [ 1, 1, 1, 1, 0, 0, 1, 1, 1, 0, 0, 0 ], 
  [ 1, 0, 0, 1, 1, 0, 1, 1, 0, 0, 1, 0 ], 
  [ 1, 1, 0, 1, 1, 0, 1, 0, 1, 0, 0, 1 ], 
  [ 0, 1, 0, 1, 1, 0, 1, 1, 1, 0, 0, 1 ], 
  [ 0, 1, 1, 0, 0, 1, 0, 1, 1, 1, 1, 0 ] ]
CLASS q=2 n=6 order=120 size=867144323902419763200 M=
[ [ 1, 1, 0, 1, 0, 0, 1, 1, 0, 1, 0, 1 ], 
  [ 0, 0, 0, 1, 1, 1, 1, 0, 0, 0, 0, 1 ], 
  [ 1, 1, 1, 0, 0, 1, 1, 0, 0, 0, 0, 1 ], 
  [ 0, 0, 1, 1, 0, 1, 0, 0, 1, 1, 0, 0 ], 
  [ 1, 1, 1, 1, 0, 0, 1, 0, 1, 1, 1, 1 ], 
  [ 1, 1, 1, 0, 1, 1, 0, 0, 0, 0, 1, 1 ], 
  [ 0, 1, 1, 0, 1, 0, 1, 0, 1, 1, 0, 0 ], 
  [ 1, 1, 0, 1, 1, 1, 1, 0, 1, 1, 0, 1 ], 
  [ 0, 0, 1, 0, 1, 1, 0, 1, 0, 0, 0, 0 ], 
  [ 1, 0, 1, 0, 0, 0, 1, 0, 0, 1, 1, 0 ], 
  [ 1, 0, 1, 1, 1, 1, 1, 0, 0, 1, 1, 1 ], 
  [ 0, 0, 1, 1, 0, 0, 1, 1, 1, 1, 0, 1 ] ]
CLASS q=2 n=6 order=24 size=90327533739835392000 M=
[ [ 0, 1, 1, 1, 0, 1, 1, 1, 1, 1, 1, 0 ], 
  [ 1, 0, 1, 0, 1, 0, 1, 0, 0, 0, 1, 1 ], 
  [ 0, 0, 0, 1, 0, 0, 0, 1, 0, 1, 1, 1 ], 
  [ 1, 0, 1, 1, 1, 1, 1, 1, 0, 0, 1, 0 ], 
  [ 0, 0, 0, 1, 1, 0, 1, 1, 1, 1, 0, 0 ], 
  [ 0, 0, 0, 0, 1, 1, 1, 0, 0, 1, 0, 1 ], 
  [ 1, 1, 0, 1, 0, 1, 1, 1, 1, 0, 1, 1 ], 
  [ 1, 0, 0, 0, 0, 1, 1, 0, 0, 0, 1, 0 ], 
  [ 1, 1, 1, 1, 1, 0, 0, 1, 0, 0, 0, 1 ], 
  [ 0, 1, 0, 1, 0, 1, 0, 1, 0, 0, 0, 0 ], 
  [ 1, 0, 1, 0, 1, 0, 1, 1, 1, 0, 1, 0 ], 
  [ 1, 0, 0, 0, 1, 0, 0, 1, 1, 0, 1, 0 ] ]
CLASS q=2 n=6 order=12 size=90327533739835392000 M=
[ [ 0, 0, 0, 0, 0, 1, 1, 1, 0, 1, 0, 0 ], 
  [ 0, 1, 1, 0, 1, 0, 1, 0, 1, 0, 0, 1 ], 
  [ 0, 1, 0, 0, 0, 1, 0, 0, 0, 1, 0, 1 ], 
  [ 0, 0, 1, 0, 0, 1, 1, 1, 0, 1, 1, 1 ], 
  [ 0, 1, 0, 1, 1, 0, 0, 1, 0, 1, 1, 0 ], 
  [ 1, 0, 0, 1, 1, 1, 0, 0, 1, 0, 1, 0 ], 
  [ 0, 1, 0, 0, 0, 0, 0, 1, 1, 0, 1, 1 ], 
  [ 1, 0, 0, 1, 1, 0, 0, 0, 1, 1, 1, 0 ], 
  [ 0, 0, 1, 0, 0, 0, 1, 1, 0, 1, 0, 0 ], 
  [ 1, 1, 0, 1, 0, 1, 0, 0, 0, 0, 1, 0 ], 
  [ 1, 1, 1, 1, 1, 1, 0, 0, 1, 0, 1, 0 ], 
  [ 0, 1, 1, 1, 1, 0, 1, 1, 1, 0, 0, 1 ] ]
CLASS q=2 n=6 order=8 size=25404618864328704000 M=
[ [ 1, 0, 1, 0, 1, 1, 0, 1, 0, 1, 0, 1 ], 
  [ 0, 0, 1, 0, 0, 1, 0, 0, 0, 1, 0, 1 ], 
  [ 0, 1, 1, 1, 1, 0, 1, 1, 1, 0, 1, 1 ], 
  [ 1, 0, 1, 1, 1, 0, 0, 1, 1, 1, 1, 1 ], 
  [ 1, 1, 1, 1, 0, 1, 0, 1, 1, 0, 0, 1 ], 
  [ 0, 0, 0, 0, 0, 0, 0, 0, 0, 1, 0, 1 ], 
  [ 1, 0, 1, 0, 0, 0, 0, 0, 1, 1, 1, 0 ], 
  [ 1, 1, 0, 1, 1, 0, 1, 0, 0, 1, 0, 0 ], 
  [ 1, 0, 0, 1, 1, 0, 0, 1, 0, 1, 0, 0 ], 
  [ 1, 1, 0, 0, 0, 0, 1, 1, 1, 0, 1, 0 ], 
  [ 1, 0, 0, 0, 0, 0, 0, 1, 0, 1, 0, 1 ], 
  [ 0, 0, 1, 1, 1, 1, 1, 1, 1, 1, 1, 1 ] ]
CLASS q=2 n=6 order=8 size=12702309432164352000 M=
[ [ 0, 1, 0, 1, 1, 0, 1, 0, 0, 0, 0, 1 ], 
  [ 0, 0, 0, 0, 0, 1, 0, 1, 1, 0, 1, 1 ], 
  [ 1, 0, 1, 0, 1, 1, 1, 0, 1, 1, 1, 0 ], 
  [ 1, 1, 1, 0, 1, 0, 0, 1, 0, 1, 1, 1 ], 
  [ 1, 0, 1, 0, 0, 0, 0, 1, 0, 1, 1, 0 ], 
  [ 0, 0, 1, 0, 1, 0, 1, 0, 0, 1, 1, 0 ], 
  [ 0, 1, 1, 1, 0, 0, 0, 1, 1, 1, 0, 1 ], 
  [ 0, 0, 0, 0, 1, 0, 0, 0, 0, 1, 0, 0 ], 
  [ 1, 1, 0, 1, 1, 0, 1, 0, 0, 0, 1, 1 ], 
  [ 0, 0, 1, 0, 1, 1, 0, 1, 1, 1, 1, 1 ], 
  [ 0, 0, 0, 0, 1, 1, 1, 0, 1, 1, 1, 0 ], 
  [ 0, 1, 1, 0, 0, 0, 0, 1, 0, 1, 0, 1 ] ]
CLASS q=2 n=6 order=42 size=206462934262480896000 M=
[ [ 0, 1, 1, 1, 1, 1, 0, 1, 1, 0, 0, 0 ], 
  [ 1, 0, 1, 0, 1, 0, 0, 0, 0, 0, 1, 0 ], 
  [ 1, 1, 0, 0, 0, 1, 1, 1, 0, 1, 0, 0 ], 
  [ 0, 1, 0, 1, 1, 0, 0, 0, 1, 0, 1, 0 ], 
  [ 0, 0, 0, 0, 1, 0, 1, 1, 1, 0, 1, 0 ], 
  [ 0, 1, 0, 0, 0, 1, 0, 1, 0, 1, 0, 0 ], 
  [ 1, 0, 0, 1, 1, 0, 1, 0, 1, 0, 0, 1 ], 
  [ 0, 1, 1, 0, 0, 1, 0, 1, 0, 0, 1, 0 ], 
  [ 0, 0, 0, 1, 1, 1, 0, 0, 1, 1, 0, 0 ], 
  [ 0, 0, 1, 1, 0, 1, 1, 0, 1, 0, 0, 0 ], 
  [ 0, 1, 0, 0, 0, 0, 1, 1, 1, 1, 1, 1 ], 
  [ 0, 0, 1, 0, 0, 1, 1, 0, 1, 1, 1, 1 ] ]
CLASS q=2 n=6 order=28 size=929083204181164032000 M=
[ [ 1, 0, 1, 0, 1, 1, 0, 1, 0, 1, 0, 1 ], 
  [ 0, 0, 0, 1, 1, 0, 1, 0, 1, 1, 1, 1 ], 
  [ 1, 1, 1, 1, 0, 1, 0, 0, 1, 0, 0, 1 ], 
  [ 0, 1, 0, 0, 0, 0, 1, 0, 0, 0, 0, 0 ], 
  [ 1, 1, 0, 0, 1, 1, 1, 1, 1, 0, 1, 0 ], 
  [ 0, 0, 0, 1, 0, 0, 0, 0, 1, 1, 0, 0 ], 
  [ 1, 0, 1, 1, 0, 1, 0, 1, 0, 1, 0, 0 ], 
  [ 0, 1, 1, 1, 0, 0, 0, 0, 0, 1, 0, 0 ], 
  [ 0, 0, 1, 0, 1, 1, 1, 0, 1, 0, 0, 1 ], 
  [ 1, 1, 0, 1, 1, 0, 1, 1, 0, 0, 0, 1 ], 
  [ 0, 1, 0, 1, 0, 1, 1, 0, 1, 1, 1, 0 ], 
  [ 1, 0, 1, 1, 1, 1, 0, 1, 1, 0, 0, 0 ] ]
CLASS q=2 n=6 order=20 size=81294780365851852800 M=
[ [ 1, 0, 0, 1, 0, 1, 1, 0, 0, 0, 0, 1 ], 
  [ 1, 1, 1, 0, 1, 1, 0, 0, 0, 0, 0, 1 ], 
  [ 0, 0, 0, 1, 1, 0, 1, 1, 0, 0, 0, 1 ], 
  [ 1, 1, 1, 1, 0, 1, 1, 0, 1, 0, 0, 0 ], 
  [ 1, 1, 1, 1, 0, 1, 0, 0, 0, 0, 0, 1 ], 
  [ 1, 0, 1, 0, 1, 0, 1, 0, 0, 1, 0, 1 ], 
  [ 1, 0, 0, 1, 1, 0, 1, 0, 0, 1, 1, 0 ], 
  [ 0, 1, 0, 0, 1, 0, 0, 0, 1, 0, 0, 1 ], 
  [ 0, 1, 1, 1, 0, 1, 0, 1, 1, 0, 1, 1 ], 
  [ 1, 1, 0, 0, 0, 0, 1, 1, 0, 1, 0, 0 ], 
  [ 1, 1, 0, 0, 1, 0, 0, 1, 1, 0, 1, 1 ], 
  [ 1, 0, 0, 0, 1, 0, 1, 1, 1, 1, 0, 0 ] ]
CLASS q=2 n=6 order=20 size=86714432390241976320 M=
[ [ 1, 0, 0, 0, 1, 1, 0, 0, 0, 0, 1, 0 ], 
  [ 1, 1, 1, 0, 1, 0, 1, 0, 0, 0, 1, 1 ], 
  [ 0, 0, 0, 1, 1, 1, 0, 1, 0, 0, 1, 0 ], 
  [ 0, 0, 0, 0, 0, 0, 1, 1, 0, 1, 1, 0 ], 
  [ 0, 1, 0, 0, 0, 1, 1, 1, 0, 0, 1, 0 ], 
  [ 0, 1, 0, 1, 1, 1, 1, 0, 0, 0, 0, 1 ], 
  [ 0, 0, 0, 0, 1, 0, 0, 0, 1, 0, 1, 1 ], 
  [ 0, 1, 1, 0, 1, 1, 0, 0, 1, 0, 1, 1 ], 
  [ 1, 1, 0, 0, 1, 0, 1, 1, 0, 1, 1, 0 ], 
  [ 0, 1, 0, 0, 0, 0, 1, 0, 0, 1, 0, 1 ], 
  [ 1, 0, 0, 1, 0, 1, 0, 0, 1, 0, 0, 1 ], 
  [ 0, 1, 1, 0, 0, 1, 0, 0, 0, 1, 0, 0 ] ]
CLASS q=2 n=6 order=8 size=8468206288109568000 M=
[ [ 0, 0, 0, 1, 0, 0, 1, 1, 0, 1, 0, 1 ], 
  [ 0, 1, 1, 1, 1, 0, 1, 0, 0, 0, 1, 0 ], 
  [ 0, 1, 1, 1, 0, 1, 1, 0, 0, 1, 0, 1 ], 
  [ 1, 1, 1, 0, 1, 0, 1, 1, 0, 0, 1, 1 ], 
  [ 0, 0, 1, 1, 1, 1, 0, 0, 0, 1, 1, 1 ], 
  [ 1, 1, 0, 1, 1, 1, 1, 1, 0, 1, 0, 0 ], 
  [ 0, 1, 0, 0, 1, 0, 1, 0, 1, 1, 0, 0 ], 
  [ 0, 0, 0, 0, 0, 0, 0, 1, 1, 1, 0, 1 ], 
  [ 1, 1, 0, 0, 1, 0, 0, 0, 1, 0, 1, 1 ], 
  [ 0, 0, 1, 1, 0, 0, 1, 1, 1, 0, 0, 1 ], 
  [ 0, 0, 1, 1, 1, 0, 0, 1, 1, 0, 1, 1 ], 
  [ 1, 0, 0, 0, 1, 0, 0, 1, 1, 1, 0, 0 ] ]
CLASS q=2 n=6 order=31 size=1118895901809573888000 M=
[ [ 1, 1, 1, 1, 0, 0, 1, 1, 1, 0, 0, 0 ], 
  [ 1, 0, 0, 0, 0, 0, 1, 0, 0, 1, 1, 0 ], 
  [ 1, 1, 1, 1, 1, 0, 1, 1, 1, 0, 0, 1 ], 
  [ 1, 0, 1, 1, 0, 1, 1, 1, 0, 1, 0, 1 ], 
  [ 0, 0, 1, 0, 0, 1, 0, 0, 0, 1, 1, 0 ], 
  [ 1, 1, 0, 0, 1, 0, 0, 1, 1, 1, 0, 1 ], 
  [ 0, 1, 1, 0, 0, 1, 0, 1, 0, 1, 1, 0 ], 
  [ 0, 1, 0, 1, 0, 0, 1, 0, 1, 1, 0, 0 ], 
  [ 1, 1, 0, 1, 0, 0, 1, 0, 1, 0, 0, 0 ], 
  [ 1, 0, 0, 0, 1, 0, 1, 1, 1, 1, 0, 0 ], 
  [ 0, 0, 1, 0, 1, 1, 0, 1, 0, 0, 1, 1 ], 
  [ 0, 1, 1, 0, 1, 0, 0, 0, 1, 0, 0, 0 ] ]
CLASS q=2 n=6 order=31 size=1118895901809573888000 M=
[ [ 0, 1, 0, 0, 0, 1, 0, 0, 1, 1, 1, 1 ], 
  [ 0, 1, 0, 1, 0, 0, 0, 0, 1, 1, 0, 1 ], 
  [ 0, 0, 0, 0, 1, 0, 1, 1, 0, 1, 1, 1 ], 
  [ 0, 1, 1, 1, 1, 1, 0, 1, 0, 0, 1, 0 ], 
  [ 0, 0, 1, 0, 1, 0, 0, 1, 1, 0, 0, 0 ], 
  [ 0, 1, 0, 0, 1, 1, 1, 0, 0, 1, 1, 1 ], 
  [ 0, 1, 0, 1, 1, 0, 1, 0, 1, 0, 1, 1 ], 
  [ 1, 1, 1, 0, 1, 1, 0, 0, 0, 1, 1, 0 ], 
  [ 1, 0, 0, 0, 0, 0, 1, 1, 1, 1, 1, 0 ], 
  [ 0, 0, 1, 1, 0, 1, 0, 1, 1, 0, 0, 1 ], 
  [ 0, 0, 1, 0, 1, 1, 1, 1, 0, 0, 1, 0 ], 
  [ 1, 0, 1, 0, 0, 0, 1, 1, 0, 1, 1, 1 ] ]
CLASS q=2 n=6 order=31 size=1118895901809573888000 M=
[ [ 0, 1, 1, 1, 1, 1, 1, 1, 1, 0, 1, 0 ], 
  [ 0, 0, 0, 1, 1, 0, 1, 1, 0, 1, 1, 0 ], 
  [ 0, 1, 1, 1, 0, 1, 0, 0, 0, 1, 1, 0 ], 
  [ 0, 0, 0, 0, 0, 0, 0, 1, 1, 1, 1, 0 ], 
  [ 1, 1, 1, 1, 1, 1, 0, 0, 1, 0, 0, 1 ], 
  [ 0, 0, 1, 1, 0, 1, 0, 0, 1, 0, 0, 1 ], 
  [ 0, 1, 0, 1, 0, 1, 1, 1, 1, 0, 1, 0 ], 
  [ 0, 1, 0, 0, 0, 1, 0, 1, 0, 0, 0, 0 ], 
  [ 1, 1, 1, 0, 1, 0, 0, 0, 1, 1, 1, 0 ], 
  [ 1, 0, 1, 1, 1, 1, 0, 0, 1, 0, 1, 1 ], 
  [ 1, 0, 0, 1, 0, 1, 1, 0, 1, 1, 0, 1 ], 
  [ 1, 0, 1, 1, 0, 1, 1, 0, 0, 0, 0, 1 ] ]
CLASS q=2 n=6 order=62 size=3356687705428721664000 M=
[ [ 0, 0, 1, 0, 0, 1, 0, 0, 1, 0, 0, 0 ], 
  [ 1, 0, 1, 1, 0, 1, 1, 1, 1, 0, 0, 1 ], 
  [ 0, 0, 1, 0, 0, 1, 1, 0, 1, 0, 0, 1 ], 
  [ 1, 0, 0, 0, 0, 0, 1, 0, 0, 0, 1, 1 ], 
  [ 1, 1, 0, 0, 0, 0, 1, 0, 0, 0, 0, 1 ], 
  [ 0, 1, 0, 1, 1, 0, 1, 1, 0, 0, 1, 1 ], 
  [ 1, 1, 0, 1, 1, 1, 1, 0, 0, 0, 0, 1 ], 
  [ 1, 1, 1, 0, 1, 1, 0, 1, 0, 1, 1, 1 ], 
  [ 1, 1, 1, 0, 0, 1, 0, 0, 0, 0, 0, 1 ], 
  [ 1, 1, 1, 1, 0, 1, 0, 0, 1, 1, 0, 1 ], 
  [ 1, 1, 1, 1, 0, 1, 0, 1, 0, 1, 1, 1 ], 
  [ 1, 1, 0, 0, 1, 1, 1, 1, 1, 1, 1, 1 ] ]
CLASS q=2 n=6 order=62 size=3356687705428721664000 M=
[ [ 0, 1, 0, 1, 0, 1, 1, 1, 0, 1, 0, 0 ], 
  [ 1, 0, 0, 0, 1, 0, 1, 1, 1, 0, 0, 1 ], 
  [ 1, 1, 0, 1, 1, 1, 0, 1, 1, 0, 1, 1 ], 
  [ 0, 1, 0, 1, 1, 1, 0, 0, 1, 1, 1, 0 ], 
  [ 1, 1, 0, 1, 0, 0, 0, 0, 1, 1, 0, 1 ], 
  [ 0, 1, 0, 0, 1, 0, 1, 1, 1, 0, 1, 0 ], 
  [ 0, 1, 1, 0, 1, 1, 0, 0, 0, 1, 1, 0 ], 
  [ 0, 1, 0, 0, 1, 1, 1, 0, 0, 1, 0, 1 ], 
  [ 0, 0, 1, 1, 1, 1, 1, 1, 0, 0, 1, 1 ], 
  [ 0, 1, 1, 0, 1, 1, 0, 1, 1, 1, 0, 1 ], 
  [ 0, 0, 0, 0, 1, 1, 0, 0, 1, 0, 1, 1 ], 
  [ 0, 1, 1, 1, 1, 1, 1, 0, 1, 0, 1, 0 ] ]
CLASS q=2 n=6 order=62 size=3356687705428721664000 M=
[ [ 1, 1, 0, 1, 0, 0, 0, 0, 0, 0, 0, 1 ], 
  [ 0, 0, 1, 1, 1, 0, 0, 0, 1, 1, 0, 1 ], 
  [ 1, 1, 1, 1, 1, 1, 1, 0, 0, 0, 1, 0 ], 
  [ 0, 0, 1, 0, 0, 0, 1, 1, 1, 1, 1, 1 ], 
  [ 0, 0, 0, 0, 1, 1, 1, 0, 0, 1, 0, 0 ], 
  [ 0, 0, 0, 1, 0, 1, 1, 1, 1, 1, 0, 1 ], 
  [ 0, 1, 1, 0, 0, 0, 1, 1, 1, 0, 0, 1 ], 
  [ 1, 1, 0, 0, 1, 1, 1, 1, 1, 0, 0, 1 ], 
  [ 0, 0, 1, 1, 0, 1, 1, 1, 0, 0, 1, 0 ], 
  [ 0, 1, 0, 1, 1, 1, 1, 0, 0, 1, 1, 0 ], 
  [ 1, 0, 1, 1, 0, 1, 0, 0, 1, 0, 0, 0 ], 
  [ 0, 0, 1, 1, 1, 0, 0, 0, 1, 0, 1, 1 ] ]
CLASS q=2 n=6 order=40 size=1300716485853629644800 M=
[ [ 0, 0, 0, 0, 1, 1, 0, 0, 0, 0, 1, 1 ], 
  [ 0, 1, 0, 1, 0, 0, 1, 1, 0, 1, 0, 1 ], 
  [ 1, 1, 1, 0, 1, 1, 1, 0, 1, 0, 0, 0 ], 
  [ 0, 1, 0, 0, 1, 1, 0, 1, 0, 1, 1, 1 ], 
  [ 0, 0, 1, 1, 1, 0, 1, 1, 1, 1, 0, 1 ], 
  [ 1, 0, 0, 1, 1, 1, 0, 0, 1, 0, 0, 0 ], 
  [ 0, 1, 0, 1, 0, 1, 1, 1, 1, 0, 1, 0 ], 
  [ 0, 1, 1, 0, 0, 1, 1, 1, 1, 1, 0, 1 ], 
  [ 0, 1, 0, 0, 1, 1, 0, 0, 0, 1, 0, 0 ], 
  [ 0, 1, 0, 1, 0, 0, 1, 1, 1, 1, 1, 1 ], 
  [ 1, 0, 1, 0, 0, 0, 0, 0, 1, 1, 1, 1 ], 
  [ 1, 0, 0, 1, 0, 1, 1, 0, 0, 1, 0, 1 ] ]
CLASS q=2 n=6 order=13 size=3201763657485857587200 M=
[ [ 0, 1, 0, 1, 0, 0, 0, 0, 0, 0, 0, 0 ], 
  [ 1, 0, 0, 0, 1, 1, 1, 1, 0, 0, 0, 0 ], 
  [ 0, 0, 0, 1, 0, 1, 1, 0, 1, 0, 0, 0 ], 
  [ 0, 0, 0, 0, 1, 0, 1, 0, 1, 0, 0, 1 ], 
  [ 1, 0, 1, 1, 0, 0, 0, 0, 0, 1, 1, 1 ], 
  [ 1, 1, 1, 0, 1, 0, 0, 0, 0, 0, 0, 1 ], 
  [ 0, 0, 0, 1, 1, 0, 0, 1, 1, 0, 1, 1 ], 
  [ 1, 1, 1, 1, 0, 0, 1, 0, 1, 1, 1, 1 ], 
  [ 1, 1, 1, 1, 0, 0, 1, 0, 0, 1, 1, 0 ], 
  [ 1, 1, 1, 1, 0, 0, 0, 1, 0, 0, 1, 0 ], 
  [ 1, 0, 1, 0, 0, 1, 0, 1, 1, 0, 0, 0 ], 
  [ 0, 1, 0, 1, 0, 0, 1, 0, 1, 0, 0, 1 ] ]
CLASS q=2 n=6 order=65 size=3201763657485857587200 M=
[ [ 0, 1, 0, 1, 1, 1, 1, 0, 1, 0, 0, 1 ], 
  [ 0, 0, 1, 0, 1, 0, 1, 1, 0, 0, 0, 1 ], 
  [ 1, 1, 1, 0, 0, 0, 1, 0, 1, 1, 1, 0 ], 
  [ 0, 1, 0, 0, 1, 1, 1, 1, 1, 0, 1, 0 ], 
  [ 0, 1, 0, 1, 1, 0, 1, 1, 0, 1, 1, 0 ], 
  [ 0, 0, 1, 0, 0, 1, 1, 1, 0, 0, 1, 1 ], 
  [ 0, 0, 1, 1, 1, 1, 1, 1, 0, 0, 0, 0 ], 
  [ 0, 0, 0, 0, 0, 0, 1, 0, 1, 1, 1, 0 ], 
  [ 0, 0, 1, 0, 0, 0, 0, 1, 0, 1, 1, 0 ], 
  [ 1, 1, 1, 0, 0, 0, 0, 1, 1, 0, 1, 0 ], 
  [ 1, 0, 1, 1, 0, 1, 1, 0, 1, 0, 1, 1 ], 
  [ 0, 0, 1, 0, 1, 1, 1, 0, 1, 1, 0, 0 ] ]
CLASS q=2 n=6 order=65 size=3201763657485857587200 M=
[ [ 0, 0, 0, 0, 0, 1, 1, 0, 0, 1, 0, 0 ], 
  [ 0, 1, 0, 0, 1, 0, 1, 1, 1, 0, 0, 0 ], 
  [ 0, 1, 1, 0, 1, 1, 1, 1, 0, 1, 0, 1 ], 
  [ 0, 1, 0, 0, 1, 0, 1, 1, 0, 0, 0, 0 ], 
  [ 0, 0, 1, 1, 0, 1, 0, 1, 1, 0, 0, 1 ], 
  [ 0, 0, 1, 0, 1, 1, 0, 1, 0, 0, 1, 0 ], 
  [ 1, 0, 0, 1, 0, 1, 1, 1, 1, 0, 0, 1 ], 
  [ 1, 0, 1, 0, 1, 1, 1, 1, 0, 0, 1, 1 ], 
  [ 0, 1, 1, 1, 1, 0, 0, 0, 1, 0, 1, 0 ], 
  [ 1, 1, 0, 1, 0, 1, 0, 0, 0, 0, 1, 0 ], 
  [ 0, 1, 0, 1, 1, 1, 1, 0, 1, 0, 1, 0 ], 
  [ 0, 0, 0, 0, 1, 1, 1, 0, 1, 0, 0, 1 ] ]
CLASS q=2 n=6 order=65 size=3201763657485857587200 M=
[ [ 0, 1, 0, 1, 0, 1, 0, 1, 0, 1, 0, 1 ], 
  [ 0, 1, 1, 1, 1, 1, 1, 1, 0, 0, 0, 0 ], 
  [ 1, 0, 1, 0, 0, 1, 1, 0, 0, 1, 1, 1 ], 
  [ 0, 1, 0, 0, 0, 0, 1, 1, 1, 1, 0, 0 ], 
  [ 1, 0, 0, 0, 0, 0, 0, 1, 0, 0, 1, 0 ], 
  [ 1, 1, 0, 1, 0, 1, 0, 1, 1, 1, 0, 0 ], 
  [ 1, 0, 1, 1, 0, 1, 1, 1, 0, 1, 1, 1 ], 
  [ 1, 0, 0, 1, 0, 1, 1, 0, 1, 1, 1, 1 ], 
  [ 1, 0, 0, 1, 0, 0, 0, 0, 0, 1, 1, 0 ], 
  [ 0, 0, 1, 1, 1, 0, 1, 0, 1, 0, 0, 1 ], 
  [ 0, 1, 0, 0, 1, 1, 0, 0, 0, 0, 1, 1 ], 
  [ 1, 1, 0, 0, 0, 0, 0, 1, 0, 0, 1, 1 ] ]
CLASS q=2 n=6 order=65 size=3201763657485857587200 M=
[ [ 1, 1, 0, 1, 1, 0, 1, 1, 0, 0, 1, 0 ], 
  [ 1, 0, 1, 1, 0, 0, 0, 1, 1, 1, 1, 0 ], 
  [ 0, 0, 1, 0, 1, 0, 0, 0, 1, 1, 1, 1 ], 
  [ 1, 0, 0, 1, 1, 0, 1, 0, 1, 1, 0, 0 ], 
  [ 0, 1, 0, 1, 0, 1, 0, 0, 1, 1, 0, 0 ], 
  [ 0, 0, 1, 1, 0, 0, 0, 1, 0, 0, 1, 0 ], 
  [ 1, 1, 0, 0, 0, 1, 0, 1, 1, 0, 0, 0 ], 
  [ 0, 1, 1, 0, 0, 0, 1, 1, 0, 1, 1, 0 ], 
  [ 0, 0, 1, 1, 1, 1, 0, 0, 1, 1, 0, 0 ], 
  [ 1, 0, 1, 0, 0, 0, 0, 1, 1, 1, 1, 1 ], 
  [ 1, 1, 1, 1, 1, 0, 1, 1, 1, 0, 1, 1 ], 
  [ 0, 1, 0, 1, 1, 1, 0, 1, 1, 0, 0, 1 ] ]
CLASS q=2 n=6 order=8 size=25404618864328704000 M=
[ [ 1, 0, 1, 0, 0, 0, 0, 0, 1, 1, 0, 1 ], 
  [ 1, 1, 1, 1, 1, 1, 0, 0, 0, 0, 1, 0 ], 
  [ 0, 0, 1, 1, 0, 1, 1, 1, 1, 1, 1, 1 ], 
  [ 1, 1, 1, 0, 0, 1, 1, 0, 0, 0, 1, 0 ], 
  [ 1, 1, 1, 1, 0, 1, 1, 0, 0, 0, 0, 1 ], 
  [ 1, 1, 1, 0, 0, 0, 0, 1, 1, 1, 1, 1 ], 
  [ 0, 0, 0, 0, 0, 0, 0, 0, 1, 1, 0, 0 ], 
  [ 1, 1, 1, 1, 1, 1, 1, 0, 0, 1, 1, 0 ], 
  [ 0, 0, 1, 1, 1, 1, 0, 0, 0, 0, 1, 0 ], 
  [ 1, 0, 1, 1, 0, 1, 1, 0, 0, 0, 1, 0 ], 
  [ 0, 0, 0, 1, 0, 0, 1, 0, 0, 0, 1, 1 ], 
  [ 0, 0, 0, 0, 1, 1, 0, 1, 1, 1, 0, 0 ] ]
CLASS q=2 n=6 order=63 size=3303406948199694336000 M=
[ [ 0, 0, 0, 1, 0, 0, 1, 1, 1, 1, 0, 0 ], 
  [ 1, 1, 0, 1, 0, 0, 0, 0, 0, 1, 0, 0 ], 
  [ 1, 0, 0, 0, 1, 0, 0, 0, 1, 1, 1, 1 ], 
  [ 0, 0, 1, 1, 1, 1, 0, 0, 1, 0, 1, 0 ], 
  [ 1, 1, 0, 1, 0, 1, 0, 1, 0, 1, 0, 1 ], 
  [ 0, 1, 0, 0, 1, 1, 1, 1, 1, 1, 1, 1 ], 
  [ 1, 0, 1, 0, 0, 1, 1, 0, 0, 0, 1, 0 ], 
  [ 1, 0, 0, 0, 1, 1, 1, 1, 1, 1, 0, 1 ], 
  [ 1, 1, 1, 0, 0, 1, 1, 1, 1, 0, 1, 0 ], 
  [ 1, 1, 1, 0, 1, 1, 1, 0, 1, 1, 0, 0 ], 
  [ 0, 0, 1, 1, 1, 0, 1, 0, 1, 1, 0, 0 ], 
  [ 0, 0, 0, 1, 1, 1, 1, 0, 0, 1, 0, 0 ] ]
CLASS q=2 n=6 order=56 size=1858166408362328064000 M=
[ [ 0, 1, 1, 0, 1, 1, 1, 0, 1, 1, 0, 1 ], 
  [ 0, 0, 1, 0, 1, 1, 0, 0, 1, 1, 1, 1 ], 
  [ 1, 0, 1, 1, 1, 1, 0, 1, 0, 1, 0, 0 ], 
  [ 1, 0, 1, 0, 0, 0, 1, 1, 1, 0, 1, 0 ], 
  [ 0, 0, 1, 1, 0, 0, 1, 0, 1, 0, 0, 0 ], 
  [ 1, 1, 1, 0, 0, 0, 0, 0, 0, 0, 1, 1 ], 
  [ 1, 0, 0, 1, 0, 1, 0, 1, 0, 0, 0, 0 ], 
  [ 0, 0, 0, 0, 1, 1, 0, 0, 0, 0, 0, 0 ], 
  [ 1, 0, 0, 0, 1, 1, 1, 0, 1, 0, 0, 1 ], 
  [ 1, 1, 1, 1, 1, 1, 1, 0, 0, 0, 0, 1 ], 
  [ 1, 1, 1, 1, 0, 0, 0, 1, 1, 1, 1, 0 ], 
  [ 1, 1, 1, 0, 0, 0, 0, 1, 0, 0, 0, 0 ] ]
CLASS q=2 n=6 order=70 size=2973066253379724902400 M=
[ [ 0, 1, 1, 1, 1, 0, 1, 1, 0, 1, 0, 1 ], 
  [ 0, 1, 0, 0, 0, 0, 1, 0, 0, 0, 0, 0 ], 
  [ 0, 1, 1, 1, 0, 1, 1, 0, 1, 0, 1, 1 ], 
  [ 0, 1, 0, 0, 0, 1, 0, 0, 1, 0, 0, 1 ], 
  [ 0, 0, 1, 1, 0, 1, 0, 0, 0, 1, 1, 0 ], 
  [ 1, 0, 1, 1, 1, 0, 1, 1, 1, 0, 0, 1 ], 
  [ 0, 0, 1, 1, 0, 0, 0, 0, 0, 0, 0, 0 ], 
  [ 1, 1, 1, 0, 0, 0, 0, 1, 1, 1, 0, 0 ], 
  [ 1, 1, 1, 1, 1, 1, 1, 1, 0, 0, 0, 1 ], 
  [ 0, 1, 0, 0, 0, 1, 0, 0, 0, 1, 1, 0 ], 
  [ 0, 0, 1, 1, 0, 1, 1, 0, 0, 0, 0, 0 ], 
  [ 0, 0, 0, 0, 1, 1, 0, 0, 1, 1, 0, 0 ] ]
CLASS q=2 n=6 order=8 size=50809237728657408000 M=
[ [ 1, 0, 0, 0, 1, 0, 0, 1, 1, 1, 1, 0 ], 
  [ 1, 0, 0, 0, 1, 0, 0, 0, 1, 0, 0, 0 ], 
  [ 1, 0, 0, 1, 0, 0, 1, 1, 1, 0, 0, 0 ], 
  [ 0, 1, 0, 0, 0, 1, 1, 1, 1, 0, 0, 0 ], 
  [ 0, 0, 1, 0, 1, 1, 1, 1, 0, 1, 1, 1 ], 
  [ 1, 0, 0, 1, 1, 1, 1, 0, 1, 1, 0, 0 ], 
  [ 0, 1, 0, 1, 1, 0, 1, 1, 0, 1, 1, 1 ], 
  [ 0, 0, 1, 1, 1, 0, 0, 1, 1, 0, 1, 1 ], 
  [ 0, 1, 0, 1, 1, 1, 1, 0, 1, 0, 1, 0 ], 
  [ 1, 0, 0, 0, 1, 0, 0, 0, 1, 0, 1, 1 ], 
  [ 1, 1, 0, 1, 0, 1, 0, 1, 1, 0, 1, 1 ], 
  [ 0, 1, 1, 1, 0, 1, 1, 1, 0, 0, 1, 1 ] ]
CLASS q=2 n=6 order=24 size=270982601219506176000 M=
[ [ 0, 0, 1, 0, 0, 0, 0, 1, 0, 1, 1, 1 ], 
  [ 0, 1, 1, 0, 0, 0, 0, 1, 1, 0, 1, 1 ], 
  [ 0, 0, 1, 0, 0, 0, 1, 0, 1, 1, 0, 0 ], 
  [ 0, 0, 1, 1, 1, 1, 0, 0, 0, 0, 0, 1 ], 
  [ 1, 0, 1, 0, 0, 1, 0, 1, 1, 0, 0, 1 ], 
  [ 1, 1, 0, 0, 0, 1, 1, 1, 1, 0, 1, 1 ], 
  [ 1, 1, 0, 0, 0, 1, 1, 1, 0, 1, 1, 0 ], 
  [ 0, 0, 1, 0, 0, 0, 0, 0, 1, 1, 1, 0 ], 
  [ 1, 1, 1, 1, 0, 1, 1, 0, 1, 0, 1, 0 ], 
  [ 1, 1, 1, 1, 0, 1, 0, 0, 0, 1, 1, 0 ], 
  [ 0, 0, 1, 0, 0, 1, 1, 0, 1, 1, 0, 0 ], 
  [ 0, 1, 0, 0, 1, 1, 0, 0, 0, 0, 0, 0 ] ]
CLASS q=2 n=6 order=93 size=2237791803619147776000 M=
[ [ 0, 0, 1, 1, 1, 1, 0, 0, 0, 0, 0, 1 ], 
  [ 0, 1, 1, 1, 1, 0, 0, 1, 0, 1, 0, 1 ], 
  [ 0, 0, 0, 1, 1, 1, 1, 0, 0, 1, 1, 1 ], 
  [ 0, 1, 0, 0, 0, 0, 0, 0, 0, 0, 0, 1 ], 
  [ 0, 1, 0, 1, 0, 1, 1, 1, 1, 1, 0, 1 ], 
  [ 1, 1, 0, 1, 1, 1, 0, 1, 0, 1, 1, 0 ], 
  [ 1, 0, 1, 0, 1, 1, 0, 0, 0, 0, 1, 0 ], 
  [ 1, 0, 0, 0, 1, 0, 1, 1, 1, 0, 1, 0 ], 
  [ 0, 0, 1, 0, 1, 0, 0, 0, 1, 1, 0, 1 ], 
  [ 0, 1, 1, 1, 0, 0, 0, 1, 0, 0, 0, 0 ], 
  [ 1, 0, 1, 1, 0, 1, 1, 1, 0, 1, 1, 0 ], 
  [ 1, 0, 0, 0, 0, 1, 1, 1, 0, 0, 1, 1 ] ]
CLASS q=2 n=6 order=93 size=2237791803619147776000 M=
[ [ 0, 0, 1, 1, 1, 0, 1, 1, 0, 1, 1, 0 ], 
  [ 1, 1, 1, 1, 0, 0, 1, 0, 0, 1, 1, 0 ], 
  [ 0, 1, 0, 0, 0, 0, 1, 1, 0, 1, 0, 0 ], 
  [ 1, 0, 0, 0, 0, 0, 1, 0, 1, 1, 1, 0 ], 
  [ 0, 0, 1, 1, 0, 0, 0, 0, 0, 0, 0, 0 ], 
  [ 1, 0, 0, 1, 0, 1, 0, 1, 0, 0, 0, 1 ], 
  [ 0, 0, 1, 1, 1, 1, 1, 0, 1, 0, 1, 1 ], 
  [ 1, 1, 1, 1, 1, 0, 0, 1, 0, 1, 1, 1 ], 
  [ 1, 1, 1, 1, 0, 1, 1, 1, 1, 1, 1, 0 ], 
  [ 0, 0, 0, 0, 0, 1, 1, 1, 0, 0, 1, 1 ], 
  [ 1, 0, 1, 1, 1, 1, 0, 1, 0, 1, 0, 0 ], 
  [ 1, 0, 0, 0, 1, 1, 0, 0, 1, 1, 1, 0 ] ]
CLASS q=2 n=6 order=93 size=2237791803619147776000 M=
[ [ 1, 1, 0, 1, 1, 0, 0, 1, 1, 0, 0, 0 ], 
  [ 1, 0, 0, 1, 0, 1, 1, 0, 0, 0, 1, 0 ], 
  [ 1, 1, 1, 1, 1, 1, 0, 1, 0, 0, 1, 0 ], 
  [ 1, 0, 1, 1, 1, 1, 0, 0, 0, 1, 1, 0 ], 
  [ 0, 1, 1, 1, 1, 0, 1, 0, 1, 1, 0, 1 ], 
  [ 0, 1, 1, 1, 0, 0, 1, 0, 1, 1, 1, 0 ], 
  [ 1, 1, 0, 1, 0, 0, 0, 0, 1, 0, 1, 1 ], 
  [ 1, 1, 1, 0, 1, 1, 1, 1, 0, 1, 1, 0 ], 
  [ 1, 0, 0, 1, 1, 1, 0, 1, 1, 0, 1, 0 ], 
  [ 0, 1, 0, 0, 0, 0, 0, 0, 0, 1, 1, 1 ], 
  [ 0, 0, 1, 1, 0, 0, 0, 1, 0, 1, 0, 0 ], 
  [ 1, 0, 1, 1, 1, 0, 0, 0, 1, 0, 0, 0 ] ]
CLASS q=2 n=6 order=84 size=1238777605574885376000 M=
[ [ 0, 1, 0, 1, 0, 0, 0, 1, 0, 0, 1, 0 ], 
  [ 1, 1, 1, 0, 0, 1, 1, 0, 1, 0, 0, 0 ], 
  [ 1, 0, 0, 0, 1, 1, 1, 0, 1, 0, 0, 0 ], 
  [ 0, 1, 1, 1, 0, 0, 1, 0, 1, 0, 0, 0 ], 
  [ 0, 1, 1, 0, 0, 0, 1, 1, 1, 0, 1, 0 ], 
  [ 1, 0, 1, 1, 1, 0, 1, 0, 1, 1, 0, 1 ], 
  [ 0, 1, 1, 0, 0, 0, 0, 0, 1, 1, 0, 1 ], 
  [ 0, 0, 0, 1, 0, 1, 1, 0, 0, 1, 1, 1 ], 
  [ 0, 0, 0, 1, 0, 1, 0, 1, 0, 0, 1, 0 ], 
  [ 0, 1, 0, 1, 1, 1, 1, 0, 0, 1, 0, 1 ], 
  [ 0, 1, 1, 0, 0, 0, 1, 0, 0, 1, 1, 0 ], 
  [ 0, 1, 1, 0, 0, 0, 1, 0, 1, 1, 0, 0 ] ]
CLASS q=2 n=6 order=60 size=1734288647804839526400 M=
[ [ 0, 1, 1, 0, 0, 0, 0, 0, 0, 0, 1, 1 ], 
  [ 1, 0, 0, 0, 1, 1, 0, 0, 1, 1, 1, 1 ], 
  [ 0, 0, 0, 1, 1, 0, 1, 0, 1, 1, 0, 1 ], 
  [ 0, 1, 1, 1, 1, 1, 1, 0, 1, 1, 1, 0 ], 
  [ 1, 0, 1, 0, 0, 0, 0, 0, 1, 0, 0, 1 ], 
  [ 0, 0, 1, 0, 0, 0, 0, 1, 1, 1, 0, 0 ], 
  [ 1, 0, 0, 0, 0, 0, 1, 0, 0, 1, 1, 0 ], 
  [ 1, 1, 1, 1, 0, 0, 0, 1, 0, 1, 1, 1 ], 
  [ 1, 0, 1, 1, 0, 1, 0, 0, 1, 0, 1, 1 ], 
  [ 1, 0, 1, 0, 0, 1, 0, 1, 1, 1, 1, 0 ], 
  [ 1, 1, 1, 1, 0, 1, 1, 1, 1, 1, 1, 1 ], 
  [ 0, 1, 1, 0, 0, 0, 1, 1, 1, 0, 1, 1 ] ]
CLASS q=2 n=6 order=85 size=2448407502783302860800 M=
[ [ 1, 0, 1, 0, 1, 0, 0, 0, 1, 1, 1, 1 ], 
  [ 1, 1, 1, 0, 1, 1, 0, 0, 0, 1, 0, 0 ], 
  [ 1, 0, 1, 1, 1, 0, 1, 0, 1, 0, 0, 0 ], 
  [ 1, 1, 0, 1, 1, 1, 0, 0, 1, 0, 0, 0 ], 
  [ 0, 0, 1, 1, 0, 0, 1, 1, 1, 1, 0, 1 ], 
  [ 1, 0, 0, 1, 1, 0, 1, 1, 1, 0, 1, 1 ], 
  [ 1, 1, 1, 1, 1, 1, 0, 1, 1, 1, 1, 0 ], 
  [ 1, 0, 0, 1, 0, 1, 0, 0, 1, 0, 0, 1 ], 
  [ 1, 1, 1, 1, 0, 0, 1, 0, 1, 1, 1, 1 ], 
  [ 1, 1, 1, 1, 0, 1, 0, 0, 0, 0, 0, 1 ], 
  [ 0, 0, 1, 1, 1, 1, 1, 0, 1, 1, 1, 1 ], 
  [ 1, 0, 0, 0, 0, 0, 0, 1, 1, 1, 1, 1 ] ]
CLASS q=2 n=6 order=85 size=2448407502783302860800 M=
[ [ 0, 0, 0, 0, 1, 0, 1, 1, 0, 0, 0, 1 ], 
  [ 0, 0, 1, 1, 1, 1, 0, 1, 1, 0, 1, 1 ], 
  [ 0, 0, 1, 1, 0, 0, 1, 0, 1, 0, 1, 0 ], 
  [ 1, 0, 0, 0, 1, 0, 0, 0, 0, 0, 0, 1 ], 
  [ 0, 1, 0, 0, 0, 1, 1, 0, 1, 1, 0, 1 ], 
  [ 0, 0, 1, 0, 0, 1, 1, 1, 0, 1, 1, 1 ], 
  [ 0, 1, 1, 0, 0, 1, 0, 1, 0, 1, 0, 1 ], 
  [ 0, 1, 1, 1, 0, 1, 0, 1, 0, 1, 0, 0 ], 
  [ 1, 1, 0, 0, 0, 1, 0, 1, 1, 1, 0, 0 ], 
  [ 0, 1, 1, 1, 0, 0, 1, 0, 1, 0, 1, 0 ], 
  [ 0, 0, 0, 0, 0, 0, 1, 1, 1, 0, 0, 1 ], 
  [ 0, 0, 0, 1, 0, 0, 0, 0, 1, 1, 0, 0 ] ]
CLASS q=2 n=6 order=14 size=3716332816724656128000 M=
[ [ 1, 0, 1, 0, 1, 1, 1, 0, 1, 1, 1, 0 ], 
  [ 0, 1, 1, 1, 0, 0, 0, 1, 0, 0, 0, 0 ], 
  [ 0, 0, 1, 1, 1, 1, 0, 1, 0, 0, 1, 0 ], 
  [ 0, 1, 0, 0, 1, 1, 0, 1, 0, 1, 1, 1 ], 
  [ 1, 0, 0, 1, 1, 0, 0, 1, 1, 0, 1, 0 ], 
  [ 1, 1, 1, 1, 1, 1, 1, 0, 1, 0, 0, 1 ], 
  [ 0, 1, 0, 1, 1, 0, 1, 0, 1, 1, 0, 1 ], 
  [ 1, 1, 1, 0, 1, 0, 0, 1, 1, 0, 1, 0 ], 
  [ 0, 1, 0, 0, 0, 0, 0, 1, 1, 1, 1, 0 ], 
  [ 0, 1, 1, 1, 1, 0, 0, 0, 1, 1, 1, 1 ], 
  [ 1, 0, 0, 1, 1, 1, 0, 0, 0, 0, 0, 1 ], 
  [ 1, 0, 0, 1, 0, 0, 0, 0, 1, 1, 1, 1 ] ]
