[ [ 1, 0, 0, 0, 0, 0 ], [ 0, 1, 0, 0, 0, 0 ], [ 0, 0, 1, 0, 0, 0 ], [ 0, 0, 0, 1, 0, 0 ], [ 0, 0, 0, 0, 1, 0 ], [ 0, 0, 0, 0, 0, 1 ] ];1
[ [ 2, 0, 0, 0, 0, 0 ], [ 0, 2, 0, 0, 0, 0 ], [ 0, 0, 2, 0, 0, 0 ], [ 0, 0, 0, 2, 0, 0 ], [ 0, 0, 0, 0, 2, 0 ], [ 0, 0, 0, 0, 0, 2 ] ];1
[ [ 2, 1, 2, 2, 0, 2 ], [ 0, 1, 2, 2, 2, 1 ], [ 1, 1, 1, 1, 2, 0 ], [ 0, 2, 1, 0, 1, 0 ], [ 0, 0, 1, 2, 1, 1 ], [ 2, 2, 2, 0, 2, 1 ] ];12597120
[ [ 1, 0, 1, 0, 2, 0 ], [ 2, 2, 0, 2, 0, 0 ], [ 1, 2, 1, 1, 2, 0 ], [ 2, 0, 1, 0, 0, 0 ], [ 1, 2, 1, 2, 2, 1 ], [ 0, 0, 0, 0, 2, 0 ] ];12597120
[ [ 1, 0, 2, 0, 1, 1 ], [ 2, 2, 2, 0, 2, 1 ], [ 2, 2, 1, 1, 0, 2 ], [ 1, 1, 1, 0, 2, 1 ], [ 0, 2, 1, 1, 2, 1 ], [ 2, 1, 2, 1, 0, 0 ] ];12597120
[ [ 1, 1, 2, 1, 0, 1 ], [ 0, 2, 2, 1, 1, 2 ], [ 0, 0, 1, 1, 1, 1 ], [ 2, 0, 1, 0, 0, 2 ], [ 2, 2, 1, 0, 2, 0 ], [ 1, 2, 2, 2, 0, 0 ] ];12597120
[ [ 0, 1, 2, 2, 1, 2 ], [ 2, 2, 1, 2, 0, 1 ], [ 2, 2, 1, 1, 2, 0 ], [ 2, 2, 1, 2, 0, 0 ], [ 2, 0, 1, 0, 0, 1 ], [ 1, 0, 1, 1, 0, 1 ] ];12597120
[ [ 1, 0, 1, 0, 2, 0 ], [ 2, 0, 1, 0, 1, 2 ], [ 0, 2, 1, 1, 1, 0 ], [ 2, 0, 1, 0, 0, 0 ], [ 1, 2, 1, 2, 2, 1 ], [ 1, 1, 1, 1, 1, 2 ] ];12597120
[ [ 1, 0, 1, 0, 2, 0 ], [ 2, 0, 2, 1, 2, 0 ], [ 2, 2, 0, 1, 0, 0 ], [ 1, 1, 2, 1, 0, 2 ], [ 0, 2, 1, 2, 1, 1 ], [ 1, 1, 0, 2, 2, 0 ] ];12597120
[ [ 1, 1, 2, 2, 2, 2 ], [ 0, 1, 1, 0, 2, 0 ], [ 1, 1, 1, 1, 0, 0 ], [ 0, 2, 1, 0, 0, 0 ], [ 1, 0, 1, 2, 0, 1 ], [ 0, 1, 1, 0, 1, 0 ] ];12597120
[ [ 0, 1, 2, 2, 1, 2 ], [ 1, 2, 0, 0, 1, 1 ], [ 0, 1, 0, 1, 1, 0 ], [ 1, 0, 1, 1, 1, 0 ], [ 1, 0, 0, 2, 2, 1 ], [ 2, 0, 2, 1, 0, 1 ] ];12597120
[ [ 0, 2, 0, 2, 0, 1 ], [ 2, 0, 0, 0, 1, 0 ], [ 2, 1, 1, 1, 0, 1 ], [ 0, 0, 1, 0, 1, 0 ], [ 1, 0, 2, 0, 0, 0 ], [ 1, 2, 0, 1, 1, 2 ] ];12597120
[ [ 0, 0, 2, 2, 0, 1 ], [ 0, 0, 0, 1, 1, 2 ], [ 2, 0, 1, 0, 1, 0 ], [ 2, 1, 1, 1, 0, 1 ], [ 1, 2, 1, 1, 0, 1 ], [ 0, 2, 0, 1, 2, 1 ] ];12597120
[ [ 0, 2, 0, 2, 0, 1 ], [ 1, 1, 1, 1, 1, 2 ], [ 1, 1, 1, 1, 2, 1 ], [ 0, 0, 1, 0, 1, 0 ], [ 1, 0, 2, 0, 0, 0 ], [ 1, 0, 1, 2, 2, 1 ] ];12597120
[ [ 2, 2, 0, 2, 2, 1 ], [ 0, 1, 0, 1, 2, 2 ], [ 0, 1, 1, 1, 2, 1 ], [ 0, 0, 1, 0, 1, 0 ], [ 1, 0, 2, 0, 0, 0 ], [ 1, 2, 2, 1, 2, 2 ] ];12597120
[ [ 2, 1, 2, 0, 1, 1 ], [ 0, 2, 1, 0, 0, 0 ], [ 2, 0, 1, 1, 2, 2 ], [ 1, 0, 1, 2, 2, 2 ], [ 1, 2, 1, 2, 1, 0 ], [ 1, 2, 1, 2, 2, 1 ] ];12597120
[ [ 0, 1, 2, 1, 2, 2 ], [ 2, 1, 1, 2, 0, 0 ], [ 2, 0, 1, 1, 0, 2 ], [ 1, 0, 1, 0, 2, 0 ], [ 0, 1, 0, 1, 0, 2 ], [ 0, 1, 1, 0, 2, 1 ] ];12597120
[ [ 1, 1, 2, 1, 0, 2 ], [ 1, 0, 1, 0, 0, 2 ], [ 1, 0, 0, 1, 2, 2 ], [ 2, 1, 2, 1, 1, 2 ], [ 1, 1, 0, 1, 1, 2 ], [ 2, 0, 2, 1, 2, 0 ] ];12597120
[ [ 0, 0, 1, 0, 1, 0 ], [ 1, 2, 2, 1, 1, 0 ], [ 0, 1, 0, 2, 0, 1 ], [ 1, 0, 1, 0, 2, 0 ], [ 0, 2, 1, 2, 1, 1 ], [ 2, 0, 2, 0, 0, 0 ] ];12597120
[ [ 0, 0, 1, 0, 1, 0 ], [ 0, 0, 0, 2, 1, 2 ], [ 2, 1, 0, 2, 2, 1 ], [ 1, 0, 1, 0, 2, 0 ], [ 0, 2, 1, 2, 1, 1 ], [ 2, 1, 0, 1, 1, 2 ] ];12597120
[ [ 0, 0, 1, 0, 1, 0 ], [ 0, 1, 0, 0, 2, 1 ], [ 2, 1, 0, 2, 0, 1 ], [ 1, 0, 1, 0, 2, 0 ], [ 2, 2, 1, 2, 0, 1 ], [ 0, 1, 2, 1, 1, 2 ] ];12597120
[ [ 2, 0, 1, 0, 0, 0 ], [ 1, 1, 1, 2, 0, 2 ], [ 2, 0, 1, 0, 1, 2 ], [ 0, 1, 2, 1, 2, 2 ], [ 1, 2, 1, 2, 2, 1 ], [ 1, 2, 2, 2, 1, 2 ] ];12597120
[ [ 1, 0, 2, 0, 1, 2 ], [ 2, 2, 1, 2, 2, 2 ], [ 1, 2, 1, 1, 2, 0 ], [ 1, 1, 1, 0, 2, 0 ], [ 2, 1, 1, 2, 0, 1 ], [ 2, 1, 1, 0, 0, 2 ] ];12597120
[ [ 1, 1, 2, 2, 2, 2 ], [ 1, 0, 1, 2, 0, 0 ], [ 2, 1, 1, 1, 1, 0 ], [ 2, 2, 1, 0, 2, 0 ], [ 2, 0, 1, 2, 1, 1 ], [ 1, 0, 1, 2, 2, 0 ] ];12597120
[ [ 0, 1, 1, 2, 0, 0 ], [ 0, 2, 1, 0, 2, 2 ], [ 2, 2, 1, 1, 2, 2 ], [ 1, 1, 1, 0, 0, 1 ], [ 2, 2, 1, 1, 1, 1 ], [ 1, 0, 0, 1, 0, 2 ] ];12597120
[ [ 1, 0, 1, 0, 2, 0 ], [ 1, 1, 1, 2, 0, 2 ], [ 2, 2, 0, 1, 2, 0 ], [ 0, 1, 2, 1, 2, 2 ], [ 1, 2, 1, 2, 2, 1 ], [ 1, 0, 0, 1, 0, 1 ] ];12597120
[ [ 1, 0, 1, 0, 1, 1 ], [ 0, 1, 2, 1, 1, 0 ], [ 1, 2, 0, 1, 2, 2 ], [ 1, 0, 1, 1, 1, 0 ], [ 2, 2, 1, 1, 1, 1 ], [ 2, 0, 1, 2, 1, 2 ] ];12597120
[ [ 0, 2, 0, 2, 0, 1 ], [ 1, 1, 0, 1, 0, 2 ], [ 2, 0, 0, 2, 2, 2 ], [ 2, 0, 1, 0, 0, 0 ], [ 2, 0, 2, 0, 1, 0 ], [ 1, 0, 0, 0, 1, 1 ] ];12597120
[ [ 0, 0, 1, 0, 0, 2 ], [ 2, 1, 2, 1, 0, 2 ], [ 2, 1, 1, 1, 2, 1 ], [ 0, 2, 1, 0, 0, 2 ], [ 0, 1, 0, 1, 2, 1 ], [ 0, 0, 2, 2, 1, 2 ] ];12597120
[ [ 0, 1, 2, 1, 1, 1 ], [ 1, 0, 1, 2, 1, 0 ], [ 0, 0, 1, 1, 2, 1 ], [ 2, 0, 1, 0, 2, 2 ], [ 0, 2, 1, 0, 2, 0 ], [ 2, 0, 1, 2, 1, 0 ] ];12597120
[ [ 1, 2, 1, 1, 0, 1 ], [ 0, 2, 1, 1, 1, 2 ], [ 2, 2, 2, 2, 1, 0 ], [ 0, 1, 2, 0, 2, 0 ], [ 0, 0, 2, 1, 2, 2 ], [ 1, 1, 1, 0, 1, 2 ] ];12597120
[ [ 2, 0, 2, 0, 1, 0 ], [ 1, 1, 0, 1, 0, 0 ], [ 2, 1, 2, 2, 1, 0 ], [ 1, 0, 2, 0, 0, 0 ], [ 2, 1, 2, 1, 1, 2 ], [ 0, 0, 0, 0, 1, 0 ] ];12597120
[ [ 2, 0, 1, 0, 2, 2 ], [ 1, 1, 1, 0, 1, 2 ], [ 1, 1, 2, 2, 0, 1 ], [ 2, 2, 2, 0, 1, 2 ], [ 0, 1, 2, 2, 1, 2 ], [ 1, 2, 1, 2, 0, 0 ] ];12597120
[ [ 2, 2, 1, 2, 0, 2 ], [ 0, 1, 1, 2, 2, 1 ], [ 0, 0, 2, 2, 2, 2 ], [ 1, 0, 2, 0, 0, 1 ], [ 1, 1, 2, 0, 1, 0 ], [ 2, 1, 1, 1, 0, 0 ] ];12597120
[ [ 0, 2, 1, 1, 2, 1 ], [ 1, 1, 2, 1, 0, 2 ], [ 1, 1, 2, 2, 1, 0 ], [ 1, 1, 2, 1, 0, 0 ], [ 1, 0, 2, 0, 0, 2 ], [ 2, 0, 2, 2, 0, 2 ] ];12597120
[ [ 2, 0, 2, 0, 1, 0 ], [ 1, 0, 2, 0, 2, 1 ], [ 0, 1, 2, 2, 2, 0 ], [ 1, 0, 2, 0, 0, 0 ], [ 2, 1, 2, 1, 1, 2 ], [ 2, 2, 2, 2, 2, 1 ] ];12597120
[ [ 2, 0, 2, 0, 1, 0 ], [ 1, 0, 1, 2, 1, 0 ], [ 1, 1, 0, 2, 0, 0 ], [ 2, 2, 1, 2, 0, 1 ], [ 0, 1, 2, 1, 2, 2 ], [ 2, 2, 0, 1, 1, 0 ] ];12597120
[ [ 2, 2, 1, 1, 1, 1 ], [ 0, 2, 2, 0, 1, 0 ], [ 2, 2, 2, 2, 0, 0 ], [ 0, 1, 2, 0, 0, 0 ], [ 2, 0, 2, 1, 0, 2 ], [ 0, 2, 2, 0, 2, 0 ] ];12597120
[ [ 0, 2, 1, 1, 2, 1 ], [ 2, 1, 0, 0, 2, 2 ], [ 0, 2, 0, 2, 2, 0 ], [ 2, 0, 2, 2, 2, 0 ], [ 2, 0, 0, 1, 1, 2 ], [ 1, 0, 1, 2, 0, 2 ] ];12597120
[ [ 0, 1, 0, 1, 0, 2 ], [ 1, 0, 0, 0, 2, 0 ], [ 1, 2, 2, 2, 0, 2 ], [ 0, 0, 2, 0, 2, 0 ], [ 2, 0, 1, 0, 0, 0 ], [ 2, 1, 0, 2, 2, 1 ] ];12597120
[ [ 0, 0, 1, 1, 0, 2 ], [ 0, 0, 0, 2, 2, 1 ], [ 1, 0, 2, 0, 2, 0 ], [ 1, 2, 2, 2, 0, 2 ], [ 2, 1, 2, 2, 0, 2 ], [ 0, 1, 0, 2, 1, 2 ] ];12597120
[ [ 0, 1, 0, 1, 0, 2 ], [ 2, 2, 2, 2, 2, 1 ], [ 2, 2, 2, 2, 1, 2 ], [ 0, 0, 2, 0, 2, 0 ], [ 2, 0, 1, 0, 0, 0 ], [ 2, 0, 2, 1, 1, 2 ] ];12597120
[ [ 1, 1, 0, 1, 1, 2 ], [ 0, 2, 0, 2, 1, 1 ], [ 0, 2, 2, 2, 1, 2 ], [ 0, 0, 2, 0, 2, 0 ], [ 2, 0, 1, 0, 0, 0 ], [ 2, 1, 1, 2, 1, 1 ] ];12597120
[ [ 1, 2, 1, 0, 2, 2 ], [ 0, 1, 2, 0, 0, 0 ], [ 1, 0, 2, 2, 1, 1 ], [ 2, 0, 2, 1, 1, 1 ], [ 2, 1, 2, 1, 2, 0 ], [ 2, 1, 2, 1, 1, 2 ] ];12597120
[ [ 0, 2, 1, 2, 1, 1 ], [ 1, 2, 2, 1, 0, 0 ], [ 1, 0, 2, 2, 0, 1 ], [ 2, 0, 2, 0, 1, 0 ], [ 0, 2, 0, 2, 0, 1 ], [ 0, 2, 2, 0, 1, 2 ] ];12597120
[ [ 2, 2, 1, 2, 0, 1 ], [ 2, 0, 2, 0, 0, 1 ], [ 2, 0, 0, 2, 1, 1 ], [ 1, 2, 1, 2, 2, 1 ], [ 2, 2, 0, 2, 2, 1 ], [ 1, 0, 1, 2, 1, 0 ] ];12597120
[ [ 0, 0, 2, 0, 2, 0 ], [ 2, 1, 1, 2, 2, 0 ], [ 0, 2, 0, 1, 0, 2 ], [ 2, 0, 2, 0, 1, 0 ], [ 0, 1, 2, 1, 2, 2 ], [ 1, 0, 1, 0, 0, 0 ] ];12597120
[ [ 0, 0, 2, 0, 2, 0 ], [ 0, 0, 0, 1, 2, 1 ], [ 1, 2, 0, 1, 1, 2 ], [ 2, 0, 2, 0, 1, 0 ], [ 0, 1, 2, 1, 2, 2 ], [ 1, 2, 0, 2, 2, 1 ] ];12597120
[ [ 0, 0, 2, 0, 2, 0 ], [ 0, 2, 0, 0, 1, 2 ], [ 1, 2, 0, 1, 0, 2 ], [ 2, 0, 2, 0, 1, 0 ], [ 1, 1, 2, 1, 0, 2 ], [ 0, 2, 1, 2, 2, 1 ] ];12597120
[ [ 1, 0, 2, 0, 0, 0 ], [ 2, 2, 2, 1, 0, 1 ], [ 1, 0, 2, 0, 2, 1 ], [ 0, 2, 1, 2, 1, 1 ], [ 2, 1, 2, 1, 1, 2 ], [ 2, 1, 1, 1, 2, 1 ] ];12597120
[ [ 2, 0, 1, 0, 2, 1 ], [ 1, 1, 2, 1, 1, 1 ], [ 2, 1, 2, 2, 1, 0 ], [ 2, 2, 2, 0, 1, 0 ], [ 1, 2, 2, 1, 0, 2 ], [ 1, 2, 2, 0, 0, 1 ] ];12597120
[ [ 2, 2, 1, 1, 1, 1 ], [ 2, 0, 2, 1, 0, 0 ], [ 1, 2, 2, 2, 2, 0 ], [ 1, 1, 2, 0, 1, 0 ], [ 1, 0, 2, 1, 2, 2 ], [ 2, 0, 2, 1, 1, 0 ] ];12597120
[ [ 0, 2, 2, 1, 0, 0 ], [ 0, 1, 2, 0, 1, 1 ], [ 1, 1, 2, 2, 1, 1 ], [ 2, 2, 2, 0, 0, 2 ], [ 1, 1, 2, 2, 2, 2 ], [ 2, 0, 0, 2, 0, 1 ] ];12597120
[ [ 2, 0, 2, 0, 1, 0 ], [ 2, 2, 2, 1, 0, 1 ], [ 1, 1, 0, 2, 1, 0 ], [ 0, 2, 1, 2, 1, 1 ], [ 2, 1, 2, 1, 1, 2 ], [ 2, 0, 0, 2, 0, 2 ] ];12597120
[ [ 2, 0, 2, 0, 2, 2 ], [ 0, 2, 1, 2, 2, 0 ], [ 2, 1, 0, 2, 1, 1 ], [ 2, 0, 2, 2, 2, 0 ], [ 1, 1, 2, 2, 2, 2 ], [ 1, 0, 2, 1, 2, 1 ] ];12597120
[ [ 0, 1, 0, 1, 0, 2 ], [ 2, 2, 0, 2, 0, 1 ], [ 1, 0, 0, 1, 1, 1 ], [ 1, 0, 2, 0, 0, 0 ], [ 1, 0, 1, 0, 2, 0 ], [ 2, 0, 0, 0, 2, 2 ] ];12597120
[ [ 0, 0, 2, 0, 0, 1 ], [ 1, 2, 1, 2, 0, 1 ], [ 1, 2, 2, 2, 1, 2 ], [ 0, 1, 2, 0, 0, 1 ], [ 0, 2, 0, 2, 1, 2 ], [ 0, 0, 1, 1, 2, 1 ] ];12597120
[ [ 0, 2, 1, 2, 2, 2 ], [ 2, 0, 2, 1, 2, 0 ], [ 0, 0, 2, 2, 1, 2 ], [ 1, 0, 2, 0, 1, 1 ], [ 0, 1, 2, 0, 1, 0 ], [ 1, 0, 2, 1, 2, 0 ] ];12597120
[ [ 2, 2, 0, 0, 2, 0 ], [ 1, 0, 0, 1, 2, 0 ], [ 1, 1, 1, 1, 0, 0 ], [ 2, 1, 0, 2, 1, 1 ], [ 0, 2, 1, 2, 0, 1 ], [ 1, 1, 1, 1, 2, 0 ] ];12597120
[ [ 0, 0, 2, 2, 1, 2 ], [ 1, 0, 2, 1, 1, 2 ], [ 1, 2, 1, 1, 0, 0 ], [ 2, 0, 0, 2, 1, 1 ], [ 0, 2, 1, 2, 0, 1 ], [ 2, 0, 0, 1, 2, 2 ] ];12597120
[ [ 1, 1, 1, 2, 1, 0 ], [ 2, 2, 1, 1, 0, 2 ], [ 0, 2, 1, 1, 2, 2 ], [ 1, 0, 0, 2, 0, 2 ], [ 1, 2, 0, 0, 1, 2 ], [ 2, 1, 2, 1, 0, 1 ] ];12597120
[ [ 0, 1, 2, 1, 0, 2 ], [ 0, 0, 2, 1, 1, 2 ], [ 2, 0, 1, 1, 1, 1 ], [ 0, 2, 0, 2, 2, 0 ], [ 2, 1, 2, 1, 2, 1 ], [ 0, 0, 0, 1, 1, 0 ] ];12597120
[ [ 2, 2, 0, 2, 2, 0 ], [ 2, 2, 0, 0, 1, 2 ], [ 1, 2, 2, 0, 0, 1 ], [ 2, 1, 0, 1, 1, 1 ], [ 2, 2, 1, 2, 2, 1 ], [ 1, 0, 1, 1, 0, 2 ] ];12597120
[ [ 2, 0, 2, 2, 0, 2 ], [ 1, 1, 2, 0, 0, 2 ], [ 0, 2, 1, 1, 2, 0 ], [ 0, 0, 0, 2, 2, 1 ], [ 0, 2, 1, 2, 0, 1 ], [ 2, 1, 0, 0, 1, 2 ] ];12597120
[ [ 2, 0, 1, 2, 0, 2 ], [ 0, 1, 1, 0, 1, 2 ], [ 2, 2, 0, 1, 1, 0 ], [ 0, 1, 2, 1, 1, 1 ], [ 2, 2, 1, 2, 2, 1 ], [ 1, 1, 2, 0, 2, 2 ] ];12597120
[ [ 2, 2, 0, 0, 1, 0 ], [ 0, 1, 2, 2, 1, 2 ], [ 1, 1, 1, 1, 1, 0 ], [ 0, 1, 0, 2, 1, 1 ], [ 1, 2, 1, 2, 1, 1 ], [ 0, 1, 2, 0, 0, 1 ] ];12597120
[ [ 2, 2, 1, 0, 2, 0 ], [ 0, 1, 0, 2, 0, 0 ], [ 0, 1, 0, 1, 2, 0 ], [ 0, 2, 0, 1, 2, 2 ], [ 1, 2, 1, 2, 1, 1 ], [ 0, 2, 0, 2, 0, 0 ] ];12597120
[ [ 2, 0, 2, 0, 1, 1 ], [ 2, 2, 0, 1, 2, 0 ], [ 0, 1, 1, 1, 2, 1 ], [ 1, 1, 0, 2, 0, 0 ], [ 2, 1, 1, 1, 1, 0 ], [ 0, 2, 1, 1, 0, 0 ] ];12597120
[ [ 2, 1, 1, 1, 2, 0 ], [ 1, 2, 1, 0, 1, 1 ], [ 1, 2, 0, 0, 0, 0 ], [ 1, 0, 0, 0, 0, 2 ], [ 1, 2, 0, 2, 1, 2 ], [ 2, 1, 2, 2, 2, 0 ] ];12597120
[ [ 0, 0, 2, 0, 2, 1 ], [ 1, 1, 0, 0, 0, 2 ], [ 2, 1, 1, 1, 1, 1 ], [ 2, 1, 0, 2, 1, 0 ], [ 0, 1, 1, 1, 2, 0 ], [ 2, 1, 1, 0, 1, 2 ] ];12597120
[ [ 2, 0, 2, 0, 0, 1 ], [ 2, 2, 1, 1, 2, 2 ], [ 1, 1, 1, 1, 1, 1 ], [ 2, 1, 0, 2, 0, 0 ], [ 0, 1, 1, 1, 1, 0 ], [ 2, 0, 2, 2, 1, 0 ] ];12597120
[ [ 1, 1, 2, 1, 1, 2 ], [ 1, 1, 2, 2, 0, 2 ], [ 2, 2, 2, 0, 1, 1 ], [ 0, 2, 0, 1, 2, 0 ], [ 0, 1, 2, 0, 0, 1 ], [ 0, 1, 0, 0, 2, 0 ] ];12597120
[ [ 0, 1, 2, 1, 0, 2 ], [ 1, 1, 1, 0, 0, 2 ], [ 1, 0, 1, 1, 0, 2 ], [ 1, 2, 0, 2, 0, 2 ], [ 1, 2, 1, 0, 2, 0 ], [ 2, 1, 2, 0, 1, 2 ] ];12597120
[ [ 1, 1, 2, 1, 1, 2 ], [ 1, 1, 0, 0, 2, 2 ], [ 0, 0, 0, 1, 2, 2 ], [ 2, 2, 2, 1, 0, 0 ], [ 2, 2, 0, 0, 0, 0 ], [ 2, 1, 1, 0, 0, 2 ] ];12597120
[ [ 1, 0, 2, 1, 2, 2 ], [ 0, 0, 2, 0, 1, 1 ], [ 0, 1, 1, 0, 0, 0 ], [ 2, 0, 0, 0, 1, 1 ], [ 2, 2, 1, 2, 2, 1 ], [ 0, 0, 0, 0, 1, 1 ] ];12597120
[ [ 0, 0, 2, 1, 1, 2 ], [ 2, 1, 2, 0, 2, 1 ], [ 1, 1, 1, 0, 1, 0 ], [ 0, 0, 0, 0, 2, 1 ], [ 2, 2, 1, 2, 2, 1 ], [ 2, 1, 0, 0, 2, 1 ] ];12597120
[ [ 2, 0, 2, 1, 1, 2 ], [ 0, 2, 0, 2, 0, 2 ], [ 0, 1, 1, 0, 2, 0 ], [ 1, 0, 0, 0, 2, 1 ], [ 1, 2, 1, 2, 1, 1 ], [ 0, 1, 1, 2, 2, 2 ] ];12597120
[ [ 0, 0, 1, 0, 1, 2 ], [ 0, 2, 0, 2, 2, 0 ], [ 2, 0, 1, 0, 0, 0 ], [ 2, 1, 2, 2, 0, 1 ], [ 0, 2, 1, 2, 0, 1 ], [ 2, 2, 1, 2, 1, 0 ] ];12597120
[ [ 1, 1, 1, 2, 1, 1 ], [ 0, 0, 1, 1, 2, 1 ], [ 1, 2, 1, 1, 0, 0 ], [ 2, 0, 0, 2, 1, 1 ], [ 0, 2, 1, 2, 0, 1 ], [ 2, 2, 2, 1, 1, 1 ] ];12597120
[ [ 1, 2, 0, 0, 0, 0 ], [ 1, 0, 1, 0, 0, 1 ], [ 2, 1, 1, 1, 2, 0 ], [ 2, 1, 0, 2, 0, 1 ], [ 1, 2, 1, 2, 1, 1 ], [ 0, 0, 1, 1, 1, 0 ] ];12597120
[ [ 0, 2, 1, 1, 2, 0 ], [ 2, 1, 2, 1, 1, 0 ], [ 2, 1, 1, 1, 1, 2 ], [ 0, 0, 0, 2, 0, 2 ], [ 2, 0, 0, 0, 0, 2 ], [ 0, 1, 1, 2, 2, 1 ] ];12597120
[ [ 1, 0, 1, 2, 1, 2 ], [ 2, 2, 0, 1, 0, 1 ], [ 2, 2, 0, 1, 0, 0 ], [ 1, 1, 2, 1, 1, 1 ], [ 0, 2, 1, 2, 0, 1 ], [ 2, 0, 2, 0, 0, 1 ] ];12597120
[ [ 2, 1, 0, 2, 2, 0 ], [ 0, 1, 0, 2, 0, 1 ], [ 2, 2, 0, 1, 1, 2 ], [ 2, 0, 0, 1, 1, 1 ], [ 1, 2, 2, 0, 1, 2 ], [ 0, 0, 0, 2, 0, 0 ] ];12597120
[ [ 1, 0, 2, 1, 0, 1 ], [ 2, 0, 0, 0, 2, 2 ], [ 1, 2, 1, 0, 1, 2 ], [ 2, 1, 0, 0, 1, 0 ], [ 2, 1, 1, 2, 1, 0 ], [ 2, 0, 1, 0, 2, 2 ] ];12597120
[ [ 1, 1, 2, 1, 0, 2 ], [ 0, 0, 2, 2, 2, 2 ], [ 0, 1, 1, 1, 1, 1 ], [ 2, 0, 0, 2, 1, 2 ], [ 0, 0, 1, 2, 0, 2 ], [ 0, 2, 0, 0, 1, 1 ] ];12597120
[ [ 2, 1, 2, 1, 2, 2 ], [ 2, 1, 1, 2, 2, 1 ], [ 2, 0, 1, 1, 2, 1 ], [ 1, 2, 0, 2, 2, 0 ], [ 1, 1, 2, 1, 0, 1 ], [ 2, 2, 1, 0, 1, 2 ] ];12597120
[ [ 1, 1, 0, 0, 1, 0 ], [ 2, 0, 0, 2, 1, 0 ], [ 2, 2, 2, 2, 0, 0 ], [ 1, 2, 0, 1, 2, 2 ], [ 0, 1, 2, 1, 0, 2 ], [ 2, 2, 2, 2, 1, 0 ] ];12597120
[ [ 0, 0, 1, 1, 2, 1 ], [ 2, 0, 1, 2, 2, 1 ], [ 2, 1, 2, 2, 0, 0 ], [ 1, 0, 0, 1, 2, 2 ], [ 0, 1, 2, 1, 0, 2 ], [ 1, 0, 0, 2, 1, 1 ] ];12597120
[ [ 2, 2, 2, 1, 2, 0 ], [ 1, 1, 2, 2, 0, 1 ], [ 0, 1, 2, 2, 1, 1 ], [ 2, 0, 0, 1, 0, 1 ], [ 2, 1, 0, 0, 2, 1 ], [ 1, 2, 1, 2, 0, 2 ] ];12597120
[ [ 0, 2, 1, 2, 0, 1 ], [ 0, 0, 1, 2, 2, 1 ], [ 1, 0, 2, 2, 2, 2 ], [ 0, 1, 0, 1, 1, 0 ], [ 1, 2, 1, 2, 1, 2 ], [ 0, 0, 0, 2, 2, 0 ] ];12597120
[ [ 1, 1, 0, 1, 1, 0 ], [ 1, 1, 0, 0, 2, 1 ], [ 2, 1, 1, 0, 0, 2 ], [ 1, 2, 0, 2, 2, 2 ], [ 1, 1, 2, 1, 1, 2 ], [ 2, 0, 2, 2, 0, 1 ] ];12597120
[ [ 1, 0, 1, 1, 0, 1 ], [ 2, 2, 1, 0, 0, 1 ], [ 0, 1, 2, 2, 1, 0 ], [ 0, 0, 0, 1, 1, 2 ], [ 0, 1, 2, 1, 0, 2 ], [ 1, 2, 0, 0, 2, 1 ] ];12597120
[ [ 1, 0, 2, 1, 0, 1 ], [ 0, 2, 2, 0, 2, 1 ], [ 1, 1, 0, 2, 2, 0 ], [ 0, 2, 1, 2, 2, 2 ], [ 1, 1, 2, 1, 1, 2 ], [ 2, 2, 1, 0, 1, 1 ] ];12597120
[ [ 1, 1, 0, 0, 2, 0 ], [ 0, 2, 1, 1, 2, 1 ], [ 2, 2, 2, 2, 2, 0 ], [ 0, 2, 0, 1, 2, 2 ], [ 2, 1, 2, 1, 2, 2 ], [ 0, 2, 1, 0, 0, 2 ] ];12597120
[ [ 1, 1, 2, 0, 1, 0 ], [ 0, 2, 0, 1, 0, 0 ], [ 0, 2, 0, 2, 1, 0 ], [ 0, 1, 0, 2, 1, 1 ], [ 2, 1, 2, 1, 2, 2 ], [ 0, 1, 0, 1, 0, 0 ] ];12597120
[ [ 1, 0, 1, 0, 2, 2 ], [ 1, 1, 0, 2, 1, 0 ], [ 0, 2, 2, 2, 1, 2 ], [ 2, 2, 0, 1, 0, 0 ], [ 1, 2, 2, 2, 2, 0 ], [ 0, 1, 2, 2, 0, 0 ] ];12597120
[ [ 1, 2, 2, 2, 1, 0 ], [ 2, 1, 2, 0, 2, 2 ], [ 2, 1, 0, 0, 0, 0 ], [ 2, 0, 0, 0, 0, 1 ], [ 2, 1, 0, 1, 2, 1 ], [ 1, 2, 1, 1, 1, 0 ] ];12597120
[ [ 0, 0, 1, 0, 1, 2 ], [ 2, 2, 0, 0, 0, 1 ], [ 1, 2, 2, 2, 2, 2 ], [ 1, 2, 0, 1, 2, 0 ], [ 0, 2, 2, 2, 1, 0 ], [ 1, 2, 2, 0, 2, 1 ] ];12597120
[ [ 1, 0, 1, 0, 0, 2 ], [ 1, 1, 2, 2, 1, 1 ], [ 2, 2, 2, 2, 2, 2 ], [ 1, 2, 0, 1, 0, 0 ], [ 0, 2, 2, 2, 2, 0 ], [ 1, 0, 1, 1, 2, 0 ] ];12597120
[ [ 2, 2, 1, 2, 2, 1 ], [ 2, 2, 1, 1, 0, 1 ], [ 1, 1, 1, 0, 2, 2 ], [ 0, 1, 0, 2, 1, 0 ], [ 0, 2, 1, 0, 0, 2 ], [ 0, 2, 0, 0, 1, 0 ] ];12597120
[ [ 0, 2, 1, 2, 0, 1 ], [ 2, 2, 2, 0, 0, 1 ], [ 2, 0, 2, 2, 0, 1 ], [ 2, 1, 0, 1, 0, 1 ], [ 2, 1, 2, 0, 1, 0 ], [ 1, 2, 1, 0, 2, 1 ] ];12597120
[ [ 2, 2, 1, 2, 2, 1 ], [ 2, 2, 0, 0, 1, 1 ], [ 0, 0, 0, 2, 1, 1 ], [ 1, 1, 1, 2, 0, 0 ], [ 1, 1, 0, 0, 0, 0 ], [ 1, 2, 2, 0, 0, 1 ] ];12597120
[ [ 2, 0, 1, 2, 1, 1 ], [ 0, 0, 1, 0, 2, 2 ], [ 0, 2, 2, 0, 0, 0 ], [ 1, 0, 0, 0, 2, 2 ], [ 1, 1, 2, 1, 1, 2 ], [ 0, 0, 0, 0, 2, 2 ] ];12597120
[ [ 0, 0, 1, 2, 2, 1 ], [ 1, 2, 1, 0, 1, 2 ], [ 2, 2, 2, 0, 2, 0 ], [ 0, 0, 0, 0, 1, 2 ], [ 1, 1, 2, 1, 1, 2 ], [ 1, 2, 0, 0, 1, 2 ] ];12597120
[ [ 1, 0, 1, 2, 2, 1 ], [ 0, 1, 0, 1, 0, 1 ], [ 0, 2, 2, 0, 1, 0 ], [ 2, 0, 0, 0, 1, 2 ], [ 2, 1, 2, 1, 2, 2 ], [ 0, 2, 2, 1, 1, 1 ] ];12597120
[ [ 0, 0, 2, 0, 2, 1 ], [ 0, 1, 0, 1, 1, 0 ], [ 1, 0, 2, 0, 0, 0 ], [ 1, 2, 1, 1, 0, 2 ], [ 0, 1, 2, 1, 0, 2 ], [ 1, 1, 2, 1, 2, 0 ] ];12597120
[ [ 2, 2, 2, 1, 2, 2 ], [ 0, 0, 2, 2, 1, 2 ], [ 2, 1, 2, 2, 0, 0 ], [ 1, 0, 0, 1, 2, 2 ], [ 0, 1, 2, 1, 0, 2 ], [ 1, 1, 1, 2, 2, 2 ] ];12597120
[ [ 2, 1, 0, 0, 0, 0 ], [ 2, 0, 2, 0, 0, 2 ], [ 1, 2, 2, 2, 1, 0 ], [ 1, 2, 0, 1, 0, 2 ], [ 2, 1, 2, 1, 2, 2 ], [ 0, 0, 2, 2, 2, 0 ] ];12597120
[ [ 0, 1, 2, 2, 1, 0 ], [ 1, 2, 1, 2, 2, 0 ], [ 1, 2, 2, 2, 2, 1 ], [ 0, 0, 0, 1, 0, 1 ], [ 1, 0, 0, 0, 0, 1 ], [ 0, 2, 2, 1, 1, 2 ] ];12597120
[ [ 2, 0, 2, 1, 2, 1 ], [ 1, 1, 0, 2, 0, 2 ], [ 1, 1, 0, 2, 0, 0 ], [ 2, 2, 1, 2, 2, 2 ], [ 0, 1, 2, 1, 0, 2 ], [ 1, 0, 1, 0, 0, 2 ] ];12597120
[ [ 1, 2, 0, 1, 1, 0 ], [ 0, 2, 0, 1, 0, 2 ], [ 1, 1, 0, 2, 2, 1 ], [ 1, 0, 0, 2, 2, 2 ], [ 2, 1, 1, 0, 2, 1 ], [ 0, 0, 0, 1, 0, 0 ] ];12597120
[ [ 2, 0, 1, 2, 0, 2 ], [ 1, 0, 0, 0, 1, 1 ], [ 2, 1, 2, 0, 2, 1 ], [ 1, 2, 0, 0, 2, 0 ], [ 1, 2, 2, 1, 2, 0 ], [ 1, 0, 2, 0, 1, 1 ] ];12597120
[ [ 2, 2, 1, 2, 0, 1 ], [ 0, 0, 1, 1, 1, 1 ], [ 0, 2, 2, 2, 2, 2 ], [ 1, 0, 0, 1, 2, 1 ], [ 0, 0, 2, 1, 0, 1 ], [ 0, 1, 0, 0, 2, 2 ] ];12597120
[ [ 1, 2, 1, 2, 1, 1 ], [ 1, 2, 2, 1, 1, 2 ], [ 1, 0, 2, 2, 1, 2 ], [ 2, 1, 0, 1, 1, 0 ], [ 2, 2, 1, 2, 0, 2 ], [ 1, 1, 2, 0, 2, 1 ] ];12597120
[ [ 0, 0, 0, 1, 1, 1 ], [ 0, 0, 1, 0, 2, 1 ], [ 0, 2, 2, 0, 2, 1 ], [ 2, 0, 0, 2, 1, 1 ], [ 1, 2, 1, 2, 2, 0 ], [ 1, 1, 2, 2, 0, 2 ] ];6480
[ [ 1, 0, 2, 2, 0, 1 ], [ 0, 1, 0, 0, 0, 0 ], [ 0, 1, 0, 0, 1, 2 ], [ 0, 2, 0, 0, 2, 2 ], [ 0, 2, 2, 1, 0, 0 ], [ 0, 0, 1, 1, 0, 0 ] ];810
[ [ 2, 0, 1, 0, 0, 1 ], [ 0, 2, 0, 0, 0, 0 ], [ 0, 0, 1, 0, 0, 0 ], [ 0, 1, 0, 1, 0, 0 ], [ 0, 2, 0, 0, 1, 0 ], [ 0, 0, 0, 0, 0, 1 ] ];81
[ [ 0, 0, 0, 2, 2, 2 ], [ 0, 0, 2, 0, 1, 2 ], [ 0, 1, 1, 0, 1, 2 ], [ 1, 0, 0, 1, 2, 2 ], [ 2, 1, 2, 1, 1, 0 ], [ 2, 2, 1, 1, 0, 1 ] ];6480
[ [ 2, 0, 1, 1, 0, 2 ], [ 0, 2, 0, 0, 0, 0 ], [ 0, 2, 0, 0, 2, 1 ], [ 0, 1, 0, 0, 1, 1 ], [ 0, 1, 1, 2, 0, 0 ], [ 0, 0, 2, 2, 0, 0 ] ];810
[ [ 1, 0, 2, 0, 0, 2 ], [ 0, 1, 0, 0, 0, 0 ], [ 0, 0, 2, 0, 0, 0 ], [ 0, 2, 0, 2, 0, 0 ], [ 0, 1, 0, 0, 2, 0 ], [ 0, 0, 0, 0, 0, 2 ] ];81
[ [ 2, 1, 2, 2, 0, 1 ], [ 2, 0, 1, 1, 0, 2 ], [ 2, 2, 2, 1, 0, 2 ], [ 1, 1, 2, 0, 0, 1 ], [ 1, 1, 2, 2, 1, 1 ], [ 0, 0, 0, 0, 0, 1 ] ];243
[ [ 1, 0, 0, 0, 0, 0 ], [ 0, 1, 0, 0, 0, 0 ], [ 0, 0, 1, 0, 0, 0 ], [ 0, 0, 0, 1, 0, 0 ], [ 0, 0, 0, 0, 1, 0 ], [ 0, 0, 0, 0, 2, 1 ] ];120
[ [ 1, 1, 0, 0, 0, 0 ], [ 0, 1, 0, 0, 0, 0 ], [ 0, 0, 1, 0, 0, 0 ], [ 0, 0, 0, 1, 0, 0 ], [ 0, 0, 0, 0, 1, 0 ], [ 0, 0, 0, 0, 0, 1 ] ];1
[ [ 1, 2, 1, 1, 0, 2 ], [ 1, 0, 2, 2, 0, 1 ], [ 1, 1, 1, 2, 0, 1 ], [ 2, 2, 1, 0, 0, 2 ], [ 2, 2, 1, 1, 2, 2 ], [ 0, 0, 0, 0, 0, 2 ] ];243
[ [ 2, 0, 0, 0, 0, 0 ], [ 0, 2, 0, 0, 0, 0 ], [ 0, 0, 2, 0, 0, 0 ], [ 0, 0, 0, 2, 0, 0 ], [ 0, 0, 0, 0, 2, 0 ], [ 0, 0, 0, 0, 1, 2 ] ];120
[ [ 2, 2, 0, 0, 0, 0 ], [ 0, 2, 0, 0, 0, 0 ], [ 0, 0, 2, 0, 0, 0 ], [ 0, 0, 0, 2, 0, 0 ], [ 0, 0, 0, 0, 2, 0 ], [ 0, 0, 0, 0, 0, 2 ] ];1
[ [ 0, 2, 1, 1, 0, 2 ], [ 1, 2, 2, 2, 0, 1 ], [ 1, 1, 0, 2, 0, 1 ], [ 2, 2, 1, 2, 0, 2 ], [ 2, 2, 1, 1, 1, 2 ], [ 0, 0, 0, 0, 0, 1 ] ];243
[ [ 1, 0, 0, 0, 0, 0 ], [ 0, 1, 0, 0, 0, 0 ], [ 0, 0, 1, 0, 0, 0 ], [ 0, 0, 0, 1, 0, 0 ], [ 0, 0, 0, 0, 1, 0 ], [ 0, 0, 0, 0, 1, 1 ] ];120
[ [ 1, 2, 0, 0, 0, 0 ], [ 0, 1, 0, 0, 0, 0 ], [ 0, 0, 1, 0, 0, 0 ], [ 0, 0, 0, 1, 0, 0 ], [ 0, 0, 0, 0, 1, 0 ], [ 0, 0, 0, 0, 0, 1 ] ];1
[ [ 0, 1, 2, 2, 0, 1 ], [ 2, 1, 1, 1, 0, 2 ], [ 2, 2, 0, 1, 0, 2 ], [ 1, 1, 2, 1, 0, 1 ], [ 1, 1, 2, 2, 2, 1 ], [ 0, 0, 0, 0, 0, 2 ] ];243
[ [ 2, 0, 0, 0, 0, 0 ], [ 0, 2, 0, 0, 0, 0 ], [ 0, 0, 2, 0, 0, 0 ], [ 0, 0, 0, 2, 0, 0 ], [ 0, 0, 0, 0, 2, 0 ], [ 0, 0, 0, 0, 2, 2 ] ];120
[ [ 2, 1, 0, 0, 0, 0 ], [ 0, 2, 0, 0, 0, 0 ], [ 0, 0, 2, 0, 0, 0 ], [ 0, 0, 0, 2, 0, 0 ], [ 0, 0, 0, 0, 2, 0 ], [ 0, 0, 0, 0, 0, 2 ] ];1
[ [ 0, 1, 0, 1, 1, 2 ], [ 0, 1, 0, 1, 2, 2 ], [ 2, 2, 0, 0, 2, 0 ], [ 1, 0, 1, 2, 2, 0 ], [ 0, 0, 2, 1, 2, 0 ], [ 1, 1, 0, 2, 1, 0 ] ];1399680
[ [ 1, 2, 2, 0, 2, 1 ], [ 1, 2, 0, 2, 1, 2 ], [ 2, 1, 0, 0, 2, 1 ], [ 2, 0, 1, 2, 0, 0 ], [ 2, 2, 0, 2, 1, 1 ], [ 0, 0, 0, 0, 1, 2 ] ];1049760
[ [ 0, 1, 0, 1, 1, 2 ], [ 2, 1, 1, 0, 2, 2 ], [ 0, 1, 1, 2, 0, 1 ], [ 2, 0, 1, 2, 0, 0 ], [ 2, 0, 2, 1, 1, 0 ], [ 0, 1, 1, 0, 1, 0 ] ];1049760
[ [ 1, 0, 1, 2, 2, 0 ], [ 2, 2, 2, 0, 2, 0 ], [ 0, 1, 2, 1, 0, 1 ], [ 2, 0, 1, 2, 0, 0 ], [ 0, 1, 1, 0, 2, 2 ], [ 2, 1, 2, 2, 0, 2 ] ];131220
[ [ 2, 1, 1, 0, 2, 2 ], [ 0, 1, 1, 2, 1, 1 ], [ 1, 0, 0, 1, 1, 1 ], [ 1, 2, 1, 0, 0, 0 ], [ 2, 0, 2, 1, 1, 0 ], [ 1, 0, 1, 2, 0, 1 ] ];174960
[ [ 1, 2, 1, 1, 0, 2 ], [ 1, 2, 0, 0, 1, 2 ], [ 0, 1, 2, 1, 0, 2 ], [ 0, 2, 2, 0, 0, 1 ], [ 1, 2, 1, 1, 0, 0 ], [ 1, 0, 2, 2, 2, 0 ] ];131220
[ [ 1, 1, 0, 1, 2, 2 ], [ 0, 1, 0, 0, 0, 0 ], [ 0, 1, 0, 2, 0, 1 ], [ 0, 2, 2, 0, 1, 1 ], [ 0, 0, 2, 1, 2, 0 ], [ 0, 1, 1, 0, 1, 1 ] ];43740
[ [ 0, 2, 0, 2, 2, 1 ], [ 0, 2, 0, 2, 1, 1 ], [ 1, 1, 0, 0, 1, 0 ], [ 2, 0, 2, 1, 1, 0 ], [ 0, 0, 1, 2, 1, 0 ], [ 2, 2, 0, 1, 2, 0 ] ];1399680
[ [ 2, 1, 1, 0, 1, 2 ], [ 2, 1, 0, 1, 2, 1 ], [ 1, 2, 0, 0, 1, 2 ], [ 1, 0, 2, 1, 0, 0 ], [ 1, 1, 0, 1, 2, 2 ], [ 0, 0, 0, 0, 2, 1 ] ];1049760
[ [ 0, 2, 0, 2, 2, 1 ], [ 1, 2, 2, 0, 1, 1 ], [ 0, 2, 2, 1, 0, 2 ], [ 1, 0, 2, 1, 0, 0 ], [ 1, 0, 1, 2, 2, 0 ], [ 0, 2, 2, 0, 2, 0 ] ];1049760
[ [ 2, 0, 2, 1, 1, 0 ], [ 1, 1, 1, 0, 1, 0 ], [ 0, 2, 1, 2, 0, 2 ], [ 1, 0, 2, 1, 0, 0 ], [ 0, 2, 2, 0, 1, 1 ], [ 1, 2, 1, 1, 0, 1 ] ];131220
[ [ 1, 2, 2, 0, 1, 1 ], [ 0, 2, 2, 1, 2, 2 ], [ 2, 0, 0, 2, 2, 2 ], [ 2, 1, 2, 0, 0, 0 ], [ 1, 0, 1, 2, 2, 0 ], [ 2, 0, 2, 1, 0, 2 ] ];174960
[ [ 2, 1, 2, 2, 0, 1 ], [ 2, 1, 0, 0, 2, 1 ], [ 0, 2, 1, 2, 0, 1 ], [ 0, 1, 1, 0, 0, 2 ], [ 2, 1, 2, 2, 0, 0 ], [ 2, 0, 1, 1, 1, 0 ] ];131220
[ [ 2, 2, 0, 2, 1, 1 ], [ 0, 2, 0, 0, 0, 0 ], [ 0, 2, 0, 1, 0, 2 ], [ 0, 1, 1, 0, 2, 2 ], [ 0, 0, 1, 2, 1, 0 ], [ 0, 2, 2, 0, 2, 2 ] ];43740
[ [ 1, 1, 2, 0, 1, 2 ], [ 2, 2, 2, 1, 2, 0 ], [ 2, 1, 0, 1, 2, 0 ], [ 0, 1, 2, 1, 1, 2 ], [ 2, 0, 0, 1, 2, 1 ], [ 1, 1, 2, 2, 0, 2 ] ];19440
[ [ 1, 0, 1, 1, 1, 1 ], [ 0, 1, 2, 2, 2, 2 ], [ 2, 2, 0, 1, 2, 2 ], [ 1, 1, 2, 1, 2, 2 ], [ 2, 2, 1, 0, 2, 1 ], [ 1, 1, 2, 0, 2, 0 ] ];6480
[ [ 1, 1, 0, 1, 1, 1 ], [ 0, 1, 0, 0, 0, 0 ], [ 0, 0, 2, 1, 0, 2 ], [ 0, 1, 2, 1, 1, 2 ], [ 0, 2, 2, 1, 0, 0 ], [ 0, 2, 0, 2, 2, 0 ] ];3240
[ [ 0, 1, 2, 0, 0, 2 ], [ 2, 1, 2, 0, 0, 2 ], [ 0, 0, 1, 0, 0, 0 ], [ 2, 0, 2, 1, 0, 2 ], [ 1, 0, 1, 0, 1, 1 ], [ 0, 0, 0, 0, 0, 1 ] ];243
[ [ 2, 1, 1, 0, 0, 1 ], [ 0, 2, 0, 0, 0, 0 ], [ 0, 0, 1, 0, 0, 0 ], [ 0, 1, 0, 1, 0, 0 ], [ 0, 2, 0, 0, 1, 0 ], [ 0, 0, 0, 0, 0, 1 ] ];81
[ [ 2, 2, 1, 0, 2, 1 ], [ 1, 1, 1, 2, 1, 0 ], [ 1, 2, 0, 2, 1, 0 ], [ 0, 2, 1, 2, 2, 1 ], [ 1, 0, 0, 2, 1, 2 ], [ 2, 2, 1, 1, 0, 1 ] ];19440
[ [ 2, 0, 2, 2, 2, 2 ], [ 0, 2, 1, 1, 1, 1 ], [ 1, 1, 0, 2, 1, 1 ], [ 2, 2, 1, 2, 1, 1 ], [ 1, 1, 2, 0, 1, 2 ], [ 2, 2, 1, 0, 1, 0 ] ];6480
[ [ 2, 2, 0, 2, 2, 2 ], [ 0, 2, 0, 0, 0, 0 ], [ 0, 0, 1, 2, 0, 1 ], [ 0, 2, 1, 2, 2, 1 ], [ 0, 1, 1, 2, 0, 0 ], [ 0, 1, 0, 1, 1, 0 ] ];3240
[ [ 0, 2, 1, 0, 0, 1 ], [ 1, 2, 1, 0, 0, 1 ], [ 0, 0, 2, 0, 0, 0 ], [ 1, 0, 1, 2, 0, 1 ], [ 2, 0, 2, 0, 2, 2 ], [ 0, 0, 0, 0, 0, 2 ] ];243
[ [ 1, 2, 2, 0, 0, 2 ], [ 0, 1, 0, 0, 0, 0 ], [ 0, 0, 2, 0, 0, 0 ], [ 0, 2, 0, 2, 0, 0 ], [ 0, 1, 0, 0, 2, 0 ], [ 0, 0, 0, 0, 0, 2 ] ];81
[ [ 2, 2, 1, 2, 1, 0 ], [ 1, 1, 0, 2, 2, 2 ], [ 1, 0, 1, 2, 2, 2 ], [ 1, 2, 1, 0, 1, 0 ], [ 0, 1, 2, 0, 2, 2 ], [ 1, 1, 2, 2, 0, 2 ] ];19440
[ [ 1, 0, 1, 1, 1, 1 ], [ 0, 1, 2, 2, 2, 2 ], [ 2, 2, 1, 2, 0, 0 ], [ 1, 1, 1, 0, 1, 1 ], [ 2, 2, 2, 1, 0, 2 ], [ 1, 1, 1, 2, 1, 2 ] ];6480
[ [ 1, 2, 1, 0, 2, 1 ], [ 0, 1, 0, 0, 0, 0 ], [ 0, 2, 1, 2, 2, 2 ], [ 0, 0, 1, 2, 0, 2 ], [ 0, 2, 2, 1, 0, 0 ], [ 0, 1, 2, 0, 1, 0 ] ];3240
[ [ 1, 2, 0, 0, 0, 0 ], [ 1, 0, 1, 0, 0, 1 ], [ 0, 0, 1, 0, 0, 0 ], [ 1, 2, 1, 1, 0, 1 ], [ 2, 1, 2, 0, 1, 2 ], [ 0, 0, 0, 0, 0, 1 ] ];243
[ [ 2, 2, 1, 0, 0, 1 ], [ 0, 2, 0, 0, 0, 0 ], [ 0, 0, 1, 0, 0, 0 ], [ 0, 1, 0, 1, 0, 0 ], [ 0, 2, 0, 0, 1, 0 ], [ 0, 0, 0, 0, 0, 1 ] ];81
[ [ 1, 1, 2, 1, 2, 0 ], [ 2, 2, 0, 1, 1, 1 ], [ 2, 0, 2, 1, 1, 1 ], [ 2, 1, 2, 0, 2, 0 ], [ 0, 2, 1, 0, 1, 1 ], [ 2, 2, 1, 1, 0, 1 ] ];19440
[ [ 2, 0, 2, 2, 2, 2 ], [ 0, 2, 1, 1, 1, 1 ], [ 1, 1, 2, 1, 0, 0 ], [ 2, 2, 2, 0, 2, 2 ], [ 1, 1, 1, 2, 0, 1 ], [ 2, 2, 2, 1, 2, 1 ] ];6480
[ [ 2, 1, 2, 0, 1, 2 ], [ 0, 2, 0, 0, 0, 0 ], [ 0, 1, 2, 1, 1, 1 ], [ 0, 0, 2, 1, 0, 1 ], [ 0, 1, 1, 2, 0, 0 ], [ 0, 2, 1, 0, 2, 0 ] ];3240
[ [ 2, 1, 0, 0, 0, 0 ], [ 2, 0, 2, 0, 0, 2 ], [ 0, 0, 2, 0, 0, 0 ], [ 2, 1, 2, 2, 0, 2 ], [ 1, 2, 1, 0, 2, 1 ], [ 0, 0, 0, 0, 0, 2 ] ];243
[ [ 1, 1, 2, 0, 0, 2 ], [ 0, 1, 0, 0, 0, 0 ], [ 0, 0, 2, 0, 0, 0 ], [ 0, 2, 0, 2, 0, 0 ], [ 0, 1, 0, 0, 2, 0 ], [ 0, 0, 0, 0, 0, 2 ] ];81
[ [ 1, 0, 1, 0, 2, 2 ], [ 1, 1, 0, 0, 1, 1 ], [ 0, 2, 0, 2, 1, 2 ], [ 2, 2, 2, 1, 0, 0 ], [ 0, 1, 1, 1, 0, 2 ], [ 2, 2, 2, 1, 1, 1 ] ];4199040
[ [ 1, 2, 0, 1, 0, 2 ], [ 1, 2, 2, 1, 0, 1 ], [ 1, 0, 0, 2, 2, 1 ], [ 0, 1, 2, 1, 1, 1 ], [ 1, 1, 2, 0, 0, 0 ], [ 1, 1, 1, 2, 2, 0 ] ];1049760
[ [ 0, 2, 2, 2, 0, 1 ], [ 2, 2, 1, 2, 0, 2 ], [ 2, 1, 0, 2, 0, 0 ], [ 1, 0, 2, 1, 2, 2 ], [ 0, 0, 0, 2, 1, 2 ], [ 1, 2, 0, 0, 1, 0 ] ];3149280
[ [ 2, 0, 1, 1, 0, 2 ], [ 2, 0, 2, 0, 0, 1 ], [ 0, 1, 1, 2, 0, 1 ], [ 1, 2, 2, 2, 2, 0 ], [ 1, 1, 1, 1, 1, 2 ], [ 2, 1, 1, 0, 2, 1 ] ];1049760
[ [ 0, 0, 2, 2, 1, 2 ], [ 0, 0, 2, 0, 1, 1 ], [ 2, 1, 0, 2, 0, 2 ], [ 2, 1, 2, 1, 2, 0 ], [ 1, 1, 1, 1, 1, 2 ], [ 2, 0, 1, 1, 1, 2 ] ];3149280
[ [ 1, 0, 2, 2, 1, 1 ], [ 0, 0, 1, 2, 0, 2 ], [ 0, 1, 0, 2, 1, 2 ], [ 2, 1, 2, 1, 0, 1 ], [ 1, 2, 1, 1, 1, 2 ], [ 1, 2, 0, 0, 0, 1 ] ];1399680
[ [ 1, 2, 2, 2, 1, 1 ], [ 2, 2, 2, 0, 2, 0 ], [ 0, 0, 2, 0, 2, 0 ], [ 2, 0, 2, 0, 0, 2 ], [ 0, 0, 0, 1, 1, 2 ], [ 2, 2, 1, 2, 1, 1 ] ];524880
[ [ 2, 0, 2, 0, 0, 2 ], [ 0, 1, 1, 2, 1, 1 ], [ 1, 0, 0, 1, 1, 1 ], [ 1, 1, 2, 0, 1, 0 ], [ 2, 1, 1, 1, 2, 2 ], [ 1, 1, 0, 2, 0, 2 ] ];699840
[ [ 1, 2, 1, 1, 0, 2 ], [ 1, 2, 0, 0, 1, 2 ], [ 0, 1, 0, 0, 2, 0 ], [ 0, 2, 2, 1, 2, 2 ], [ 1, 2, 2, 1, 1, 2 ], [ 1, 0, 0, 2, 0, 2 ] ];524880
[ [ 1, 0, 0, 1, 2, 2 ], [ 1, 0, 1, 0, 0, 1 ], [ 0, 1, 0, 2, 0, 1 ], [ 1, 1, 0, 0, 1, 2 ], [ 2, 1, 1, 1, 2, 2 ], [ 0, 1, 1, 0, 1, 1 ] ];131220
[ [ 2, 2, 2, 2, 2, 1 ], [ 0, 2, 0, 0, 0, 0 ], [ 0, 2, 2, 2, 1, 0 ], [ 0, 2, 0, 1, 1, 2 ], [ 0, 0, 1, 0, 2, 2 ], [ 0, 1, 1, 2, 0, 1 ] ];43740
[ [ 2, 0, 2, 0, 1, 1 ], [ 2, 2, 0, 0, 2, 2 ], [ 0, 1, 0, 1, 2, 1 ], [ 1, 1, 1, 2, 0, 0 ], [ 0, 2, 2, 2, 0, 1 ], [ 1, 1, 1, 2, 2, 2 ] ];4199040
[ [ 2, 1, 0, 2, 0, 1 ], [ 2, 1, 1, 2, 0, 2 ], [ 2, 0, 0, 1, 1, 2 ], [ 0, 2, 1, 2, 2, 2 ], [ 2, 2, 1, 0, 0, 0 ], [ 2, 2, 2, 1, 1, 0 ] ];1049760
[ [ 0, 1, 1, 1, 0, 2 ], [ 1, 1, 2, 1, 0, 1 ], [ 1, 2, 0, 1, 0, 0 ], [ 2, 0, 1, 2, 1, 1 ], [ 0, 0, 0, 1, 2, 1 ], [ 2, 1, 0, 0, 2, 0 ] ];3149280
[ [ 1, 0, 2, 2, 0, 1 ], [ 1, 0, 1, 0, 0, 2 ], [ 0, 2, 2, 1, 0, 2 ], [ 2, 1, 1, 1, 1, 0 ], [ 2, 2, 2, 2, 2, 1 ], [ 1, 2, 2, 0, 1, 2 ] ];1049760
[ [ 0, 0, 1, 1, 2, 1 ], [ 0, 0, 1, 0, 2, 2 ], [ 1, 2, 0, 1, 0, 1 ], [ 1, 2, 1, 2, 1, 0 ], [ 2, 2, 2, 2, 2, 1 ], [ 1, 0, 2, 2, 2, 1 ] ];3149280
[ [ 2, 0, 1, 1, 2, 2 ], [ 0, 0, 2, 1, 0, 1 ], [ 0, 2, 0, 1, 2, 1 ], [ 1, 2, 1, 2, 0, 2 ], [ 2, 1, 2, 2, 2, 1 ], [ 2, 1, 0, 0, 0, 2 ] ];1399680
[ [ 2, 1, 1, 1, 2, 2 ], [ 1, 1, 1, 0, 1, 0 ], [ 0, 0, 1, 0, 1, 0 ], [ 1, 0, 1, 0, 0, 1 ], [ 0, 0, 0, 2, 2, 1 ], [ 1, 1, 2, 1, 2, 2 ] ];524880
[ [ 1, 0, 1, 0, 0, 1 ], [ 0, 2, 2, 1, 2, 2 ], [ 2, 0, 0, 2, 2, 2 ], [ 2, 2, 1, 0, 2, 0 ], [ 1, 2, 2, 2, 1, 1 ], [ 2, 2, 0, 1, 0, 1 ] ];699840
[ [ 2, 1, 2, 2, 0, 1 ], [ 2, 1, 0, 0, 2, 1 ], [ 0, 2, 0, 0, 1, 0 ], [ 0, 1, 1, 2, 1, 1 ], [ 2, 1, 1, 2, 2, 1 ], [ 2, 0, 0, 1, 0, 1 ] ];524880
[ [ 2, 0, 0, 2, 1, 1 ], [ 2, 0, 2, 0, 0, 2 ], [ 0, 2, 0, 1, 0, 2 ], [ 2, 2, 0, 0, 2, 1 ], [ 1, 2, 2, 2, 1, 1 ], [ 0, 2, 2, 0, 2, 2 ] ];131220
[ [ 1, 1, 1, 1, 1, 2 ], [ 0, 1, 0, 0, 0, 0 ], [ 0, 1, 1, 1, 2, 0 ], [ 0, 1, 0, 2, 2, 1 ], [ 0, 0, 2, 0, 1, 1 ], [ 0, 2, 2, 1, 0, 2 ] ];43740
[ [ 0, 2, 2, 1, 2, 1 ], [ 2, 2, 2, 2, 1, 2 ], [ 1, 0, 2, 1, 1, 0 ], [ 1, 1, 0, 2, 0, 2 ], [ 2, 0, 2, 2, 0, 1 ], [ 2, 2, 2, 1, 1, 1 ] ];4199040
[ [ 1, 2, 0, 1, 0, 2 ], [ 1, 2, 2, 1, 0, 1 ], [ 1, 0, 2, 1, 1, 0 ], [ 0, 1, 0, 2, 2, 2 ], [ 1, 1, 1, 2, 2, 2 ], [ 1, 1, 2, 0, 0, 1 ] ];1049760
[ [ 2, 1, 1, 1, 1, 1 ], [ 0, 0, 2, 0, 2, 2 ], [ 1, 0, 2, 1, 1, 0 ], [ 2, 1, 0, 2, 1, 2 ], [ 0, 0, 0, 2, 1, 2 ], [ 0, 1, 2, 2, 2, 0 ] ];3149280
[ [ 2, 2, 2, 1, 1, 1 ], [ 2, 0, 2, 0, 0, 1 ], [ 0, 1, 1, 2, 0, 1 ], [ 1, 1, 0, 2, 0, 2 ], [ 1, 0, 2, 1, 2, 1 ], [ 2, 0, 2, 0, 0, 0 ] ];1049760
[ [ 2, 2, 0, 0, 0, 1 ], [ 1, 1, 1, 2, 2, 2 ], [ 0, 2, 2, 1, 1, 0 ], [ 1, 0, 0, 2, 1, 2 ], [ 0, 0, 2, 2, 0, 1 ], [ 0, 1, 0, 0, 2, 0 ] ];3149280
[ [ 1, 2, 0, 0, 2, 1 ], [ 0, 0, 1, 2, 0, 2 ], [ 0, 2, 2, 1, 0, 2 ], [ 2, 0, 0, 2, 1, 1 ], [ 1, 2, 1, 1, 1, 2 ], [ 1, 1, 1, 1, 1, 1 ] ];1399680
[ [ 1, 1, 1, 0, 0, 1 ], [ 2, 2, 2, 0, 2, 0 ], [ 0, 1, 0, 2, 0, 0 ], [ 2, 1, 0, 2, 1, 2 ], [ 0, 0, 0, 1, 1, 2 ], [ 2, 0, 2, 1, 2, 1 ] ];524880
[ [ 2, 2, 0, 0, 0, 1 ], [ 0, 1, 1, 2, 1, 1 ], [ 1, 0, 0, 1, 1, 1 ], [ 1, 0, 0, 0, 1, 2 ], [ 2, 0, 2, 1, 2, 1 ], [ 1, 1, 0, 2, 0, 2 ] ];699840
[ [ 1, 2, 1, 1, 0, 2 ], [ 1, 2, 0, 0, 1, 2 ], [ 0, 1, 0, 2, 0, 2 ], [ 0, 2, 2, 1, 2, 2 ], [ 1, 2, 2, 0, 2, 1 ], [ 1, 0, 0, 1, 1, 1 ] ];524880
[ [ 0, 2, 2, 1, 2, 1 ], [ 2, 1, 2, 0, 0, 2 ], [ 0, 1, 0, 2, 0, 1 ], [ 2, 2, 1, 0, 1, 0 ], [ 1, 0, 0, 1, 2, 1 ], [ 0, 1, 1, 0, 1, 1 ] ];131220
[ [ 2, 1, 2, 2, 2, 1 ], [ 0, 2, 0, 0, 0, 0 ], [ 0, 2, 2, 2, 1, 0 ], [ 0, 2, 0, 1, 1, 2 ], [ 0, 0, 1, 0, 2, 2 ], [ 0, 1, 1, 2, 0, 1 ] ];43740
[ [ 0, 1, 1, 2, 1, 2 ], [ 1, 1, 1, 1, 2, 1 ], [ 2, 0, 1, 2, 2, 0 ], [ 2, 2, 0, 1, 0, 1 ], [ 1, 0, 1, 1, 0, 2 ], [ 1, 1, 1, 2, 2, 2 ] ];4199040
[ [ 2, 1, 0, 2, 0, 1 ], [ 2, 1, 1, 2, 0, 2 ], [ 2, 0, 1, 2, 2, 0 ], [ 0, 2, 0, 1, 1, 1 ], [ 2, 2, 2, 1, 1, 1 ], [ 2, 2, 1, 0, 0, 2 ] ];1049760
[ [ 1, 2, 2, 2, 2, 2 ], [ 0, 0, 1, 0, 1, 1 ], [ 2, 0, 1, 2, 2, 0 ], [ 1, 2, 0, 1, 2, 1 ], [ 0, 0, 0, 1, 2, 1 ], [ 0, 2, 1, 1, 1, 0 ] ];3149280
[ [ 1, 1, 1, 2, 2, 2 ], [ 1, 0, 1, 0, 0, 2 ], [ 0, 2, 2, 1, 0, 2 ], [ 2, 2, 0, 1, 0, 1 ], [ 2, 0, 1, 2, 1, 2 ], [ 1, 0, 1, 0, 0, 0 ] ];1049760
[ [ 1, 1, 0, 0, 0, 2 ], [ 2, 2, 2, 1, 1, 1 ], [ 0, 1, 1, 2, 2, 0 ], [ 2, 0, 0, 1, 2, 1 ], [ 0, 0, 1, 1, 0, 2 ], [ 0, 2, 0, 0, 1, 0 ] ];3149280
[ [ 2, 1, 0, 0, 1, 2 ], [ 0, 0, 2, 1, 0, 1 ], [ 0, 1, 1, 2, 0, 1 ], [ 1, 0, 0, 1, 2, 2 ], [ 2, 1, 2, 2, 2, 1 ], [ 2, 2, 2, 2, 2, 2 ] ];1399680
[ [ 2, 2, 2, 0, 0, 2 ], [ 1, 1, 1, 0, 1, 0 ], [ 0, 2, 0, 1, 0, 0 ], [ 1, 2, 0, 1, 2, 1 ], [ 0, 0, 0, 2, 2, 1 ], [ 1, 0, 1, 2, 1, 2 ] ];524880
[ [ 1, 1, 0, 0, 0, 2 ], [ 0, 2, 2, 1, 2, 2 ], [ 2, 0, 0, 2, 2, 2 ], [ 2, 0, 0, 0, 2, 1 ], [ 1, 0, 1, 2, 1, 2 ], [ 2, 2, 0, 1, 0, 1 ] ];699840
[ [ 2, 1, 2, 2, 0, 1 ], [ 2, 1, 0, 0, 2, 1 ], [ 0, 2, 0, 1, 0, 1 ], [ 0, 1, 1, 2, 1, 1 ], [ 2, 1, 1, 0, 1, 2 ], [ 2, 0, 0, 2, 2, 2 ] ];524880
[ [ 0, 1, 1, 2, 1, 2 ], [ 1, 2, 1, 0, 0, 1 ], [ 0, 2, 0, 1, 0, 2 ], [ 1, 1, 2, 0, 2, 0 ], [ 2, 0, 0, 2, 1, 2 ], [ 0, 2, 2, 0, 2, 2 ] ];131220
[ [ 1, 2, 1, 1, 1, 2 ], [ 0, 1, 0, 0, 0, 0 ], [ 0, 1, 1, 1, 2, 0 ], [ 0, 1, 0, 2, 2, 1 ], [ 0, 0, 2, 0, 1, 1 ], [ 0, 2, 2, 1, 0, 2 ] ];43740
[ [ 1, 1, 1, 1, 1, 0 ], [ 0, 1, 0, 0, 0, 0 ], [ 0, 1, 2, 2, 0, 2 ], [ 0, 2, 2, 0, 2, 0 ], [ 0, 0, 0, 2, 2, 1 ], [ 0, 2, 2, 0, 1, 0 ] ];2160
[ [ 0, 1, 0, 1, 1, 2 ], [ 1, 2, 2, 0, 2, 2 ], [ 0, 1, 2, 2, 0, 2 ], [ 2, 0, 2, 0, 1, 0 ], [ 1, 2, 0, 2, 0, 1 ], [ 2, 2, 1, 0, 1, 2 ] ];9720
[ [ 0, 1, 1, 2, 0, 0 ], [ 2, 2, 1, 2, 0, 0 ], [ 1, 2, 0, 1, 0, 0 ], [ 1, 2, 2, 2, 0, 0 ], [ 0, 0, 0, 0, 2, 1 ], [ 0, 0, 0, 0, 2, 0 ] ];9720
[ [ 1, 1, 2, 2, 1, 0 ], [ 0, 1, 0, 0, 0, 0 ], [ 0, 2, 0, 2, 1, 0 ], [ 0, 1, 1, 2, 2, 0 ], [ 0, 0, 0, 0, 1, 0 ], [ 0, 2, 2, 2, 1, 1 ] ];120
[ [ 1, 2, 2, 1, 0, 1 ], [ 0, 1, 0, 0, 0, 0 ], [ 0, 1, 0, 1, 0, 1 ], [ 0, 1, 2, 2, 0, 1 ], [ 0, 1, 2, 1, 1, 1 ], [ 0, 0, 0, 0, 0, 1 ] ];120
[ [ 2, 2, 2, 2, 2, 0 ], [ 0, 2, 0, 0, 0, 0 ], [ 0, 2, 1, 1, 0, 1 ], [ 0, 1, 1, 0, 1, 0 ], [ 0, 0, 0, 1, 1, 2 ], [ 0, 1, 1, 0, 2, 0 ] ];2160
[ [ 0, 2, 0, 2, 2, 1 ], [ 2, 1, 1, 0, 1, 1 ], [ 0, 2, 1, 1, 0, 1 ], [ 1, 0, 1, 0, 2, 0 ], [ 2, 1, 0, 1, 0, 2 ], [ 1, 1, 2, 0, 2, 1 ] ];9720
[ [ 0, 2, 2, 1, 0, 0 ], [ 1, 1, 2, 1, 0, 0 ], [ 2, 1, 0, 2, 0, 0 ], [ 2, 1, 1, 1, 0, 0 ], [ 0, 0, 0, 0, 1, 2 ], [ 0, 0, 0, 0, 1, 0 ] ];9720
[ [ 2, 2, 1, 1, 2, 0 ], [ 0, 2, 0, 0, 0, 0 ], [ 0, 1, 0, 1, 2, 0 ], [ 0, 2, 2, 1, 1, 0 ], [ 0, 0, 0, 0, 2, 0 ], [ 0, 1, 1, 1, 2, 2 ] ];120
[ [ 2, 1, 1, 2, 0, 2 ], [ 0, 2, 0, 0, 0, 0 ], [ 0, 2, 0, 2, 0, 2 ], [ 0, 2, 1, 1, 0, 2 ], [ 0, 2, 1, 2, 2, 2 ], [ 0, 0, 0, 0, 0, 2 ] ];120
[ [ 0, 2, 2, 0, 0, 1 ], [ 0, 0, 1, 0, 2, 1 ], [ 0, 1, 1, 1, 2, 2 ], [ 2, 1, 1, 0, 2, 1 ], [ 1, 2, 1, 0, 1, 2 ], [ 1, 2, 0, 2, 2, 0 ] ];77760
[ [ 0, 2, 0, 0, 2, 2 ], [ 2, 1, 0, 0, 2, 0 ], [ 0, 1, 1, 1, 2, 2 ], [ 2, 0, 1, 0, 2, 1 ], [ 1, 0, 1, 0, 1, 2 ], [ 0, 1, 2, 2, 2, 2 ] ];699840
[ [ 1, 2, 2, 0, 1, 1 ], [ 1, 2, 0, 2, 0, 0 ], [ 0, 2, 1, 2, 2, 2 ], [ 1, 1, 1, 2, 1, 1 ], [ 0, 2, 1, 1, 0, 2 ], [ 0, 1, 2, 2, 1, 2 ] ];699840
[ [ 2, 2, 0, 0, 1, 0 ], [ 0, 2, 2, 2, 2, 0 ], [ 2, 1, 1, 1, 1, 2 ], [ 1, 0, 1, 0, 1, 2 ], [ 0, 2, 2, 0, 2, 2 ], [ 1, 2, 1, 1, 2, 1 ] ];77760
[ [ 0, 2, 2, 2, 0, 0 ], [ 2, 2, 1, 2, 2, 2 ], [ 1, 1, 1, 2, 0, 0 ], [ 1, 2, 1, 2, 1, 0 ], [ 1, 1, 1, 2, 1, 1 ], [ 2, 0, 0, 2, 1, 2 ] ];87480
[ [ 1, 2, 0, 2, 2, 2 ], [ 1, 1, 2, 2, 0, 0 ], [ 1, 2, 0, 1, 1, 1 ], [ 2, 0, 1, 2, 1, 1 ], [ 0, 0, 1, 1, 1, 2 ], [ 0, 0, 2, 2, 1, 0 ] ];87480
[ [ 2, 2, 2, 0, 2, 1 ], [ 0, 2, 0, 0, 0, 0 ], [ 0, 0, 0, 2, 2, 2 ], [ 0, 0, 2, 2, 0, 1 ], [ 0, 2, 2, 2, 0, 2 ], [ 0, 1, 0, 1, 2, 2 ] ];19440
[ [ 1, 2, 1, 0, 1, 2 ], [ 0, 1, 0, 0, 0, 0 ], [ 0, 2, 2, 1, 0, 0 ], [ 0, 2, 2, 0, 1, 0 ], [ 0, 1, 0, 0, 2, 0 ], [ 0, 0, 1, 2, 2, 2 ] ];9720
[ [ 1, 1, 2, 1, 0, 0 ], [ 0, 1, 0, 0, 0, 0 ], [ 0, 0, 1, 2, 1, 1 ], [ 0, 0, 1, 2, 1, 2 ], [ 0, 1, 1, 0, 0, 2 ], [ 0, 0, 2, 1, 0, 0 ] ];9720
[ [ 0, 1, 1, 0, 0, 2 ], [ 0, 0, 2, 0, 1, 2 ], [ 0, 2, 2, 2, 1, 1 ], [ 1, 2, 2, 0, 1, 2 ], [ 2, 1, 2, 0, 2, 1 ], [ 2, 1, 0, 1, 1, 0 ] ];77760
[ [ 0, 1, 0, 0, 1, 1 ], [ 1, 2, 0, 0, 1, 0 ], [ 0, 2, 2, 2, 1, 1 ], [ 1, 0, 2, 0, 1, 2 ], [ 2, 0, 2, 0, 2, 1 ], [ 0, 2, 1, 1, 1, 1 ] ];699840
[ [ 2, 1, 1, 0, 2, 2 ], [ 2, 1, 0, 1, 0, 0 ], [ 0, 1, 2, 1, 1, 1 ], [ 2, 2, 2, 1, 2, 2 ], [ 0, 1, 2, 2, 0, 1 ], [ 0, 2, 1, 1, 2, 1 ] ];699840
[ [ 1, 1, 0, 0, 2, 0 ], [ 0, 1, 1, 1, 1, 0 ], [ 1, 2, 2, 2, 2, 1 ], [ 2, 0, 2, 0, 2, 1 ], [ 0, 1, 1, 0, 1, 1 ], [ 2, 1, 2, 2, 1, 2 ] ];77760
[ [ 0, 1, 1, 1, 0, 0 ], [ 1, 1, 2, 1, 1, 1 ], [ 2, 2, 2, 1, 0, 0 ], [ 2, 1, 2, 1, 2, 0 ], [ 2, 2, 2, 1, 2, 2 ], [ 1, 0, 0, 1, 2, 1 ] ];87480
[ [ 2, 1, 0, 1, 1, 1 ], [ 2, 2, 1, 1, 0, 0 ], [ 2, 1, 0, 2, 2, 2 ], [ 1, 0, 2, 1, 2, 2 ], [ 0, 0, 2, 2, 2, 1 ], [ 0, 0, 1, 1, 2, 0 ] ];87480
[ [ 1, 1, 1, 0, 1, 2 ], [ 0, 1, 0, 0, 0, 0 ], [ 0, 0, 0, 1, 1, 1 ], [ 0, 0, 1, 1, 0, 2 ], [ 0, 1, 1, 1, 0, 1 ], [ 0, 2, 0, 2, 1, 1 ] ];19440
[ [ 2, 1, 2, 0, 2, 1 ], [ 0, 2, 0, 0, 0, 0 ], [ 0, 1, 1, 2, 0, 0 ], [ 0, 1, 1, 0, 2, 0 ], [ 0, 2, 0, 0, 1, 0 ], [ 0, 0, 2, 1, 1, 1 ] ];9720
[ [ 2, 2, 1, 2, 0, 0 ], [ 0, 2, 0, 0, 0, 0 ], [ 0, 0, 2, 1, 2, 2 ], [ 0, 0, 2, 1, 2, 1 ], [ 0, 2, 2, 0, 0, 1 ], [ 0, 0, 1, 2, 0, 0 ] ];9720
[ [ 1, 1, 0, 2, 1, 1 ], [ 0, 1, 0, 0, 0, 0 ], [ 0, 2, 0, 1, 0, 1 ], [ 0, 0, 2, 2, 0, 1 ], [ 0, 1, 2, 1, 1, 1 ], [ 0, 2, 0, 0, 0, 1 ] ];2880
[ [ 2, 1, 1, 2, 1, 2 ], [ 2, 0, 1, 0, 1, 1 ], [ 0, 2, 0, 1, 0, 1 ], [ 1, 2, 2, 2, 1, 1 ], [ 2, 2, 2, 1, 0, 1 ], [ 1, 2, 1, 0, 0, 2 ] ];116640
[ [ 0, 0, 2, 2, 1, 0 ], [ 0, 2, 0, 0, 0, 1 ], [ 0, 2, 0, 1, 0, 1 ], [ 0, 1, 2, 2, 0, 0 ], [ 2, 0, 0, 1, 2, 1 ], [ 0, 2, 0, 0, 0, 0 ] ];77760
[ [ 1, 1, 1, 2, 0, 2 ], [ 1, 1, 2, 2, 0, 0 ], [ 1, 2, 0, 1, 1, 1 ], [ 2, 2, 2, 2, 2, 1 ], [ 0, 2, 2, 1, 1, 1 ], [ 0, 0, 2, 2, 2, 1 ] ];58320
[ [ 1, 0, 2, 2, 2, 0 ], [ 0, 1, 0, 0, 0, 0 ], [ 0, 2, 0, 2, 2, 0 ], [ 0, 1, 0, 2, 2, 2 ], [ 0, 0, 1, 0, 0, 1 ], [ 0, 1, 2, 1, 0, 2 ] ];4320
[ [ 1, 0, 2, 2, 2, 0 ], [ 0, 1, 0, 0, 0, 0 ], [ 0, 2, 2, 2, 0, 2 ], [ 0, 1, 2, 0, 2, 0 ], [ 0, 0, 0, 2, 2, 1 ], [ 0, 1, 2, 0, 1, 0 ] ];2160
[ [ 2, 2, 0, 1, 2, 2 ], [ 0, 2, 0, 0, 0, 0 ], [ 0, 1, 0, 2, 0, 2 ], [ 0, 0, 1, 1, 0, 2 ], [ 0, 2, 1, 2, 2, 2 ], [ 0, 1, 0, 0, 0, 2 ] ];2880
[ [ 1, 2, 2, 1, 2, 1 ], [ 1, 0, 2, 0, 2, 2 ], [ 0, 1, 0, 2, 0, 2 ], [ 2, 1, 1, 1, 2, 2 ], [ 1, 1, 1, 2, 0, 2 ], [ 2, 1, 2, 0, 0, 1 ] ];116640
[ [ 0, 0, 1, 1, 2, 0 ], [ 0, 1, 0, 0, 0, 2 ], [ 0, 1, 0, 2, 0, 2 ], [ 0, 2, 1, 1, 0, 0 ], [ 1, 0, 0, 2, 1, 2 ], [ 0, 1, 0, 0, 0, 0 ] ];77760
[ [ 2, 2, 2, 1, 0, 1 ], [ 2, 2, 1, 1, 0, 0 ], [ 2, 1, 0, 2, 2, 2 ], [ 1, 1, 1, 1, 1, 2 ], [ 0, 1, 1, 2, 2, 2 ], [ 0, 0, 1, 1, 1, 2 ] ];58320
[ [ 2, 0, 1, 1, 1, 0 ], [ 0, 2, 0, 0, 0, 0 ], [ 0, 1, 0, 1, 1, 0 ], [ 0, 2, 0, 1, 1, 1 ], [ 0, 0, 2, 0, 0, 2 ], [ 0, 2, 1, 2, 0, 1 ] ];4320
[ [ 2, 0, 1, 1, 1, 0 ], [ 0, 2, 0, 0, 0, 0 ], [ 0, 1, 1, 1, 0, 1 ], [ 0, 2, 1, 0, 1, 0 ], [ 0, 0, 0, 1, 1, 2 ], [ 0, 2, 1, 0, 2, 0 ] ];2160
[ [ 1, 2, 0, 1, 2, 2 ], [ 0, 1, 0, 0, 0, 0 ], [ 0, 1, 2, 2, 0, 2 ], [ 0, 0, 1, 0, 0, 2 ], [ 0, 2, 1, 2, 1, 2 ], [ 0, 1, 0, 0, 0, 1 ] ];2880
[ [ 0, 2, 2, 1, 2, 1 ], [ 1, 2, 2, 0, 2, 2 ], [ 0, 1, 2, 2, 0, 2 ], [ 2, 1, 1, 0, 2, 2 ], [ 1, 1, 1, 2, 2, 2 ], [ 2, 1, 2, 0, 0, 0 ] ];116640
[ [ 2, 0, 1, 1, 2, 0 ], [ 0, 0, 0, 0, 0, 2 ], [ 0, 1, 2, 2, 0, 2 ], [ 0, 2, 1, 0, 0, 0 ], [ 1, 0, 0, 2, 0, 2 ], [ 0, 1, 0, 0, 0, 2 ] ];77760
[ [ 1, 2, 2, 1, 0, 1 ], [ 2, 1, 1, 1, 0, 0 ], [ 2, 1, 2, 2, 2, 2 ], [ 1, 1, 1, 0, 1, 2 ], [ 0, 1, 1, 2, 1, 2 ], [ 0, 0, 1, 1, 1, 1 ] ];58320
[ [ 1, 0, 1, 1, 1, 0 ], [ 0, 1, 0, 0, 0, 0 ], [ 0, 1, 2, 1, 1, 0 ], [ 0, 2, 0, 0, 1, 1 ], [ 0, 0, 2, 0, 2, 2 ], [ 0, 2, 1, 2, 0, 0 ] ];4320
[ [ 1, 0, 1, 1, 1, 0 ], [ 0, 1, 0, 0, 0, 0 ], [ 0, 1, 0, 1, 0, 1 ], [ 0, 2, 1, 2, 1, 0 ], [ 0, 0, 0, 1, 0, 2 ], [ 0, 2, 1, 0, 2, 2 ] ];2160
[ [ 2, 1, 0, 2, 1, 1 ], [ 0, 2, 0, 0, 0, 0 ], [ 0, 2, 1, 1, 0, 1 ], [ 0, 0, 2, 0, 0, 1 ], [ 0, 1, 2, 1, 2, 1 ], [ 0, 2, 0, 0, 0, 2 ] ];2880
[ [ 0, 1, 1, 2, 1, 2 ], [ 2, 1, 1, 0, 1, 1 ], [ 0, 2, 1, 1, 0, 1 ], [ 1, 2, 2, 0, 1, 1 ], [ 2, 2, 2, 1, 1, 1 ], [ 1, 2, 1, 0, 0, 0 ] ];116640
[ [ 1, 0, 2, 2, 1, 0 ], [ 0, 0, 0, 0, 0, 1 ], [ 0, 2, 1, 1, 0, 1 ], [ 0, 1, 2, 0, 0, 0 ], [ 2, 0, 0, 1, 0, 1 ], [ 0, 2, 0, 0, 0, 1 ] ];77760
[ [ 2, 1, 1, 2, 0, 2 ], [ 1, 2, 2, 2, 0, 0 ], [ 1, 2, 1, 1, 1, 1 ], [ 2, 2, 2, 0, 2, 1 ], [ 0, 2, 2, 1, 2, 1 ], [ 0, 0, 2, 2, 2, 2 ] ];58320
[ [ 2, 0, 2, 2, 2, 0 ], [ 0, 2, 0, 0, 0, 0 ], [ 0, 2, 1, 2, 2, 0 ], [ 0, 1, 0, 0, 2, 2 ], [ 0, 0, 1, 0, 1, 1 ], [ 0, 1, 2, 1, 0, 0 ] ];4320
[ [ 2, 0, 2, 2, 2, 0 ], [ 0, 2, 0, 0, 0, 0 ], [ 0, 2, 0, 2, 0, 2 ], [ 0, 1, 2, 1, 2, 0 ], [ 0, 0, 0, 2, 0, 1 ], [ 0, 1, 2, 0, 1, 1 ] ];2160
[ [ 0, 0, 1, 1, 2, 1 ], [ 0, 0, 2, 0, 1, 2 ], [ 0, 0, 0, 1, 1, 0 ], [ 1, 2, 0, 2, 1, 1 ], [ 2, 0, 0, 2, 2, 0 ], [ 2, 2, 0, 1, 1, 0 ] ];77760
[ [ 2, 0, 2, 1, 0, 2 ], [ 2, 0, 2, 0, 0, 2 ], [ 0, 0, 0, 1, 1, 0 ], [ 0, 1, 0, 2, 0, 1 ], [ 0, 1, 0, 2, 0, 0 ], [ 2, 0, 0, 1, 1, 0 ] ];699840
[ [ 0, 2, 2, 1, 1, 0 ], [ 1, 1, 0, 1, 0, 1 ], [ 1, 0, 0, 1, 2, 0 ], [ 1, 2, 0, 2, 1, 1 ], [ 1, 2, 2, 2, 2, 0 ], [ 1, 0, 1, 2, 1, 2 ] ];2099520
[ [ 2, 0, 1, 2, 1, 1 ], [ 0, 1, 2, 0, 1, 1 ], [ 1, 0, 1, 2, 1, 1 ], [ 1, 2, 0, 2, 1, 1 ], [ 2, 0, 0, 2, 2, 0 ], [ 1, 0, 0, 1, 0, 2 ] ];2099520
[ [ 0, 0, 1, 1, 1, 2 ], [ 1, 0, 1, 2, 1, 2 ], [ 1, 0, 0, 1, 2, 0 ], [ 0, 0, 0, 2, 2, 2 ], [ 2, 1, 1, 2, 2, 0 ], [ 2, 0, 0, 0, 0, 0 ] ];699840
[ [ 2, 0, 2, 1, 0, 1 ], [ 2, 0, 2, 1, 2, 1 ], [ 1, 0, 0, 1, 2, 0 ], [ 0, 1, 0, 2, 0, 0 ], [ 2, 2, 2, 2, 0, 0 ], [ 0, 0, 0, 2, 1, 0 ] ];233280
[ [ 1, 0, 0, 1, 1, 0 ], [ 2, 0, 1, 2, 2, 2 ], [ 1, 2, 1, 2, 1, 2 ], [ 1, 2, 0, 2, 1, 1 ], [ 1, 2, 1, 0, 0, 2 ], [ 2, 2, 2, 0, 0, 0 ] ];349920
[ [ 2, 0, 2, 2, 1, 2 ], [ 1, 2, 2, 2, 0, 0 ], [ 1, 2, 1, 1, 1, 1 ], [ 2, 1, 0, 0, 0, 1 ], [ 0, 1, 0, 1, 2, 0 ], [ 0, 0, 2, 2, 0, 0 ] ];349920
[ [ 1, 0, 1, 2, 2, 2 ], [ 2, 0, 1, 0, 1, 1 ], [ 0, 2, 1, 1, 0, 1 ], [ 0, 0, 0, 0, 2, 2 ], [ 0, 1, 1, 1, 0, 0 ], [ 2, 0, 0, 0, 2, 2 ] ];233280
[ [ 0, 0, 2, 0, 2, 1 ], [ 2, 2, 2, 0, 0, 2 ], [ 0, 0, 1, 2, 2, 2 ], [ 2, 2, 1, 0, 0, 0 ], [ 1, 0, 0, 2, 1, 0 ], [ 0, 1, 0, 1, 2, 0 ] ];58320
[ [ 0, 2, 1, 2, 1, 0 ], [ 0, 0, 2, 0, 1, 2 ], [ 0, 2, 1, 2, 2, 0 ], [ 1, 1, 1, 0, 2, 1 ], [ 2, 2, 1, 0, 0, 0 ], [ 2, 2, 0, 1, 1, 0 ] ];77760
[ [ 2, 0, 1, 2, 1, 1 ], [ 0, 2, 0, 0, 0, 0 ], [ 0, 0, 0, 1, 1, 0 ], [ 0, 2, 2, 1, 1, 0 ], [ 0, 2, 0, 0, 1, 0 ], [ 0, 1, 1, 0, 1, 1 ] ];38880
[ [ 2, 2, 2, 0, 1, 0 ], [ 0, 2, 0, 0, 0, 0 ], [ 0, 1, 1, 2, 2, 0 ], [ 0, 2, 0, 2, 0, 1 ], [ 0, 2, 2, 1, 2, 0 ], [ 0, 2, 2, 2, 2, 1 ] ];38880
[ [ 1, 2, 1, 2, 0, 1 ], [ 0, 1, 0, 0, 0, 0 ], [ 0, 0, 0, 1, 1, 0 ], [ 0, 2, 1, 1, 1, 2 ], [ 0, 2, 1, 0, 0, 1 ], [ 0, 1, 1, 2, 1, 1 ] ];19440
[ [ 0, 0, 2, 2, 1, 2 ], [ 0, 0, 1, 0, 2, 1 ], [ 0, 0, 0, 2, 2, 0 ], [ 2, 1, 0, 1, 2, 2 ], [ 1, 0, 0, 1, 1, 0 ], [ 1, 1, 0, 2, 2, 0 ] ];77760
[ [ 1, 0, 1, 2, 0, 1 ], [ 1, 0, 1, 0, 0, 1 ], [ 0, 0, 0, 2, 2, 0 ], [ 0, 2, 0, 1, 0, 2 ], [ 0, 2, 0, 1, 0, 0 ], [ 1, 0, 0, 2, 2, 0 ] ];699840
[ [ 0, 1, 1, 2, 2, 0 ], [ 2, 2, 0, 2, 0, 2 ], [ 2, 0, 0, 2, 1, 0 ], [ 2, 1, 0, 1, 2, 2 ], [ 2, 1, 1, 1, 1, 0 ], [ 2, 0, 2, 1, 2, 1 ] ];2099520
[ [ 1, 0, 2, 1, 2, 2 ], [ 0, 2, 1, 0, 2, 2 ], [ 2, 0, 2, 1, 2, 2 ], [ 2, 1, 0, 1, 2, 2 ], [ 1, 0, 0, 1, 1, 0 ], [ 2, 0, 0, 2, 0, 1 ] ];2099520
[ [ 0, 0, 2, 2, 2, 1 ], [ 2, 0, 2, 1, 2, 1 ], [ 2, 0, 0, 2, 1, 0 ], [ 0, 0, 0, 1, 1, 1 ], [ 1, 2, 2, 1, 1, 0 ], [ 1, 0, 0, 0, 0, 0 ] ];699840
[ [ 1, 0, 1, 2, 0, 2 ], [ 1, 0, 1, 2, 1, 2 ], [ 2, 0, 0, 2, 1, 0 ], [ 0, 2, 0, 1, 0, 0 ], [ 1, 1, 1, 1, 0, 0 ], [ 0, 0, 0, 1, 2, 0 ] ];233280
[ [ 2, 0, 0, 2, 2, 0 ], [ 1, 0, 2, 1, 1, 1 ], [ 2, 1, 2, 1, 2, 1 ], [ 2, 1, 0, 1, 2, 2 ], [ 2, 1, 2, 0, 0, 1 ], [ 1, 1, 1, 0, 0, 0 ] ];349920
[ [ 1, 0, 1, 1, 2, 1 ], [ 2, 1, 1, 1, 0, 0 ], [ 2, 1, 2, 2, 2, 2 ], [ 1, 2, 0, 0, 0, 2 ], [ 0, 2, 0, 2, 1, 0 ], [ 0, 0, 1, 1, 0, 0 ] ];349920
[ [ 2, 0, 2, 1, 1, 1 ], [ 1, 0, 2, 0, 2, 2 ], [ 0, 1, 2, 2, 0, 2 ], [ 0, 0, 0, 0, 1, 1 ], [ 0, 2, 2, 2, 0, 0 ], [ 1, 0, 0, 0, 1, 1 ] ];233280
[ [ 0, 0, 1, 0, 1, 2 ], [ 1, 1, 1, 0, 0, 1 ], [ 0, 0, 2, 1, 1, 1 ], [ 1, 1, 2, 0, 0, 0 ], [ 2, 0, 0, 1, 2, 0 ], [ 0, 2, 0, 2, 1, 0 ] ];58320
[ [ 0, 1, 2, 1, 2, 0 ], [ 0, 0, 1, 0, 2, 1 ], [ 0, 1, 2, 1, 1, 0 ], [ 2, 2, 2, 0, 1, 2 ], [ 1, 1, 2, 0, 0, 0 ], [ 1, 1, 0, 2, 2, 0 ] ];77760
[ [ 1, 0, 2, 1, 2, 2 ], [ 0, 1, 0, 0, 0, 0 ], [ 0, 0, 0, 2, 2, 0 ], [ 0, 1, 1, 2, 2, 0 ], [ 0, 1, 0, 0, 2, 0 ], [ 0, 2, 2, 0, 2, 2 ] ];38880
[ [ 1, 1, 1, 0, 2, 0 ], [ 0, 1, 0, 0, 0, 0 ], [ 0, 2, 2, 1, 1, 0 ], [ 0, 1, 0, 1, 0, 2 ], [ 0, 1, 1, 2, 1, 0 ], [ 0, 1, 1, 1, 1, 2 ] ];38880
[ [ 2, 1, 2, 1, 0, 2 ], [ 0, 2, 0, 0, 0, 0 ], [ 0, 0, 0, 2, 2, 0 ], [ 0, 1, 2, 2, 2, 1 ], [ 0, 1, 2, 0, 0, 2 ], [ 0, 2, 2, 1, 2, 2 ] ];19440
[ [ 0, 0, 1, 0, 1, 0 ], [ 0, 0, 1, 0, 2, 1 ], [ 0, 1, 1, 1, 2, 2 ], [ 2, 2, 0, 0, 0, 0 ], [ 1, 1, 2, 0, 0, 0 ], [ 1, 1, 1, 2, 1, 1 ] ];77760
[ [ 0, 0, 2, 0, 0, 1 ], [ 2, 1, 0, 0, 2, 0 ], [ 0, 1, 1, 1, 2, 2 ], [ 2, 1, 0, 0, 0, 0 ], [ 1, 2, 2, 0, 0, 0 ], [ 0, 0, 0, 2, 1, 0 ] ];699840
[ [ 2, 2, 1, 0, 0, 2 ], [ 1, 0, 1, 2, 1, 2 ], [ 2, 1, 1, 1, 1, 2 ], [ 0, 1, 0, 0, 1, 1 ], [ 2, 0, 2, 0, 1, 0 ], [ 0, 2, 1, 1, 1, 1 ] ];2099520
[ [ 2, 0, 1, 0, 0, 0 ], [ 0, 1, 1, 2, 1, 1 ], [ 0, 2, 1, 2, 2, 2 ], [ 2, 2, 0, 2, 0, 0 ], [ 2, 1, 2, 1, 1, 0 ], [ 1, 2, 1, 2, 0, 1 ] ];2099520
[ [ 0, 0, 0, 0, 0, 1 ], [ 1, 0, 0, 2, 2, 1 ], [ 1, 1, 1, 1, 0, 2 ], [ 1, 2, 0, 0, 0, 2 ], [ 1, 2, 1, 0, 0, 0 ], [ 1, 2, 2, 1, 0, 1 ] ];699840
[ [ 0, 0, 2, 0, 0, 2 ], [ 2, 1, 0, 2, 0, 1 ], [ 2, 1, 1, 1, 1, 2 ], [ 2, 1, 0, 0, 0, 1 ], [ 2, 1, 0, 0, 0, 0 ], [ 2, 0, 0, 1, 1, 0 ] ];233280
[ [ 0, 0, 1, 2, 1, 2 ], [ 2, 2, 1, 2, 2, 2 ], [ 1, 1, 1, 2, 0, 0 ], [ 1, 0, 0, 2, 2, 2 ], [ 1, 0, 2, 2, 0, 2 ], [ 2, 2, 1, 2, 0, 0 ] ];349920
[ [ 1, 0, 2, 2, 0, 1 ], [ 1, 1, 2, 2, 0, 0 ], [ 1, 2, 0, 1, 1, 1 ], [ 2, 1, 0, 2, 2, 0 ], [ 0, 2, 2, 1, 0, 0 ], [ 0, 2, 0, 2, 0, 1 ] ];349920
[ [ 0, 0, 0, 2, 0, 1 ], [ 2, 2, 0, 0, 2, 0 ], [ 0, 2, 0, 1, 0, 1 ], [ 1, 2, 0, 2, 0, 2 ], [ 2, 2, 1, 1, 1, 0 ], [ 1, 1, 2, 0, 2, 0 ] ];233280
[ [ 1, 0, 1, 0, 2, 0 ], [ 2, 0, 2, 0, 0, 2 ], [ 0, 0, 0, 2, 2, 2 ], [ 2, 1, 1, 2, 0, 0 ], [ 1, 1, 0, 2, 0, 0 ], [ 0, 1, 0, 1, 2, 2 ] ];58320
[ [ 0, 2, 2, 2, 1, 2 ], [ 0, 0, 1, 0, 2, 1 ], [ 0, 2, 0, 2, 2, 0 ], [ 2, 2, 1, 2, 0, 2 ], [ 1, 0, 2, 0, 0, 0 ], [ 1, 2, 2, 1, 1, 0 ] ];77760
[ [ 1, 0, 1, 0, 2, 2 ], [ 0, 1, 0, 0, 0, 0 ], [ 0, 2, 2, 1, 0, 0 ], [ 0, 2, 2, 0, 1, 0 ], [ 0, 1, 0, 0, 2, 0 ], [ 0, 2, 1, 2, 1, 2 ] ];38880
[ [ 1, 2, 1, 1, 1, 2 ], [ 0, 1, 0, 0, 0, 0 ], [ 0, 0, 1, 2, 1, 1 ], [ 0, 1, 0, 2, 2, 1 ], [ 0, 0, 2, 0, 2, 0 ], [ 0, 2, 0, 1, 2, 1 ] ];38880
[ [ 2, 2, 1, 0, 2, 2 ], [ 0, 2, 0, 0, 0, 0 ], [ 0, 2, 2, 1, 1, 0 ], [ 0, 2, 1, 0, 1, 2 ], [ 0, 1, 1, 0, 2, 1 ], [ 0, 0, 1, 2, 1, 0 ] ];19440
[ [ 0, 0, 2, 0, 2, 0 ], [ 0, 0, 2, 0, 1, 2 ], [ 0, 2, 2, 2, 1, 1 ], [ 1, 1, 0, 0, 0, 0 ], [ 2, 2, 1, 0, 0, 0 ], [ 2, 2, 2, 1, 2, 2 ] ];77760
[ [ 0, 0, 1, 0, 0, 2 ], [ 1, 2, 0, 0, 1, 0 ], [ 0, 2, 2, 2, 1, 1 ], [ 1, 2, 0, 0, 0, 0 ], [ 2, 1, 1, 0, 0, 0 ], [ 0, 0, 0, 1, 2, 0 ] ];699840
[ [ 1, 1, 2, 0, 0, 1 ], [ 2, 0, 2, 1, 2, 1 ], [ 1, 2, 2, 2, 2, 1 ], [ 0, 2, 0, 0, 2, 2 ], [ 1, 0, 1, 0, 2, 0 ], [ 0, 1, 2, 2, 2, 2 ] ];2099520
[ [ 1, 0, 2, 0, 0, 0 ], [ 0, 2, 2, 1, 2, 2 ], [ 0, 1, 2, 1, 1, 1 ], [ 1, 1, 0, 1, 0, 0 ], [ 1, 2, 1, 2, 2, 0 ], [ 2, 1, 2, 1, 0, 2 ] ];2099520
[ [ 0, 0, 0, 0, 0, 2 ], [ 2, 0, 0, 1, 1, 2 ], [ 2, 2, 2, 2, 0, 1 ], [ 2, 1, 0, 0, 0, 1 ], [ 2, 1, 2, 0, 0, 0 ], [ 2, 1, 1, 2, 0, 2 ] ];699840
[ [ 0, 0, 1, 0, 0, 1 ], [ 1, 2, 0, 1, 0, 2 ], [ 1, 2, 2, 2, 2, 1 ], [ 1, 2, 0, 0, 0, 2 ], [ 1, 2, 0, 0, 0, 0 ], [ 1, 0, 0, 2, 2, 0 ] ];233280
[ [ 0, 0, 2, 1, 2, 1 ], [ 1, 1, 2, 1, 1, 1 ], [ 2, 2, 2, 1, 0, 0 ], [ 2, 0, 0, 1, 1, 1 ], [ 2, 0, 1, 1, 0, 1 ], [ 1, 1, 2, 1, 0, 0 ] ];349920
[ [ 2, 0, 1, 1, 0, 2 ], [ 2, 2, 1, 1, 0, 0 ], [ 2, 1, 0, 2, 2, 2 ], [ 1, 2, 0, 1, 1, 0 ], [ 0, 1, 1, 2, 0, 0 ], [ 0, 1, 0, 1, 0, 2 ] ];349920
[ [ 0, 0, 0, 1, 0, 2 ], [ 1, 1, 0, 0, 1, 0 ], [ 0, 1, 0, 2, 0, 2 ], [ 2, 1, 0, 1, 0, 1 ], [ 1, 1, 2, 2, 2, 0 ], [ 2, 2, 1, 0, 1, 0 ] ];233280
[ [ 2, 0, 2, 0, 1, 0 ], [ 1, 0, 1, 0, 0, 1 ], [ 0, 0, 0, 1, 1, 1 ], [ 1, 2, 2, 1, 0, 0 ], [ 2, 2, 0, 1, 0, 0 ], [ 0, 2, 0, 2, 1, 1 ] ];58320
[ [ 0, 1, 1, 1, 2, 1 ], [ 0, 0, 2, 0, 1, 2 ], [ 0, 1, 0, 1, 1, 0 ], [ 1, 1, 2, 1, 0, 1 ], [ 2, 0, 1, 0, 0, 0 ], [ 2, 1, 1, 2, 2, 0 ] ];77760
[ [ 2, 0, 2, 0, 1, 1 ], [ 0, 2, 0, 0, 0, 0 ], [ 0, 1, 1, 2, 0, 0 ], [ 0, 1, 1, 0, 2, 0 ], [ 0, 2, 0, 0, 1, 0 ], [ 0, 1, 2, 1, 2, 1 ] ];38880
[ [ 2, 1, 2, 2, 2, 1 ], [ 0, 2, 0, 0, 0, 0 ], [ 0, 0, 2, 1, 2, 2 ], [ 0, 2, 0, 1, 1, 2 ], [ 0, 0, 1, 0, 1, 0 ], [ 0, 1, 0, 2, 1, 2 ] ];38880
[ [ 1, 1, 2, 0, 1, 1 ], [ 0, 1, 0, 0, 0, 0 ], [ 0, 1, 1, 2, 2, 0 ], [ 0, 1, 2, 0, 2, 1 ], [ 0, 2, 2, 0, 1, 2 ], [ 0, 0, 2, 1, 2, 0 ] ];19440
[ [ 1, 0, 0, 1, 1, 0 ], [ 0, 0, 2, 2, 2, 0 ], [ 1, 0, 0, 0, 1, 0 ], [ 0, 0, 1, 0, 1, 1 ], [ 2, 0, 0, 0, 0, 0 ], [ 1, 2, 0, 2, 0, 1 ] ];1399680
[ [ 0, 2, 2, 2, 1, 0 ], [ 0, 0, 0, 2, 2, 0 ], [ 0, 2, 0, 0, 0, 0 ], [ 1, 2, 1, 0, 2, 1 ], [ 0, 1, 0, 0, 1, 0 ], [ 0, 1, 1, 2, 2, 1 ] ];4199040
[ [ 2, 0, 0, 2, 0, 0 ], [ 0, 2, 0, 2, 2, 1 ], [ 1, 0, 0, 0, 1, 0 ], [ 1, 1, 1, 0, 2, 0 ], [ 2, 0, 0, 2, 2, 0 ], [ 1, 1, 1, 2, 0, 2 ] ];12597120
[ [ 1, 0, 0, 1, 1, 0 ], [ 2, 0, 1, 1, 0, 2 ], [ 1, 0, 0, 1, 2, 0 ], [ 2, 0, 1, 1, 0, 1 ], [ 2, 0, 0, 0, 0, 0 ], [ 2, 2, 2, 1, 0, 0 ] ];12597120
[ [ 1, 0, 0, 1, 1, 0 ], [ 0, 0, 0, 1, 0, 1 ], [ 1, 0, 0, 2, 0, 0 ], [ 1, 0, 1, 2, 2, 1 ], [ 2, 0, 0, 0, 0, 0 ], [ 2, 2, 1, 1, 2, 2 ] ];12597120
[ [ 2, 2, 1, 2, 0, 0 ], [ 2, 1, 1, 2, 1, 0 ], [ 0, 2, 2, 0, 0, 0 ], [ 2, 2, 2, 1, 1, 1 ], [ 0, 1, 1, 0, 1, 0 ], [ 2, 2, 1, 2, 1, 1 ] ];4199040
[ [ 1, 0, 0, 1, 1, 0 ], [ 1, 0, 2, 2, 2, 0 ], [ 1, 0, 0, 0, 1, 0 ], [ 1, 0, 1, 0, 0, 1 ], [ 2, 0, 0, 0, 0, 0 ], [ 0, 2, 0, 1, 0, 1 ] ];12597120
[ [ 0, 0, 0, 1, 0, 0 ], [ 2, 0, 2, 2, 1, 0 ], [ 1, 0, 0, 0, 1, 0 ], [ 2, 0, 0, 1, 1, 1 ], [ 2, 0, 0, 0, 0, 0 ], [ 0, 2, 0, 2, 2, 1 ] ];4199040
[ [ 0, 1, 1, 1, 0, 1 ], [ 2, 0, 1, 2, 1, 2 ], [ 0, 1, 0, 0, 0, 1 ], [ 2, 2, 1, 0, 0, 1 ], [ 2, 2, 1, 1, 1, 2 ], [ 2, 0, 2, 2, 1, 1 ] ];12597120
[ [ 1, 2, 2, 2, 2, 2 ], [ 1, 1, 1, 1, 2, 0 ], [ 0, 2, 0, 0, 0, 2 ], [ 0, 2, 1, 0, 1, 1 ], [ 0, 1, 2, 2, 0, 1 ], [ 1, 2, 2, 1, 2, 0 ] ];4199040
[ [ 1, 1, 1, 1, 2, 1 ], [ 1, 2, 0, 1, 0, 1 ], [ 1, 1, 0, 0, 2, 1 ], [ 1, 2, 1, 0, 2, 1 ], [ 1, 2, 1, 1, 2, 2 ], [ 0, 2, 0, 0, 2, 0 ] ];12597120
[ [ 2, 0, 0, 0, 1, 0 ], [ 1, 2, 0, 1, 2, 0 ], [ 0, 0, 0, 1, 1, 0 ], [ 1, 2, 1, 1, 2, 2 ], [ 0, 0, 0, 1, 2, 0 ], [ 1, 1, 1, 1, 2, 1 ] ];2099520
[ [ 2, 2, 2, 0, 1, 0 ], [ 1, 0, 1, 1, 1, 1 ], [ 1, 2, 1, 2, 0, 0 ], [ 1, 2, 1, 0, 2, 1 ], [ 0, 1, 0, 2, 0, 0 ], [ 0, 1, 1, 1, 0, 2 ] ];2099520
[ [ 0, 2, 1, 0, 1, 0 ], [ 1, 0, 0, 2, 2, 1 ], [ 1, 2, 0, 2, 2, 0 ], [ 1, 2, 2, 1, 0, 1 ], [ 1, 1, 1, 2, 2, 0 ], [ 1, 1, 0, 0, 2, 2 ] ];4199040
[ [ 2, 0, 0, 2, 0, 0 ], [ 0, 0, 1, 2, 2, 0 ], [ 2, 0, 0, 0, 2, 0 ], [ 2, 1, 1, 0, 0, 1 ], [ 1, 0, 0, 0, 2, 0 ], [ 2, 2, 2, 2, 1, 1 ] ];2099520
[ [ 1, 1, 0, 2, 2, 0 ], [ 0, 1, 0, 2, 2, 0 ], [ 2, 0, 2, 0, 2, 0 ], [ 1, 0, 2, 1, 0, 1 ], [ 1, 0, 1, 0, 2, 0 ], [ 2, 0, 0, 2, 1, 1 ] ];4199040
[ [ 1, 0, 0, 1, 1, 0 ], [ 2, 0, 1, 1, 1, 2 ], [ 1, 0, 0, 1, 2, 0 ], [ 0, 0, 1, 1, 2, 1 ], [ 2, 0, 0, 0, 0, 0 ], [ 0, 2, 2, 0, 1, 0 ] ];2099520
[ [ 2, 0, 0, 2, 0, 0 ], [ 0, 2, 0, 1, 0, 1 ], [ 1, 0, 0, 0, 1, 0 ], [ 0, 1, 1, 0, 2, 0 ], [ 2, 0, 0, 2, 2, 0 ], [ 1, 1, 1, 0, 0, 2 ] ];2099520
[ [ 0, 1, 1, 0, 1, 1 ], [ 1, 0, 2, 1, 2, 0 ], [ 1, 1, 2, 1, 1, 1 ], [ 0, 2, 1, 0, 1, 1 ], [ 0, 2, 1, 2, 1, 2 ], [ 0, 0, 2, 2, 1, 2 ] ];4199040
[ [ 0, 1, 1, 2, 0, 1 ], [ 1, 2, 0, 1, 2, 0 ], [ 1, 1, 1, 2, 2, 1 ], [ 0, 2, 1, 0, 1, 1 ], [ 1, 2, 1, 0, 0, 2 ], [ 1, 2, 1, 2, 2, 2 ] ];4199040
[ [ 0, 0, 0, 2, 2, 2 ], [ 2, 2, 2, 1, 1, 2 ], [ 1, 0, 2, 1, 0, 2 ], [ 2, 2, 1, 0, 0, 1 ], [ 2, 0, 2, 0, 2, 1 ], [ 0, 1, 0, 0, 2, 2 ] ];2099520
[ [ 2, 0, 0, 1, 2, 0 ], [ 1, 0, 1, 0, 0, 1 ], [ 0, 0, 0, 2, 2, 0 ], [ 1, 0, 2, 1, 1, 1 ], [ 2, 0, 0, 0, 0, 0 ], [ 0, 2, 2, 0, 2, 2 ] ];1049760
[ [ 1, 0, 0, 2, 2, 0 ], [ 0, 0, 2, 1, 0, 1 ], [ 2, 0, 0, 2, 1, 0 ], [ 0, 1, 2, 1, 0, 0 ], [ 1, 0, 0, 2, 1, 0 ], [ 2, 2, 0, 1, 2, 2 ] ];1399680
[ [ 2, 1, 0, 2, 0, 1 ], [ 0, 1, 1, 1, 2, 0 ], [ 2, 2, 2, 0, 1, 2 ], [ 1, 2, 2, 1, 2, 1 ], [ 0, 0, 2, 2, 2, 0 ], [ 2, 2, 2, 1, 1, 0 ] ];699840
[ [ 2, 0, 0, 2, 0, 0 ], [ 0, 1, 2, 1, 0, 1 ], [ 2, 0, 0, 1, 0, 0 ], [ 2, 1, 1, 1, 2, 0 ], [ 2, 0, 0, 2, 2, 0 ], [ 0, 0, 0, 2, 1, 2 ] ];699840
[ [ 1, 0, 0, 1, 2, 0 ], [ 0, 1, 0, 0, 0, 0 ], [ 0, 0, 0, 0, 1, 0 ], [ 0, 2, 1, 2, 2, 1 ], [ 0, 0, 0, 1, 1, 0 ], [ 0, 2, 2, 1, 0, 0 ] ];349920
[ [ 2, 0, 0, 2, 2, 0 ], [ 0, 0, 1, 1, 1, 0 ], [ 2, 0, 0, 0, 2, 0 ], [ 0, 0, 2, 0, 2, 2 ], [ 1, 0, 0, 0, 0, 0 ], [ 2, 1, 0, 1, 0, 2 ] ];1399680
[ [ 0, 1, 1, 1, 2, 0 ], [ 0, 0, 0, 1, 1, 0 ], [ 0, 1, 0, 0, 0, 0 ], [ 2, 1, 2, 0, 1, 2 ], [ 0, 2, 0, 0, 2, 0 ], [ 0, 2, 2, 1, 1, 2 ] ];4199040
[ [ 1, 0, 0, 1, 0, 0 ], [ 0, 1, 0, 1, 1, 2 ], [ 2, 0, 0, 0, 2, 0 ], [ 2, 2, 2, 0, 1, 0 ], [ 1, 0, 0, 1, 1, 0 ], [ 2, 2, 2, 1, 0, 1 ] ];12597120
[ [ 2, 0, 0, 2, 2, 0 ], [ 1, 0, 2, 2, 0, 1 ], [ 2, 0, 0, 2, 1, 0 ], [ 1, 0, 2, 2, 0, 2 ], [ 1, 0, 0, 0, 0, 0 ], [ 1, 1, 1, 2, 0, 0 ] ];12597120
[ [ 2, 0, 0, 2, 2, 0 ], [ 0, 0, 0, 2, 0, 2 ], [ 2, 0, 0, 1, 0, 0 ], [ 2, 0, 2, 1, 1, 2 ], [ 1, 0, 0, 0, 0, 0 ], [ 1, 1, 2, 2, 1, 1 ] ];12597120
[ [ 1, 1, 2, 1, 0, 0 ], [ 1, 2, 2, 1, 2, 0 ], [ 0, 1, 1, 0, 0, 0 ], [ 1, 1, 1, 2, 2, 2 ], [ 0, 2, 2, 0, 2, 0 ], [ 1, 1, 2, 1, 2, 2 ] ];4199040
[ [ 2, 0, 0, 2, 2, 0 ], [ 2, 0, 1, 1, 1, 0 ], [ 2, 0, 0, 0, 2, 0 ], [ 2, 0, 2, 0, 0, 2 ], [ 1, 0, 0, 0, 0, 0 ], [ 0, 1, 0, 2, 0, 2 ] ];12597120
[ [ 0, 0, 0, 2, 0, 0 ], [ 1, 0, 1, 1, 2, 0 ], [ 2, 0, 0, 0, 2, 0 ], [ 1, 0, 0, 2, 2, 2 ], [ 1, 0, 0, 0, 0, 0 ], [ 0, 1, 0, 1, 1, 2 ] ];4199040
[ [ 0, 2, 2, 2, 0, 2 ], [ 1, 0, 2, 1, 2, 1 ], [ 0, 2, 0, 0, 0, 2 ], [ 1, 1, 2, 0, 0, 2 ], [ 1, 1, 2, 2, 2, 1 ], [ 1, 0, 1, 1, 2, 2 ] ];12597120
[ [ 2, 1, 1, 1, 1, 1 ], [ 2, 2, 2, 2, 1, 0 ], [ 0, 1, 0, 0, 0, 1 ], [ 0, 1, 2, 0, 2, 2 ], [ 0, 2, 1, 1, 0, 2 ], [ 2, 1, 1, 2, 1, 0 ] ];4199040
[ [ 2, 2, 2, 2, 1, 2 ], [ 2, 1, 0, 2, 0, 2 ], [ 2, 2, 0, 0, 1, 2 ], [ 2, 1, 2, 0, 1, 2 ], [ 2, 1, 2, 2, 1, 1 ], [ 0, 1, 0, 0, 1, 0 ] ];12597120
[ [ 1, 0, 0, 0, 2, 0 ], [ 2, 1, 0, 2, 1, 0 ], [ 0, 0, 0, 2, 2, 0 ], [ 2, 1, 2, 2, 1, 1 ], [ 0, 0, 0, 2, 1, 0 ], [ 2, 2, 2, 2, 1, 2 ] ];2099520
[ [ 1, 1, 1, 0, 2, 0 ], [ 2, 0, 2, 2, 2, 2 ], [ 2, 1, 2, 1, 0, 0 ], [ 2, 1, 2, 0, 1, 2 ], [ 0, 2, 0, 1, 0, 0 ], [ 0, 2, 2, 2, 0, 1 ] ];2099520
[ [ 0, 1, 2, 0, 2, 0 ], [ 2, 0, 0, 1, 1, 2 ], [ 2, 1, 0, 1, 1, 0 ], [ 2, 1, 1, 2, 0, 2 ], [ 2, 2, 2, 1, 1, 0 ], [ 2, 2, 0, 0, 1, 1 ] ];4199040
[ [ 1, 0, 0, 1, 0, 0 ], [ 0, 0, 2, 1, 1, 0 ], [ 1, 0, 0, 0, 1, 0 ], [ 1, 2, 2, 0, 0, 2 ], [ 2, 0, 0, 0, 1, 0 ], [ 1, 1, 1, 1, 2, 2 ] ];2099520
[ [ 2, 2, 0, 1, 1, 0 ], [ 0, 2, 0, 1, 1, 0 ], [ 1, 0, 1, 0, 1, 0 ], [ 2, 0, 1, 2, 0, 2 ], [ 2, 0, 2, 0, 1, 0 ], [ 1, 0, 0, 1, 2, 2 ] ];4199040
[ [ 2, 0, 0, 2, 2, 0 ], [ 1, 0, 2, 2, 2, 1 ], [ 2, 0, 0, 2, 1, 0 ], [ 0, 0, 2, 2, 1, 2 ], [ 1, 0, 0, 0, 0, 0 ], [ 0, 1, 1, 0, 2, 0 ] ];2099520
[ [ 1, 0, 0, 1, 0, 0 ], [ 0, 1, 0, 2, 0, 2 ], [ 2, 0, 0, 0, 2, 0 ], [ 0, 2, 2, 0, 1, 0 ], [ 1, 0, 0, 1, 1, 0 ], [ 2, 2, 2, 0, 0, 1 ] ];2099520
[ [ 0, 2, 2, 0, 2, 2 ], [ 2, 0, 1, 2, 1, 0 ], [ 2, 2, 1, 2, 2, 2 ], [ 0, 1, 2, 0, 2, 2 ], [ 0, 1, 2, 1, 2, 1 ], [ 0, 0, 1, 1, 2, 1 ] ];4199040
[ [ 0, 2, 2, 1, 0, 2 ], [ 2, 1, 0, 2, 1, 0 ], [ 2, 2, 2, 1, 1, 2 ], [ 0, 1, 2, 0, 2, 2 ], [ 2, 1, 2, 0, 0, 1 ], [ 2, 1, 2, 1, 1, 1 ] ];4199040
[ [ 0, 0, 0, 1, 1, 1 ], [ 1, 1, 1, 2, 2, 1 ], [ 2, 0, 1, 2, 0, 1 ], [ 1, 1, 2, 0, 0, 2 ], [ 1, 0, 1, 0, 1, 2 ], [ 0, 2, 0, 0, 1, 1 ] ];2099520
[ [ 1, 0, 0, 2, 1, 0 ], [ 2, 0, 2, 0, 0, 2 ], [ 0, 0, 0, 1, 1, 0 ], [ 2, 0, 1, 2, 2, 2 ], [ 1, 0, 0, 0, 0, 0 ], [ 0, 1, 1, 0, 1, 1 ] ];1049760
[ [ 2, 0, 0, 1, 1, 0 ], [ 0, 0, 1, 2, 0, 2 ], [ 1, 0, 0, 1, 2, 0 ], [ 0, 2, 1, 2, 0, 0 ], [ 2, 0, 0, 1, 2, 0 ], [ 1, 1, 0, 2, 1, 1 ] ];1399680
[ [ 1, 2, 0, 1, 0, 2 ], [ 0, 2, 2, 2, 1, 0 ], [ 1, 1, 1, 0, 2, 1 ], [ 2, 1, 1, 2, 1, 2 ], [ 0, 0, 1, 1, 1, 0 ], [ 1, 1, 1, 2, 2, 0 ] ];699840
[ [ 1, 0, 0, 1, 0, 0 ], [ 0, 2, 1, 2, 0, 2 ], [ 1, 0, 0, 2, 0, 0 ], [ 1, 2, 2, 2, 1, 0 ], [ 1, 0, 0, 1, 1, 0 ], [ 0, 0, 0, 1, 2, 1 ] ];699840
[ [ 2, 0, 0, 2, 1, 0 ], [ 0, 2, 0, 0, 0, 0 ], [ 0, 0, 0, 0, 2, 0 ], [ 0, 1, 2, 1, 1, 2 ], [ 0, 0, 0, 2, 2, 0 ], [ 0, 1, 1, 2, 0, 0 ] ];349920
[ [ 2, 1, 2, 1, 1, 0 ], [ 0, 0, 1, 1, 1, 0 ], [ 2, 1, 1, 0, 1, 1 ], [ 0, 1, 1, 1, 2, 0 ], [ 1, 1, 0, 2, 1, 1 ], [ 2, 1, 2, 0, 2, 2 ] ];1399680
[ [ 1, 2, 1, 2, 2, 2 ], [ 0, 1, 1, 0, 1, 2 ], [ 2, 0, 1, 0, 1, 1 ], [ 1, 0, 1, 1, 0, 0 ], [ 2, 1, 0, 2, 2, 1 ], [ 0, 0, 2, 2, 0, 1 ] ];4199040
[ [ 0, 1, 1, 1, 1, 0 ], [ 2, 1, 2, 0, 2, 2 ], [ 1, 0, 1, 0, 0, 2 ], [ 2, 2, 1, 1, 1, 2 ], [ 2, 1, 1, 2, 0, 1 ], [ 0, 2, 0, 2, 2, 1 ] ];12597120
[ [ 0, 1, 2, 2, 2, 0 ], [ 0, 2, 0, 2, 2, 0 ], [ 2, 0, 0, 2, 0, 2 ], [ 2, 1, 1, 2, 1, 0 ], [ 1, 1, 0, 1, 1, 1 ], [ 1, 0, 1, 1, 2, 2 ] ];12597120
[ [ 1, 1, 2, 0, 0, 0 ], [ 2, 1, 2, 1, 2, 0 ], [ 1, 2, 2, 1, 1, 0 ], [ 1, 1, 1, 0, 0, 0 ], [ 1, 1, 0, 0, 1, 1 ], [ 2, 2, 0, 0, 1, 2 ] ];12597120
[ [ 0, 2, 2, 2, 1, 2 ], [ 1, 1, 2, 0, 0, 1 ], [ 2, 0, 2, 0, 1, 1 ], [ 1, 0, 0, 0, 2, 0 ], [ 1, 1, 2, 2, 1, 1 ], [ 0, 0, 1, 2, 1, 0 ] ];4199040
[ [ 2, 1, 2, 1, 2, 0 ], [ 1, 2, 1, 2, 0, 2 ], [ 0, 1, 1, 0, 1, 1 ], [ 0, 1, 1, 1, 0, 0 ], [ 2, 1, 0, 2, 1, 1 ], [ 1, 1, 0, 1, 0, 0 ] ];12597120
[ [ 1, 1, 1, 1, 0, 0 ], [ 1, 1, 0, 1, 1, 1 ], [ 2, 1, 2, 0, 1, 1 ], [ 2, 0, 2, 1, 0, 1 ], [ 2, 1, 1, 2, 2, 1 ], [ 1, 2, 1, 0, 0, 0 ] ];4199040
[ [ 0, 0, 2, 0, 2, 1 ], [ 0, 1, 2, 2, 0, 0 ], [ 1, 1, 1, 0, 0, 0 ], [ 0, 0, 1, 1, 2, 0 ], [ 1, 0, 2, 1, 0, 2 ], [ 2, 1, 0, 1, 1, 1 ] ];12597120
[ [ 0, 2, 1, 2, 1, 0 ], [ 1, 1, 0, 2, 2, 1 ], [ 0, 0, 1, 0, 2, 2 ], [ 1, 0, 1, 1, 0, 0 ], [ 2, 1, 1, 0, 0, 0 ], [ 0, 0, 1, 1, 0, 1 ] ];4199040
[ [ 0, 0, 2, 0, 1, 1 ], [ 1, 1, 0, 2, 2, 2 ], [ 2, 1, 1, 0, 0, 0 ], [ 0, 0, 1, 1, 2, 0 ], [ 1, 0, 2, 1, 1, 2 ], [ 1, 1, 2, 2, 1, 0 ] ];12597120
[ [ 2, 1, 0, 2, 2, 0 ], [ 2, 2, 2, 0, 2, 0 ], [ 1, 1, 0, 2, 2, 1 ], [ 0, 0, 1, 2, 2, 1 ], [ 0, 1, 2, 1, 2, 1 ], [ 1, 0, 0, 2, 0, 2 ] ];2099520
[ [ 0, 2, 1, 1, 0, 2 ], [ 2, 2, 2, 1, 0, 0 ], [ 1, 0, 0, 1, 1, 1 ], [ 2, 0, 1, 1, 1, 0 ], [ 1, 1, 0, 0, 2, 1 ], [ 2, 1, 1, 0, 2, 2 ] ];2099520
[ [ 2, 2, 2, 1, 0, 2 ], [ 1, 1, 2, 1, 1, 1 ], [ 2, 0, 1, 1, 0, 1 ], [ 1, 0, 0, 0, 2, 0 ], [ 0, 1, 2, 0, 0, 1 ], [ 2, 0, 1, 2, 1, 0 ] ];4199040
[ [ 0, 1, 1, 1, 1, 1 ], [ 0, 2, 1, 2, 1, 1 ], [ 2, 0, 1, 0, 1, 1 ], [ 2, 2, 1, 1, 1, 0 ], [ 0, 0, 0, 2, 0, 1 ], [ 1, 0, 2, 1, 1, 0 ] ];2099520
[ [ 0, 0, 0, 1, 2, 0 ], [ 0, 0, 0, 2, 0, 2 ], [ 2, 0, 2, 0, 1, 1 ], [ 2, 2, 0, 0, 0, 0 ], [ 1, 1, 2, 2, 1, 1 ], [ 2, 2, 2, 1, 1, 1 ] ];4199040
[ [ 0, 1, 2, 2, 0, 0 ], [ 1, 1, 0, 1, 0, 2 ], [ 1, 0, 0, 2, 1, 2 ], [ 2, 1, 1, 2, 2, 0 ], [ 2, 1, 0, 1, 1, 1 ], [ 2, 0, 2, 0, 1, 0 ] ];2099520
[ [ 2, 1, 1, 1, 1, 0 ], [ 0, 2, 0, 1, 2, 2 ], [ 1, 0, 1, 0, 2, 2 ], [ 0, 2, 1, 1, 0, 2 ], [ 1, 1, 1, 2, 1, 1 ], [ 0, 1, 2, 0, 2, 0 ] ];2099520
[ [ 1, 0, 2, 1, 2, 1 ], [ 2, 1, 2, 1, 1, 2 ], [ 1, 1, 2, 2, 0, 0 ], [ 2, 0, 1, 1, 1, 0 ], [ 2, 0, 2, 0, 2, 2 ], [ 0, 1, 1, 2, 1, 0 ] ];4199040
[ [ 0, 0, 2, 2, 2, 1 ], [ 2, 1, 2, 1, 0, 0 ], [ 1, 1, 0, 1, 2, 0 ], [ 1, 0, 1, 1, 0, 0 ], [ 2, 0, 2, 2, 1, 2 ], [ 0, 1, 0, 2, 0, 1 ] ];4199040
[ [ 2, 1, 0, 2, 2, 0 ], [ 1, 0, 1, 1, 0, 2 ], [ 1, 2, 2, 2, 1, 2 ], [ 1, 0, 1, 1, 0, 0 ], [ 2, 2, 1, 2, 0, 0 ], [ 2, 1, 2, 1, 0, 2 ] ];2099520
[ [ 0, 1, 0, 0, 2, 0 ], [ 1, 1, 1, 0, 0, 1 ], [ 0, 2, 1, 1, 0, 0 ], [ 1, 2, 0, 0, 1, 2 ], [ 2, 1, 2, 0, 2, 1 ], [ 0, 2, 2, 2, 1, 0 ] ];1049760
[ [ 2, 1, 2, 0, 0, 0 ], [ 0, 0, 1, 2, 0, 2 ], [ 1, 1, 1, 1, 1, 1 ], [ 0, 0, 0, 0, 0, 1 ], [ 2, 1, 0, 0, 0, 1 ], [ 1, 1, 2, 1, 0, 1 ] ];1399680
[ [ 1, 0, 2, 0, 2, 2 ], [ 0, 2, 2, 2, 1, 0 ], [ 1, 2, 1, 0, 2, 1 ], [ 2, 0, 1, 2, 1, 2 ], [ 0, 0, 1, 1, 1, 0 ], [ 1, 1, 1, 2, 1, 0 ] ];699840
[ [ 1, 1, 1, 2, 1, 0 ], [ 0, 2, 1, 2, 0, 2 ], [ 1, 2, 0, 2, 0, 0 ], [ 1, 2, 1, 2, 2, 2 ], [ 1, 1, 1, 1, 0, 1 ], [ 0, 2, 1, 1, 1, 2 ] ];699840
[ [ 2, 1, 2, 2, 0, 2 ], [ 0, 2, 0, 0, 0, 0 ], [ 0, 0, 2, 0, 1, 2 ], [ 0, 0, 2, 0, 1, 0 ], [ 0, 1, 1, 0, 0, 0 ], [ 0, 0, 1, 1, 0, 1 ] ];349920
[ [ 1, 2, 1, 2, 2, 0 ], [ 0, 0, 2, 2, 2, 0 ], [ 1, 2, 2, 0, 2, 2 ], [ 0, 2, 2, 2, 1, 0 ], [ 2, 2, 0, 1, 2, 2 ], [ 1, 2, 1, 0, 1, 1 ] ];1399680
[ [ 2, 1, 2, 1, 1, 1 ], [ 0, 2, 2, 0, 2, 1 ], [ 1, 0, 2, 0, 2, 2 ], [ 2, 0, 2, 2, 0, 0 ], [ 1, 2, 0, 1, 1, 2 ], [ 0, 0, 1, 1, 0, 2 ] ];4199040
[ [ 0, 2, 2, 2, 2, 0 ], [ 1, 2, 1, 0, 1, 1 ], [ 2, 0, 2, 0, 0, 1 ], [ 1, 1, 2, 2, 2, 1 ], [ 1, 2, 2, 1, 0, 2 ], [ 0, 1, 0, 1, 1, 2 ] ];12597120
[ [ 0, 2, 1, 1, 1, 0 ], [ 0, 1, 0, 1, 1, 0 ], [ 1, 0, 0, 1, 0, 1 ], [ 1, 2, 2, 1, 2, 0 ], [ 2, 2, 0, 2, 2, 2 ], [ 2, 0, 2, 2, 1, 1 ] ];12597120
[ [ 2, 2, 1, 0, 0, 0 ], [ 1, 2, 1, 2, 1, 0 ], [ 2, 1, 1, 2, 2, 0 ], [ 2, 2, 2, 0, 0, 0 ], [ 2, 2, 0, 0, 2, 2 ], [ 1, 1, 0, 0, 2, 1 ] ];12597120
[ [ 0, 1, 1, 1, 2, 1 ], [ 2, 2, 1, 0, 0, 2 ], [ 1, 0, 1, 0, 2, 2 ], [ 2, 0, 0, 0, 1, 0 ], [ 2, 2, 1, 1, 2, 2 ], [ 0, 0, 2, 1, 2, 0 ] ];4199040
[ [ 1, 2, 1, 2, 1, 0 ], [ 2, 1, 2, 1, 0, 1 ], [ 0, 2, 2, 0, 2, 2 ], [ 0, 2, 2, 2, 0, 0 ], [ 1, 2, 0, 1, 2, 2 ], [ 2, 2, 0, 2, 0, 0 ] ];12597120
[ [ 2, 2, 2, 2, 0, 0 ], [ 2, 2, 0, 2, 2, 2 ], [ 1, 2, 1, 0, 2, 2 ], [ 1, 0, 1, 2, 0, 2 ], [ 1, 2, 2, 1, 1, 2 ], [ 2, 1, 2, 0, 0, 0 ] ];4199040
[ [ 0, 0, 1, 0, 1, 2 ], [ 0, 2, 1, 1, 0, 0 ], [ 2, 2, 2, 0, 0, 0 ], [ 0, 0, 2, 2, 1, 0 ], [ 2, 0, 1, 2, 0, 1 ], [ 1, 2, 0, 2, 2, 2 ] ];12597120
[ [ 0, 1, 2, 1, 2, 0 ], [ 2, 2, 0, 1, 1, 2 ], [ 0, 0, 2, 0, 1, 1 ], [ 2, 0, 2, 2, 0, 0 ], [ 1, 2, 2, 0, 0, 0 ], [ 0, 0, 2, 2, 0, 2 ] ];4199040
[ [ 0, 0, 1, 0, 2, 2 ], [ 2, 2, 0, 1, 1, 1 ], [ 1, 2, 2, 0, 0, 0 ], [ 0, 0, 2, 2, 1, 0 ], [ 2, 0, 1, 2, 2, 1 ], [ 2, 2, 1, 1, 2, 0 ] ];12597120
[ [ 1, 2, 0, 1, 1, 0 ], [ 1, 1, 1, 0, 1, 0 ], [ 2, 2, 0, 1, 1, 2 ], [ 0, 0, 2, 1, 1, 2 ], [ 0, 2, 1, 2, 1, 2 ], [ 2, 0, 0, 1, 0, 1 ] ];2099520
[ [ 0, 1, 2, 2, 0, 1 ], [ 1, 1, 1, 2, 0, 0 ], [ 2, 0, 0, 2, 2, 2 ], [ 1, 0, 2, 2, 2, 0 ], [ 2, 2, 0, 0, 1, 2 ], [ 1, 2, 2, 0, 1, 1 ] ];2099520
[ [ 1, 1, 1, 2, 0, 1 ], [ 2, 2, 1, 2, 2, 2 ], [ 1, 0, 2, 2, 0, 2 ], [ 2, 0, 0, 0, 1, 0 ], [ 0, 2, 1, 0, 0, 2 ], [ 1, 0, 2, 1, 2, 0 ] ];4199040
[ [ 0, 2, 2, 2, 2, 2 ], [ 0, 1, 2, 1, 2, 2 ], [ 1, 0, 2, 0, 2, 2 ], [ 1, 1, 2, 2, 2, 0 ], [ 0, 0, 0, 1, 0, 2 ], [ 2, 0, 1, 2, 2, 0 ] ];2099520
[ [ 0, 0, 0, 2, 1, 0 ], [ 0, 0, 0, 1, 0, 1 ], [ 1, 0, 1, 0, 2, 2 ], [ 1, 1, 0, 0, 0, 0 ], [ 2, 2, 1, 1, 2, 2 ], [ 1, 1, 1, 2, 2, 2 ] ];4199040
[ [ 0, 2, 1, 1, 0, 0 ], [ 2, 2, 0, 2, 0, 1 ], [ 2, 0, 0, 1, 2, 1 ], [ 1, 2, 2, 1, 1, 0 ], [ 1, 2, 0, 2, 2, 2 ], [ 1, 0, 1, 0, 2, 0 ] ];2099520
[ [ 1, 2, 2, 2, 2, 0 ], [ 0, 1, 0, 2, 1, 1 ], [ 2, 0, 2, 0, 1, 1 ], [ 0, 1, 2, 2, 0, 1 ], [ 2, 2, 2, 1, 2, 2 ], [ 0, 2, 1, 0, 1, 0 ] ];2099520
[ [ 2, 0, 1, 2, 1, 2 ], [ 1, 2, 1, 2, 2, 1 ], [ 2, 2, 1, 1, 0, 0 ], [ 1, 0, 2, 2, 2, 0 ], [ 1, 0, 1, 0, 1, 1 ], [ 0, 2, 2, 1, 2, 0 ] ];4199040
[ [ 0, 0, 1, 1, 1, 2 ], [ 1, 2, 1, 2, 0, 0 ], [ 2, 2, 0, 2, 1, 0 ], [ 2, 0, 2, 2, 0, 0 ], [ 1, 0, 1, 1, 2, 1 ], [ 0, 2, 0, 1, 0, 2 ] ];4199040
[ [ 1, 2, 0, 1, 1, 0 ], [ 2, 0, 2, 2, 0, 1 ], [ 2, 1, 1, 1, 2, 1 ], [ 2, 0, 2, 2, 0, 0 ], [ 1, 1, 2, 1, 0, 0 ], [ 1, 2, 1, 2, 0, 1 ] ];2099520
[ [ 0, 2, 0, 0, 1, 0 ], [ 2, 2, 2, 0, 0, 2 ], [ 0, 1, 2, 2, 0, 0 ], [ 2, 1, 0, 0, 2, 1 ], [ 1, 2, 1, 0, 1, 2 ], [ 0, 1, 1, 1, 2, 0 ] ];1049760
[ [ 1, 2, 1, 0, 0, 0 ], [ 0, 0, 2, 1, 0, 1 ], [ 2, 2, 2, 2, 2, 2 ], [ 0, 0, 0, 0, 0, 2 ], [ 1, 2, 0, 0, 0, 2 ], [ 2, 2, 1, 2, 0, 2 ] ];1399680
[ [ 2, 0, 1, 0, 1, 1 ], [ 0, 1, 1, 1, 2, 0 ], [ 2, 1, 2, 0, 1, 2 ], [ 1, 0, 2, 1, 2, 1 ], [ 0, 0, 2, 2, 2, 0 ], [ 2, 2, 2, 1, 2, 0 ] ];699840
[ [ 2, 2, 2, 1, 2, 0 ], [ 0, 1, 2, 1, 0, 1 ], [ 2, 1, 0, 1, 0, 0 ], [ 2, 1, 2, 1, 1, 1 ], [ 2, 2, 2, 2, 0, 2 ], [ 0, 1, 2, 2, 2, 1 ] ];699840
[ [ 1, 2, 1, 1, 0, 1 ], [ 0, 1, 0, 0, 0, 0 ], [ 0, 0, 1, 0, 2, 1 ], [ 0, 0, 1, 0, 2, 0 ], [ 0, 2, 2, 0, 0, 0 ], [ 0, 0, 2, 2, 0, 2 ] ];349920
[ [ 0, 0, 0, 0, 2, 2 ], [ 0, 0, 1, 0, 2, 1 ], [ 0, 2, 1, 0, 0, 0 ], [ 2, 2, 0, 2, 1, 1 ], [ 1, 0, 2, 2, 1, 1 ], [ 1, 2, 1, 2, 1, 1 ] ];155520
[ [ 0, 1, 2, 1, 2, 0 ], [ 0, 1, 1, 1, 1, 0 ], [ 2, 0, 1, 0, 2, 0 ], [ 0, 0, 0, 2, 2, 1 ], [ 1, 1, 2, 2, 1, 1 ], [ 2, 0, 1, 0, 1, 0 ] ];1399680
[ [ 2, 2, 2, 2, 0, 0 ], [ 1, 2, 1, 2, 1, 1 ], [ 0, 1, 1, 0, 0, 1 ], [ 1, 2, 0, 2, 0, 1 ], [ 1, 1, 0, 0, 2, 0 ], [ 0, 0, 1, 1, 1, 2 ] ];4199040
[ [ 0, 0, 0, 2, 2, 2 ], [ 0, 1, 1, 2, 0, 0 ], [ 1, 2, 0, 1, 0, 0 ], [ 2, 2, 0, 2, 1, 1 ], [ 2, 0, 2, 0, 2, 1 ], [ 1, 0, 1, 0, 2, 0 ] ];2099520
[ [ 1, 1, 0, 1, 0, 0 ], [ 2, 1, 1, 1, 0, 0 ], [ 2, 0, 1, 0, 2, 0 ], [ 1, 1, 0, 2, 1, 0 ], [ 0, 1, 1, 2, 0, 1 ], [ 0, 0, 0, 0, 2, 0 ] ];349920
[ [ 2, 0, 0, 0, 0, 2 ], [ 2, 0, 2, 1, 1, 0 ], [ 0, 2, 1, 0, 2, 0 ], [ 0, 2, 0, 2, 2, 1 ], [ 2, 0, 2, 2, 0, 1 ], [ 2, 2, 0, 1, 2, 0 ] ];2099520
[ [ 0, 0, 1, 0, 2, 2 ], [ 0, 2, 2, 0, 2, 1 ], [ 0, 2, 2, 0, 0, 0 ], [ 2, 2, 2, 1, 0, 1 ], [ 2, 0, 1, 2, 2, 1 ], [ 2, 1, 0, 2, 2, 1 ] ];699840
[ [ 2, 1, 2, 1, 1, 1 ], [ 1, 1, 2, 1, 1, 1 ], [ 1, 0, 1, 0, 1, 0 ], [ 2, 0, 0, 2, 1, 2 ], [ 0, 0, 0, 2, 2, 1 ], [ 0, 0, 2, 0, 1, 0 ] ];233280
[ [ 0, 1, 1, 1, 0, 0 ], [ 1, 1, 0, 2, 2, 1 ], [ 2, 0, 1, 0, 2, 0 ], [ 2, 2, 0, 2, 1, 2 ], [ 2, 1, 0, 2, 1, 1 ], [ 1, 1, 0, 1, 0, 0 ] ];233280
[ [ 1, 1, 1, 1, 0, 0 ], [ 1, 0, 2, 1, 1, 1 ], [ 2, 0, 1, 0, 2, 0 ], [ 1, 2, 0, 2, 2, 2 ], [ 0, 1, 0, 2, 0, 1 ], [ 2, 2, 0, 0, 0, 1 ] ];699840
[ [ 1, 1, 2, 2, 2, 0 ], [ 1, 2, 0, 0, 1, 0 ], [ 0, 2, 2, 0, 2, 1 ], [ 2, 0, 0, 0, 0, 1 ], [ 1, 1, 2, 1, 2, 1 ], [ 2, 0, 1, 1, 0, 1 ] ];466560
[ [ 2, 1, 2, 0, 0, 0 ], [ 2, 2, 0, 1, 1, 2 ], [ 2, 1, 0, 0, 0, 2 ], [ 2, 0, 0, 1, 0, 1 ], [ 2, 1, 2, 0, 0, 1 ], [ 2, 0, 1, 1, 2, 0 ] ];699840
[ [ 1, 0, 2, 0, 0, 2 ], [ 1, 1, 1, 2, 2, 1 ], [ 1, 2, 0, 0, 1, 0 ], [ 1, 2, 1, 0, 1, 1 ], [ 2, 0, 0, 2, 2, 1 ], [ 2, 0, 0, 1, 1, 1 ] ];349920
[ [ 2, 0, 1, 1, 2, 0 ], [ 1, 2, 2, 1, 2, 2 ], [ 2, 2, 1, 2, 1, 2 ], [ 2, 0, 0, 1, 0, 1 ], [ 1, 2, 2, 2, 2, 1 ], [ 2, 2, 0, 2, 1, 0 ] ];116640
[ [ 0, 2, 1, 0, 1, 0 ], [ 0, 0, 1, 0, 2, 1 ], [ 0, 1, 1, 2, 1, 1 ], [ 2, 2, 1, 0, 2, 1 ], [ 1, 1, 1, 2, 2, 0 ], [ 1, 1, 0, 0, 1, 2 ] ];77760
[ [ 1, 1, 0, 2, 2, 2 ], [ 0, 1, 0, 0, 0, 0 ], [ 0, 0, 1, 0, 2, 0 ], [ 0, 1, 0, 1, 2, 0 ], [ 0, 1, 0, 0, 2, 0 ], [ 0, 0, 1, 2, 1, 2 ] ];77760
[ [ 0, 1, 2, 0, 0, 1 ], [ 0, 0, 1, 0, 2, 1 ], [ 0, 0, 1, 1, 2, 2 ], [ 2, 2, 2, 1, 0, 1 ], [ 1, 2, 0, 2, 0, 2 ], [ 1, 0, 2, 1, 1, 0 ] ];77760
[ [ 1, 2, 2, 1, 0, 0 ], [ 0, 1, 0, 0, 0, 0 ], [ 0, 1, 0, 1, 0, 1 ], [ 0, 2, 0, 2, 2, 1 ], [ 0, 1, 0, 1, 0, 0 ], [ 0, 2, 2, 0, 1, 1 ] ];38880
[ [ 1, 0, 1, 1, 1, 2 ], [ 0, 1, 0, 0, 0, 0 ], [ 0, 2, 0, 2, 2, 0 ], [ 0, 2, 2, 1, 1, 1 ], [ 0, 0, 1, 1, 2, 1 ], [ 0, 0, 0, 2, 1, 0 ] ];38880
[ [ 2, 2, 1, 1, 2, 1 ], [ 0, 2, 0, 0, 0, 0 ], [ 0, 2, 0, 0, 2, 2 ], [ 0, 0, 2, 2, 2, 1 ], [ 0, 0, 2, 2, 0, 0 ], [ 0, 1, 2, 1, 2, 2 ] ];38880
[ [ 0, 0, 0, 0, 1, 1 ], [ 0, 0, 2, 0, 1, 2 ], [ 0, 1, 2, 0, 0, 0 ], [ 1, 1, 0, 1, 2, 2 ], [ 2, 0, 1, 1, 2, 2 ], [ 2, 1, 2, 1, 2, 2 ] ];155520
[ [ 0, 2, 1, 2, 1, 0 ], [ 0, 2, 2, 2, 2, 0 ], [ 1, 0, 2, 0, 1, 0 ], [ 0, 0, 0, 1, 1, 2 ], [ 2, 2, 1, 1, 2, 2 ], [ 1, 0, 2, 0, 2, 0 ] ];1399680
[ [ 1, 1, 1, 1, 0, 0 ], [ 2, 1, 2, 1, 2, 2 ], [ 0, 2, 2, 0, 0, 2 ], [ 2, 1, 0, 1, 0, 2 ], [ 2, 2, 0, 0, 1, 0 ], [ 0, 0, 2, 2, 2, 1 ] ];4199040
[ [ 0, 0, 0, 1, 1, 1 ], [ 0, 2, 2, 1, 0, 0 ], [ 2, 1, 0, 2, 0, 0 ], [ 1, 1, 0, 1, 2, 2 ], [ 1, 0, 1, 0, 1, 2 ], [ 2, 0, 2, 0, 1, 0 ] ];2099520
[ [ 2, 2, 0, 2, 0, 0 ], [ 1, 2, 2, 2, 0, 0 ], [ 1, 0, 2, 0, 1, 0 ], [ 2, 2, 0, 1, 2, 0 ], [ 0, 2, 2, 1, 0, 2 ], [ 0, 0, 0, 0, 1, 0 ] ];349920
[ [ 1, 0, 0, 0, 0, 1 ], [ 1, 0, 1, 2, 2, 0 ], [ 0, 1, 2, 0, 1, 0 ], [ 0, 1, 0, 1, 1, 2 ], [ 1, 0, 1, 1, 0, 2 ], [ 1, 1, 0, 2, 1, 0 ] ];2099520
[ [ 0, 0, 2, 0, 1, 1 ], [ 0, 1, 1, 0, 1, 2 ], [ 0, 1, 1, 0, 0, 0 ], [ 1, 1, 1, 2, 0, 2 ], [ 1, 0, 2, 1, 1, 2 ], [ 1, 2, 0, 1, 1, 2 ] ];699840
[ [ 1, 2, 1, 2, 2, 2 ], [ 2, 2, 1, 2, 2, 2 ], [ 2, 0, 2, 0, 2, 0 ], [ 1, 0, 0, 1, 2, 1 ], [ 0, 0, 0, 1, 1, 2 ], [ 0, 0, 1, 0, 2, 0 ] ];233280
[ [ 0, 2, 2, 2, 0, 0 ], [ 2, 2, 0, 1, 1, 2 ], [ 1, 0, 2, 0, 1, 0 ], [ 1, 1, 0, 1, 2, 1 ], [ 1, 2, 0, 1, 2, 2 ], [ 2, 2, 0, 2, 0, 0 ] ];233280
[ [ 2, 2, 2, 2, 0, 0 ], [ 2, 0, 1, 2, 2, 2 ], [ 1, 0, 2, 0, 1, 0 ], [ 2, 1, 0, 1, 1, 1 ], [ 0, 2, 0, 1, 0, 2 ], [ 1, 1, 0, 0, 0, 2 ] ];699840
[ [ 2, 2, 1, 1, 1, 0 ], [ 2, 1, 0, 0, 2, 0 ], [ 0, 1, 1, 0, 1, 2 ], [ 1, 0, 0, 0, 0, 2 ], [ 2, 2, 1, 2, 1, 2 ], [ 1, 0, 2, 2, 0, 2 ] ];466560
[ [ 1, 2, 1, 0, 0, 0 ], [ 1, 1, 0, 2, 2, 1 ], [ 1, 2, 0, 0, 0, 1 ], [ 1, 0, 0, 2, 0, 2 ], [ 1, 2, 1, 0, 0, 2 ], [ 1, 0, 2, 2, 1, 0 ] ];699840
[ [ 2, 0, 1, 0, 0, 1 ], [ 2, 2, 2, 1, 1, 2 ], [ 2, 1, 0, 0, 2, 0 ], [ 2, 1, 2, 0, 2, 2 ], [ 1, 0, 0, 1, 1, 2 ], [ 1, 0, 0, 2, 2, 2 ] ];349920
[ [ 1, 0, 2, 2, 1, 0 ], [ 2, 1, 1, 2, 1, 1 ], [ 1, 1, 2, 1, 2, 1 ], [ 1, 0, 0, 2, 0, 2 ], [ 2, 1, 1, 1, 1, 2 ], [ 1, 1, 0, 1, 2, 0 ] ];116640
[ [ 0, 1, 2, 0, 2, 0 ], [ 0, 0, 2, 0, 1, 2 ], [ 0, 2, 2, 1, 2, 2 ], [ 1, 1, 2, 0, 1, 2 ], [ 2, 2, 2, 1, 1, 0 ], [ 2, 2, 0, 0, 2, 1 ] ];77760
[ [ 2, 2, 0, 1, 1, 1 ], [ 0, 2, 0, 0, 0, 0 ], [ 0, 0, 2, 0, 1, 0 ], [ 0, 2, 0, 2, 1, 0 ], [ 0, 2, 0, 0, 1, 0 ], [ 0, 0, 2, 1, 2, 1 ] ];77760
[ [ 0, 2, 1, 0, 0, 2 ], [ 0, 0, 2, 0, 1, 2 ], [ 0, 0, 2, 2, 1, 1 ], [ 1, 1, 1, 2, 0, 2 ], [ 2, 1, 0, 1, 0, 1 ], [ 2, 0, 1, 2, 2, 0 ] ];77760
[ [ 2, 1, 1, 2, 0, 0 ], [ 0, 2, 0, 0, 0, 0 ], [ 0, 2, 0, 2, 0, 2 ], [ 0, 1, 0, 1, 1, 2 ], [ 0, 2, 0, 2, 0, 0 ], [ 0, 1, 1, 0, 2, 2 ] ];38880
[ [ 2, 0, 2, 2, 2, 1 ], [ 0, 2, 0, 0, 0, 0 ], [ 0, 1, 0, 1, 1, 0 ], [ 0, 1, 1, 2, 2, 2 ], [ 0, 0, 2, 2, 1, 2 ], [ 0, 0, 0, 1, 2, 0 ] ];38880
[ [ 1, 1, 2, 2, 1, 2 ], [ 0, 1, 0, 0, 0, 0 ], [ 0, 1, 0, 0, 1, 1 ], [ 0, 0, 1, 1, 1, 2 ], [ 0, 0, 1, 1, 0, 0 ], [ 0, 2, 1, 2, 1, 1 ] ];38880
[ [ 0, 0, 1, 2, 1, 0 ], [ 0, 0, 2, 0, 1, 2 ], [ 0, 0, 1, 0, 1, 2 ], [ 1, 0, 0, 2, 1, 1 ], [ 2, 2, 2, 0, 2, 1 ], [ 2, 1, 1, 0, 1, 2 ] ];155520
[ [ 2, 1, 0, 0, 0, 1 ], [ 0, 0, 0, 1, 2, 2 ], [ 2, 1, 1, 0, 0, 2 ], [ 1, 1, 0, 2, 1, 1 ], [ 0, 0, 2, 0, 0, 1 ], [ 1, 1, 2, 1, 1, 2 ] ];1399680
[ [ 1, 2, 1, 1, 0, 1 ], [ 1, 1, 1, 0, 0, 2 ], [ 1, 2, 1, 0, 2, 0 ], [ 1, 1, 0, 2, 1, 0 ], [ 2, 0, 2, 1, 1, 0 ], [ 1, 0, 0, 0, 1, 1 ] ];4199040
[ [ 2, 0, 1, 2, 0, 0 ], [ 0, 0, 2, 2, 1, 1 ], [ 1, 2, 1, 1, 0, 0 ], [ 1, 0, 0, 0, 1, 1 ], [ 0, 2, 2, 0, 0, 1 ], [ 0, 1, 1, 0, 2, 1 ] ];2099520
[ [ 2, 1, 2, 0, 0, 1 ], [ 2, 2, 1, 1, 0, 0 ], [ 2, 1, 1, 0, 0, 2 ], [ 1, 0, 0, 2, 0, 2 ], [ 0, 0, 0, 0, 0, 1 ], [ 0, 0, 1, 1, 2, 0 ] ];349920
[ [ 0, 0, 1, 2, 1, 0 ], [ 2, 1, 0, 0, 2, 1 ], [ 2, 0, 1, 0, 2, 2 ], [ 2, 0, 0, 2, 0, 1 ], [ 0, 2, 2, 0, 0, 1 ], [ 1, 0, 2, 1, 2, 0 ] ];2099520
[ [ 1, 0, 1, 2, 2, 0 ], [ 0, 0, 2, 0, 2, 1 ], [ 0, 0, 2, 0, 1, 2 ], [ 2, 2, 2, 1, 0, 2 ], [ 2, 2, 2, 0, 2, 1 ], [ 2, 1, 0, 0, 2, 1 ] ];699840
[ [ 2, 1, 0, 0, 0, 0 ], [ 1, 1, 2, 2, 0, 0 ], [ 2, 1, 1, 0, 0, 2 ], [ 2, 1, 0, 2, 2, 0 ], [ 2, 1, 1, 0, 0, 1 ], [ 1, 2, 1, 2, 1, 1 ] ];233280
[ [ 2, 1, 1, 0, 2, 1 ], [ 1, 0, 2, 1, 1, 1 ], [ 1, 1, 1, 0, 2, 2 ], [ 0, 2, 0, 2, 0, 0 ], [ 2, 0, 1, 0, 0, 1 ], [ 2, 0, 1, 1, 0, 2 ] ];233280
[ [ 0, 1, 1, 0, 1, 1 ], [ 1, 2, 1, 1, 2, 0 ], [ 2, 1, 1, 0, 0, 2 ], [ 2, 2, 0, 2, 0, 0 ], [ 2, 0, 1, 0, 2, 1 ], [ 1, 0, 2, 1, 0, 0 ] ];699840
[ [ 1, 1, 0, 2, 0, 1 ], [ 1, 2, 2, 0, 2, 2 ], [ 0, 2, 0, 0, 2, 1 ], [ 0, 1, 0, 1, 1, 1 ], [ 0, 0, 2, 1, 2, 1 ], [ 1, 1, 0, 1, 0, 1 ] ];466560
[ [ 1, 1, 0, 1, 0, 1 ], [ 2, 1, 2, 1, 2, 1 ], [ 2, 0, 2, 0, 2, 0 ], [ 0, 1, 0, 0, 1, 1 ], [ 1, 0, 2, 2, 0, 1 ], [ 1, 0, 0, 0, 2, 0 ] ];699840
[ [ 2, 0, 1, 2, 0, 0 ], [ 1, 2, 1, 2, 2, 1 ], [ 1, 0, 0, 0, 2, 2 ], [ 1, 1, 1, 0, 0, 0 ], [ 2, 2, 2, 0, 2, 1 ], [ 2, 0, 1, 2, 1, 1 ] ];349920
[ [ 1, 0, 0, 2, 1, 2 ], [ 1, 1, 2, 1, 2, 2 ], [ 2, 1, 2, 2, 1, 2 ], [ 2, 2, 0, 2, 0, 1 ], [ 1, 0, 2, 2, 0, 1 ], [ 2, 1, 0, 2, 1, 1 ] ];116640
[ [ 0, 2, 1, 1, 2, 1 ], [ 0, 0, 2, 0, 1, 2 ], [ 0, 0, 0, 2, 0, 2 ], [ 1, 2, 1, 2, 0, 2 ], [ 2, 0, 2, 1, 1, 0 ], [ 2, 2, 2, 2, 1, 1 ] ];77760
[ [ 2, 1, 2, 0, 0, 1 ], [ 0, 2, 0, 0, 0, 0 ], [ 0, 2, 2, 0, 1, 0 ], [ 0, 0, 0, 2, 1, 0 ], [ 0, 2, 0, 0, 1, 0 ], [ 0, 1, 2, 1, 1, 1 ] ];77760
[ [ 0, 1, 1, 0, 0, 2 ], [ 0, 0, 2, 0, 1, 2 ], [ 0, 0, 2, 1, 2, 2 ], [ 1, 1, 2, 2, 2, 0 ], [ 2, 1, 2, 2, 0, 2 ], [ 2, 0, 0, 1, 1, 0 ] ];77760
[ [ 2, 2, 1, 1, 1, 1 ], [ 0, 2, 0, 0, 0, 0 ], [ 0, 1, 1, 1, 0, 1 ], [ 0, 1, 0, 0, 2, 0 ], [ 0, 0, 2, 1, 2, 0 ], [ 0, 0, 2, 0, 1, 0 ] ];38880
[ [ 2, 0, 1, 2, 0, 0 ], [ 0, 2, 0, 0, 0, 0 ], [ 0, 1, 2, 2, 1, 1 ], [ 0, 2, 2, 0, 0, 2 ], [ 0, 2, 2, 0, 0, 1 ], [ 0, 2, 1, 1, 1, 1 ] ];38880
[ [ 1, 2, 0, 2, 2, 0 ], [ 0, 1, 0, 0, 0, 0 ], [ 0, 1, 1, 0, 2, 2 ], [ 0, 2, 2, 0, 2, 1 ], [ 0, 1, 2, 2, 1, 0 ], [ 0, 1, 2, 1, 2, 0 ] ];38880
[ [ 0, 0, 2, 1, 2, 0 ], [ 0, 0, 1, 0, 2, 1 ], [ 0, 0, 2, 0, 2, 1 ], [ 2, 0, 0, 1, 2, 2 ], [ 1, 1, 1, 0, 1, 2 ], [ 1, 2, 2, 0, 2, 1 ] ];155520
[ [ 1, 2, 0, 0, 0, 2 ], [ 0, 0, 0, 2, 1, 1 ], [ 1, 2, 2, 0, 0, 1 ], [ 2, 2, 0, 1, 2, 2 ], [ 0, 0, 1, 0, 0, 2 ], [ 2, 2, 1, 2, 2, 1 ] ];1399680
[ [ 2, 1, 2, 2, 0, 2 ], [ 2, 2, 2, 0, 0, 1 ], [ 2, 1, 2, 0, 1, 0 ], [ 2, 2, 0, 1, 2, 0 ], [ 1, 0, 1, 2, 2, 0 ], [ 2, 0, 0, 0, 2, 2 ] ];4199040
[ [ 1, 0, 2, 1, 0, 0 ], [ 0, 0, 1, 1, 2, 2 ], [ 2, 1, 2, 2, 0, 0 ], [ 2, 0, 0, 0, 2, 2 ], [ 0, 1, 1, 0, 0, 2 ], [ 0, 2, 2, 0, 1, 2 ] ];2099520
[ [ 1, 2, 1, 0, 0, 2 ], [ 1, 1, 2, 2, 0, 0 ], [ 1, 2, 2, 0, 0, 1 ], [ 2, 0, 0, 1, 0, 1 ], [ 0, 0, 0, 0, 0, 2 ], [ 0, 0, 2, 2, 1, 0 ] ];349920
[ [ 0, 0, 2, 1, 2, 0 ], [ 1, 2, 0, 0, 1, 2 ], [ 1, 0, 2, 0, 1, 1 ], [ 1, 0, 0, 1, 0, 2 ], [ 0, 1, 1, 0, 0, 2 ], [ 2, 0, 1, 2, 1, 0 ] ];2099520
[ [ 2, 0, 2, 1, 1, 0 ], [ 0, 0, 1, 0, 1, 2 ], [ 0, 0, 1, 0, 2, 1 ], [ 1, 1, 1, 2, 0, 1 ], [ 1, 1, 1, 0, 1, 2 ], [ 1, 2, 0, 0, 1, 2 ] ];699840
[ [ 1, 2, 0, 0, 0, 0 ], [ 2, 2, 1, 1, 0, 0 ], [ 1, 2, 2, 0, 0, 1 ], [ 1, 2, 0, 1, 1, 0 ], [ 1, 2, 2, 0, 0, 2 ], [ 2, 1, 2, 1, 2, 2 ] ];233280
[ [ 1, 2, 2, 0, 1, 2 ], [ 2, 0, 1, 2, 2, 2 ], [ 2, 2, 2, 0, 1, 1 ], [ 0, 1, 0, 1, 0, 0 ], [ 1, 0, 2, 0, 0, 2 ], [ 1, 0, 2, 2, 0, 1 ] ];233280
[ [ 0, 2, 2, 0, 2, 2 ], [ 2, 1, 2, 2, 1, 0 ], [ 1, 2, 2, 0, 0, 1 ], [ 1, 1, 0, 1, 0, 0 ], [ 1, 0, 2, 0, 1, 2 ], [ 2, 0, 1, 2, 0, 0 ] ];699840
[ [ 2, 2, 0, 1, 0, 2 ], [ 2, 1, 1, 0, 1, 1 ], [ 0, 1, 0, 0, 1, 2 ], [ 0, 2, 0, 2, 2, 2 ], [ 0, 0, 1, 2, 1, 2 ], [ 2, 2, 0, 2, 0, 2 ] ];466560
[ [ 2, 2, 0, 2, 0, 2 ], [ 1, 2, 1, 2, 1, 2 ], [ 1, 0, 1, 0, 1, 0 ], [ 0, 2, 0, 0, 2, 2 ], [ 2, 0, 1, 1, 0, 2 ], [ 2, 0, 0, 0, 1, 0 ] ];699840
[ [ 1, 0, 2, 1, 0, 0 ], [ 2, 1, 2, 1, 1, 2 ], [ 2, 0, 0, 0, 1, 1 ], [ 2, 2, 2, 0, 0, 0 ], [ 1, 1, 1, 0, 1, 2 ], [ 1, 0, 2, 1, 2, 2 ] ];349920
[ [ 2, 0, 0, 1, 2, 1 ], [ 2, 2, 1, 2, 1, 1 ], [ 1, 2, 1, 1, 2, 1 ], [ 1, 1, 0, 1, 0, 2 ], [ 2, 0, 1, 1, 0, 2 ], [ 1, 2, 0, 1, 2, 2 ] ];116640
[ [ 0, 1, 2, 2, 1, 2 ], [ 0, 0, 1, 0, 2, 1 ], [ 0, 0, 0, 1, 0, 1 ], [ 2, 1, 2, 1, 0, 1 ], [ 1, 0, 1, 2, 2, 0 ], [ 1, 1, 1, 1, 2, 2 ] ];77760
[ [ 1, 2, 1, 0, 0, 2 ], [ 0, 1, 0, 0, 0, 0 ], [ 0, 1, 1, 0, 2, 0 ], [ 0, 0, 0, 1, 2, 0 ], [ 0, 1, 0, 0, 2, 0 ], [ 0, 2, 1, 2, 2, 2 ] ];77760
[ [ 0, 2, 2, 0, 0, 1 ], [ 0, 0, 1, 0, 2, 1 ], [ 0, 0, 1, 2, 1, 1 ], [ 2, 2, 1, 1, 1, 0 ], [ 1, 2, 1, 1, 0, 1 ], [ 1, 0, 0, 2, 2, 0 ] ];77760
[ [ 1, 1, 2, 2, 2, 2 ], [ 0, 1, 0, 0, 0, 0 ], [ 0, 2, 2, 2, 0, 2 ], [ 0, 2, 0, 0, 1, 0 ], [ 0, 0, 1, 2, 1, 0 ], [ 0, 0, 1, 0, 2, 0 ] ];38880
[ [ 1, 0, 2, 1, 0, 0 ], [ 0, 1, 0, 0, 0, 0 ], [ 0, 2, 1, 1, 2, 2 ], [ 0, 1, 1, 0, 0, 1 ], [ 0, 1, 1, 0, 0, 2 ], [ 0, 1, 2, 2, 2, 2 ] ];38880
[ [ 2, 1, 0, 1, 1, 0 ], [ 0, 2, 0, 0, 0, 0 ], [ 0, 2, 2, 0, 1, 1 ], [ 0, 1, 1, 0, 1, 2 ], [ 0, 2, 1, 1, 2, 0 ], [ 0, 2, 1, 2, 1, 0 ] ];38880
[ [ 1, 0, 1, 0, 2, 1 ], [ 0, 1, 0, 0, 0, 0 ], [ 0, 0, 1, 0, 0, 0 ], [ 0, 2, 0, 1, 0, 0 ], [ 0, 1, 0, 0, 1, 0 ], [ 0, 1, 0, 0, 0, 1 ] ];240
[ [ 0, 0, 0, 0, 2, 0 ], [ 1, 2, 2, 0, 2, 2 ], [ 0, 0, 1, 0, 0, 0 ], [ 2, 0, 0, 1, 2, 0 ], [ 1, 0, 0, 0, 2, 0 ], [ 2, 1, 2, 0, 0, 0 ] ];9720
[ [ 2, 1, 2, 0, 2, 2 ], [ 0, 0, 0, 0, 0, 2 ], [ 0, 0, 1, 0, 0, 0 ], [ 0, 1, 0, 1, 0, 1 ], [ 1, 2, 2, 0, 0, 0 ], [ 0, 1, 0, 0, 0, 2 ] ];19440
[ [ 1, 0, 0, 0, 2, 1 ], [ 0, 1, 0, 0, 0, 0 ], [ 0, 0, 1, 0, 0, 0 ], [ 0, 0, 0, 1, 2, 1 ], [ 0, 1, 2, 0, 1, 0 ], [ 0, 1, 2, 0, 0, 1 ] ];4320
[ [ 2, 0, 0, 0, 1, 0 ], [ 2, 0, 1, 0, 1, 1 ], [ 0, 0, 1, 0, 0, 0 ], [ 1, 0, 0, 1, 1, 0 ], [ 2, 0, 0, 0, 0, 0 ], [ 1, 2, 1, 0, 0, 2 ] ];9720
[ [ 1, 0, 0, 0, 1, 0 ], [ 0, 1, 0, 0, 0, 0 ], [ 0, 0, 1, 0, 0, 0 ], [ 0, 0, 0, 1, 0, 0 ], [ 0, 0, 0, 0, 1, 0 ], [ 0, 2, 0, 0, 2, 1 ] ];120
[ [ 1, 1, 0, 0, 0, 0 ], [ 0, 1, 0, 0, 0, 0 ], [ 0, 0, 1, 0, 0, 0 ], [ 0, 0, 1, 1, 1, 1 ], [ 0, 0, 2, 0, 0, 2 ], [ 0, 0, 1, 0, 1, 2 ] ];120
[ [ 2, 0, 2, 0, 1, 2 ], [ 0, 2, 0, 0, 0, 0 ], [ 0, 0, 2, 0, 0, 0 ], [ 0, 1, 0, 2, 0, 0 ], [ 0, 2, 0, 0, 2, 0 ], [ 0, 2, 0, 0, 0, 2 ] ];240
[ [ 0, 0, 0, 0, 1, 0 ], [ 2, 1, 1, 0, 1, 1 ], [ 0, 0, 2, 0, 0, 0 ], [ 1, 0, 0, 2, 1, 0 ], [ 2, 0, 0, 0, 1, 0 ], [ 1, 2, 1, 0, 0, 0 ] ];9720
[ [ 1, 2, 1, 0, 1, 1 ], [ 0, 0, 0, 0, 0, 1 ], [ 0, 0, 2, 0, 0, 0 ], [ 0, 2, 0, 2, 0, 2 ], [ 2, 1, 1, 0, 0, 0 ], [ 0, 2, 0, 0, 0, 1 ] ];19440
[ [ 2, 0, 0, 0, 1, 2 ], [ 0, 2, 0, 0, 0, 0 ], [ 0, 0, 2, 0, 0, 0 ], [ 0, 0, 0, 2, 1, 2 ], [ 0, 2, 1, 0, 2, 0 ], [ 0, 2, 1, 0, 0, 2 ] ];4320
[ [ 1, 0, 0, 0, 2, 0 ], [ 1, 0, 2, 0, 2, 2 ], [ 0, 0, 2, 0, 0, 0 ], [ 2, 0, 0, 2, 2, 0 ], [ 1, 0, 0, 0, 0, 0 ], [ 2, 1, 2, 0, 0, 1 ] ];9720
[ [ 2, 0, 0, 0, 2, 0 ], [ 0, 2, 0, 0, 0, 0 ], [ 0, 0, 2, 0, 0, 0 ], [ 0, 0, 0, 2, 0, 0 ], [ 0, 0, 0, 0, 2, 0 ], [ 0, 1, 0, 0, 1, 2 ] ];120
[ [ 2, 2, 0, 0, 0, 0 ], [ 0, 2, 0, 0, 0, 0 ], [ 0, 0, 2, 0, 0, 0 ], [ 0, 0, 2, 2, 2, 2 ], [ 0, 0, 1, 0, 0, 1 ], [ 0, 0, 2, 0, 2, 1 ] ];120
[ [ 0, 2, 1, 2, 2, 1 ], [ 0, 0, 1, 0, 2, 1 ], [ 0, 1, 0, 0, 1, 2 ], [ 2, 1, 1, 0, 2, 1 ], [ 1, 2, 2, 1, 2, 2 ], [ 1, 2, 2, 1, 1, 0 ] ];6480
[ [ 0, 2, 2, 2, 1, 2 ], [ 2, 1, 0, 0, 2, 0 ], [ 0, 1, 0, 0, 1, 2 ], [ 2, 0, 1, 0, 2, 1 ], [ 1, 0, 2, 1, 2, 2 ], [ 0, 1, 1, 1, 1, 2 ] ];174960
[ [ 0, 1, 1, 2, 2, 0 ], [ 1, 1, 2, 1, 1, 1 ], [ 1, 1, 0, 0, 2, 2 ], [ 2, 0, 1, 0, 2, 2 ], [ 1, 1, 2, 1, 2, 2 ], [ 0, 1, 0, 2, 1, 2 ] ];524880
[ [ 2, 2, 0, 2, 0, 2 ], [ 2, 0, 1, 0, 1, 1 ], [ 0, 1, 0, 0, 1, 2 ], [ 1, 1, 1, 0, 2, 0 ], [ 2, 0, 1, 1, 0, 2 ], [ 1, 0, 1, 1, 1, 0 ] ];87480
[ [ 1, 2, 1, 2, 0, 1 ], [ 0, 1, 0, 0, 0, 0 ], [ 0, 1, 0, 0, 1, 2 ], [ 0, 2, 1, 0, 0, 1 ], [ 0, 2, 1, 1, 1, 2 ], [ 0, 0, 0, 1, 1, 2 ] ];38880
[ [ 1, 2, 2, 2, 2, 0 ], [ 2, 2, 1, 1, 0, 0 ], [ 1, 1, 0, 0, 2, 2 ], [ 1, 0, 1, 0, 1, 2 ], [ 1, 2, 0, 1, 1, 2 ], [ 2, 2, 2, 2, 1, 1 ] ];233280
[ [ 2, 2, 1, 1, 1, 0 ], [ 0, 2, 2, 0, 1, 2 ], [ 0, 1, 0, 1, 1, 0 ], [ 1, 2, 1, 2, 1, 0 ], [ 2, 1, 2, 0, 0, 1 ], [ 2, 0, 0, 2, 1, 2 ] ];77760
[ [ 2, 2, 2, 0, 2, 2 ], [ 2, 1, 1, 0, 1, 1 ], [ 0, 0, 1, 0, 0, 0 ], [ 0, 0, 1, 1, 2, 1 ], [ 0, 0, 2, 0, 2, 2 ], [ 2, 0, 0, 0, 2, 1 ] ];19440
[ [ 2, 1, 0, 2, 1, 0 ], [ 2, 2, 1, 2, 1, 1 ], [ 1, 0, 1, 2, 1, 0 ], [ 1, 1, 1, 1, 0, 1 ], [ 2, 2, 2, 0, 1, 2 ], [ 1, 0, 0, 2, 1, 1 ] ];9720
[ [ 1, 2, 2, 1, 2, 2 ], [ 0, 1, 0, 0, 0, 0 ], [ 0, 2, 1, 0, 2, 0 ], [ 0, 2, 0, 1, 2, 0 ], [ 0, 1, 0, 0, 2, 0 ], [ 0, 0, 1, 2, 2, 2 ] ];3240
[ [ 2, 1, 2, 1, 0, 2 ], [ 0, 2, 0, 0, 0, 0 ], [ 0, 2, 1, 0, 0, 0 ], [ 0, 2, 2, 1, 2, 2 ], [ 0, 1, 1, 0, 2, 1 ], [ 0, 0, 2, 0, 2, 0 ] ];3240
[ [ 0, 1, 2, 1, 1, 2 ], [ 0, 0, 2, 0, 1, 2 ], [ 0, 2, 0, 0, 2, 1 ], [ 1, 2, 2, 0, 1, 2 ], [ 2, 1, 1, 2, 1, 1 ], [ 2, 1, 1, 2, 2, 0 ] ];6480
[ [ 0, 1, 1, 1, 2, 1 ], [ 1, 2, 0, 0, 1, 0 ], [ 0, 2, 0, 0, 2, 1 ], [ 1, 0, 2, 0, 1, 2 ], [ 2, 0, 1, 2, 1, 1 ], [ 0, 2, 2, 2, 2, 1 ] ];174960
[ [ 0, 2, 2, 1, 1, 0 ], [ 2, 2, 1, 2, 2, 2 ], [ 2, 2, 0, 0, 1, 1 ], [ 1, 0, 2, 0, 1, 1 ], [ 2, 2, 1, 2, 1, 1 ], [ 0, 2, 0, 1, 2, 1 ] ];524880
[ [ 1, 1, 0, 1, 0, 1 ], [ 1, 0, 2, 0, 2, 2 ], [ 0, 2, 0, 0, 2, 1 ], [ 2, 2, 2, 0, 1, 0 ], [ 1, 0, 2, 2, 0, 1 ], [ 2, 0, 2, 2, 2, 0 ] ];87480
[ [ 2, 1, 2, 1, 0, 2 ], [ 0, 2, 0, 0, 0, 0 ], [ 0, 2, 0, 0, 2, 1 ], [ 0, 1, 2, 0, 0, 2 ], [ 0, 1, 2, 2, 2, 1 ], [ 0, 0, 0, 2, 2, 1 ] ];38880
[ [ 2, 1, 1, 1, 1, 0 ], [ 1, 1, 2, 2, 0, 0 ], [ 2, 2, 0, 0, 1, 1 ], [ 2, 0, 2, 0, 2, 1 ], [ 2, 1, 0, 2, 2, 1 ], [ 1, 1, 1, 1, 2, 2 ] ];233280
[ [ 1, 1, 2, 2, 2, 0 ], [ 0, 1, 1, 0, 2, 1 ], [ 0, 2, 0, 2, 2, 0 ], [ 2, 1, 2, 1, 2, 0 ], [ 1, 2, 1, 0, 0, 2 ], [ 1, 0, 0, 1, 2, 1 ] ];77760
[ [ 1, 1, 1, 0, 1, 1 ], [ 1, 2, 2, 0, 2, 2 ], [ 0, 0, 2, 0, 0, 0 ], [ 0, 0, 2, 2, 1, 2 ], [ 0, 0, 1, 0, 1, 1 ], [ 1, 0, 0, 0, 1, 2 ] ];19440
[ [ 1, 2, 0, 1, 2, 0 ], [ 1, 1, 2, 1, 2, 2 ], [ 2, 0, 2, 1, 2, 0 ], [ 2, 2, 2, 2, 0, 2 ], [ 1, 1, 1, 0, 2, 1 ], [ 2, 0, 0, 1, 2, 2 ] ];9720
[ [ 2, 1, 1, 2, 1, 1 ], [ 0, 2, 0, 0, 0, 0 ], [ 0, 1, 2, 0, 1, 0 ], [ 0, 1, 0, 2, 1, 0 ], [ 0, 2, 0, 0, 1, 0 ], [ 0, 0, 2, 1, 1, 1 ] ];3240
[ [ 1, 2, 1, 2, 0, 1 ], [ 0, 1, 0, 0, 0, 0 ], [ 0, 1, 2, 0, 0, 0 ], [ 0, 1, 1, 2, 1, 1 ], [ 0, 2, 2, 0, 1, 2 ], [ 0, 0, 1, 0, 1, 0 ] ];3240
[ [ 0, 2, 2, 1, 1, 2 ], [ 0, 0, 2, 0, 1, 2 ], [ 0, 2, 0, 0, 2, 1 ], [ 1, 2, 1, 0, 2, 1 ], [ 2, 1, 2, 2, 0, 2 ], [ 2, 1, 2, 2, 1, 1 ] ];6480
[ [ 2, 2, 0, 1, 2, 0 ], [ 2, 0, 2, 0, 0, 2 ], [ 0, 2, 0, 0, 2, 1 ], [ 0, 1, 1, 0, 1, 1 ], [ 0, 2, 2, 2, 1, 2 ], [ 2, 2, 2, 2, 1, 1 ] ];174960
[ [ 2, 1, 0, 1, 2, 1 ], [ 1, 0, 2, 2, 0, 2 ], [ 2, 2, 0, 0, 1, 1 ], [ 2, 2, 1, 0, 0, 1 ], [ 2, 0, 1, 2, 1, 2 ], [ 1, 1, 2, 1, 1, 1 ] ];524880
[ [ 0, 2, 2, 1, 0, 0 ], [ 2, 1, 1, 0, 1, 1 ], [ 0, 2, 0, 0, 2, 1 ], [ 1, 0, 1, 0, 1, 2 ], [ 2, 2, 0, 2, 0, 2 ], [ 1, 0, 2, 2, 1, 0 ] ];87480
[ [ 2, 2, 1, 1, 0, 2 ], [ 0, 2, 0, 0, 0, 0 ], [ 0, 2, 0, 0, 2, 1 ], [ 0, 2, 1, 0, 0, 2 ], [ 0, 1, 2, 2, 1, 2 ], [ 0, 0, 0, 2, 1, 2 ] ];38880
[ [ 1, 2, 0, 1, 1, 2 ], [ 2, 2, 1, 2, 2, 2 ], [ 2, 2, 0, 0, 1, 1 ], [ 1, 1, 1, 0, 2, 0 ], [ 0, 0, 1, 2, 2, 2 ], [ 0, 1, 1, 1, 1, 2 ] ];233280
[ [ 1, 2, 1, 1, 0, 1 ], [ 0, 1, 1, 0, 2, 1 ], [ 0, 1, 1, 1, 1, 0 ], [ 2, 2, 1, 0, 0, 1 ], [ 1, 0, 0, 0, 1, 1 ], [ 1, 2, 1, 2, 1, 0 ] ];77760
[ [ 2, 2, 0, 0, 0, 0 ], [ 2, 1, 0, 0, 2, 0 ], [ 0, 0, 2, 0, 0, 0 ], [ 1, 1, 1, 2, 0, 1 ], [ 2, 2, 2, 0, 2, 2 ], [ 1, 1, 2, 0, 2, 1 ] ];19440
[ [ 1, 1, 2, 0, 0, 2 ], [ 2, 1, 1, 2, 1, 1 ], [ 1, 2, 2, 2, 1, 0 ], [ 1, 0, 1, 2, 0, 1 ], [ 2, 0, 2, 0, 2, 2 ], [ 1, 2, 0, 2, 1, 2 ] ];9720
[ [ 2, 2, 1, 2, 0, 1 ], [ 0, 2, 0, 0, 0, 0 ], [ 0, 1, 2, 0, 1, 0 ], [ 0, 1, 0, 2, 1, 0 ], [ 0, 2, 0, 0, 1, 0 ], [ 0, 1, 2, 1, 2, 1 ] ];3240
[ [ 1, 1, 1, 2, 0, 1 ], [ 0, 1, 0, 0, 0, 0 ], [ 0, 1, 2, 0, 0, 0 ], [ 0, 1, 2, 2, 2, 2 ], [ 0, 2, 1, 0, 0, 1 ], [ 0, 0, 2, 0, 2, 1 ] ];3240
[ [ 0, 1, 1, 2, 2, 1 ], [ 0, 0, 1, 0, 2, 1 ], [ 0, 1, 0, 0, 1, 2 ], [ 2, 1, 2, 0, 1, 2 ], [ 1, 2, 1, 1, 0, 1 ], [ 1, 2, 1, 1, 2, 2 ] ];6480
[ [ 1, 1, 0, 2, 1, 0 ], [ 1, 0, 1, 0, 0, 1 ], [ 0, 1, 0, 0, 1, 2 ], [ 0, 2, 2, 0, 2, 2 ], [ 0, 1, 1, 1, 2, 1 ], [ 1, 1, 1, 1, 2, 2 ] ];174960
[ [ 1, 2, 0, 2, 1, 2 ], [ 2, 0, 1, 1, 0, 1 ], [ 1, 1, 0, 0, 2, 2 ], [ 1, 1, 2, 0, 0, 2 ], [ 1, 0, 2, 1, 2, 1 ], [ 2, 2, 1, 2, 2, 2 ] ];524880
[ [ 0, 1, 1, 2, 0, 0 ], [ 1, 2, 2, 0, 2, 2 ], [ 0, 1, 0, 0, 1, 2 ], [ 2, 0, 2, 0, 2, 1 ], [ 1, 1, 0, 1, 0, 1 ], [ 2, 0, 1, 1, 2, 0 ] ];87480
[ [ 1, 1, 2, 2, 0, 1 ], [ 0, 1, 0, 0, 0, 0 ], [ 0, 1, 0, 0, 1, 2 ], [ 0, 1, 2, 0, 0, 1 ], [ 0, 2, 1, 1, 2, 1 ], [ 0, 0, 0, 1, 2, 1 ] ];38880
[ [ 2, 1, 0, 2, 2, 1 ], [ 1, 1, 2, 1, 1, 1 ], [ 1, 1, 0, 0, 2, 2 ], [ 2, 2, 2, 0, 1, 0 ], [ 0, 0, 2, 1, 1, 1 ], [ 0, 2, 2, 2, 2, 1 ] ];233280
[ [ 2, 1, 2, 2, 0, 2 ], [ 0, 2, 2, 0, 1, 2 ], [ 0, 2, 2, 2, 2, 0 ], [ 1, 1, 2, 0, 0, 2 ], [ 2, 0, 0, 0, 2, 2 ], [ 2, 1, 2, 1, 2, 0 ] ];77760
[ [ 1, 1, 0, 0, 0, 0 ], [ 1, 2, 0, 0, 1, 0 ], [ 0, 0, 1, 0, 0, 0 ], [ 2, 2, 2, 1, 0, 2 ], [ 1, 1, 1, 0, 1, 1 ], [ 2, 2, 1, 0, 1, 2 ] ];19440
[ [ 2, 2, 1, 0, 0, 1 ], [ 1, 2, 2, 1, 2, 2 ], [ 2, 1, 1, 1, 2, 0 ], [ 2, 0, 2, 1, 0, 2 ], [ 1, 0, 1, 0, 1, 1 ], [ 2, 1, 0, 1, 2, 1 ] ];9720
[ [ 1, 1, 2, 1, 0, 2 ], [ 0, 1, 0, 0, 0, 0 ], [ 0, 2, 1, 0, 2, 0 ], [ 0, 2, 0, 1, 2, 0 ], [ 0, 1, 0, 0, 2, 0 ], [ 0, 2, 1, 2, 1, 2 ] ];3240
[ [ 2, 2, 2, 1, 0, 2 ], [ 0, 2, 0, 0, 0, 0 ], [ 0, 2, 1, 0, 0, 0 ], [ 0, 2, 1, 1, 1, 1 ], [ 0, 1, 2, 0, 0, 2 ], [ 0, 0, 1, 0, 1, 2 ] ];3240
[ [ 1, 2, 1, 1, 1, 0 ], [ 0, 1, 0, 1, 2, 2 ], [ 1, 2, 1, 0, 0, 1 ], [ 0, 2, 1, 1, 2, 1 ], [ 2, 2, 2, 2, 0, 2 ], [ 1, 0, 2, 0, 1, 1 ] ];77760
[ [ 2, 2, 1, 1, 0, 0 ], [ 1, 1, 2, 0, 1, 0 ], [ 0, 2, 1, 0, 2, 1 ], [ 2, 2, 1, 1, 1, 1 ], [ 2, 2, 2, 2, 2, 2 ], [ 0, 1, 1, 2, 1, 1 ] ];174960
[ [ 1, 2, 0, 2, 2, 0 ], [ 0, 1, 0, 0, 0, 0 ], [ 0, 1, 0, 0, 2, 1 ], [ 0, 1, 1, 0, 0, 2 ], [ 0, 2, 0, 2, 1, 2 ], [ 0, 1, 1, 2, 1, 2 ] ];9720
[ [ 2, 2, 1, 1, 1, 0 ], [ 1, 0, 1, 0, 0, 1 ], [ 0, 2, 1, 0, 2, 0 ], [ 1, 2, 1, 1, 0, 1 ], [ 2, 2, 2, 0, 2, 2 ], [ 0, 1, 0, 2, 0, 2 ] ];21870
[ [ 2, 0, 2, 0, 1, 2 ], [ 0, 2, 2, 0, 2, 1 ], [ 0, 0, 1, 0, 0, 0 ], [ 1, 2, 1, 1, 0, 0 ], [ 1, 1, 2, 0, 2, 2 ], [ 1, 1, 2, 0, 1, 0 ] ];6480
[ [ 2, 2, 1, 1, 2, 0 ], [ 0, 2, 0, 0, 0, 0 ], [ 0, 2, 1, 0, 0, 0 ], [ 0, 2, 1, 1, 2, 1 ], [ 0, 2, 2, 0, 2, 2 ], [ 0, 1, 2, 0, 1, 0 ] ];3240
[ [ 1, 2, 2, 2, 1, 1 ], [ 0, 1, 0, 0, 0, 0 ], [ 0, 1, 0, 0, 1, 0 ], [ 0, 2, 0, 0, 0, 1 ], [ 0, 2, 1, 0, 0, 0 ], [ 0, 1, 0, 1, 0, 0 ] ];810
[ [ 2, 1, 2, 2, 2, 0 ], [ 0, 2, 0, 2, 1, 1 ], [ 2, 1, 2, 0, 0, 2 ], [ 0, 1, 2, 2, 1, 2 ], [ 1, 1, 1, 1, 0, 1 ], [ 2, 0, 1, 0, 2, 2 ] ];77760
[ [ 1, 1, 2, 2, 0, 0 ], [ 2, 2, 1, 0, 2, 0 ], [ 0, 1, 2, 0, 1, 2 ], [ 1, 1, 2, 2, 2, 2 ], [ 1, 1, 1, 1, 1, 1 ], [ 0, 2, 2, 1, 2, 2 ] ];174960
[ [ 2, 1, 0, 1, 1, 0 ], [ 0, 2, 0, 0, 0, 0 ], [ 0, 2, 0, 0, 1, 2 ], [ 0, 2, 2, 0, 0, 1 ], [ 0, 1, 0, 1, 2, 1 ], [ 0, 2, 2, 1, 2, 1 ] ];9720
[ [ 1, 1, 2, 2, 2, 0 ], [ 2, 0, 2, 0, 0, 2 ], [ 0, 1, 2, 0, 1, 0 ], [ 2, 1, 2, 2, 0, 2 ], [ 1, 1, 1, 0, 1, 1 ], [ 0, 2, 0, 1, 0, 1 ] ];21870
[ [ 1, 0, 1, 0, 2, 1 ], [ 0, 1, 1, 0, 1, 2 ], [ 0, 0, 2, 0, 0, 0 ], [ 2, 1, 2, 2, 0, 0 ], [ 2, 2, 1, 0, 1, 1 ], [ 2, 2, 1, 0, 2, 0 ] ];6480
[ [ 1, 1, 2, 2, 1, 0 ], [ 0, 1, 0, 0, 0, 0 ], [ 0, 1, 2, 0, 0, 0 ], [ 0, 1, 2, 2, 1, 2 ], [ 0, 1, 1, 0, 1, 1 ], [ 0, 2, 1, 0, 2, 0 ] ];3240
[ [ 2, 1, 1, 1, 2, 2 ], [ 0, 2, 0, 0, 0, 0 ], [ 0, 2, 0, 0, 2, 0 ], [ 0, 1, 0, 0, 0, 2 ], [ 0, 1, 2, 0, 0, 0 ], [ 0, 2, 0, 2, 0, 0 ] ];810
[ [ 2, 2, 1, 2, 0, 2 ], [ 0, 2, 0, 2, 1, 1 ], [ 2, 1, 2, 0, 0, 2 ], [ 0, 2, 1, 2, 2, 1 ], [ 1, 0, 2, 1, 2, 2 ], [ 2, 2, 2, 0, 1, 0 ] ];77760
[ [ 2, 2, 1, 2, 2, 2 ], [ 1, 1, 2, 0, 0, 1 ], [ 0, 1, 2, 0, 1, 2 ], [ 2, 2, 1, 2, 1, 1 ], [ 0, 0, 2, 1, 2, 2 ], [ 1, 0, 1, 1, 1, 1 ] ];174960
[ [ 2, 2, 2, 1, 2, 2 ], [ 0, 2, 0, 0, 0, 0 ], [ 0, 2, 0, 0, 1, 2 ], [ 0, 0, 1, 0, 1, 0 ], [ 0, 0, 1, 1, 1, 2 ], [ 0, 1, 0, 1, 1, 2 ] ];9720
[ [ 0, 2, 1, 2, 2, 2 ], [ 1, 1, 1, 0, 0, 1 ], [ 0, 1, 2, 0, 1, 0 ], [ 1, 2, 1, 2, 0, 1 ], [ 2, 0, 2, 0, 1, 2 ], [ 0, 2, 0, 1, 0, 1 ] ];21870
[ [ 1, 0, 1, 0, 2, 1 ], [ 0, 1, 1, 0, 1, 2 ], [ 0, 0, 2, 0, 0, 0 ], [ 2, 1, 1, 2, 2, 1 ], [ 2, 2, 0, 0, 0, 2 ], [ 2, 2, 0, 0, 1, 1 ] ];6480
[ [ 1, 2, 1, 2, 2, 2 ], [ 0, 1, 0, 0, 0, 0 ], [ 0, 1, 2, 0, 0, 0 ], [ 0, 2, 1, 2, 2, 1 ], [ 0, 0, 2, 0, 0, 2 ], [ 0, 1, 2, 0, 1, 1 ] ];3240
[ [ 2, 2, 1, 1, 2, 2 ], [ 0, 2, 0, 0, 0, 0 ], [ 0, 2, 0, 0, 2, 0 ], [ 0, 1, 0, 0, 0, 2 ], [ 0, 1, 2, 0, 0, 0 ], [ 0, 2, 0, 2, 0, 0 ] ];810
[ [ 1, 1, 2, 1, 0, 1 ], [ 0, 1, 0, 1, 2, 2 ], [ 1, 2, 1, 0, 0, 1 ], [ 0, 1, 2, 1, 1, 2 ], [ 2, 0, 1, 2, 1, 1 ], [ 1, 1, 1, 0, 2, 0 ] ];77760
[ [ 1, 1, 2, 1, 1, 1 ], [ 2, 2, 1, 0, 0, 2 ], [ 0, 2, 1, 0, 2, 1 ], [ 1, 1, 2, 1, 2, 2 ], [ 0, 0, 1, 2, 1, 1 ], [ 2, 0, 2, 2, 2, 2 ] ];174960
[ [ 1, 1, 1, 2, 1, 1 ], [ 0, 1, 0, 0, 0, 0 ], [ 0, 1, 0, 0, 2, 1 ], [ 0, 0, 2, 0, 2, 0 ], [ 0, 0, 2, 2, 2, 1 ], [ 0, 2, 0, 2, 2, 1 ] ];9720
[ [ 0, 1, 2, 1, 1, 1 ], [ 2, 2, 2, 0, 0, 2 ], [ 0, 2, 1, 0, 2, 0 ], [ 2, 1, 2, 1, 0, 2 ], [ 1, 0, 1, 0, 2, 1 ], [ 0, 1, 0, 2, 0, 2 ] ];21870
[ [ 2, 0, 2, 0, 1, 2 ], [ 0, 2, 2, 0, 2, 1 ], [ 0, 0, 1, 0, 0, 0 ], [ 1, 2, 2, 1, 1, 2 ], [ 1, 1, 0, 0, 0, 1 ], [ 1, 1, 0, 0, 2, 2 ] ];6480
[ [ 2, 1, 2, 1, 1, 1 ], [ 0, 2, 0, 0, 0, 0 ], [ 0, 2, 1, 0, 0, 0 ], [ 0, 1, 2, 1, 1, 2 ], [ 0, 0, 1, 0, 0, 1 ], [ 0, 2, 1, 0, 2, 2 ] ];3240
[ [ 1, 1, 2, 2, 1, 1 ], [ 0, 1, 0, 0, 0, 0 ], [ 0, 1, 0, 0, 1, 0 ], [ 0, 2, 0, 0, 0, 1 ], [ 0, 2, 1, 0, 0, 0 ], [ 0, 1, 0, 1, 0, 0 ] ];810
[ [ 0, 0, 0, 0, 1, 0 ], [ 0, 0, 1, 0, 2, 1 ], [ 0, 2, 1, 2, 2, 0 ], [ 2, 1, 0, 2, 2, 0 ], [ 1, 0, 1, 1, 1, 0 ], [ 1, 2, 0, 2, 2, 0 ] ];77760
[ [ 1, 0, 0, 2, 0, 1 ], [ 0, 1, 2, 2, 2, 0 ], [ 2, 0, 1, 2, 1, 0 ], [ 1, 1, 0, 2, 1, 0 ], [ 0, 2, 1, 1, 0, 0 ], [ 1, 1, 1, 1, 2, 2 ] ];155520
[ [ 0, 0, 1, 1, 2, 0 ], [ 2, 1, 0, 2, 0, 1 ], [ 2, 1, 1, 2, 1, 1 ], [ 2, 2, 0, 2, 2, 2 ], [ 2, 0, 0, 0, 1, 0 ], [ 2, 1, 2, 1, 2, 2 ] ];699840
[ [ 0, 0, 0, 0, 1, 0 ], [ 0, 2, 1, 1, 2, 1 ], [ 2, 2, 2, 2, 2, 0 ], [ 2, 1, 0, 0, 2, 0 ], [ 0, 0, 1, 1, 0, 0 ], [ 2, 1, 0, 1, 0, 0 ] ];1399680
[ [ 2, 0, 0, 2, 1, 1 ], [ 0, 2, 1, 2, 0, 2 ], [ 2, 0, 1, 2, 1, 0 ], [ 2, 1, 0, 2, 2, 0 ], [ 2, 2, 1, 1, 2, 0 ], [ 0, 2, 0, 1, 2, 1 ] ];77760
[ [ 0, 0, 1, 2, 2, 1 ], [ 1, 1, 2, 0, 1, 0 ], [ 1, 0, 1, 2, 0, 0 ], [ 2, 2, 0, 2, 0, 2 ], [ 1, 2, 0, 1, 1, 0 ], [ 1, 1, 0, 2, 0, 2 ] ];699840
[ [ 0, 0, 1, 2, 0, 1 ], [ 0, 1, 0, 2, 1, 1 ], [ 1, 0, 1, 2, 0, 0 ], [ 0, 2, 0, 2, 2, 2 ], [ 2, 2, 0, 1, 1, 0 ], [ 1, 2, 0, 1, 1, 2 ] ];174960
[ [ 0, 0, 2, 2, 0, 0 ], [ 1, 1, 2, 1, 1, 1 ], [ 2, 0, 2, 2, 2, 2 ], [ 2, 0, 0, 0, 2, 1 ], [ 2, 0, 2, 2, 0, 0 ], [ 1, 2, 1, 1, 0, 1 ] ];87480
[ [ 1, 0, 2, 2, 1, 1 ], [ 2, 0, 2, 0, 0, 2 ], [ 0, 0, 1, 2, 2, 0 ], [ 2, 0, 0, 2, 2, 1 ], [ 1, 2, 2, 1, 0, 0 ], [ 0, 1, 1, 2, 0, 0 ] ];87480
[ [ 1, 0, 2, 1, 2, 1 ], [ 0, 1, 0, 0, 0, 0 ], [ 0, 1, 0, 2, 0, 2 ], [ 0, 0, 0, 1, 1, 1 ], [ 0, 2, 2, 2, 1, 0 ], [ 0, 0, 1, 0, 2, 0 ] ];38880
[ [ 2, 2, 1, 1, 2, 1 ], [ 0, 2, 0, 0, 0, 0 ], [ 0, 2, 1, 1, 0, 1 ], [ 0, 1, 0, 1, 0, 0 ], [ 0, 2, 0, 0, 0, 1 ], [ 0, 2, 0, 2, 2, 1 ] ];9720
[ [ 2, 0, 2, 2, 2, 0 ], [ 0, 2, 0, 0, 0, 0 ], [ 0, 2, 0, 2, 1, 2 ], [ 0, 1, 1, 2, 2, 1 ], [ 0, 0, 1, 1, 2, 0 ], [ 0, 1, 0, 0, 1, 2 ] ];9720
[ [ 2, 2, 0, 2, 1, 1 ], [ 0, 2, 0, 0, 0, 0 ], [ 0, 0, 0, 0, 2, 2 ], [ 0, 2, 0, 0, 2, 1 ], [ 0, 1, 1, 1, 0, 0 ], [ 0, 1, 1, 2, 0, 0 ] ];19440
[ [ 0, 0, 0, 0, 2, 0 ], [ 0, 0, 2, 0, 1, 2 ], [ 0, 1, 2, 1, 1, 0 ], [ 1, 2, 0, 1, 1, 0 ], [ 2, 0, 2, 2, 2, 0 ], [ 2, 1, 0, 1, 1, 0 ] ];77760
[ [ 2, 0, 0, 1, 0, 2 ], [ 0, 2, 1, 1, 1, 0 ], [ 1, 0, 2, 1, 2, 0 ], [ 2, 2, 0, 1, 2, 0 ], [ 0, 1, 2, 2, 0, 0 ], [ 2, 2, 2, 2, 1, 1 ] ];155520
[ [ 0, 0, 2, 2, 1, 0 ], [ 1, 2, 0, 1, 0, 2 ], [ 1, 2, 2, 1, 2, 2 ], [ 1, 1, 0, 1, 1, 1 ], [ 1, 0, 0, 0, 2, 0 ], [ 1, 2, 1, 2, 1, 1 ] ];699840
[ [ 0, 0, 0, 0, 2, 0 ], [ 0, 1, 2, 2, 1, 2 ], [ 1, 1, 1, 1, 1, 0 ], [ 1, 2, 0, 0, 1, 0 ], [ 0, 0, 2, 2, 0, 0 ], [ 1, 2, 0, 2, 0, 0 ] ];1399680
[ [ 1, 0, 0, 1, 2, 2 ], [ 0, 1, 2, 1, 0, 1 ], [ 1, 0, 2, 1, 2, 0 ], [ 1, 2, 0, 1, 1, 0 ], [ 1, 1, 2, 2, 1, 0 ], [ 0, 1, 0, 2, 1, 2 ] ];77760
[ [ 0, 0, 2, 1, 1, 2 ], [ 2, 2, 1, 0, 2, 0 ], [ 2, 0, 2, 1, 0, 0 ], [ 1, 1, 0, 1, 0, 1 ], [ 2, 1, 0, 2, 2, 0 ], [ 2, 2, 0, 1, 0, 1 ] ];699840
[ [ 0, 0, 2, 1, 0, 2 ], [ 0, 2, 0, 1, 2, 2 ], [ 2, 0, 2, 1, 0, 0 ], [ 0, 1, 0, 1, 1, 1 ], [ 1, 1, 0, 2, 2, 0 ], [ 2, 1, 0, 2, 2, 1 ] ];174960
[ [ 0, 0, 1, 1, 0, 0 ], [ 2, 2, 1, 2, 2, 2 ], [ 1, 0, 1, 1, 1, 1 ], [ 1, 0, 0, 0, 1, 2 ], [ 1, 0, 1, 1, 0, 0 ], [ 2, 1, 2, 2, 0, 2 ] ];87480
[ [ 2, 0, 1, 1, 2, 2 ], [ 1, 0, 1, 0, 0, 1 ], [ 0, 0, 2, 1, 1, 0 ], [ 1, 0, 0, 1, 1, 2 ], [ 2, 1, 1, 2, 0, 0 ], [ 0, 2, 2, 1, 0, 0 ] ];87480
[ [ 2, 0, 1, 2, 1, 2 ], [ 0, 2, 0, 0, 0, 0 ], [ 0, 2, 0, 1, 0, 1 ], [ 0, 0, 0, 2, 2, 2 ], [ 0, 1, 1, 1, 2, 0 ], [ 0, 0, 2, 0, 1, 0 ] ];38880
[ [ 1, 1, 2, 2, 1, 2 ], [ 0, 1, 0, 0, 0, 0 ], [ 0, 1, 2, 2, 0, 2 ], [ 0, 2, 0, 2, 0, 0 ], [ 0, 1, 0, 0, 0, 2 ], [ 0, 1, 0, 1, 1, 2 ] ];9720
[ [ 1, 0, 1, 1, 1, 0 ], [ 0, 1, 0, 0, 0, 0 ], [ 0, 1, 0, 1, 2, 1 ], [ 0, 2, 2, 1, 1, 2 ], [ 0, 0, 2, 2, 1, 0 ], [ 0, 2, 0, 0, 2, 1 ] ];9720
[ [ 1, 1, 0, 1, 2, 2 ], [ 0, 1, 0, 0, 0, 0 ], [ 0, 0, 0, 0, 1, 1 ], [ 0, 1, 0, 0, 1, 2 ], [ 0, 2, 2, 2, 0, 0 ], [ 0, 2, 2, 1, 0, 0 ] ];19440
[ [ 0, 1, 2, 2, 2, 2 ], [ 2, 1, 0, 0, 1, 1 ], [ 0, 2, 1, 2, 0, 2 ], [ 2, 2, 2, 2, 1, 2 ], [ 2, 2, 0, 0, 1, 2 ], [ 1, 0, 0, 1, 1, 2 ] ];4199040
[ [ 1, 1, 0, 0, 1, 2 ], [ 2, 0, 1, 1, 1, 2 ], [ 1, 1, 1, 2, 1, 2 ], [ 1, 2, 2, 2, 0, 2 ], [ 1, 2, 0, 0, 0, 2 ], [ 2, 0, 1, 2, 2, 0 ] ];4199040
[ [ 2, 2, 1, 1, 2, 2 ], [ 1, 2, 0, 1, 1, 0 ], [ 0, 0, 1, 2, 0, 1 ], [ 1, 0, 2, 2, 0, 1 ], [ 1, 2, 1, 1, 2, 1 ], [ 1, 1, 0, 2, 2, 1 ] ];4199040
[ [ 2, 1, 2, 2, 1, 2 ], [ 0, 0, 2, 2, 1, 0 ], [ 0, 2, 2, 0, 2, 1 ], [ 1, 2, 2, 1, 0, 2 ], [ 2, 2, 0, 2, 1, 2 ], [ 2, 2, 2, 0, 1, 1 ] ];4199040
[ [ 1, 1, 0, 0, 1, 2 ], [ 1, 0, 1, 1, 1, 1 ], [ 1, 1, 1, 2, 1, 2 ], [ 2, 2, 2, 2, 1, 2 ], [ 2, 2, 0, 0, 1, 2 ], [ 2, 0, 1, 2, 0, 2 ] ];4199040
[ [ 1, 1, 2, 2, 0, 2 ], [ 0, 0, 1, 2, 2, 0 ], [ 1, 2, 0, 2, 1, 2 ], [ 0, 2, 2, 1, 0, 0 ], [ 2, 2, 2, 0, 1, 2 ], [ 1, 2, 1, 0, 1, 1 ] ];4199040
[ [ 1, 2, 1, 2, 1, 2 ], [ 2, 2, 1, 0, 0, 2 ], [ 0, 1, 0, 0, 1, 1 ], [ 2, 0, 2, 0, 1, 1 ], [ 0, 2, 1, 1, 1, 1 ], [ 2, 1, 1, 1, 1, 0 ] ];4199040
[ [ 0, 2, 1, 0, 0, 2 ], [ 1, 2, 2, 0, 0, 1 ], [ 2, 2, 2, 0, 1, 1 ], [ 0, 0, 2, 1, 2, 1 ], [ 2, 2, 1, 1, 0, 1 ], [ 1, 1, 2, 1, 1, 2 ] ];4199040
[ [ 0, 2, 0, 2, 1, 0 ], [ 1, 2, 1, 1, 0, 2 ], [ 1, 0, 0, 0, 2, 2 ], [ 1, 1, 2, 0, 0, 0 ], [ 2, 0, 2, 1, 2, 2 ], [ 2, 1, 1, 2, 2, 0 ] ];524880
[ [ 2, 1, 2, 2, 1, 2 ], [ 0, 2, 0, 1, 2, 2 ], [ 2, 2, 2, 2, 2, 2 ], [ 0, 2, 0, 0, 1, 1 ], [ 2, 2, 1, 0, 1, 2 ], [ 0, 1, 0, 2, 0, 0 ] ];524880
[ [ 0, 1, 2, 2, 2, 2 ], [ 0, 0, 1, 1, 1, 0 ], [ 2, 2, 0, 0, 2, 0 ], [ 2, 2, 2, 0, 2, 2 ], [ 1, 2, 0, 1, 1, 2 ], [ 2, 2, 2, 2, 2, 0 ] ];524880
[ [ 0, 2, 1, 1, 1, 2 ], [ 2, 1, 1, 2, 2, 2 ], [ 0, 0, 1, 2, 1, 1 ], [ 1, 0, 2, 2, 1, 1 ], [ 2, 2, 1, 1, 0, 1 ], [ 1, 2, 2, 1, 0, 0 ] ];524880
[ [ 2, 2, 0, 2, 1, 2 ], [ 2, 0, 0, 0, 1, 1 ], [ 1, 0, 1, 0, 2, 2 ], [ 2, 0, 2, 1, 1, 1 ], [ 2, 2, 0, 0, 2, 1 ], [ 0, 1, 0, 0, 0, 1 ] ];524880
[ [ 0, 2, 0, 2, 1, 0 ], [ 2, 2, 2, 0, 2, 0 ], [ 1, 0, 1, 0, 0, 1 ], [ 1, 1, 2, 0, 0, 0 ], [ 1, 0, 0, 2, 2, 2 ], [ 2, 1, 2, 2, 0, 2 ] ];524880
[ [ 2, 1, 2, 2, 1, 2 ], [ 1, 1, 2, 1, 0, 2 ], [ 1, 2, 2, 0, 1, 0 ], [ 1, 2, 0, 0, 2, 1 ], [ 0, 2, 1, 1, 0, 2 ], [ 0, 0, 2, 2, 1, 2 ] ];524880
[ [ 1, 1, 2, 2, 0, 2 ], [ 0, 1, 0, 0, 0, 0 ], [ 0, 2, 2, 0, 2, 1 ], [ 0, 2, 0, 0, 1, 1 ], [ 0, 2, 1, 2, 2, 2 ], [ 0, 0, 0, 1, 1, 1 ] ];419904
[ [ 2, 2, 2, 0, 2, 2 ], [ 1, 1, 0, 1, 2, 0 ], [ 2, 2, 2, 0, 1, 1 ], [ 1, 2, 0, 0, 2, 1 ], [ 0, 2, 1, 1, 1, 1 ], [ 2, 0, 0, 2, 1, 1 ] ];524880
[ [ 0, 2, 1, 1, 1, 1 ], [ 1, 2, 0, 0, 2, 2 ], [ 0, 1, 2, 1, 0, 1 ], [ 1, 1, 1, 1, 2, 1 ], [ 1, 1, 0, 0, 2, 1 ], [ 2, 0, 0, 2, 2, 1 ] ];4199040
[ [ 2, 2, 0, 0, 2, 1 ], [ 1, 0, 2, 2, 2, 1 ], [ 2, 2, 2, 1, 2, 1 ], [ 2, 1, 1, 1, 0, 1 ], [ 2, 1, 0, 0, 0, 1 ], [ 1, 0, 2, 1, 1, 0 ] ];4199040
[ [ 1, 1, 2, 2, 1, 1 ], [ 2, 1, 0, 2, 2, 0 ], [ 0, 0, 2, 1, 0, 2 ], [ 2, 0, 1, 1, 0, 2 ], [ 2, 1, 2, 2, 1, 2 ], [ 2, 2, 0, 1, 1, 2 ] ];4199040
[ [ 1, 2, 1, 1, 2, 1 ], [ 0, 0, 1, 1, 2, 0 ], [ 0, 1, 1, 0, 1, 2 ], [ 2, 1, 1, 2, 0, 1 ], [ 1, 1, 0, 1, 2, 1 ], [ 1, 1, 1, 0, 2, 2 ] ];4199040
[ [ 2, 2, 0, 0, 2, 1 ], [ 2, 0, 2, 2, 2, 2 ], [ 2, 2, 2, 1, 2, 1 ], [ 1, 1, 1, 1, 2, 1 ], [ 1, 1, 0, 0, 2, 1 ], [ 1, 0, 2, 1, 0, 1 ] ];4199040
[ [ 2, 2, 1, 1, 0, 1 ], [ 0, 0, 2, 1, 1, 0 ], [ 2, 1, 0, 1, 2, 1 ], [ 0, 1, 1, 2, 0, 0 ], [ 1, 1, 1, 0, 2, 1 ], [ 2, 1, 2, 0, 2, 2 ] ];4199040
[ [ 2, 1, 2, 1, 2, 1 ], [ 1, 1, 2, 0, 0, 1 ], [ 0, 2, 0, 0, 2, 2 ], [ 1, 0, 1, 0, 2, 2 ], [ 0, 1, 2, 2, 2, 2 ], [ 1, 2, 2, 2, 2, 0 ] ];4199040
[ [ 0, 1, 2, 0, 0, 1 ], [ 2, 1, 1, 0, 0, 2 ], [ 1, 1, 1, 0, 2, 2 ], [ 0, 0, 1, 2, 1, 2 ], [ 1, 1, 2, 2, 0, 2 ], [ 2, 2, 1, 2, 2, 1 ] ];4199040
[ [ 0, 1, 0, 1, 2, 0 ], [ 2, 1, 2, 2, 0, 1 ], [ 2, 0, 0, 0, 1, 1 ], [ 2, 2, 1, 0, 0, 0 ], [ 1, 0, 1, 2, 1, 1 ], [ 1, 2, 2, 1, 1, 0 ] ];524880
[ [ 1, 2, 1, 1, 2, 1 ], [ 0, 1, 0, 2, 1, 1 ], [ 1, 1, 1, 1, 1, 1 ], [ 0, 1, 0, 0, 2, 2 ], [ 1, 1, 2, 0, 2, 1 ], [ 0, 2, 0, 1, 0, 0 ] ];524880
[ [ 0, 2, 1, 1, 1, 1 ], [ 0, 0, 2, 2, 2, 0 ], [ 1, 1, 0, 0, 1, 0 ], [ 1, 1, 1, 0, 1, 1 ], [ 2, 1, 0, 2, 2, 1 ], [ 1, 1, 1, 1, 1, 0 ] ];524880
[ [ 0, 1, 2, 2, 2, 1 ], [ 1, 2, 2, 1, 1, 1 ], [ 0, 0, 2, 1, 2, 2 ], [ 2, 0, 1, 1, 2, 2 ], [ 1, 1, 2, 2, 0, 2 ], [ 2, 1, 1, 2, 0, 0 ] ];524880
[ [ 1, 1, 0, 1, 2, 1 ], [ 1, 0, 0, 0, 2, 2 ], [ 2, 0, 2, 0, 1, 1 ], [ 1, 0, 1, 2, 2, 2 ], [ 1, 1, 0, 0, 1, 2 ], [ 0, 2, 0, 0, 0, 2 ] ];524880
[ [ 0, 1, 0, 1, 2, 0 ], [ 1, 1, 1, 0, 1, 0 ], [ 2, 0, 2, 0, 0, 2 ], [ 2, 2, 1, 0, 0, 0 ], [ 2, 0, 0, 1, 1, 1 ], [ 1, 2, 1, 1, 0, 1 ] ];524880
[ [ 1, 2, 1, 1, 2, 1 ], [ 2, 2, 1, 2, 0, 1 ], [ 2, 1, 1, 0, 2, 0 ], [ 2, 1, 0, 0, 1, 2 ], [ 0, 1, 2, 2, 0, 1 ], [ 0, 0, 1, 1, 2, 1 ] ];524880
[ [ 2, 2, 1, 1, 0, 1 ], [ 0, 2, 0, 0, 0, 0 ], [ 0, 1, 1, 0, 1, 2 ], [ 0, 1, 0, 0, 2, 2 ], [ 0, 1, 2, 1, 1, 1 ], [ 0, 0, 0, 2, 2, 2 ] ];419904
[ [ 1, 1, 1, 0, 1, 1 ], [ 2, 2, 0, 2, 1, 0 ], [ 1, 1, 1, 0, 2, 2 ], [ 2, 1, 0, 0, 1, 2 ], [ 0, 1, 2, 2, 2, 2 ], [ 1, 0, 0, 1, 2, 2 ] ];524880
[ [ 1, 2, 2, 2, 0, 1 ], [ 1, 2, 1, 1, 2, 0 ], [ 2, 1, 0, 1, 2, 1 ], [ 1, 0, 2, 0, 0, 2 ], [ 1, 0, 0, 2, 2, 0 ], [ 0, 2, 0, 2, 0, 1 ] ];4199040
[ [ 2, 0, 1, 2, 2, 0 ], [ 0, 0, 1, 2, 0, 2 ], [ 2, 0, 0, 1, 2, 1 ], [ 2, 0, 2, 0, 1, 2 ], [ 0, 2, 0, 2, 1, 0 ], [ 1, 0, 0, 0, 0, 0 ] ];4199040
[ [ 2, 1, 1, 0, 1, 2 ], [ 0, 2, 0, 2, 0, 1 ], [ 2, 0, 0, 1, 2, 2 ], [ 0, 2, 2, 0, 2, 0 ], [ 0, 1, 1, 1, 1, 2 ], [ 1, 0, 2, 0, 0, 1 ] ];4199040
[ [ 0, 2, 2, 2, 2, 1 ], [ 2, 2, 0, 0, 2, 2 ], [ 1, 2, 1, 1, 1, 0 ], [ 0, 0, 2, 1, 2, 2 ], [ 1, 0, 0, 2, 2, 0 ], [ 0, 2, 2, 0, 2, 0 ] ];4199040
[ [ 2, 0, 1, 2, 2, 0 ], [ 1, 1, 0, 1, 0, 2 ], [ 0, 0, 0, 1, 0, 1 ], [ 1, 0, 2, 0, 0, 2 ], [ 2, 2, 0, 2, 0, 0 ], [ 0, 1, 2, 2, 1, 0 ] ];4199040
[ [ 2, 2, 2, 2, 1, 1 ], [ 1, 0, 0, 2, 2, 1 ], [ 1, 1, 1, 1, 1, 1 ], [ 2, 2, 2, 1, 1, 0 ], [ 2, 0, 0, 2, 0, 0 ], [ 2, 0, 1, 0, 2, 2 ] ];4199040
[ [ 1, 1, 1, 0, 0, 2 ], [ 2, 0, 1, 0, 0, 1 ], [ 2, 2, 2, 1, 2, 0 ], [ 1, 2, 2, 2, 0, 0 ], [ 2, 1, 1, 1, 0, 2 ], [ 1, 1, 0, 2, 1, 1 ] ];4199040
[ [ 0, 1, 1, 0, 2, 2 ], [ 2, 1, 2, 0, 1, 1 ], [ 1, 1, 1, 1, 1, 1 ], [ 2, 2, 2, 1, 1, 0 ], [ 1, 1, 1, 1, 2, 2 ], [ 2, 2, 1, 0, 0, 1 ] ];4199040
[ [ 0, 0, 0, 1, 2, 0 ], [ 1, 0, 0, 2, 1, 2 ], [ 2, 1, 2, 1, 2, 1 ], [ 0, 1, 2, 2, 2, 1 ], [ 0, 2, 2, 0, 1, 1 ], [ 2, 2, 2, 1, 1, 1 ] ];524880
[ [ 0, 2, 2, 2, 2, 1 ], [ 2, 1, 1, 0, 0, 2 ], [ 0, 1, 2, 1, 0, 1 ], [ 1, 1, 2, 2, 0, 1 ], [ 0, 0, 0, 2, 1, 0 ], [ 2, 1, 1, 1, 2, 0 ] ];524880
[ [ 0, 2, 2, 2, 2, 1 ], [ 1, 2, 2, 2, 2, 1 ], [ 1, 0, 2, 1, 0, 2 ], [ 1, 0, 2, 2, 2, 2 ], [ 1, 0, 0, 2, 2, 0 ], [ 1, 0, 2, 0, 2, 1 ] ];524880
[ [ 1, 1, 1, 0, 0, 2 ], [ 2, 0, 1, 2, 1, 0 ], [ 2, 0, 0, 1, 1, 2 ], [ 1, 2, 2, 0, 2, 0 ], [ 2, 1, 1, 1, 0, 2 ], [ 2, 2, 1, 2, 1, 2 ] ];524880
[ [ 1, 1, 2, 1, 2, 1 ], [ 0, 2, 2, 1, 1, 0 ], [ 1, 0, 2, 1, 0, 2 ], [ 0, 2, 2, 1, 2, 0 ], [ 0, 0, 2, 1, 0, 0 ], [ 2, 0, 1, 1, 2, 0 ] ];524880
[ [ 2, 0, 0, 2, 1, 1 ], [ 1, 1, 2, 0, 2, 2 ], [ 2, 2, 1, 2, 0, 1 ], [ 0, 1, 2, 2, 2, 1 ], [ 0, 0, 1, 1, 2, 1 ], [ 2, 0, 1, 2, 2, 1 ] ];524880
[ [ 2, 2, 2, 2, 1, 1 ], [ 0, 0, 2, 0, 2, 1 ], [ 1, 0, 1, 1, 0, 2 ], [ 0, 1, 2, 1, 1, 1 ], [ 0, 0, 0, 2, 1, 0 ], [ 2, 1, 0, 1, 1, 1 ] ];524880
[ [ 2, 2, 2, 2, 1, 1 ], [ 0, 2, 0, 0, 0, 0 ], [ 0, 2, 0, 1, 0, 0 ], [ 0, 1, 2, 0, 2, 1 ], [ 0, 0, 0, 2, 1, 0 ], [ 0, 2, 0, 0, 2, 1 ] ];419904
[ [ 0, 1, 1, 0, 2, 2 ], [ 2, 2, 0, 0, 1, 1 ], [ 0, 1, 0, 1, 0, 1 ], [ 2, 0, 2, 0, 1, 2 ], [ 2, 1, 1, 1, 0, 2 ], [ 1, 0, 0, 0, 2, 1 ] ];524880
[ [ 2, 1, 1, 1, 0, 2 ], [ 2, 1, 2, 2, 1, 0 ], [ 1, 2, 0, 2, 1, 2 ], [ 2, 0, 1, 0, 0, 1 ], [ 2, 0, 0, 1, 1, 0 ], [ 0, 1, 0, 1, 0, 2 ] ];4199040
[ [ 1, 0, 2, 1, 1, 0 ], [ 0, 0, 2, 1, 0, 1 ], [ 1, 0, 0, 2, 1, 2 ], [ 1, 0, 1, 0, 2, 1 ], [ 0, 1, 0, 1, 2, 0 ], [ 2, 0, 0, 0, 0, 0 ] ];4199040
[ [ 1, 2, 2, 0, 2, 1 ], [ 0, 1, 0, 1, 0, 2 ], [ 1, 0, 0, 2, 1, 1 ], [ 0, 1, 1, 0, 1, 0 ], [ 0, 2, 2, 2, 2, 1 ], [ 2, 0, 1, 0, 0, 2 ] ];4199040
[ [ 0, 1, 1, 1, 1, 2 ], [ 1, 1, 0, 0, 1, 1 ], [ 2, 1, 2, 2, 2, 0 ], [ 0, 0, 1, 2, 1, 1 ], [ 2, 0, 0, 1, 1, 0 ], [ 0, 1, 1, 0, 1, 0 ] ];4199040
[ [ 1, 0, 2, 1, 1, 0 ], [ 2, 2, 0, 2, 0, 1 ], [ 0, 0, 0, 2, 0, 2 ], [ 2, 0, 1, 0, 0, 1 ], [ 1, 1, 0, 1, 0, 0 ], [ 0, 2, 1, 1, 2, 0 ] ];4199040
[ [ 1, 1, 1, 1, 2, 2 ], [ 2, 0, 0, 1, 1, 2 ], [ 2, 2, 2, 2, 2, 2 ], [ 1, 1, 1, 2, 2, 0 ], [ 1, 0, 0, 1, 0, 0 ], [ 1, 0, 2, 0, 1, 1 ] ];4199040
[ [ 2, 2, 2, 0, 0, 1 ], [ 1, 0, 2, 0, 0, 2 ], [ 1, 1, 1, 2, 1, 0 ], [ 2, 1, 1, 1, 0, 0 ], [ 1, 2, 2, 2, 0, 1 ], [ 2, 2, 0, 1, 2, 2 ] ];4199040
[ [ 0, 2, 2, 0, 1, 1 ], [ 1, 2, 1, 0, 2, 2 ], [ 2, 2, 2, 2, 2, 2 ], [ 1, 1, 1, 2, 2, 0 ], [ 2, 2, 2, 2, 1, 1 ], [ 1, 1, 2, 0, 0, 2 ] ];4199040
[ [ 0, 0, 0, 2, 1, 0 ], [ 2, 0, 0, 1, 2, 1 ], [ 1, 2, 1, 2, 1, 2 ], [ 0, 2, 1, 1, 1, 2 ], [ 0, 1, 1, 0, 2, 2 ], [ 1, 1, 1, 2, 2, 2 ] ];524880
[ [ 0, 1, 1, 1, 1, 2 ], [ 1, 2, 2, 0, 0, 1 ], [ 0, 2, 1, 2, 0, 2 ], [ 2, 2, 1, 1, 0, 2 ], [ 0, 0, 0, 1, 2, 0 ], [ 1, 2, 2, 2, 1, 0 ] ];524880
[ [ 0, 1, 1, 1, 1, 2 ], [ 2, 1, 1, 1, 1, 2 ], [ 2, 0, 1, 2, 0, 1 ], [ 2, 0, 1, 1, 1, 1 ], [ 2, 0, 0, 1, 1, 0 ], [ 2, 0, 1, 0, 1, 2 ] ];524880
[ [ 2, 2, 2, 0, 0, 1 ], [ 1, 0, 2, 1, 2, 0 ], [ 1, 0, 0, 2, 2, 1 ], [ 2, 1, 1, 0, 1, 0 ], [ 1, 2, 2, 2, 0, 1 ], [ 1, 1, 2, 1, 2, 1 ] ];524880
[ [ 2, 2, 1, 2, 1, 2 ], [ 0, 1, 1, 2, 2, 0 ], [ 2, 0, 1, 2, 0, 1 ], [ 0, 1, 1, 2, 1, 0 ], [ 0, 0, 1, 2, 0, 0 ], [ 1, 0, 2, 2, 1, 0 ] ];524880
[ [ 1, 0, 0, 1, 2, 2 ], [ 2, 2, 1, 0, 1, 1 ], [ 1, 1, 2, 1, 0, 2 ], [ 0, 2, 1, 1, 1, 2 ], [ 0, 0, 2, 2, 1, 2 ], [ 1, 0, 2, 1, 1, 2 ] ];524880
[ [ 1, 1, 1, 1, 2, 2 ], [ 0, 0, 1, 0, 1, 2 ], [ 2, 0, 2, 2, 0, 1 ], [ 0, 2, 1, 2, 2, 2 ], [ 0, 0, 0, 1, 2, 0 ], [ 1, 2, 0, 2, 2, 2 ] ];524880
[ [ 1, 1, 1, 1, 2, 2 ], [ 0, 1, 0, 0, 0, 0 ], [ 0, 1, 0, 2, 0, 0 ], [ 0, 2, 1, 0, 1, 2 ], [ 0, 0, 0, 1, 2, 0 ], [ 0, 1, 0, 0, 1, 2 ] ];419904
[ [ 0, 2, 2, 0, 1, 1 ], [ 1, 1, 0, 0, 2, 2 ], [ 0, 2, 0, 2, 0, 2 ], [ 1, 0, 1, 0, 2, 1 ], [ 1, 2, 2, 2, 0, 1 ], [ 2, 0, 0, 0, 1, 2 ] ];524880
[ [ 0, 2, 2, 1, 2, 1 ], [ 2, 2, 1, 2, 1, 0 ], [ 1, 2, 2, 2, 0, 0 ], [ 0, 0, 0, 2, 0, 1 ], [ 2, 2, 2, 0, 2, 1 ], [ 0, 1, 2, 0, 2, 2 ] ];4199040
[ [ 2, 1, 2, 2, 1, 2 ], [ 0, 1, 2, 2, 1, 1 ], [ 2, 2, 2, 2, 1, 0 ], [ 1, 2, 0, 2, 1, 1 ], [ 0, 0, 2, 0, 0, 1 ], [ 1, 1, 0, 0, 2, 0 ] ];4199040
[ [ 0, 0, 0, 2, 1, 0 ], [ 2, 1, 2, 0, 1, 2 ], [ 0, 1, 2, 2, 2, 1 ], [ 0, 1, 0, 2, 0, 0 ], [ 1, 1, 1, 2, 2, 2 ], [ 0, 1, 0, 1, 2, 0 ] ];12597120
[ [ 1, 1, 1, 0, 1, 2 ], [ 2, 2, 0, 1, 1, 2 ], [ 2, 0, 2, 2, 1, 2 ], [ 0, 2, 0, 2, 0, 2 ], [ 2, 0, 0, 1, 1, 0 ], [ 0, 0, 1, 2, 2, 2 ] ];12597120
[ [ 1, 2, 2, 1, 0, 1 ], [ 1, 2, 1, 1, 0, 2 ], [ 0, 0, 0, 2, 1, 2 ], [ 0, 0, 0, 0, 0, 1 ], [ 0, 2, 2, 0, 0, 1 ], [ 1, 1, 2, 0, 0, 1 ] ];12597120
[ [ 2, 2, 2, 1, 1, 1 ], [ 0, 2, 1, 1, 2, 1 ], [ 0, 1, 1, 2, 0, 1 ], [ 0, 0, 0, 1, 0, 1 ], [ 1, 2, 2, 0, 1, 1 ], [ 2, 1, 2, 1, 1, 0 ] ];12597120
[ [ 2, 1, 2, 2, 1, 2 ], [ 2, 0, 1, 0, 1, 1 ], [ 1, 2, 2, 2, 0, 0 ], [ 1, 2, 0, 2, 1, 1 ], [ 1, 0, 2, 0, 1, 1 ], [ 2, 0, 2, 1, 1, 0 ] ];4199040
[ [ 1, 1, 2, 2, 0, 2 ], [ 1, 2, 0, 0, 0, 1 ], [ 1, 2, 1, 2, 0, 0 ], [ 2, 1, 1, 0, 0, 1 ], [ 0, 0, 0, 0, 0, 1 ], [ 0, 2, 0, 1, 2, 0 ] ];4199040
[ [ 2, 2, 2, 1, 1, 1 ], [ 2, 1, 2, 1, 0, 0 ], [ 2, 2, 0, 2, 1, 0 ], [ 2, 1, 0, 0, 1, 0 ], [ 2, 2, 2, 0, 2, 1 ], [ 2, 0, 2, 2, 0, 2 ] ];4199040
[ [ 0, 1, 2, 2, 2, 2 ], [ 1, 2, 2, 2, 0, 1 ], [ 0, 2, 2, 2, 2, 2 ], [ 2, 2, 0, 2, 2, 1 ], [ 0, 1, 0, 2, 2, 0 ], [ 0, 2, 0, 0, 2, 2 ] ];12597120
[ [ 0, 0, 0, 2, 1, 0 ], [ 0, 0, 2, 0, 2, 2 ], [ 1, 2, 0, 2, 2, 0 ], [ 0, 1, 0, 0, 0, 0 ], [ 0, 1, 1, 2, 1, 2 ], [ 0, 0, 0, 2, 2, 0 ] ];12597120
[ [ 0, 0, 0, 2, 1, 0 ], [ 1, 2, 2, 1, 0, 2 ], [ 0, 0, 1, 2, 0, 2 ], [ 0, 1, 0, 1, 0, 0 ], [ 2, 1, 1, 2, 0, 2 ], [ 0, 2, 0, 1, 2, 0 ] ];4199040
[ [ 0, 0, 0, 1, 1, 1 ], [ 1, 0, 2, 1, 0, 0 ], [ 0, 1, 2, 2, 2, 1 ], [ 1, 2, 0, 2, 1, 1 ], [ 2, 2, 1, 1, 0, 1 ], [ 1, 2, 0, 2, 0, 0 ] ];12597120
[ [ 2, 0, 0, 2, 0, 2 ], [ 0, 1, 1, 1, 1, 2 ], [ 2, 2, 2, 2, 0, 2 ], [ 0, 1, 0, 2, 1, 0 ], [ 2, 1, 1, 2, 0, 1 ], [ 1, 2, 1, 1, 1, 0 ] ];12597120
[ [ 0, 1, 1, 0, 0, 2 ], [ 2, 0, 0, 2, 1, 0 ], [ 2, 1, 0, 2, 0, 1 ], [ 0, 2, 0, 0, 0, 2 ], [ 2, 0, 0, 1, 1, 0 ], [ 2, 1, 1, 1, 1, 0 ] ];2099520
[ [ 0, 1, 1, 0, 1, 1 ], [ 1, 0, 2, 2, 0, 0 ], [ 2, 0, 2, 2, 2, 2 ], [ 0, 2, 0, 2, 0, 1 ], [ 1, 2, 0, 2, 1, 0 ], [ 0, 1, 1, 2, 1, 2 ] ];4199040
[ [ 1, 2, 2, 1, 0, 1 ], [ 1, 0, 2, 0, 1, 0 ], [ 0, 2, 1, 2, 2, 0 ], [ 2, 2, 0, 1, 0, 2 ], [ 2, 2, 2, 0, 2, 1 ], [ 0, 2, 1, 1, 0, 2 ] ];2099520
[ [ 2, 2, 2, 1, 1, 1 ], [ 2, 0, 2, 1, 2, 1 ], [ 2, 0, 0, 2, 2, 2 ], [ 1, 0, 0, 0, 2, 1 ], [ 1, 2, 2, 0, 1, 1 ], [ 1, 1, 2, 2, 0, 1 ] ];2099520
[ [ 0, 0, 0, 2, 1, 0 ], [ 1, 1, 2, 2, 1, 2 ], [ 2, 1, 2, 2, 0, 1 ], [ 2, 1, 0, 2, 0, 0 ], [ 0, 1, 1, 2, 1, 2 ], [ 2, 0, 2, 2, 1, 1 ] ];2099520
[ [ 2, 0, 0, 0, 0, 1 ], [ 0, 1, 0, 1, 1, 0 ], [ 1, 2, 1, 2, 1, 2 ], [ 1, 2, 0, 2, 1, 1 ], [ 0, 2, 1, 1, 1, 1 ], [ 2, 0, 1, 0, 0, 0 ] ];2099520
[ [ 1, 0, 1, 0, 2, 1 ], [ 0, 1, 1, 0, 0, 0 ], [ 2, 2, 2, 2, 2, 2 ], [ 1, 0, 1, 1, 2, 2 ], [ 1, 2, 1, 1, 2, 1 ], [ 2, 0, 1, 2, 2, 0 ] ];4199040
[ [ 1, 1, 1, 2, 1, 1 ], [ 2, 2, 0, 2, 1, 0 ], [ 0, 0, 0, 1, 1, 0 ], [ 1, 2, 0, 2, 1, 1 ], [ 2, 2, 0, 1, 1, 0 ], [ 1, 0, 1, 2, 0, 1 ] ];2099520
[ [ 0, 2, 2, 1, 2, 1 ], [ 0, 2, 0, 1, 1, 0 ], [ 0, 0, 2, 2, 0, 2 ], [ 1, 2, 0, 2, 0, 2 ], [ 1, 2, 2, 0, 1, 1 ], [ 1, 0, 1, 2, 1, 0 ] ];2099520
[ [ 0, 2, 2, 1, 2, 1 ], [ 2, 2, 2, 0, 0, 2 ], [ 0, 1, 0, 2, 0, 1 ], [ 2, 2, 0, 0, 0, 2 ], [ 1, 2, 2, 0, 1, 1 ], [ 0, 1, 1, 0, 1, 1 ] ];1259712
[ [ 2, 0, 0, 2, 0, 0 ], [ 1, 0, 1, 0, 2, 2 ], [ 0, 0, 0, 2, 0, 2 ], [ 0, 0, 0, 0, 1, 1 ], [ 1, 1, 1, 2, 2, 2 ], [ 2, 0, 0, 0, 0, 0 ] ];2099520
[ [ 1, 0, 0, 1, 1, 0 ], [ 0, 1, 0, 0, 0, 0 ], [ 0, 2, 1, 2, 2, 2 ], [ 0, 1, 2, 1, 2, 1 ], [ 0, 2, 2, 1, 0, 0 ], [ 0, 0, 0, 2, 1, 0 ] ];419904
[ [ 0, 1, 1, 2, 1, 2 ], [ 1, 1, 2, 1, 2, 0 ], [ 2, 1, 1, 1, 0, 0 ], [ 0, 0, 0, 1, 0, 2 ], [ 1, 1, 1, 0, 1, 2 ], [ 0, 2, 1, 0, 1, 1 ] ];4199040
[ [ 1, 2, 1, 1, 2, 1 ], [ 0, 2, 1, 1, 2, 2 ], [ 1, 1, 1, 1, 2, 0 ], [ 2, 1, 0, 1, 2, 2 ], [ 0, 0, 1, 0, 0, 2 ], [ 2, 2, 0, 0, 1, 0 ] ];4199040
[ [ 0, 0, 0, 1, 2, 0 ], [ 1, 2, 1, 0, 2, 1 ], [ 0, 2, 1, 1, 1, 2 ], [ 0, 2, 0, 1, 0, 0 ], [ 2, 2, 2, 1, 1, 1 ], [ 0, 2, 0, 2, 1, 0 ] ];12597120
[ [ 2, 2, 2, 0, 2, 1 ], [ 1, 1, 0, 2, 2, 1 ], [ 1, 0, 1, 1, 2, 1 ], [ 0, 1, 0, 1, 0, 1 ], [ 1, 0, 0, 2, 2, 0 ], [ 0, 0, 2, 1, 1, 1 ] ];12597120
[ [ 2, 1, 1, 2, 0, 2 ], [ 2, 1, 2, 2, 0, 1 ], [ 0, 0, 0, 1, 2, 1 ], [ 0, 0, 0, 0, 0, 2 ], [ 0, 1, 1, 0, 0, 2 ], [ 2, 2, 1, 0, 0, 2 ] ];12597120
[ [ 1, 1, 1, 2, 2, 2 ], [ 0, 1, 2, 2, 1, 2 ], [ 0, 2, 2, 1, 0, 2 ], [ 0, 0, 0, 2, 0, 2 ], [ 2, 1, 1, 0, 2, 2 ], [ 1, 2, 1, 2, 2, 0 ] ];12597120
[ [ 1, 2, 1, 1, 2, 1 ], [ 1, 0, 2, 0, 2, 2 ], [ 2, 1, 1, 1, 0, 0 ], [ 2, 1, 0, 1, 2, 2 ], [ 2, 0, 1, 0, 2, 2 ], [ 1, 0, 1, 2, 2, 0 ] ];4199040
[ [ 2, 2, 1, 1, 0, 1 ], [ 2, 1, 0, 0, 0, 2 ], [ 2, 1, 2, 1, 0, 0 ], [ 1, 2, 2, 0, 0, 2 ], [ 0, 0, 0, 0, 0, 2 ], [ 0, 1, 0, 2, 1, 0 ] ];4199040
[ [ 1, 1, 1, 2, 2, 2 ], [ 1, 2, 1, 2, 0, 0 ], [ 1, 1, 0, 1, 2, 0 ], [ 1, 2, 0, 0, 2, 0 ], [ 1, 1, 1, 0, 1, 2 ], [ 1, 0, 1, 1, 0, 1 ] ];4199040
[ [ 0, 2, 1, 1, 1, 1 ], [ 2, 1, 1, 1, 0, 2 ], [ 0, 1, 1, 1, 1, 1 ], [ 1, 1, 0, 1, 1, 2 ], [ 0, 2, 0, 1, 1, 0 ], [ 0, 1, 0, 0, 1, 1 ] ];12597120
[ [ 0, 0, 0, 1, 2, 0 ], [ 0, 0, 1, 0, 1, 1 ], [ 2, 1, 0, 1, 1, 0 ], [ 0, 2, 0, 0, 0, 0 ], [ 0, 2, 2, 1, 2, 1 ], [ 0, 0, 0, 1, 1, 0 ] ];12597120
[ [ 0, 0, 0, 1, 2, 0 ], [ 2, 1, 1, 2, 0, 1 ], [ 0, 0, 2, 1, 0, 1 ], [ 0, 2, 0, 2, 0, 0 ], [ 1, 2, 2, 1, 0, 1 ], [ 0, 1, 0, 2, 1, 0 ] ];4199040
[ [ 0, 0, 0, 2, 2, 2 ], [ 2, 0, 1, 2, 0, 0 ], [ 0, 2, 1, 1, 1, 2 ], [ 2, 1, 0, 1, 2, 2 ], [ 1, 1, 2, 2, 0, 2 ], [ 2, 1, 0, 1, 0, 0 ] ];12597120
[ [ 1, 0, 0, 1, 0, 1 ], [ 0, 2, 2, 2, 2, 1 ], [ 1, 1, 1, 1, 0, 1 ], [ 0, 2, 0, 1, 2, 0 ], [ 1, 2, 2, 1, 0, 2 ], [ 2, 1, 2, 2, 2, 0 ] ];12597120
[ [ 0, 2, 2, 0, 0, 1 ], [ 1, 0, 0, 1, 2, 0 ], [ 1, 2, 0, 1, 0, 2 ], [ 0, 1, 0, 0, 0, 1 ], [ 1, 0, 0, 2, 2, 0 ], [ 1, 2, 2, 2, 2, 0 ] ];2099520
[ [ 0, 2, 2, 0, 2, 2 ], [ 2, 0, 1, 1, 0, 0 ], [ 1, 0, 1, 1, 1, 1 ], [ 0, 1, 0, 1, 0, 2 ], [ 2, 1, 0, 1, 2, 0 ], [ 0, 2, 2, 1, 2, 1 ] ];4199040
[ [ 2, 1, 1, 2, 0, 2 ], [ 2, 0, 1, 0, 2, 0 ], [ 0, 1, 2, 1, 1, 0 ], [ 1, 1, 0, 2, 0, 1 ], [ 1, 1, 1, 0, 1, 2 ], [ 0, 1, 2, 2, 0, 1 ] ];2099520
[ [ 1, 1, 1, 2, 2, 2 ], [ 1, 0, 1, 2, 1, 2 ], [ 1, 0, 0, 1, 1, 1 ], [ 2, 0, 0, 0, 1, 2 ], [ 2, 1, 1, 0, 2, 2 ], [ 2, 2, 1, 1, 0, 2 ] ];2099520
[ [ 0, 0, 0, 1, 2, 0 ], [ 2, 2, 1, 1, 2, 1 ], [ 1, 2, 1, 1, 0, 2 ], [ 1, 2, 0, 1, 0, 0 ], [ 0, 2, 2, 1, 2, 1 ], [ 1, 0, 1, 1, 2, 2 ] ];2099520
[ [ 1, 0, 0, 0, 0, 2 ], [ 0, 2, 0, 2, 2, 0 ], [ 2, 1, 2, 1, 2, 1 ], [ 2, 1, 0, 1, 2, 2 ], [ 0, 1, 2, 2, 2, 2 ], [ 1, 0, 2, 0, 0, 0 ] ];2099520
[ [ 2, 0, 2, 0, 1, 2 ], [ 0, 2, 2, 0, 0, 0 ], [ 1, 1, 1, 1, 1, 1 ], [ 2, 0, 2, 2, 1, 1 ], [ 2, 1, 2, 2, 1, 2 ], [ 1, 0, 2, 1, 1, 0 ] ];4199040
[ [ 2, 2, 2, 1, 2, 2 ], [ 1, 1, 0, 1, 2, 0 ], [ 0, 0, 0, 2, 2, 0 ], [ 2, 1, 0, 1, 2, 2 ], [ 1, 1, 0, 2, 2, 0 ], [ 2, 0, 2, 1, 0, 2 ] ];2099520
[ [ 0, 1, 1, 2, 1, 2 ], [ 0, 1, 0, 2, 2, 0 ], [ 0, 0, 1, 1, 0, 1 ], [ 2, 1, 0, 1, 0, 1 ], [ 2, 1, 1, 0, 2, 2 ], [ 2, 0, 2, 1, 2, 0 ] ];2099520
[ [ 0, 1, 1, 2, 1, 2 ], [ 1, 1, 1, 0, 0, 1 ], [ 0, 2, 0, 1, 0, 2 ], [ 1, 1, 0, 0, 0, 1 ], [ 2, 1, 1, 0, 2, 2 ], [ 0, 2, 2, 0, 2, 2 ] ];1259712
[ [ 1, 0, 0, 1, 0, 0 ], [ 2, 0, 2, 0, 1, 1 ], [ 0, 0, 0, 1, 0, 1 ], [ 0, 0, 0, 0, 2, 2 ], [ 2, 2, 2, 1, 1, 1 ], [ 1, 0, 0, 0, 0, 0 ] ];2099520
[ [ 2, 0, 0, 2, 2, 0 ], [ 0, 2, 0, 0, 0, 0 ], [ 0, 1, 2, 1, 1, 1 ], [ 0, 2, 1, 2, 1, 2 ], [ 0, 1, 1, 2, 0, 0 ], [ 0, 0, 0, 1, 2, 0 ] ];419904
[ [ 0, 0, 2, 2, 0, 0 ], [ 1, 1, 2, 1, 2, 0 ], [ 2, 1, 1, 1, 0, 0 ], [ 0, 2, 1, 1, 2, 0 ], [ 1, 2, 0, 0, 2, 1 ], [ 0, 0, 0, 0, 2, 0 ] ];4199040
[ [ 1, 1, 2, 1, 1, 2 ], [ 0, 2, 1, 1, 2, 2 ], [ 1, 1, 1, 1, 2, 0 ], [ 2, 0, 1, 1, 1, 0 ], [ 0, 1, 0, 0, 1, 1 ], [ 2, 0, 2, 0, 2, 2 ] ];4199040
[ [ 2, 2, 1, 1, 0, 1 ], [ 2, 0, 0, 0, 1, 0 ], [ 0, 2, 1, 1, 1, 2 ], [ 2, 1, 1, 1, 1, 1 ], [ 0, 0, 1, 1, 0, 0 ], [ 2, 1, 1, 2, 2, 1 ] ];12597120
[ [ 0, 1, 0, 0, 2, 2 ], [ 2, 0, 1, 2, 2, 2 ], [ 1, 0, 1, 1, 2, 1 ], [ 1, 0, 1, 1, 0, 2 ], [ 0, 1, 2, 2, 2, 2 ], [ 0, 0, 2, 1, 1, 1 ] ];12597120
[ [ 1, 0, 2, 2, 1, 0 ], [ 0, 2, 1, 2, 2, 0 ], [ 0, 0, 0, 1, 2, 1 ], [ 2, 2, 1, 0, 1, 0 ], [ 1, 2, 0, 0, 2, 1 ], [ 1, 1, 2, 0, 1, 0 ] ];12597120
[ [ 2, 0, 2, 2, 2, 0 ], [ 1, 0, 0, 2, 1, 0 ], [ 0, 2, 2, 1, 0, 2 ], [ 1, 2, 1, 2, 0, 0 ], [ 1, 2, 0, 0, 2, 1 ], [ 1, 2, 1, 2, 2, 0 ] ];12597120
[ [ 1, 1, 2, 1, 1, 2 ], [ 1, 0, 2, 0, 2, 2 ], [ 2, 1, 1, 1, 0, 0 ], [ 2, 0, 1, 1, 1, 0 ], [ 2, 1, 0, 0, 0, 1 ], [ 1, 1, 0, 2, 0, 2 ] ];4199040
[ [ 2, 1, 2, 1, 2, 2 ], [ 2, 1, 0, 0, 0, 2 ], [ 2, 1, 2, 1, 0, 0 ], [ 1, 1, 0, 0, 2, 0 ], [ 0, 1, 2, 0, 1, 1 ], [ 0, 2, 2, 2, 2, 2 ] ];4199040
[ [ 1, 0, 2, 2, 1, 0 ], [ 1, 2, 1, 2, 0, 0 ], [ 1, 1, 0, 1, 2, 0 ], [ 1, 1, 1, 0, 1, 1 ], [ 1, 2, 0, 0, 2, 1 ], [ 1, 1, 0, 1, 1, 0 ] ];4199040
[ [ 2, 1, 2, 1, 2, 2 ], [ 0, 2, 0, 1, 2, 1 ], [ 0, 1, 1, 1, 1, 1 ], [ 0, 0, 1, 1, 2, 0 ], [ 1, 0, 2, 1, 0, 2 ], [ 2, 0, 1, 0, 2, 2 ] ];12597120
[ [ 1, 2, 1, 1, 2, 1 ], [ 1, 2, 2, 0, 1, 2 ], [ 2, 1, 0, 1, 1, 0 ], [ 1, 1, 1, 0, 0, 1 ], [ 2, 0, 1, 1, 2, 0 ], [ 0, 0, 0, 1, 1, 0 ] ];12597120
[ [ 0, 2, 1, 1, 1, 1 ], [ 2, 1, 1, 2, 0, 1 ], [ 0, 0, 2, 1, 0, 1 ], [ 0, 1, 1, 2, 2, 1 ], [ 1, 0, 1, 1, 1, 0 ], [ 0, 2, 2, 2, 2, 2 ] ];4199040
[ [ 2, 2, 1, 2, 0, 0 ], [ 0, 1, 0, 2, 2, 2 ], [ 0, 2, 1, 1, 1, 2 ], [ 1, 0, 1, 1, 0, 0 ], [ 2, 2, 1, 2, 2, 1 ], [ 1, 0, 1, 1, 1, 1 ] ];12597120
[ [ 2, 2, 2, 1, 2, 1 ], [ 1, 1, 1, 2, 1, 1 ], [ 1, 1, 1, 1, 0, 1 ], [ 2, 0, 1, 1, 0, 0 ], [ 1, 2, 2, 1, 0, 2 ], [ 1, 2, 0, 2, 0, 0 ] ];12597120
[ [ 0, 1, 0, 0, 2, 2 ], [ 1, 0, 0, 1, 2, 0 ], [ 1, 2, 0, 1, 0, 2 ], [ 0, 0, 1, 0, 2, 2 ], [ 1, 1, 2, 2, 0, 2 ], [ 1, 0, 1, 2, 0, 2 ] ];2099520
[ [ 0, 1, 0, 0, 1, 0 ], [ 2, 0, 1, 1, 0, 0 ], [ 1, 0, 1, 1, 1, 1 ], [ 0, 0, 1, 1, 2, 0 ], [ 2, 2, 2, 1, 0, 2 ], [ 0, 0, 1, 1, 0, 0 ] ];4199040
[ [ 2, 0, 2, 2, 2, 0 ], [ 2, 0, 1, 0, 2, 0 ], [ 0, 1, 2, 1, 1, 0 ], [ 1, 0, 1, 2, 2, 2 ], [ 1, 2, 0, 0, 2, 1 ], [ 0, 2, 1, 2, 1, 0 ] ];2099520
[ [ 1, 0, 2, 2, 1, 0 ], [ 1, 0, 1, 2, 1, 2 ], [ 1, 0, 0, 1, 1, 1 ], [ 2, 2, 1, 0, 0, 0 ], [ 2, 2, 0, 0, 0, 1 ], [ 2, 0, 0, 1, 1, 1 ] ];2099520
[ [ 0, 2, 1, 1, 1, 1 ], [ 2, 2, 1, 1, 2, 1 ], [ 1, 2, 1, 1, 0, 2 ], [ 1, 1, 1, 1, 2, 1 ], [ 0, 0, 1, 1, 0, 0 ], [ 1, 1, 0, 1, 0, 1 ] ];2099520
[ [ 1, 2, 1, 0, 2, 0 ], [ 0, 2, 0, 2, 2, 0 ], [ 2, 1, 2, 1, 2, 1 ], [ 2, 0, 1, 1, 1, 0 ], [ 0, 2, 1, 2, 0, 1 ], [ 1, 1, 1, 0, 1, 2 ] ];2099520
[ [ 2, 2, 0, 0, 0, 0 ], [ 0, 2, 2, 0, 0, 0 ], [ 1, 1, 1, 1, 1, 1 ], [ 2, 2, 0, 2, 0, 2 ], [ 2, 2, 1, 2, 2, 1 ], [ 1, 1, 1, 1, 2, 2 ] ];4199040
[ [ 2, 1, 0, 1, 1, 0 ], [ 1, 1, 0, 1, 2, 0 ], [ 0, 0, 0, 2, 2, 0 ], [ 2, 0, 1, 1, 1, 0 ], [ 1, 2, 2, 2, 0, 2 ], [ 2, 1, 1, 1, 1, 1 ] ];2099520
[ [ 0, 0, 2, 2, 0, 0 ], [ 0, 1, 0, 2, 2, 0 ], [ 0, 0, 1, 1, 0, 1 ], [ 2, 0, 1, 1, 2, 2 ], [ 2, 2, 0, 0, 0, 1 ], [ 2, 1, 1, 1, 0, 2 ] ];2099520
[ [ 1, 0, 2, 2, 1, 0 ], [ 2, 0, 2, 0, 0, 2 ], [ 0, 2, 0, 1, 0, 2 ], [ 2, 0, 1, 0, 0, 2 ], [ 1, 2, 0, 0, 2, 1 ], [ 0, 2, 2, 0, 2, 2 ] ];1259712
[ [ 1, 2, 1, 1, 2, 1 ], [ 2, 0, 2, 0, 1, 1 ], [ 0, 0, 0, 1, 0, 1 ], [ 0, 2, 1, 0, 1, 0 ], [ 2, 0, 1, 1, 2, 0 ], [ 1, 1, 2, 0, 1, 2 ] ];2099520
[ [ 2, 2, 0, 2, 2, 0 ], [ 0, 2, 0, 0, 0, 0 ], [ 0, 1, 2, 1, 1, 1 ], [ 0, 2, 1, 2, 1, 2 ], [ 0, 1, 1, 2, 0, 0 ], [ 0, 0, 0, 1, 2, 0 ] ];419904
[ [ 0, 0, 1, 1, 0, 0 ], [ 2, 2, 1, 2, 1, 0 ], [ 1, 2, 2, 2, 0, 0 ], [ 0, 1, 2, 2, 1, 0 ], [ 2, 1, 0, 0, 1, 2 ], [ 0, 0, 0, 0, 1, 0 ] ];4199040
[ [ 2, 2, 1, 2, 2, 1 ], [ 0, 1, 2, 2, 1, 1 ], [ 2, 2, 2, 2, 1, 0 ], [ 1, 0, 2, 2, 2, 0 ], [ 0, 2, 0, 0, 2, 2 ], [ 1, 0, 1, 0, 1, 1 ] ];4199040
[ [ 1, 1, 2, 2, 0, 2 ], [ 1, 0, 0, 0, 2, 0 ], [ 0, 1, 2, 2, 2, 1 ], [ 1, 2, 2, 2, 2, 2 ], [ 0, 0, 2, 2, 0, 0 ], [ 1, 2, 2, 1, 1, 2 ] ];12597120
[ [ 0, 2, 0, 0, 1, 1 ], [ 1, 0, 2, 1, 1, 1 ], [ 2, 0, 2, 2, 1, 2 ], [ 2, 0, 2, 2, 0, 1 ], [ 0, 2, 1, 1, 1, 1 ], [ 0, 0, 1, 2, 2, 2 ] ];12597120
[ [ 2, 0, 1, 1, 2, 0 ], [ 0, 1, 2, 1, 1, 0 ], [ 0, 0, 0, 2, 1, 2 ], [ 1, 1, 2, 0, 2, 0 ], [ 2, 1, 0, 0, 1, 2 ], [ 2, 2, 1, 0, 2, 0 ] ];12597120
[ [ 1, 0, 1, 1, 1, 0 ], [ 2, 0, 0, 1, 2, 0 ], [ 0, 1, 1, 2, 0, 1 ], [ 2, 1, 2, 1, 0, 0 ], [ 2, 1, 0, 0, 1, 2 ], [ 2, 1, 2, 1, 1, 0 ] ];12597120
[ [ 2, 2, 1, 2, 2, 1 ], [ 2, 0, 1, 0, 1, 1 ], [ 1, 2, 2, 2, 0, 0 ], [ 1, 0, 2, 2, 2, 0 ], [ 1, 2, 0, 0, 0, 2 ], [ 2, 2, 0, 1, 0, 1 ] ];4199040
[ [ 1, 2, 1, 2, 1, 1 ], [ 1, 2, 0, 0, 0, 1 ], [ 1, 2, 1, 2, 0, 0 ], [ 2, 2, 0, 0, 1, 0 ], [ 0, 2, 1, 0, 2, 2 ], [ 0, 1, 1, 1, 1, 1 ] ];4199040
[ [ 2, 0, 1, 1, 2, 0 ], [ 2, 1, 2, 1, 0, 0 ], [ 2, 2, 0, 2, 1, 0 ], [ 2, 2, 2, 0, 2, 2 ], [ 2, 1, 0, 0, 1, 2 ], [ 2, 2, 0, 2, 2, 0 ] ];4199040
[ [ 1, 2, 1, 2, 1, 1 ], [ 0, 1, 0, 2, 1, 2 ], [ 0, 2, 2, 2, 2, 2 ], [ 0, 0, 2, 2, 1, 0 ], [ 2, 0, 1, 2, 0, 1 ], [ 1, 0, 2, 0, 1, 1 ] ];12597120
[ [ 2, 1, 2, 2, 1, 2 ], [ 2, 1, 1, 0, 2, 1 ], [ 1, 2, 0, 2, 2, 0 ], [ 2, 2, 2, 0, 0, 2 ], [ 1, 0, 2, 2, 1, 0 ], [ 0, 0, 0, 2, 2, 0 ] ];12597120
[ [ 0, 1, 2, 2, 2, 2 ], [ 1, 2, 2, 1, 0, 2 ], [ 0, 0, 1, 2, 0, 2 ], [ 0, 2, 2, 1, 1, 2 ], [ 2, 0, 2, 2, 2, 0 ], [ 0, 1, 1, 1, 1, 1 ] ];4199040
[ [ 1, 1, 2, 1, 0, 0 ], [ 0, 2, 0, 1, 1, 1 ], [ 0, 1, 2, 2, 2, 1 ], [ 2, 0, 2, 2, 0, 0 ], [ 1, 1, 2, 1, 1, 2 ], [ 2, 0, 2, 2, 2, 2 ] ];12597120
[ [ 1, 1, 1, 2, 1, 2 ], [ 2, 2, 2, 1, 2, 2 ], [ 2, 2, 2, 2, 0, 2 ], [ 1, 0, 2, 2, 0, 0 ], [ 2, 1, 1, 2, 0, 1 ], [ 2, 1, 0, 1, 0, 0 ] ];12597120
[ [ 0, 2, 0, 0, 1, 1 ], [ 2, 0, 0, 2, 1, 0 ], [ 2, 1, 0, 2, 0, 1 ], [ 0, 0, 2, 0, 1, 1 ], [ 2, 2, 1, 1, 0, 1 ], [ 2, 0, 2, 1, 0, 1 ] ];2099520
[ [ 0, 2, 0, 0, 2, 0 ], [ 1, 0, 2, 2, 0, 0 ], [ 2, 0, 2, 2, 2, 2 ], [ 0, 0, 2, 2, 1, 0 ], [ 1, 1, 1, 2, 0, 1 ], [ 0, 0, 2, 2, 0, 0 ] ];4199040
[ [ 1, 0, 1, 1, 1, 0 ], [ 1, 0, 2, 0, 1, 0 ], [ 0, 2, 1, 2, 2, 0 ], [ 2, 0, 2, 1, 1, 1 ], [ 2, 1, 0, 0, 1, 2 ], [ 0, 1, 2, 1, 2, 0 ] ];2099520
[ [ 2, 0, 1, 1, 2, 0 ], [ 2, 0, 2, 1, 2, 1 ], [ 2, 0, 0, 2, 2, 2 ], [ 1, 1, 2, 0, 0, 0 ], [ 1, 1, 0, 0, 0, 2 ], [ 1, 0, 0, 2, 2, 2 ] ];2099520
[ [ 0, 1, 2, 2, 2, 2 ], [ 1, 1, 2, 2, 1, 2 ], [ 2, 1, 2, 2, 0, 1 ], [ 2, 2, 2, 2, 1, 2 ], [ 0, 0, 2, 2, 0, 0 ], [ 2, 2, 0, 2, 0, 2 ] ];2099520
[ [ 2, 1, 2, 0, 1, 0 ], [ 0, 1, 0, 1, 1, 0 ], [ 1, 2, 1, 2, 1, 2 ], [ 1, 0, 2, 2, 2, 0 ], [ 0, 1, 2, 1, 0, 2 ], [ 2, 2, 2, 0, 2, 1 ] ];2099520
[ [ 1, 1, 0, 0, 0, 0 ], [ 0, 1, 1, 0, 0, 0 ], [ 2, 2, 2, 2, 2, 2 ], [ 1, 1, 0, 1, 0, 1 ], [ 1, 1, 2, 1, 1, 2 ], [ 2, 2, 2, 2, 1, 1 ] ];4199040
[ [ 1, 2, 0, 2, 2, 0 ], [ 2, 2, 0, 2, 1, 0 ], [ 0, 0, 0, 1, 1, 0 ], [ 1, 0, 2, 2, 2, 0 ], [ 2, 1, 1, 1, 0, 1 ], [ 1, 2, 2, 2, 2, 2 ] ];2099520
[ [ 0, 0, 1, 1, 0, 0 ], [ 0, 2, 0, 1, 1, 0 ], [ 0, 0, 2, 2, 0, 2 ], [ 1, 0, 2, 2, 1, 1 ], [ 1, 1, 0, 0, 0, 2 ], [ 1, 2, 2, 2, 0, 1 ] ];2099520
[ [ 2, 0, 1, 1, 2, 0 ], [ 1, 0, 1, 0, 0, 1 ], [ 0, 1, 0, 2, 0, 1 ], [ 1, 0, 2, 0, 0, 1 ], [ 2, 1, 0, 0, 1, 2 ], [ 0, 1, 1, 0, 1, 1 ] ];1259712
[ [ 2, 1, 2, 2, 1, 2 ], [ 1, 0, 1, 0, 2, 2 ], [ 0, 0, 0, 2, 0, 2 ], [ 0, 1, 2, 0, 2, 0 ], [ 1, 0, 2, 2, 1, 0 ], [ 2, 2, 1, 0, 2, 1 ] ];2099520
[ [ 1, 1, 0, 1, 1, 0 ], [ 0, 1, 0, 0, 0, 0 ], [ 0, 2, 1, 2, 2, 2 ], [ 0, 1, 2, 1, 2, 1 ], [ 0, 2, 2, 1, 0, 0 ], [ 0, 0, 0, 2, 1, 0 ] ];419904
[ [ 2, 2, 1, 0, 1, 2 ], [ 2, 0, 1, 0, 0, 2 ], [ 0, 1, 2, 2, 2, 0 ], [ 1, 0, 1, 0, 0, 2 ], [ 0, 0, 2, 2, 1, 0 ], [ 2, 0, 0, 0, 0, 1 ] ];4199040
[ [ 2, 2, 2, 1, 2, 2 ], [ 2, 1, 0, 1, 2, 1 ], [ 1, 0, 2, 2, 0, 0 ], [ 2, 0, 1, 0, 1, 2 ], [ 0, 0, 2, 2, 1, 0 ], [ 1, 2, 2, 1, 1, 0 ] ];4199040
[ [ 0, 0, 1, 2, 2, 2 ], [ 0, 1, 0, 0, 1, 0 ], [ 2, 2, 2, 2, 1, 2 ], [ 0, 2, 1, 0, 2, 0 ], [ 2, 0, 2, 0, 0, 2 ], [ 0, 0, 2, 0, 1, 0 ] ];12597120
[ [ 1, 0, 1, 1, 0, 0 ], [ 1, 0, 2, 0, 2, 0 ], [ 1, 0, 2, 2, 0, 1 ], [ 2, 1, 1, 0, 1, 1 ], [ 1, 1, 2, 1, 2, 0 ], [ 1, 1, 1, 0, 2, 1 ] ];12597120
[ [ 1, 2, 1, 1, 0, 2 ], [ 1, 0, 0, 0, 0, 0 ], [ 0, 0, 2, 0, 2, 2 ], [ 0, 0, 1, 2, 2, 2 ], [ 1, 0, 2, 2, 2, 0 ], [ 2, 0, 2, 2, 1, 2 ] ];12597120
[ [ 0, 2, 1, 2, 2, 2 ], [ 2, 0, 2, 2, 2, 1 ], [ 0, 2, 2, 0, 2, 1 ], [ 2, 0, 1, 1, 1, 2 ], [ 2, 0, 2, 2, 0, 0 ], [ 1, 0, 1, 0, 1, 0 ] ];12597120
[ [ 0, 2, 2, 1, 0, 2 ], [ 1, 2, 2, 1, 0, 2 ], [ 1, 0, 2, 2, 0, 0 ], [ 1, 0, 1, 0, 0, 2 ], [ 0, 0, 2, 2, 1, 0 ], [ 0, 0, 1, 1, 2, 1 ] ];4199040
[ [ 0, 2, 0, 1, 0, 2 ], [ 0, 1, 0, 2, 1, 1 ], [ 0, 0, 2, 2, 2, 0 ], [ 0, 1, 1, 0, 1, 0 ], [ 2, 0, 2, 2, 0, 0 ], [ 2, 2, 2, 2, 0, 0 ] ];4199040
[ [ 2, 2, 0, 0, 1, 2 ], [ 0, 1, 0, 2, 0, 2 ], [ 1, 1, 1, 2, 0, 0 ], [ 1, 2, 1, 2, 0, 1 ], [ 1, 0, 2, 2, 2, 0 ], [ 0, 1, 0, 2, 0, 1 ] ];4199040
[ [ 1, 2, 2, 1, 1, 0 ], [ 0, 0, 2, 2, 0, 2 ], [ 1, 0, 2, 2, 0, 0 ], [ 0, 0, 1, 0, 2, 1 ], [ 0, 2, 0, 2, 2, 0 ], [ 1, 1, 1, 2, 1, 1 ] ];12597120
[ [ 2, 0, 1, 1, 1, 2 ], [ 1, 2, 2, 2, 0, 0 ], [ 2, 2, 2, 0, 1, 0 ], [ 2, 2, 1, 2, 1, 0 ], [ 0, 0, 2, 2, 1, 2 ], [ 2, 1, 1, 1, 1, 0 ] ];12597120
[ [ 1, 0, 1, 0, 0, 2 ], [ 1, 0, 1, 0, 1, 0 ], [ 2, 2, 2, 0, 1, 1 ], [ 1, 2, 1, 1, 0, 0 ], [ 1, 0, 2, 1, 2, 2 ], [ 0, 2, 0, 1, 0, 0 ] ];4199040
[ [ 1, 0, 0, 1, 2, 2 ], [ 2, 1, 1, 1, 1, 0 ], [ 0, 0, 2, 2, 2, 0 ], [ 0, 2, 1, 0, 2, 0 ], [ 0, 0, 1, 2, 0, 2 ], [ 1, 2, 0, 1, 0, 2 ] ];12597120
[ [ 2, 0, 0, 2, 0, 1 ], [ 0, 2, 2, 0, 2, 0 ], [ 2, 0, 2, 2, 2, 0 ], [ 2, 1, 1, 0, 0, 2 ], [ 1, 0, 1, 0, 1, 1 ], [ 0, 1, 1, 1, 0, 2 ] ];12597120
[ [ 0, 0, 1, 1, 2, 0 ], [ 1, 2, 1, 1, 0, 2 ], [ 1, 1, 2, 0, 0, 1 ], [ 1, 1, 1, 2, 0, 1 ], [ 2, 1, 2, 2, 0, 0 ], [ 2, 0, 0, 0, 1, 0 ] ];2099520
[ [ 1, 0, 1, 1, 0, 0 ], [ 2, 0, 2, 0, 1, 1 ], [ 2, 0, 2, 2, 1, 0 ], [ 0, 1, 1, 0, 0, 1 ], [ 2, 1, 0, 2, 0, 0 ], [ 2, 2, 2, 0, 1, 0 ] ];4199040
[ [ 2, 2, 2, 0, 1, 2 ], [ 0, 2, 0, 1, 2, 2 ], [ 2, 1, 0, 2, 1, 0 ], [ 0, 1, 2, 1, 2, 0 ], [ 2, 0, 2, 2, 0, 0 ], [ 0, 2, 1, 1, 2, 1 ] ];2099520
[ [ 0, 2, 1, 1, 0, 2 ], [ 0, 0, 1, 1, 1, 0 ], [ 2, 0, 2, 0, 0, 2 ], [ 2, 0, 1, 2, 0, 2 ], [ 1, 0, 2, 2, 2, 0 ], [ 2, 1, 0, 0, 1, 0 ] ];2099520
[ [ 0, 0, 1, 2, 1, 2 ], [ 2, 1, 1, 2, 2, 2 ], [ 0, 2, 2, 2, 0, 2 ], [ 1, 2, 1, 0, 2, 0 ], [ 2, 0, 2, 0, 2, 2 ], [ 1, 0, 0, 0, 2, 1 ] ];2099520
[ [ 2, 0, 0, 2, 0, 2 ], [ 2, 0, 0, 0, 1, 1 ], [ 1, 0, 1, 0, 2, 2 ], [ 2, 2, 1, 1, 1, 0 ], [ 2, 0, 1, 0, 2, 2 ], [ 0, 1, 2, 0, 2, 0 ] ];2099520
[ [ 2, 0, 2, 2, 0, 2 ], [ 1, 0, 0, 2, 0, 0 ], [ 2, 0, 0, 0, 0, 2 ], [ 2, 2, 1, 2, 0, 2 ], [ 0, 0, 0, 0, 0, 2 ], [ 2, 1, 2, 2, 1, 2 ] ];4199040
[ [ 0, 0, 1, 1, 2, 0 ], [ 2, 2, 2, 0, 2, 0 ], [ 1, 1, 0, 0, 1, 0 ], [ 1, 1, 1, 2, 0, 1 ], [ 1, 1, 0, 0, 0, 0 ], [ 2, 0, 1, 0, 2, 2 ] ];2099520
[ [ 2, 2, 2, 1, 2, 2 ], [ 1, 1, 2, 1, 0, 2 ], [ 1, 0, 1, 0, 2, 2 ], [ 1, 1, 2, 2, 1, 0 ], [ 0, 0, 2, 2, 1, 0 ], [ 0, 2, 2, 0, 0, 2 ] ];2099520
[ [ 1, 2, 2, 2, 0, 2 ], [ 2, 0, 2, 0, 0, 2 ], [ 0, 2, 2, 0, 2, 1 ], [ 2, 1, 2, 0, 1, 0 ], [ 1, 0, 2, 2, 2, 0 ], [ 0, 0, 0, 1, 1, 1 ] ];1259712
[ [ 2, 0, 0, 0, 1, 2 ], [ 1, 1, 0, 1, 2, 0 ], [ 2, 2, 2, 0, 1, 1 ], [ 1, 2, 2, 0, 0, 2 ], [ 0, 0, 1, 1, 1, 2 ], [ 2, 0, 1, 2, 0, 0 ] ];2099520
[ [ 2, 0, 1, 1, 2, 1 ], [ 0, 2, 0, 0, 0, 0 ], [ 0, 1, 0, 2, 0, 1 ], [ 0, 1, 1, 0, 0, 1 ], [ 0, 0, 2, 2, 2, 1 ], [ 0, 1, 2, 2, 2, 0 ] ];419904
[ [ 1, 1, 2, 0, 2, 1 ], [ 1, 0, 2, 0, 0, 1 ], [ 0, 2, 1, 1, 1, 0 ], [ 2, 0, 2, 0, 0, 1 ], [ 0, 0, 1, 1, 2, 0 ], [ 1, 0, 0, 0, 0, 2 ] ];4199040
[ [ 1, 1, 1, 2, 1, 1 ], [ 1, 2, 0, 2, 1, 2 ], [ 2, 0, 1, 1, 0, 0 ], [ 1, 0, 2, 0, 2, 1 ], [ 0, 0, 1, 1, 2, 0 ], [ 2, 1, 1, 2, 2, 0 ] ];4199040
[ [ 0, 0, 2, 1, 1, 1 ], [ 0, 2, 0, 0, 2, 0 ], [ 1, 1, 1, 1, 2, 1 ], [ 0, 1, 2, 0, 1, 0 ], [ 1, 0, 1, 0, 0, 1 ], [ 0, 0, 1, 0, 2, 0 ] ];12597120
[ [ 2, 0, 2, 2, 0, 0 ], [ 2, 0, 1, 0, 1, 0 ], [ 2, 0, 1, 1, 0, 2 ], [ 1, 2, 2, 0, 2, 2 ], [ 2, 2, 1, 2, 1, 0 ], [ 2, 2, 2, 0, 1, 2 ] ];12597120
[ [ 2, 1, 2, 2, 0, 1 ], [ 2, 0, 0, 0, 0, 0 ], [ 0, 0, 1, 0, 1, 1 ], [ 0, 0, 2, 1, 1, 1 ], [ 2, 0, 1, 1, 1, 0 ], [ 1, 0, 1, 1, 2, 1 ] ];12597120
[ [ 0, 1, 2, 1, 1, 1 ], [ 1, 0, 1, 1, 1, 2 ], [ 0, 1, 1, 0, 1, 2 ], [ 1, 0, 2, 2, 2, 1 ], [ 1, 0, 1, 1, 0, 0 ], [ 2, 0, 2, 0, 2, 0 ] ];12597120
[ [ 0, 1, 1, 2, 0, 1 ], [ 2, 1, 1, 2, 0, 1 ], [ 2, 0, 1, 1, 0, 0 ], [ 2, 0, 2, 0, 0, 1 ], [ 0, 0, 1, 1, 2, 0 ], [ 0, 0, 2, 2, 1, 2 ] ];4199040
[ [ 0, 1, 0, 2, 0, 1 ], [ 0, 2, 0, 1, 2, 2 ], [ 0, 0, 1, 1, 1, 0 ], [ 0, 2, 2, 0, 2, 0 ], [ 1, 0, 1, 1, 0, 0 ], [ 1, 1, 1, 1, 0, 0 ] ];4199040
[ [ 1, 1, 0, 0, 2, 1 ], [ 0, 2, 0, 1, 0, 1 ], [ 2, 2, 2, 1, 0, 0 ], [ 2, 1, 2, 1, 0, 2 ], [ 2, 0, 1, 1, 1, 0 ], [ 0, 2, 0, 1, 0, 2 ] ];4199040
[ [ 2, 1, 1, 2, 2, 0 ], [ 0, 0, 1, 1, 0, 1 ], [ 2, 0, 1, 1, 0, 0 ], [ 0, 0, 2, 0, 1, 2 ], [ 0, 1, 0, 1, 1, 0 ], [ 2, 2, 2, 1, 2, 2 ] ];12597120
[ [ 1, 0, 2, 2, 2, 1 ], [ 2, 1, 1, 1, 0, 0 ], [ 1, 1, 1, 0, 2, 0 ], [ 1, 1, 2, 1, 2, 0 ], [ 0, 0, 1, 1, 2, 1 ], [ 1, 2, 2, 2, 2, 0 ] ];12597120
[ [ 2, 0, 2, 0, 0, 1 ], [ 2, 0, 2, 0, 2, 0 ], [ 1, 1, 1, 0, 2, 2 ], [ 2, 1, 2, 2, 0, 0 ], [ 2, 0, 1, 2, 1, 1 ], [ 0, 1, 0, 2, 0, 0 ] ];4199040
[ [ 2, 0, 0, 2, 1, 1 ], [ 1, 2, 2, 2, 2, 0 ], [ 0, 0, 1, 1, 1, 0 ], [ 0, 1, 2, 0, 1, 0 ], [ 0, 0, 2, 1, 0, 1 ], [ 2, 1, 0, 2, 0, 1 ] ];12597120
[ [ 1, 0, 0, 1, 0, 2 ], [ 0, 1, 1, 0, 1, 0 ], [ 1, 0, 1, 1, 1, 0 ], [ 1, 2, 2, 0, 0, 1 ], [ 2, 0, 2, 0, 2, 2 ], [ 0, 2, 2, 2, 0, 1 ] ];12597120
[ [ 0, 0, 2, 2, 1, 0 ], [ 2, 1, 2, 2, 0, 1 ], [ 2, 2, 1, 0, 0, 2 ], [ 2, 2, 2, 1, 0, 2 ], [ 1, 2, 1, 1, 0, 0 ], [ 1, 0, 0, 0, 2, 0 ] ];2099520
[ [ 2, 0, 2, 2, 0, 0 ], [ 1, 0, 1, 0, 2, 2 ], [ 1, 0, 1, 1, 2, 0 ], [ 0, 2, 2, 0, 0, 2 ], [ 1, 2, 0, 1, 0, 0 ], [ 1, 1, 1, 0, 2, 0 ] ];4199040
[ [ 1, 1, 1, 0, 2, 1 ], [ 0, 1, 0, 2, 1, 1 ], [ 1, 2, 0, 1, 2, 0 ], [ 0, 2, 1, 2, 1, 0 ], [ 1, 0, 1, 1, 0, 0 ], [ 0, 1, 2, 2, 1, 2 ] ];2099520
[ [ 0, 1, 2, 2, 0, 1 ], [ 0, 0, 2, 2, 2, 0 ], [ 1, 0, 1, 0, 0, 1 ], [ 1, 0, 2, 1, 0, 1 ], [ 2, 0, 1, 1, 1, 0 ], [ 1, 2, 0, 0, 2, 0 ] ];2099520
[ [ 0, 0, 2, 1, 2, 1 ], [ 1, 2, 2, 1, 1, 1 ], [ 0, 1, 1, 1, 0, 1 ], [ 2, 1, 2, 0, 1, 0 ], [ 1, 0, 1, 0, 1, 1 ], [ 2, 0, 0, 0, 1, 2 ] ];2099520
[ [ 1, 0, 0, 1, 0, 1 ], [ 1, 0, 0, 0, 2, 2 ], [ 2, 0, 2, 0, 1, 1 ], [ 1, 1, 2, 2, 2, 0 ], [ 1, 0, 2, 0, 1, 1 ], [ 0, 2, 1, 0, 1, 0 ] ];2099520
[ [ 1, 0, 1, 1, 0, 1 ], [ 2, 0, 0, 1, 0, 0 ], [ 1, 0, 0, 0, 0, 1 ], [ 1, 1, 2, 1, 0, 1 ], [ 0, 0, 0, 0, 0, 1 ], [ 1, 2, 1, 1, 2, 1 ] ];4199040
[ [ 0, 0, 2, 2, 1, 0 ], [ 1, 1, 1, 0, 1, 0 ], [ 2, 2, 0, 0, 2, 0 ], [ 2, 2, 2, 1, 0, 2 ], [ 2, 2, 0, 0, 0, 0 ], [ 1, 0, 2, 0, 1, 1 ] ];2099520
[ [ 1, 1, 1, 2, 1, 1 ], [ 2, 2, 1, 2, 0, 1 ], [ 2, 0, 2, 0, 1, 1 ], [ 2, 2, 1, 1, 2, 0 ], [ 0, 0, 1, 1, 2, 0 ], [ 0, 1, 1, 0, 0, 1 ] ];2099520
[ [ 2, 1, 1, 1, 0, 1 ], [ 1, 0, 1, 0, 0, 1 ], [ 0, 1, 1, 0, 1, 2 ], [ 1, 2, 1, 0, 2, 0 ], [ 2, 0, 1, 1, 1, 0 ], [ 0, 0, 0, 2, 2, 2 ] ];1259712
[ [ 1, 0, 0, 0, 2, 1 ], [ 2, 2, 0, 2, 1, 0 ], [ 1, 1, 1, 0, 2, 2 ], [ 2, 1, 1, 0, 0, 1 ], [ 0, 0, 2, 2, 2, 1 ], [ 1, 0, 2, 1, 0, 0 ] ];2099520
[ [ 1, 0, 2, 2, 1, 2 ], [ 0, 1, 0, 0, 0, 0 ], [ 0, 2, 0, 1, 0, 2 ], [ 0, 2, 2, 0, 0, 2 ], [ 0, 0, 1, 1, 1, 2 ], [ 0, 2, 1, 1, 1, 0 ] ];419904
[ [ 2, 0, 0, 0, 2, 1 ], [ 2, 0, 1, 0, 0, 2 ], [ 0, 1, 2, 2, 2, 0 ], [ 1, 1, 0, 0, 1, 1 ], [ 0, 2, 0, 2, 0, 1 ], [ 2, 2, 1, 0, 2, 2 ] ];4199040
[ [ 2, 0, 1, 1, 0, 1 ], [ 2, 1, 0, 1, 2, 1 ], [ 1, 0, 2, 2, 0, 0 ], [ 2, 1, 0, 0, 2, 1 ], [ 0, 2, 0, 2, 0, 1 ], [ 1, 1, 0, 1, 0, 1 ] ];4199040
[ [ 1, 1, 0, 2, 1, 1 ], [ 2, 0, 1, 0, 2, 1 ], [ 2, 2, 2, 2, 1, 2 ], [ 1, 0, 0, 0, 1, 2 ], [ 1, 2, 0, 0, 1, 0 ], [ 1, 1, 1, 0, 0, 2 ] ];12597120
[ [ 0, 1, 0, 1, 0, 2 ], [ 0, 1, 1, 0, 2, 2 ], [ 1, 0, 2, 2, 0, 1 ], [ 1, 2, 0, 0, 1, 0 ], [ 2, 0, 0, 1, 2, 1 ], [ 1, 1, 1, 0, 2, 1 ] ];12597120
[ [ 2, 0, 0, 1, 2, 1 ], [ 0, 2, 1, 0, 1, 1 ], [ 0, 0, 2, 0, 2, 2 ], [ 1, 1, 0, 2, 1, 1 ], [ 0, 2, 0, 2, 0, 1 ], [ 0, 1, 1, 2, 0, 1 ] ];12597120
[ [ 2, 0, 0, 2, 2, 1 ], [ 1, 1, 1, 2, 2, 0 ], [ 0, 2, 2, 0, 2, 1 ], [ 1, 1, 0, 1, 1, 1 ], [ 0, 2, 0, 2, 0, 1 ], [ 1, 0, 1, 0, 1, 0 ] ];12597120
[ [ 0, 0, 1, 1, 1, 1 ], [ 1, 2, 2, 1, 0, 2 ], [ 1, 0, 2, 2, 0, 0 ], [ 1, 1, 0, 0, 1, 1 ], [ 0, 2, 0, 2, 0, 1 ], [ 0, 2, 2, 1, 1, 2 ] ];4199040
[ [ 0, 0, 2, 1, 1, 1 ], [ 0, 1, 0, 2, 1, 1 ], [ 0, 0, 2, 2, 2, 0 ], [ 0, 2, 0, 0, 2, 2 ], [ 2, 2, 0, 2, 2, 1 ], [ 2, 1, 0, 2, 2, 1 ] ];4199040
[ [ 2, 0, 2, 0, 2, 1 ], [ 0, 1, 0, 2, 0, 2 ], [ 1, 1, 1, 2, 0, 0 ], [ 1, 0, 0, 2, 1, 0 ], [ 1, 2, 0, 2, 1, 1 ], [ 0, 0, 1, 2, 2, 2 ] ];4199040
[ [ 2, 0, 1, 1, 0, 2 ], [ 2, 2, 0, 2, 1, 0 ], [ 1, 0, 2, 2, 0, 0 ], [ 1, 1, 0, 0, 1, 0 ], [ 2, 1, 1, 2, 0, 1 ], [ 2, 2, 0, 2, 0, 0 ] ];12597120
[ [ 1, 1, 0, 1, 1, 1 ], [ 0, 0, 1, 2, 0, 2 ], [ 2, 2, 2, 0, 1, 0 ], [ 1, 0, 0, 2, 1, 2 ], [ 1, 2, 0, 2, 1, 0 ], [ 2, 1, 1, 1, 1, 0 ] ];12597120
[ [ 1, 1, 0, 0, 1, 1 ], [ 1, 0, 1, 0, 1, 0 ], [ 2, 2, 2, 0, 1, 1 ], [ 1, 0, 0, 1, 1, 2 ], [ 1, 2, 0, 1, 1, 0 ], [ 0, 1, 1, 1, 2, 1 ] ];4199040
[ [ 2, 1, 2, 1, 1, 1 ], [ 1, 0, 2, 1, 2, 1 ], [ 0, 0, 2, 2, 2, 0 ], [ 1, 0, 0, 0, 1, 2 ], [ 2, 2, 2, 2, 1, 0 ], [ 2, 0, 2, 1, 2, 1 ] ];12597120
[ [ 1, 1, 1, 2, 1, 1 ], [ 2, 0, 0, 0, 0, 0 ], [ 2, 0, 2, 2, 2, 0 ], [ 0, 0, 0, 0, 2, 2 ], [ 1, 0, 1, 0, 1, 1 ], [ 1, 0, 0, 1, 2, 2 ] ];12597120
[ [ 0, 1, 0, 1, 0, 2 ], [ 1, 2, 1, 1, 0, 2 ], [ 1, 1, 2, 0, 0, 1 ], [ 1, 2, 0, 2, 1, 0 ], [ 2, 0, 0, 2, 2, 1 ], [ 2, 2, 1, 0, 0, 1 ] ];2099520
[ [ 1, 1, 0, 1, 1, 2 ], [ 2, 0, 2, 0, 1, 1 ], [ 2, 0, 2, 2, 1, 0 ], [ 0, 2, 0, 0, 1, 0 ], [ 2, 0, 1, 2, 2, 1 ], [ 2, 1, 0, 0, 0, 1 ] ];4199040
[ [ 2, 0, 1, 0, 2, 1 ], [ 0, 2, 0, 1, 2, 2 ], [ 2, 1, 0, 2, 1, 0 ], [ 0, 2, 1, 1, 0, 2 ], [ 2, 2, 0, 2, 2, 1 ], [ 0, 1, 2, 1, 1, 2 ] ];2099520
[ [ 0, 0, 0, 1, 1, 1 ], [ 0, 0, 1, 1, 1, 0 ], [ 2, 0, 2, 0, 0, 2 ], [ 2, 1, 0, 2, 1, 1 ], [ 1, 2, 0, 2, 1, 1 ], [ 2, 0, 1, 0, 0, 1 ] ];2099520
[ [ 0, 1, 0, 2, 2, 1 ], [ 2, 1, 1, 2, 2, 2 ], [ 0, 2, 2, 2, 0, 2 ], [ 1, 0, 0, 0, 0, 2 ], [ 2, 2, 0, 0, 1, 0 ], [ 1, 2, 1, 0, 1, 2 ] ];2099520
[ [ 2, 1, 2, 2, 1, 1 ], [ 2, 0, 0, 0, 1, 1 ], [ 1, 0, 1, 0, 2, 2 ], [ 2, 0, 0, 1, 2, 2 ], [ 2, 2, 2, 0, 1, 0 ], [ 0, 0, 0, 0, 1, 1 ] ];2099520
[ [ 2, 1, 1, 2, 1, 1 ], [ 1, 0, 0, 2, 0, 0 ], [ 2, 0, 0, 0, 0, 2 ], [ 2, 0, 0, 2, 1, 1 ], [ 0, 2, 1, 0, 2, 0 ], [ 2, 0, 0, 2, 0, 0 ] ];4199040
[ [ 0, 1, 0, 1, 0, 2 ], [ 2, 2, 2, 0, 2, 0 ], [ 1, 1, 0, 0, 1, 0 ], [ 1, 2, 0, 2, 1, 0 ], [ 1, 0, 1, 0, 2, 1 ], [ 2, 2, 2, 0, 1, 0 ] ];2099520
[ [ 2, 0, 1, 1, 0, 1 ], [ 1, 1, 2, 1, 0, 2 ], [ 1, 0, 1, 0, 2, 2 ], [ 1, 2, 1, 2, 2, 2 ], [ 0, 2, 0, 2, 0, 1 ], [ 0, 1, 0, 0, 2, 0 ] ];2099520
[ [ 0, 0, 1, 2, 0, 1 ], [ 1, 1, 1, 0, 0, 1 ], [ 0, 2, 2, 0, 2, 1 ], [ 1, 2, 1, 0, 1, 2 ], [ 2, 2, 0, 2, 2, 1 ], [ 0, 0, 0, 1, 1, 1 ] ];1259712
[ [ 2, 1, 2, 0, 2, 1 ], [ 1, 1, 0, 1, 2, 0 ], [ 2, 2, 2, 0, 1, 1 ], [ 1, 0, 1, 0, 1, 1 ], [ 0, 2, 2, 1, 0, 0 ], [ 2, 2, 2, 2, 2, 1 ] ];2099520
[ [ 2, 1, 1, 1, 2, 1 ], [ 0, 2, 0, 0, 0, 0 ], [ 0, 1, 0, 2, 0, 1 ], [ 0, 1, 1, 0, 0, 1 ], [ 0, 0, 2, 2, 2, 1 ], [ 0, 1, 2, 2, 2, 0 ] ];419904
[ [ 1, 0, 0, 0, 1, 2 ], [ 1, 0, 2, 0, 0, 1 ], [ 0, 2, 1, 1, 1, 0 ], [ 2, 2, 0, 0, 2, 2 ], [ 0, 1, 0, 1, 0, 2 ], [ 1, 1, 2, 0, 1, 1 ] ];4199040
[ [ 1, 0, 2, 2, 0, 2 ], [ 1, 2, 0, 2, 1, 2 ], [ 2, 0, 1, 1, 0, 0 ], [ 1, 2, 0, 0, 1, 2 ], [ 0, 1, 0, 1, 0, 2 ], [ 2, 2, 0, 2, 0, 2 ] ];4199040
[ [ 2, 2, 0, 1, 2, 2 ], [ 1, 0, 2, 0, 1, 2 ], [ 1, 1, 1, 1, 2, 1 ], [ 2, 0, 0, 0, 2, 1 ], [ 2, 1, 0, 0, 2, 0 ], [ 2, 2, 2, 0, 0, 1 ] ];12597120
[ [ 0, 2, 0, 2, 0, 1 ], [ 0, 2, 2, 0, 1, 1 ], [ 2, 0, 1, 1, 0, 2 ], [ 2, 1, 0, 0, 2, 0 ], [ 1, 0, 0, 2, 1, 2 ], [ 2, 2, 2, 0, 1, 2 ] ];12597120
[ [ 1, 0, 0, 2, 1, 2 ], [ 0, 1, 2, 0, 2, 2 ], [ 0, 0, 1, 0, 1, 1 ], [ 2, 2, 0, 1, 2, 2 ], [ 0, 1, 0, 1, 0, 2 ], [ 0, 2, 2, 1, 0, 2 ] ];12597120
[ [ 1, 0, 0, 1, 1, 2 ], [ 2, 2, 2, 1, 1, 0 ], [ 0, 1, 1, 0, 1, 2 ], [ 2, 2, 0, 2, 2, 2 ], [ 0, 1, 0, 1, 0, 2 ], [ 2, 0, 2, 0, 2, 0 ] ];12597120
[ [ 0, 0, 2, 2, 2, 2 ], [ 2, 1, 1, 2, 0, 1 ], [ 2, 0, 1, 1, 0, 0 ], [ 2, 2, 0, 0, 2, 2 ], [ 0, 1, 0, 1, 0, 2 ], [ 0, 1, 1, 2, 2, 1 ] ];4199040
[ [ 0, 0, 1, 2, 2, 2 ], [ 0, 2, 0, 1, 2, 2 ], [ 0, 0, 1, 1, 1, 0 ], [ 0, 1, 0, 0, 1, 1 ], [ 1, 1, 0, 1, 1, 2 ], [ 1, 2, 0, 1, 1, 2 ] ];4199040
[ [ 1, 0, 1, 0, 1, 2 ], [ 0, 2, 0, 1, 0, 1 ], [ 2, 2, 2, 1, 0, 0 ], [ 2, 0, 0, 1, 2, 0 ], [ 2, 1, 0, 1, 2, 2 ], [ 0, 0, 2, 1, 1, 1 ] ];4199040
[ [ 1, 0, 2, 2, 0, 1 ], [ 1, 1, 0, 1, 2, 0 ], [ 2, 0, 1, 1, 0, 0 ], [ 2, 2, 0, 0, 2, 0 ], [ 1, 2, 2, 1, 0, 2 ], [ 1, 1, 0, 1, 0, 0 ] ];12597120
[ [ 2, 2, 0, 2, 2, 2 ], [ 0, 0, 2, 1, 0, 1 ], [ 1, 1, 1, 0, 2, 0 ], [ 2, 0, 0, 1, 2, 1 ], [ 2, 1, 0, 1, 2, 0 ], [ 1, 2, 2, 2, 2, 0 ] ];12597120
[ [ 2, 2, 0, 0, 2, 2 ], [ 2, 0, 2, 0, 2, 0 ], [ 1, 1, 1, 0, 2, 2 ], [ 2, 0, 0, 2, 2, 1 ], [ 2, 1, 0, 2, 2, 0 ], [ 0, 2, 2, 2, 1, 2 ] ];4199040
[ [ 1, 2, 1, 2, 2, 2 ], [ 2, 0, 1, 2, 1, 2 ], [ 0, 0, 1, 1, 1, 0 ], [ 2, 0, 0, 0, 2, 1 ], [ 1, 1, 1, 1, 2, 0 ], [ 1, 0, 1, 2, 1, 2 ] ];12597120
[ [ 2, 2, 2, 1, 2, 2 ], [ 1, 0, 0, 0, 0, 0 ], [ 1, 0, 1, 1, 1, 0 ], [ 0, 0, 0, 0, 1, 1 ], [ 2, 0, 2, 0, 2, 2 ], [ 2, 0, 0, 2, 1, 1 ] ];12597120
[ [ 0, 2, 0, 2, 0, 1 ], [ 2, 1, 2, 2, 0, 1 ], [ 2, 2, 1, 0, 0, 2 ], [ 2, 1, 0, 1, 2, 0 ], [ 1, 0, 0, 1, 1, 2 ], [ 1, 1, 2, 0, 0, 2 ] ];2099520
[ [ 2, 2, 0, 2, 2, 1 ], [ 1, 0, 1, 0, 2, 2 ], [ 1, 0, 1, 1, 2, 0 ], [ 0, 1, 0, 0, 2, 0 ], [ 1, 0, 2, 1, 1, 2 ], [ 1, 2, 0, 0, 0, 2 ] ];4199040
[ [ 1, 0, 2, 0, 1, 2 ], [ 0, 1, 0, 2, 1, 1 ], [ 1, 2, 0, 1, 2, 0 ], [ 0, 1, 2, 2, 0, 1 ], [ 1, 1, 0, 1, 1, 2 ], [ 0, 2, 1, 2, 2, 1 ] ];2099520
[ [ 0, 0, 0, 2, 2, 2 ], [ 0, 0, 2, 2, 2, 0 ], [ 1, 0, 1, 0, 0, 1 ], [ 1, 2, 0, 1, 2, 2 ], [ 2, 1, 0, 1, 2, 2 ], [ 1, 0, 2, 0, 0, 2 ] ];2099520
[ [ 0, 2, 0, 1, 1, 2 ], [ 1, 2, 2, 1, 1, 1 ], [ 0, 1, 1, 1, 0, 1 ], [ 2, 0, 0, 0, 0, 1 ], [ 1, 1, 0, 0, 2, 0 ], [ 2, 1, 2, 0, 2, 1 ] ];2099520
[ [ 1, 2, 1, 1, 2, 2 ], [ 1, 0, 0, 0, 2, 2 ], [ 2, 0, 2, 0, 1, 1 ], [ 1, 0, 0, 2, 1, 1 ], [ 1, 1, 1, 0, 2, 0 ], [ 0, 0, 0, 0, 2, 2 ] ];2099520
[ [ 1, 2, 2, 1, 2, 2 ], [ 2, 0, 0, 1, 0, 0 ], [ 1, 0, 0, 0, 0, 1 ], [ 1, 0, 0, 1, 2, 2 ], [ 0, 1, 2, 0, 1, 0 ], [ 1, 0, 0, 1, 0, 0 ] ];4199040
[ [ 0, 2, 0, 2, 0, 1 ], [ 1, 1, 1, 0, 1, 0 ], [ 2, 2, 0, 0, 2, 0 ], [ 2, 1, 0, 1, 2, 0 ], [ 2, 0, 2, 0, 1, 2 ], [ 1, 1, 1, 0, 2, 0 ] ];2099520
[ [ 1, 0, 2, 2, 0, 2 ], [ 2, 2, 1, 2, 0, 1 ], [ 2, 0, 2, 0, 1, 1 ], [ 2, 1, 2, 1, 1, 1 ], [ 0, 1, 0, 1, 0, 2 ], [ 0, 2, 0, 0, 1, 0 ] ];2099520
[ [ 0, 0, 2, 1, 0, 2 ], [ 2, 2, 2, 0, 0, 2 ], [ 0, 1, 1, 0, 1, 2 ], [ 2, 1, 2, 0, 2, 1 ], [ 1, 1, 0, 1, 1, 2 ], [ 0, 0, 0, 2, 2, 2 ] ];1259712
[ [ 1, 2, 1, 0, 1, 2 ], [ 2, 2, 0, 2, 1, 0 ], [ 1, 1, 1, 0, 2, 2 ], [ 2, 0, 2, 0, 2, 2 ], [ 0, 1, 1, 2, 0, 0 ], [ 1, 1, 1, 1, 1, 2 ] ];2099520
[ [ 1, 2, 2, 2, 1, 2 ], [ 0, 1, 0, 0, 0, 0 ], [ 0, 2, 0, 1, 0, 2 ], [ 0, 2, 2, 0, 0, 2 ], [ 0, 0, 1, 1, 1, 2 ], [ 0, 2, 1, 1, 1, 0 ] ];419904
[ [ 2, 1, 1, 0, 2, 2 ], [ 2, 0, 2, 0, 1, 1 ], [ 1, 1, 2, 0, 2, 0 ], [ 1, 1, 2, 0, 1, 2 ], [ 0, 0, 2, 0, 0, 0 ], [ 1, 1, 2, 2, 1, 1 ] ];4199040
[ [ 1, 0, 0, 0, 0, 1 ], [ 0, 1, 0, 0, 0, 1 ], [ 1, 2, 2, 0, 2, 0 ], [ 0, 0, 2, 0, 0, 2 ], [ 0, 0, 2, 0, 0, 0 ], [ 1, 2, 0, 2, 2, 1 ] ];4199040
[ [ 1, 2, 1, 0, 1, 1 ], [ 1, 0, 2, 2, 1, 2 ], [ 2, 2, 2, 0, 0, 2 ], [ 1, 1, 2, 0, 1, 2 ], [ 1, 2, 2, 0, 1, 1 ], [ 1, 2, 2, 1, 2, 1 ] ];524880
[ [ 0, 0, 1, 0, 0, 0 ], [ 2, 2, 2, 1, 0, 1 ], [ 0, 0, 2, 0, 1, 1 ], [ 1, 1, 2, 0, 1, 2 ], [ 2, 1, 2, 0, 2, 2 ], [ 0, 2, 2, 0, 2, 2 ] ];4199040
[ [ 1, 1, 1, 0, 1, 2 ], [ 1, 2, 0, 1, 0, 2 ], [ 1, 2, 2, 1, 2, 2 ], [ 2, 1, 2, 0, 2, 2 ], [ 1, 0, 2, 0, 1, 0 ], [ 0, 0, 0, 1, 0, 2 ] ];4199040
[ [ 2, 0, 0, 0, 1, 1 ], [ 0, 1, 1, 0, 1, 0 ], [ 0, 2, 2, 0, 1, 0 ], [ 2, 0, 2, 0, 2, 2 ], [ 0, 0, 2, 0, 0, 0 ], [ 2, 2, 1, 2, 1, 0 ] ];524880
[ [ 1, 0, 1, 0, 0, 1 ], [ 2, 2, 1, 0, 1, 1 ], [ 1, 2, 1, 0, 2, 0 ], [ 2, 0, 1, 0, 0, 1 ], [ 0, 0, 2, 0, 0, 0 ], [ 2, 0, 2, 2, 2, 1 ] ];4199040
[ [ 2, 1, 1, 0, 2, 2 ], [ 0, 1, 2, 0, 0, 1 ], [ 1, 1, 1, 0, 2, 0 ], [ 0, 2, 2, 0, 0, 1 ], [ 0, 0, 2, 0, 0, 0 ], [ 0, 2, 1, 2, 1, 1 ] ];4199040
[ [ 0, 2, 2, 0, 1, 0 ], [ 2, 2, 0, 2, 0, 1 ], [ 2, 1, 2, 0, 0, 1 ], [ 0, 2, 2, 0, 0, 0 ], [ 0, 2, 0, 0, 1, 0 ], [ 1, 1, 0, 1, 0, 0 ] ];524880
[ [ 2, 2, 2, 0, 0, 0 ], [ 1, 1, 1, 2, 0, 1 ], [ 1, 1, 2, 0, 2, 1 ], [ 2, 2, 2, 0, 2, 0 ], [ 2, 2, 0, 0, 0, 0 ], [ 1, 0, 1, 1, 1, 0 ] ];4199040
[ [ 0, 0, 1, 0, 0, 0 ], [ 1, 0, 1, 1, 1, 0 ], [ 2, 0, 2, 0, 0, 2 ], [ 2, 1, 2, 0, 2, 1 ], [ 0, 2, 1, 0, 2, 2 ], [ 2, 0, 1, 0, 0, 1 ] ];4199040
[ [ 0, 0, 1, 1, 2, 1 ], [ 0, 2, 0, 2, 1, 0 ], [ 1, 2, 1, 0, 1, 1 ], [ 1, 0, 1, 1, 2, 1 ], [ 1, 0, 2, 0, 1, 0 ], [ 2, 0, 1, 2, 1, 0 ] ];4199040
[ [ 1, 1, 0, 1, 2, 2 ], [ 0, 0, 2, 0, 0, 0 ], [ 0, 2, 2, 0, 1, 1 ], [ 1, 0, 2, 0, 2, 2 ], [ 1, 2, 2, 0, 0, 2 ], [ 2, 1, 1, 0, 1, 2 ] ];4199040
[ [ 1, 1, 1, 0, 1, 2 ], [ 0, 2, 1, 2, 2, 1 ], [ 2, 1, 2, 0, 0, 1 ], [ 2, 1, 2, 0, 2, 2 ], [ 1, 1, 2, 0, 1, 2 ], [ 1, 0, 1, 1, 1, 2 ] ];524880
[ [ 2, 0, 1, 0, 2, 0 ], [ 1, 0, 2, 2, 1, 1 ], [ 1, 2, 1, 0, 1, 1 ], [ 0, 2, 1, 1, 1, 2 ], [ 0, 2, 2, 1, 2, 2 ], [ 2, 0, 0, 2, 0, 2 ] ];524880
[ [ 0, 0, 1, 0, 0, 0 ], [ 1, 1, 2, 1, 2, 0 ], [ 1, 0, 1, 0, 1, 1 ], [ 2, 2, 2, 0, 2, 1 ], [ 0, 1, 2, 0, 0, 2 ], [ 1, 2, 1, 0, 2, 0 ] ];524880
[ [ 2, 1, 1, 0, 2, 2 ], [ 2, 0, 2, 1, 0, 1 ], [ 1, 2, 2, 1, 1, 2 ], [ 0, 1, 2, 0, 0, 2 ], [ 1, 0, 2, 0, 1, 0 ], [ 0, 2, 2, 1, 1, 0 ] ];524880
[ [ 1, 2, 2, 0, 0, 2 ], [ 0, 1, 0, 0, 0, 0 ], [ 0, 1, 2, 0, 2, 0 ], [ 0, 2, 2, 0, 1, 2 ], [ 0, 0, 2, 0, 0, 0 ], [ 0, 1, 2, 2, 1, 1 ] ];524880
[ [ 0, 0, 1, 0, 0, 0 ], [ 2, 1, 0, 1, 1, 1 ], [ 1, 0, 0, 0, 0, 1 ], [ 2, 0, 2, 0, 2, 0 ], [ 1, 1, 2, 0, 1, 2 ], [ 2, 0, 1, 0, 0, 0 ] ];524880
[ [ 2, 0, 1, 0, 2, 0 ], [ 0, 0, 2, 1, 1, 0 ], [ 2, 1, 2, 1, 2, 0 ], [ 0, 1, 2, 0, 0, 2 ], [ 1, 1, 2, 0, 1, 2 ], [ 2, 1, 2, 1, 0, 0 ] ];524880
[ [ 0, 0, 2, 1, 0, 1 ], [ 0, 0, 1, 1, 0, 1 ], [ 2, 2, 1, 0, 2, 1 ], [ 0, 0, 1, 0, 2, 0 ], [ 1, 0, 2, 0, 1, 0 ], [ 2, 1, 2, 0, 1, 0 ] ];524880
[ [ 1, 2, 2, 0, 1, 1 ], [ 1, 0, 1, 0, 2, 2 ], [ 2, 2, 1, 0, 1, 0 ], [ 2, 2, 1, 0, 2, 1 ], [ 0, 0, 1, 0, 0, 0 ], [ 2, 2, 1, 1, 2, 2 ] ];4199040
[ [ 2, 0, 0, 0, 0, 2 ], [ 0, 2, 0, 0, 0, 2 ], [ 2, 1, 1, 0, 1, 0 ], [ 0, 0, 1, 0, 0, 1 ], [ 0, 0, 1, 0, 0, 0 ], [ 2, 1, 0, 1, 1, 2 ] ];4199040
[ [ 2, 1, 2, 0, 2, 2 ], [ 2, 0, 1, 1, 2, 1 ], [ 1, 1, 1, 0, 0, 1 ], [ 2, 2, 1, 0, 2, 1 ], [ 2, 1, 1, 0, 2, 2 ], [ 2, 1, 1, 2, 1, 2 ] ];524880
[ [ 0, 0, 2, 0, 0, 0 ], [ 1, 1, 1, 2, 0, 2 ], [ 0, 0, 1, 0, 2, 2 ], [ 2, 2, 1, 0, 2, 1 ], [ 1, 2, 1, 0, 1, 1 ], [ 0, 1, 1, 0, 1, 1 ] ];4199040
[ [ 2, 2, 2, 0, 2, 1 ], [ 2, 1, 0, 2, 0, 1 ], [ 2, 1, 1, 2, 1, 1 ], [ 1, 2, 1, 0, 1, 1 ], [ 2, 0, 1, 0, 2, 0 ], [ 0, 0, 0, 2, 0, 1 ] ];4199040
[ [ 1, 0, 0, 0, 2, 2 ], [ 0, 2, 2, 0, 2, 0 ], [ 0, 1, 1, 0, 2, 0 ], [ 1, 0, 1, 0, 1, 1 ], [ 0, 0, 1, 0, 0, 0 ], [ 1, 1, 2, 1, 2, 0 ] ];524880
[ [ 2, 0, 2, 0, 0, 2 ], [ 1, 1, 2, 0, 2, 2 ], [ 2, 1, 2, 0, 1, 0 ], [ 1, 0, 2, 0, 0, 2 ], [ 0, 0, 1, 0, 0, 0 ], [ 1, 0, 1, 1, 1, 2 ] ];4199040
[ [ 1, 2, 2, 0, 1, 1 ], [ 0, 2, 1, 0, 0, 2 ], [ 2, 2, 2, 0, 1, 0 ], [ 0, 1, 1, 0, 0, 2 ], [ 0, 0, 1, 0, 0, 0 ], [ 0, 1, 2, 1, 2, 2 ] ];4199040
[ [ 0, 1, 1, 0, 2, 0 ], [ 1, 1, 0, 1, 0, 2 ], [ 1, 2, 1, 0, 0, 2 ], [ 0, 1, 1, 0, 0, 0 ], [ 0, 1, 0, 0, 2, 0 ], [ 2, 2, 0, 2, 0, 0 ] ];524880
[ [ 1, 1, 1, 0, 0, 0 ], [ 2, 2, 2, 1, 0, 2 ], [ 2, 2, 1, 0, 1, 2 ], [ 1, 1, 1, 0, 1, 0 ], [ 1, 1, 0, 0, 0, 0 ], [ 2, 0, 2, 2, 2, 0 ] ];4199040
[ [ 0, 0, 2, 0, 0, 0 ], [ 2, 0, 2, 2, 2, 0 ], [ 1, 0, 1, 0, 0, 1 ], [ 1, 2, 1, 0, 1, 2 ], [ 0, 1, 2, 0, 1, 1 ], [ 1, 0, 2, 0, 0, 2 ] ];4199040
[ [ 0, 0, 2, 2, 1, 2 ], [ 0, 1, 0, 1, 2, 0 ], [ 2, 1, 2, 0, 2, 2 ], [ 2, 0, 2, 2, 1, 2 ], [ 2, 0, 1, 0, 2, 0 ], [ 1, 0, 2, 1, 2, 0 ] ];4199040
[ [ 2, 2, 0, 2, 1, 1 ], [ 0, 0, 1, 0, 0, 0 ], [ 0, 1, 1, 0, 2, 2 ], [ 2, 0, 1, 0, 1, 1 ], [ 2, 1, 1, 0, 0, 1 ], [ 1, 2, 2, 0, 2, 1 ] ];4199040
[ [ 2, 2, 2, 0, 2, 1 ], [ 0, 1, 2, 1, 1, 2 ], [ 1, 2, 1, 0, 0, 2 ], [ 1, 2, 1, 0, 1, 1 ], [ 2, 2, 1, 0, 2, 1 ], [ 2, 0, 2, 2, 2, 1 ] ];524880
[ [ 1, 0, 2, 0, 1, 0 ], [ 2, 0, 1, 1, 2, 2 ], [ 2, 1, 2, 0, 2, 2 ], [ 0, 1, 2, 2, 2, 1 ], [ 0, 1, 1, 2, 1, 1 ], [ 1, 0, 0, 1, 0, 1 ] ];524880
[ [ 0, 0, 2, 0, 0, 0 ], [ 2, 2, 1, 2, 1, 0 ], [ 2, 0, 2, 0, 2, 2 ], [ 1, 1, 1, 0, 1, 2 ], [ 0, 2, 1, 0, 0, 1 ], [ 2, 1, 2, 0, 1, 0 ] ];524880
[ [ 1, 2, 2, 0, 1, 1 ], [ 1, 0, 1, 2, 0, 2 ], [ 2, 1, 1, 2, 2, 1 ], [ 0, 2, 1, 0, 0, 1 ], [ 2, 0, 1, 0, 2, 0 ], [ 0, 1, 1, 2, 2, 0 ] ];524880
[ [ 2, 1, 1, 0, 0, 1 ], [ 0, 2, 0, 0, 0, 0 ], [ 0, 2, 1, 0, 1, 0 ], [ 0, 1, 1, 0, 2, 1 ], [ 0, 0, 1, 0, 0, 0 ], [ 0, 2, 1, 1, 2, 2 ] ];524880
[ [ 0, 0, 2, 0, 0, 0 ], [ 1, 2, 0, 2, 2, 2 ], [ 2, 0, 0, 0, 0, 2 ], [ 1, 0, 1, 0, 1, 0 ], [ 2, 2, 1, 0, 2, 1 ], [ 1, 0, 2, 0, 0, 0 ] ];524880
[ [ 1, 0, 2, 0, 1, 0 ], [ 0, 0, 1, 2, 2, 0 ], [ 1, 2, 1, 2, 1, 0 ], [ 0, 2, 1, 0, 0, 1 ], [ 2, 2, 1, 0, 2, 1 ], [ 1, 2, 1, 2, 0, 0 ] ];524880
[ [ 0, 0, 1, 2, 0, 2 ], [ 0, 0, 2, 2, 0, 2 ], [ 1, 1, 2, 0, 1, 2 ], [ 0, 0, 2, 0, 1, 0 ], [ 2, 0, 1, 0, 2, 0 ], [ 1, 2, 1, 0, 2, 0 ] ];524880
[ [ 0, 2, 0, 2, 2, 2 ], [ 1, 2, 0, 1, 1, 1 ], [ 2, 2, 0, 0, 1, 0 ], [ 0, 0, 2, 1, 2, 1 ], [ 0, 0, 1, 0, 2, 0 ], [ 1, 1, 1, 1, 1, 0 ] ];12597120
[ [ 0, 1, 2, 1, 1, 1 ], [ 2, 2, 2, 1, 1, 1 ], [ 2, 1, 0, 0, 1, 0 ], [ 1, 2, 2, 1, 0, 1 ], [ 0, 0, 1, 0, 2, 0 ], [ 0, 0, 0, 1, 2, 0 ] ];12597120
[ [ 0, 0, 1, 1, 0, 2 ], [ 1, 2, 1, 1, 1, 2 ], [ 1, 1, 0, 0, 0, 1 ], [ 2, 1, 2, 1, 1, 0 ], [ 1, 0, 0, 1, 2, 2 ], [ 1, 2, 2, 1, 1, 0 ] ];2099520
[ [ 2, 0, 2, 0, 0, 0 ], [ 1, 1, 2, 1, 1, 1 ], [ 0, 0, 0, 0, 2, 2 ], [ 1, 2, 2, 1, 0, 2 ], [ 0, 1, 2, 2, 0, 0 ], [ 1, 2, 0, 1, 1, 1 ] ];12597120
[ [ 0, 2, 0, 0, 2, 2 ], [ 0, 2, 1, 2, 1, 0 ], [ 1, 1, 1, 2, 1, 2 ], [ 1, 0, 2, 2, 0, 1 ], [ 2, 0, 1, 0, 1, 0 ], [ 2, 1, 2, 0, 0, 2 ] ];12597120
[ [ 2, 1, 2, 1, 0, 1 ], [ 0, 1, 2, 0, 2, 0 ], [ 0, 1, 0, 0, 2, 0 ], [ 1, 2, 2, 1, 0, 1 ], [ 0, 0, 1, 0, 2, 0 ], [ 1, 2, 0, 0, 0, 2 ] ];2099520
[ [ 1, 1, 1, 1, 2, 1 ], [ 1, 1, 1, 1, 1, 1 ], [ 2, 1, 1, 0, 1, 0 ], [ 1, 1, 0, 0, 0, 0 ], [ 0, 0, 1, 0, 2, 0 ], [ 2, 2, 2, 1, 2, 0 ] ];12597120
[ [ 1, 2, 2, 2, 0, 2 ], [ 2, 1, 1, 1, 1, 1 ], [ 2, 2, 1, 0, 1, 0 ], [ 0, 2, 1, 0, 0, 0 ], [ 0, 0, 1, 0, 2, 0 ], [ 2, 0, 1, 1, 1, 0 ] ];12597120
[ [ 1, 0, 2, 2, 2, 1 ], [ 2, 0, 0, 1, 1, 0 ], [ 1, 2, 0, 0, 0, 2 ], [ 0, 2, 2, 1, 2, 1 ], [ 2, 0, 1, 2, 1, 1 ], [ 0, 1, 1, 1, 2, 2 ] ];2099520
[ [ 2, 0, 1, 0, 2, 2 ], [ 0, 1, 2, 0, 1, 2 ], [ 1, 1, 1, 2, 1, 2 ], [ 0, 1, 2, 2, 2, 0 ], [ 1, 0, 0, 0, 2, 2 ], [ 2, 1, 0, 1, 0, 0 ] ];4199040
[ [ 2, 0, 2, 2, 0, 1 ], [ 0, 0, 0, 0, 2, 1 ], [ 2, 2, 0, 0, 1, 2 ], [ 0, 2, 2, 1, 2, 1 ], [ 0, 0, 1, 2, 2, 1 ], [ 1, 1, 1, 0, 0, 0 ] ];12597120
[ [ 0, 0, 0, 2, 1, 1 ], [ 2, 1, 2, 1, 2, 1 ], [ 1, 2, 1, 0, 0, 2 ], [ 0, 2, 0, 0, 2, 2 ], [ 1, 0, 2, 2, 0, 1 ], [ 0, 2, 0, 1, 0, 0 ] ];4199040
[ [ 2, 0, 2, 0, 0, 0 ], [ 0, 2, 1, 0, 2, 2 ], [ 1, 0, 0, 0, 0, 1 ], [ 2, 2, 2, 1, 1, 1 ], [ 0, 2, 1, 1, 2, 0 ], [ 1, 0, 2, 0, 0, 1 ] ];12597120
[ [ 0, 1, 1, 0, 1, 1 ], [ 2, 0, 1, 2, 0, 1 ], [ 0, 2, 0, 1, 2, 1 ], [ 1, 1, 0, 1, 0, 0 ], [ 2, 0, 1, 0, 1, 0 ], [ 2, 1, 2, 2, 0, 0 ] ];12597120
[ [ 1, 2, 1, 0, 0, 2 ], [ 2, 2, 2, 0, 0, 2 ], [ 0, 1, 0, 2, 0, 2 ], [ 0, 0, 1, 0, 0, 0 ], [ 2, 0, 1, 0, 1, 0 ], [ 1, 0, 2, 0, 2, 1 ] ];4199040
[ [ 1, 1, 2, 2, 2, 1 ], [ 2, 0, 1, 0, 0, 1 ], [ 1, 0, 0, 0, 0, 2 ], [ 0, 2, 2, 1, 2, 1 ], [ 1, 0, 1, 0, 0, 0 ], [ 1, 1, 2, 0, 2, 0 ] ];4199040
[ [ 2, 1, 1, 2, 0, 1 ], [ 0, 2, 1, 1, 2, 1 ], [ 0, 0, 2, 0, 2, 2 ], [ 1, 1, 0, 2, 0, 0 ], [ 1, 0, 1, 0, 0, 0 ], [ 2, 0, 2, 1, 1, 0 ] ];4199040
[ [ 0, 1, 0, 2, 1, 1 ], [ 0, 2, 1, 0, 0, 0 ], [ 0, 1, 0, 0, 2, 2 ], [ 2, 0, 2, 1, 2, 2 ], [ 1, 0, 2, 2, 1, 0 ], [ 2, 0, 1, 1, 0, 1 ] ];4199040
[ [ 2, 0, 2, 1, 2, 2 ], [ 1, 0, 1, 1, 0, 0 ], [ 1, 1, 1, 0, 0, 1 ], [ 0, 1, 1, 0, 0, 1 ], [ 0, 0, 1, 1, 1, 2 ], [ 1, 0, 1, 1, 0, 1 ] ];4199040
[ [ 2, 0, 2, 0, 0, 1 ], [ 1, 1, 1, 0, 1, 2 ], [ 1, 2, 0, 1, 0, 1 ], [ 1, 2, 2, 1, 0, 1 ], [ 1, 0, 1, 0, 0, 1 ], [ 1, 2, 2, 0, 1, 1 ] ];4199040
[ [ 0, 0, 2, 0, 1, 1 ], [ 2, 1, 1, 0, 2, 0 ], [ 1, 2, 0, 1, 0, 1 ], [ 1, 2, 2, 1, 0, 1 ], [ 2, 0, 1, 0, 1, 1 ], [ 2, 2, 2, 0, 2, 2 ] ];12597120
[ [ 0, 0, 2, 1, 1, 1 ], [ 1, 2, 2, 2, 2, 1 ], [ 1, 2, 0, 0, 0, 0 ], [ 2, 2, 2, 1, 1, 1 ], [ 0, 0, 1, 1, 2, 1 ], [ 0, 0, 0, 2, 1, 0 ] ];4199040
[ [ 1, 2, 0, 2, 0, 0 ], [ 0, 2, 2, 1, 1, 2 ], [ 1, 2, 0, 0, 0, 2 ], [ 1, 0, 2, 1, 0, 2 ], [ 2, 2, 2, 2, 2, 0 ], [ 2, 1, 0, 1, 0, 2 ] ];2099520
[ [ 0, 0, 2, 2, 2, 1 ], [ 0, 0, 2, 1, 0, 0 ], [ 1, 2, 0, 0, 1, 2 ], [ 1, 2, 2, 1, 0, 1 ], [ 1, 0, 1, 2, 1, 1 ], [ 2, 1, 0, 0, 0, 0 ] ];4199040
[ [ 0, 0, 2, 0, 1, 0 ], [ 1, 1, 0, 2, 2, 0 ], [ 1, 2, 0, 1, 0, 1 ], [ 2, 0, 0, 1, 1, 1 ], [ 2, 2, 0, 0, 1, 0 ], [ 1, 2, 1, 2, 2, 2 ] ];2099520
[ [ 2, 0, 2, 0, 0, 0 ], [ 1, 0, 2, 2, 1, 0 ], [ 2, 0, 1, 0, 2, 2 ], [ 2, 0, 1, 0, 0, 2 ], [ 0, 1, 1, 2, 2, 0 ], [ 2, 2, 2, 1, 1, 0 ] ];2099520
[ [ 0, 2, 0, 0, 1, 2 ], [ 2, 1, 0, 2, 0, 2 ], [ 2, 1, 1, 2, 2, 2 ], [ 2, 0, 2, 2, 0, 1 ], [ 2, 0, 1, 0, 1, 0 ], [ 0, 2, 2, 0, 0, 0 ] ];2099520
[ [ 1, 0, 2, 2, 1, 2 ], [ 0, 1, 0, 0, 0, 0 ], [ 0, 2, 0, 0, 1, 0 ], [ 0, 2, 2, 1, 2, 1 ], [ 0, 0, 1, 0, 2, 0 ], [ 0, 2, 1, 1, 1, 0 ] ];524880
[ [ 2, 0, 2, 0, 0, 0 ], [ 2, 0, 2, 2, 2, 2 ], [ 2, 0, 2, 0, 0, 2 ], [ 0, 1, 1, 2, 1, 2 ], [ 2, 1, 0, 2, 0, 0 ], [ 1, 0, 2, 0, 0, 2 ] ];2099520
[ [ 2, 0, 0, 0, 1, 2 ], [ 2, 0, 1, 1, 2, 2 ], [ 2, 1, 1, 2, 2, 2 ], [ 1, 1, 1, 2, 2, 2 ], [ 1, 0, 2, 0, 1, 2 ], [ 2, 0, 1, 2, 1, 2 ] ];1574640
[ [ 0, 0, 2, 0, 1, 0 ], [ 0, 1, 0, 1, 2, 2 ], [ 2, 1, 1, 2, 2, 2 ], [ 2, 2, 2, 2, 0, 2 ], [ 0, 1, 2, 0, 2, 0 ], [ 1, 0, 2, 2, 2, 2 ] ];2099520
[ [ 0, 1, 0, 0, 0, 1 ], [ 0, 0, 0, 1, 2, 2 ], [ 2, 2, 0, 1, 1, 1 ], [ 1, 0, 0, 1, 2, 2 ], [ 2, 0, 1, 0, 1, 0 ], [ 0, 0, 0, 1, 0, 0 ] ];2099520
[ [ 0, 1, 0, 1, 1, 1 ], [ 2, 1, 0, 2, 2, 2 ], [ 1, 1, 0, 0, 2, 0 ], [ 0, 0, 1, 2, 1, 2 ], [ 0, 0, 2, 0, 1, 0 ], [ 2, 2, 2, 2, 2, 0 ] ];12597120
[ [ 0, 2, 1, 2, 2, 2 ], [ 1, 1, 1, 2, 2, 2 ], [ 1, 2, 0, 0, 2, 0 ], [ 2, 1, 1, 2, 0, 2 ], [ 0, 0, 2, 0, 1, 0 ], [ 0, 0, 0, 2, 1, 0 ] ];12597120
[ [ 0, 0, 2, 2, 0, 1 ], [ 2, 1, 2, 2, 2, 1 ], [ 2, 2, 0, 0, 0, 2 ], [ 1, 2, 1, 2, 2, 0 ], [ 2, 0, 0, 2, 1, 1 ], [ 2, 1, 1, 2, 2, 0 ] ];2099520
[ [ 1, 0, 1, 0, 0, 0 ], [ 2, 2, 1, 2, 2, 2 ], [ 0, 0, 0, 0, 1, 1 ], [ 2, 1, 1, 2, 0, 1 ], [ 0, 2, 1, 1, 0, 0 ], [ 2, 1, 0, 2, 2, 2 ] ];12597120
[ [ 0, 1, 0, 0, 1, 1 ], [ 0, 1, 2, 1, 2, 0 ], [ 2, 2, 2, 1, 2, 1 ], [ 2, 0, 1, 1, 0, 2 ], [ 1, 0, 2, 0, 2, 0 ], [ 1, 2, 1, 0, 0, 1 ] ];12597120
[ [ 1, 2, 1, 2, 0, 2 ], [ 0, 2, 1, 0, 1, 0 ], [ 0, 2, 0, 0, 1, 0 ], [ 2, 1, 1, 2, 0, 2 ], [ 0, 0, 2, 0, 1, 0 ], [ 2, 1, 0, 0, 0, 1 ] ];2099520
[ [ 2, 2, 2, 2, 1, 2 ], [ 2, 2, 2, 2, 2, 2 ], [ 1, 2, 2, 0, 2, 0 ], [ 2, 2, 0, 0, 0, 0 ], [ 0, 0, 2, 0, 1, 0 ], [ 1, 1, 1, 2, 1, 0 ] ];12597120
[ [ 2, 1, 1, 1, 0, 1 ], [ 1, 2, 2, 2, 2, 2 ], [ 1, 1, 2, 0, 2, 0 ], [ 0, 1, 2, 0, 0, 0 ], [ 0, 0, 2, 0, 1, 0 ], [ 1, 0, 2, 2, 2, 0 ] ];12597120
[ [ 2, 0, 1, 1, 1, 2 ], [ 1, 0, 0, 2, 2, 0 ], [ 2, 1, 0, 0, 0, 1 ], [ 0, 1, 1, 2, 1, 2 ], [ 1, 0, 2, 1, 2, 2 ], [ 0, 2, 2, 2, 1, 1 ] ];2099520
[ [ 1, 0, 2, 0, 1, 1 ], [ 0, 2, 1, 0, 2, 1 ], [ 2, 2, 2, 1, 2, 1 ], [ 0, 2, 1, 1, 1, 0 ], [ 2, 0, 0, 0, 1, 1 ], [ 1, 2, 0, 2, 0, 0 ] ];4199040
[ [ 1, 0, 1, 1, 0, 2 ], [ 0, 0, 0, 0, 1, 2 ], [ 1, 1, 0, 0, 2, 1 ], [ 0, 1, 1, 2, 1, 2 ], [ 0, 0, 2, 1, 1, 2 ], [ 2, 2, 2, 0, 0, 0 ] ];12597120
[ [ 0, 0, 0, 1, 2, 2 ], [ 1, 2, 1, 2, 1, 2 ], [ 2, 1, 2, 0, 0, 1 ], [ 0, 1, 0, 0, 1, 1 ], [ 2, 0, 1, 1, 0, 2 ], [ 0, 1, 0, 2, 0, 0 ] ];4199040
[ [ 1, 0, 1, 0, 0, 0 ], [ 0, 1, 2, 0, 1, 1 ], [ 2, 0, 0, 0, 0, 2 ], [ 1, 1, 1, 2, 2, 2 ], [ 0, 1, 2, 2, 1, 0 ], [ 2, 0, 1, 0, 0, 2 ] ];12597120
[ [ 0, 2, 2, 0, 2, 2 ], [ 1, 0, 2, 1, 0, 2 ], [ 0, 1, 0, 2, 1, 2 ], [ 2, 2, 0, 2, 0, 0 ], [ 1, 0, 2, 0, 2, 0 ], [ 1, 2, 1, 1, 0, 0 ] ];12597120
[ [ 2, 1, 2, 0, 0, 1 ], [ 1, 1, 1, 0, 0, 1 ], [ 0, 2, 0, 1, 0, 1 ], [ 0, 0, 2, 0, 0, 0 ], [ 1, 0, 2, 0, 2, 0 ], [ 2, 0, 1, 0, 1, 2 ] ];4199040
[ [ 2, 2, 1, 1, 1, 2 ], [ 1, 0, 2, 0, 0, 2 ], [ 2, 0, 0, 0, 0, 1 ], [ 0, 1, 1, 2, 1, 2 ], [ 2, 0, 2, 0, 0, 0 ], [ 2, 2, 1, 0, 1, 0 ] ];4199040
[ [ 1, 2, 2, 1, 0, 2 ], [ 0, 1, 2, 2, 1, 2 ], [ 0, 0, 1, 0, 1, 1 ], [ 2, 2, 0, 1, 0, 0 ], [ 2, 0, 2, 0, 0, 0 ], [ 1, 0, 1, 2, 2, 0 ] ];4199040
[ [ 0, 2, 0, 1, 2, 2 ], [ 0, 1, 2, 0, 0, 0 ], [ 0, 2, 0, 0, 1, 1 ], [ 1, 0, 1, 2, 1, 1 ], [ 2, 0, 1, 1, 2, 0 ], [ 1, 0, 2, 2, 0, 2 ] ];4199040
[ [ 1, 0, 1, 2, 1, 1 ], [ 2, 0, 2, 2, 0, 0 ], [ 2, 2, 2, 0, 0, 2 ], [ 0, 2, 2, 0, 0, 2 ], [ 0, 0, 2, 2, 2, 1 ], [ 2, 0, 2, 2, 0, 2 ] ];4199040
[ [ 1, 0, 1, 0, 0, 2 ], [ 2, 2, 2, 0, 2, 1 ], [ 2, 1, 0, 2, 0, 2 ], [ 2, 1, 1, 2, 0, 2 ], [ 2, 0, 2, 0, 0, 2 ], [ 2, 1, 1, 0, 2, 2 ] ];4199040
[ [ 0, 0, 1, 0, 2, 2 ], [ 1, 2, 2, 0, 1, 0 ], [ 2, 1, 0, 2, 0, 2 ], [ 2, 1, 1, 2, 0, 2 ], [ 1, 0, 2, 0, 2, 2 ], [ 1, 1, 1, 0, 1, 1 ] ];12597120
[ [ 0, 0, 1, 2, 2, 2 ], [ 2, 1, 1, 1, 1, 2 ], [ 2, 1, 0, 0, 0, 0 ], [ 1, 1, 1, 2, 2, 2 ], [ 0, 0, 2, 2, 1, 2 ], [ 0, 0, 0, 1, 2, 0 ] ];4199040
[ [ 2, 1, 0, 1, 0, 0 ], [ 0, 1, 1, 2, 2, 1 ], [ 2, 1, 0, 0, 0, 1 ], [ 2, 0, 1, 2, 0, 1 ], [ 1, 1, 1, 1, 1, 0 ], [ 1, 2, 0, 2, 0, 1 ] ];2099520
[ [ 0, 0, 1, 1, 1, 2 ], [ 0, 0, 1, 2, 0, 0 ], [ 2, 1, 0, 0, 2, 1 ], [ 2, 1, 1, 2, 0, 2 ], [ 2, 0, 2, 1, 2, 2 ], [ 1, 2, 0, 0, 0, 0 ] ];4199040
[ [ 0, 0, 1, 0, 2, 0 ], [ 2, 2, 0, 1, 1, 0 ], [ 2, 1, 0, 2, 0, 2 ], [ 1, 0, 0, 2, 2, 2 ], [ 1, 1, 0, 0, 2, 0 ], [ 2, 1, 2, 1, 1, 1 ] ];2099520
[ [ 1, 0, 1, 0, 0, 0 ], [ 2, 0, 1, 1, 2, 0 ], [ 1, 0, 2, 0, 1, 1 ], [ 1, 0, 2, 0, 0, 1 ], [ 0, 2, 2, 1, 1, 0 ], [ 1, 1, 1, 2, 2, 0 ] ];2099520
[ [ 0, 1, 0, 0, 2, 1 ], [ 1, 2, 0, 1, 0, 1 ], [ 1, 2, 2, 1, 1, 1 ], [ 1, 0, 1, 1, 0, 2 ], [ 1, 0, 2, 0, 2, 0 ], [ 0, 1, 1, 0, 0, 0 ] ];2099520
[ [ 2, 0, 1, 1, 2, 1 ], [ 0, 2, 0, 0, 0, 0 ], [ 0, 1, 0, 0, 2, 0 ], [ 0, 1, 1, 2, 1, 2 ], [ 0, 0, 2, 0, 1, 0 ], [ 0, 1, 2, 2, 2, 0 ] ];524880
[ [ 1, 0, 1, 0, 0, 0 ], [ 1, 0, 1, 1, 1, 1 ], [ 1, 0, 1, 0, 0, 1 ], [ 0, 2, 2, 1, 2, 1 ], [ 1, 2, 0, 1, 0, 0 ], [ 2, 0, 1, 0, 0, 1 ] ];2099520
[ [ 1, 0, 0, 0, 2, 1 ], [ 1, 0, 2, 2, 1, 1 ], [ 1, 2, 2, 1, 1, 1 ], [ 2, 2, 2, 1, 1, 1 ], [ 2, 0, 1, 0, 2, 1 ], [ 1, 0, 2, 1, 2, 1 ] ];1574640
[ [ 0, 0, 1, 0, 2, 0 ], [ 0, 2, 0, 2, 1, 1 ], [ 1, 2, 2, 1, 1, 1 ], [ 1, 1, 1, 1, 0, 1 ], [ 0, 2, 1, 0, 1, 0 ], [ 2, 0, 1, 1, 1, 1 ] ];2099520
[ [ 0, 2, 0, 0, 0, 2 ], [ 0, 0, 0, 2, 1, 1 ], [ 1, 1, 0, 2, 2, 2 ], [ 2, 0, 0, 2, 1, 1 ], [ 1, 0, 2, 0, 2, 0 ], [ 0, 0, 0, 2, 0, 0 ] ];2099520
[ [ 1, 0, 0, 2, 2, 2 ], [ 0, 1, 0, 1, 1, 1 ], [ 2, 2, 0, 0, 1, 0 ], [ 0, 0, 2, 1, 2, 1 ], [ 0, 0, 1, 0, 2, 0 ], [ 1, 1, 1, 1, 1, 0 ] ];12597120
[ [ 2, 2, 2, 1, 1, 1 ], [ 1, 0, 2, 1, 1, 1 ], [ 2, 1, 0, 0, 1, 0 ], [ 1, 2, 2, 1, 0, 1 ], [ 0, 0, 1, 0, 2, 0 ], [ 0, 0, 0, 1, 2, 0 ] ];12597120
[ [ 0, 1, 1, 1, 1, 0 ], [ 1, 2, 1, 1, 1, 2 ], [ 1, 1, 0, 0, 0, 1 ], [ 2, 1, 2, 1, 1, 0 ], [ 1, 1, 0, 1, 0, 0 ], [ 1, 1, 2, 1, 0, 2 ] ];2099520
[ [ 2, 0, 2, 0, 0, 0 ], [ 0, 1, 2, 1, 2, 2 ], [ 0, 0, 0, 0, 2, 2 ], [ 1, 2, 2, 1, 0, 2 ], [ 2, 1, 2, 2, 1, 1 ], [ 2, 2, 0, 1, 0, 0 ] ];12597120
[ [ 1, 0, 0, 1, 2, 2 ], [ 2, 1, 1, 1, 1, 0 ], [ 2, 2, 1, 0, 1, 2 ], [ 1, 0, 2, 2, 0, 1 ], [ 2, 0, 1, 0, 1, 0 ], [ 2, 1, 2, 0, 0, 2 ] ];12597120
[ [ 2, 2, 2, 1, 1, 1 ], [ 0, 1, 2, 0, 2, 0 ], [ 0, 1, 0, 0, 2, 0 ], [ 1, 2, 2, 1, 0, 1 ], [ 0, 0, 1, 0, 2, 0 ], [ 1, 1, 0, 0, 2, 2 ] ];2099520
[ [ 0, 2, 2, 1, 2, 1 ], [ 0, 2, 2, 1, 1, 1 ], [ 2, 1, 1, 0, 1, 0 ], [ 2, 0, 2, 0, 0, 0 ], [ 0, 0, 1, 0, 2, 0 ], [ 2, 2, 2, 1, 2, 0 ] ];12597120
[ [ 2, 0, 1, 2, 0, 2 ], [ 1, 0, 2, 1, 1, 1 ], [ 2, 2, 1, 0, 1, 0 ], [ 1, 0, 0, 0, 0, 0 ], [ 0, 0, 1, 0, 2, 0 ], [ 2, 0, 1, 1, 1, 0 ] ];12597120
[ [ 1, 1, 2, 2, 1, 2 ], [ 2, 0, 0, 1, 1, 0 ], [ 1, 2, 0, 0, 0, 2 ], [ 0, 2, 2, 1, 2, 1 ], [ 2, 1, 1, 2, 0, 2 ], [ 0, 2, 1, 1, 1, 0 ] ];2099520
[ [ 2, 1, 1, 2, 0, 0 ], [ 0, 1, 2, 0, 1, 2 ], [ 1, 0, 1, 0, 0, 1 ], [ 0, 1, 2, 2, 2, 0 ], [ 1, 1, 0, 2, 0, 0 ], [ 2, 0, 0, 2, 2, 2 ] ];4199040
[ [ 1, 1, 2, 2, 1, 2 ], [ 2, 1, 0, 0, 0, 2 ], [ 2, 2, 0, 0, 1, 2 ], [ 0, 2, 2, 1, 2, 1 ], [ 2, 1, 1, 2, 0, 2 ], [ 2, 0, 1, 0, 2, 2 ] ];12597120
[ [ 0, 1, 2, 2, 0, 2 ], [ 2, 1, 2, 1, 2, 1 ], [ 1, 2, 1, 0, 0, 2 ], [ 0, 0, 2, 0, 1, 0 ], [ 1, 1, 1, 2, 2, 2 ], [ 0, 0, 2, 1, 2, 1 ] ];4199040
[ [ 2, 0, 2, 0, 0, 0 ], [ 2, 2, 1, 0, 2, 0 ], [ 1, 0, 0, 0, 0, 1 ], [ 2, 2, 2, 1, 1, 1 ], [ 2, 2, 1, 1, 2, 1 ], [ 1, 0, 2, 0, 0, 1 ] ];12597120
[ [ 1, 2, 2, 1, 0, 1 ], [ 1, 2, 0, 1, 1, 1 ], [ 1, 0, 1, 2, 1, 1 ], [ 0, 0, 2, 0, 1, 0 ], [ 2, 0, 1, 0, 1, 0 ], [ 0, 2, 0, 0, 2, 0 ] ];12597120
[ [ 1, 0, 0, 1, 2, 2 ], [ 2, 2, 2, 0, 0, 2 ], [ 0, 2, 2, 0, 2, 2 ], [ 0, 1, 0, 1, 2, 0 ], [ 2, 0, 1, 0, 1, 0 ], [ 1, 1, 1, 1, 1, 1 ] ];4199040
[ [ 1, 2, 2, 1, 0, 1 ], [ 2, 0, 1, 0, 0, 1 ], [ 1, 2, 0, 1, 2, 2 ], [ 0, 2, 2, 1, 2, 1 ], [ 1, 0, 1, 0, 0, 0 ], [ 1, 0, 2, 1, 1, 0 ] ];4199040
[ [ 2, 2, 2, 1, 1, 1 ], [ 0, 2, 1, 1, 2, 1 ], [ 0, 2, 1, 1, 1, 2 ], [ 1, 0, 2, 0, 2, 0 ], [ 1, 0, 1, 0, 0, 0 ], [ 2, 2, 1, 2, 0, 0 ] ];4199040
[ [ 0, 1, 0, 2, 1, 1 ], [ 0, 2, 1, 0, 0, 0 ], [ 0, 1, 0, 0, 2, 2 ], [ 2, 0, 2, 1, 2, 2 ], [ 1, 0, 2, 2, 2, 1 ], [ 2, 0, 1, 1, 2, 0 ] ];4199040
[ [ 2, 1, 0, 1, 0, 0 ], [ 1, 0, 1, 1, 0, 0 ], [ 1, 1, 1, 0, 0, 1 ], [ 0, 0, 0, 0, 2, 0 ], [ 0, 1, 2, 1, 2, 0 ], [ 1, 2, 0, 1, 2, 0 ] ];4199040
[ [ 2, 1, 2, 2, 2, 2 ], [ 1, 1, 1, 0, 1, 2 ], [ 1, 1, 0, 2, 1, 0 ], [ 1, 2, 2, 1, 0, 1 ], [ 1, 1, 1, 2, 2, 2 ], [ 1, 0, 2, 2, 0, 2 ] ];4199040
[ [ 2, 1, 2, 2, 2, 2 ], [ 1, 2, 1, 2, 0, 1 ], [ 2, 1, 0, 2, 2, 0 ], [ 1, 2, 2, 1, 0, 1 ], [ 1, 1, 1, 2, 2, 2 ], [ 0, 1, 2, 1, 1, 1 ] ];12597120
[ [ 0, 1, 2, 2, 0, 2 ], [ 1, 2, 2, 2, 2, 1 ], [ 1, 0, 0, 1, 2, 1 ], [ 2, 2, 2, 1, 1, 1 ], [ 0, 1, 1, 2, 1, 2 ], [ 0, 1, 0, 0, 0, 1 ] ];4199040
[ [ 1, 0, 0, 2, 2, 1 ], [ 0, 2, 2, 1, 1, 2 ], [ 1, 2, 0, 0, 0, 2 ], [ 1, 0, 2, 1, 0, 2 ], [ 2, 0, 2, 2, 1, 1 ], [ 2, 2, 0, 1, 2, 0 ] ];2099520
[ [ 0, 1, 2, 2, 0, 2 ], [ 0, 0, 2, 1, 0, 0 ], [ 1, 2, 0, 0, 1, 2 ], [ 1, 2, 2, 1, 0, 1 ], [ 1, 1, 1, 2, 2, 2 ], [ 2, 0, 0, 0, 2, 2 ] ];4199040
[ [ 0, 0, 2, 0, 1, 0 ], [ 1, 1, 0, 2, 2, 0 ], [ 1, 2, 1, 2, 1, 2 ], [ 2, 0, 2, 0, 0, 0 ], [ 2, 2, 1, 1, 2, 1 ], [ 1, 2, 0, 1, 1, 1 ] ];2099520
[ [ 2, 0, 2, 0, 0, 0 ], [ 1, 0, 2, 2, 1, 0 ], [ 2, 0, 1, 0, 2, 2 ], [ 2, 0, 0, 0, 1, 0 ], [ 0, 1, 0, 2, 0, 1 ], [ 2, 2, 0, 1, 0, 2 ] ];2099520
[ [ 0, 0, 0, 1, 2, 2 ], [ 2, 1, 0, 2, 0, 2 ], [ 2, 2, 1, 0, 0, 2 ], [ 2, 0, 2, 2, 0, 1 ], [ 2, 0, 1, 0, 1, 0 ], [ 0, 1, 2, 2, 2, 0 ] ];2099520
[ [ 1, 1, 2, 2, 1, 2 ], [ 0, 1, 0, 0, 0, 0 ], [ 0, 2, 0, 0, 1, 0 ], [ 0, 2, 2, 1, 2, 1 ], [ 0, 0, 1, 0, 2, 0 ], [ 0, 2, 1, 1, 1, 0 ] ];524880
[ [ 2, 0, 2, 0, 0, 0 ], [ 2, 0, 2, 2, 2, 2 ], [ 2, 0, 2, 0, 0, 2 ], [ 0, 1, 0, 2, 1, 1 ], [ 2, 1, 1, 2, 0, 1 ], [ 1, 0, 2, 0, 0, 2 ] ];2099520
[ [ 0, 1, 2, 2, 2, 0 ], [ 1, 2, 2, 2, 1, 1 ], [ 1, 0, 2, 0, 1, 1 ], [ 2, 2, 0, 1, 0, 0 ], [ 2, 1, 1, 2, 2, 0 ], [ 1, 2, 2, 0, 0, 1 ] ];1574640
[ [ 0, 0, 2, 0, 1, 0 ], [ 0, 1, 0, 1, 2, 2 ], [ 2, 1, 1, 0, 0, 0 ], [ 2, 2, 2, 2, 0, 2 ], [ 0, 1, 2, 1, 0, 1 ], [ 1, 0, 2, 1, 1, 1 ] ];2099520
[ [ 0, 2, 2, 1, 2, 1 ], [ 0, 0, 0, 1, 2, 2 ], [ 2, 0, 2, 2, 0, 1 ], [ 1, 1, 2, 2, 1, 2 ], [ 2, 0, 1, 0, 1, 0 ], [ 0, 1, 2, 2, 2, 0 ] ];2099520
[ [ 2, 0, 0, 1, 1, 1 ], [ 0, 2, 0, 2, 2, 2 ], [ 1, 1, 0, 0, 2, 0 ], [ 0, 0, 1, 2, 1, 2 ], [ 0, 0, 2, 0, 1, 0 ], [ 2, 2, 2, 2, 2, 0 ] ];12597120
[ [ 1, 1, 1, 2, 2, 2 ], [ 2, 0, 1, 2, 2, 2 ], [ 1, 2, 0, 0, 2, 0 ], [ 2, 1, 1, 2, 0, 2 ], [ 0, 0, 2, 0, 1, 0 ], [ 0, 0, 0, 2, 1, 0 ] ];12597120
[ [ 0, 2, 2, 2, 2, 0 ], [ 2, 1, 2, 2, 2, 1 ], [ 2, 2, 0, 0, 0, 2 ], [ 1, 2, 1, 2, 2, 0 ], [ 2, 2, 0, 2, 0, 0 ], [ 2, 2, 1, 2, 0, 1 ] ];2099520
[ [ 1, 0, 1, 0, 0, 0 ], [ 0, 2, 1, 2, 1, 1 ], [ 0, 0, 0, 0, 1, 1 ], [ 2, 1, 1, 2, 0, 1 ], [ 1, 2, 1, 1, 2, 2 ], [ 1, 1, 0, 2, 0, 0 ] ];12597120
[ [ 2, 0, 0, 2, 1, 1 ], [ 1, 2, 2, 2, 2, 0 ], [ 1, 1, 2, 0, 2, 1 ], [ 2, 0, 1, 1, 0, 2 ], [ 1, 0, 2, 0, 2, 0 ], [ 1, 2, 1, 0, 0, 1 ] ];12597120
[ [ 1, 1, 1, 2, 2, 2 ], [ 0, 2, 1, 0, 1, 0 ], [ 0, 2, 0, 0, 1, 0 ], [ 2, 1, 1, 2, 0, 2 ], [ 0, 0, 2, 0, 1, 0 ], [ 2, 2, 0, 0, 1, 1 ] ];2099520
[ [ 0, 1, 1, 2, 1, 2 ], [ 0, 1, 1, 2, 2, 2 ], [ 1, 2, 2, 0, 2, 0 ], [ 1, 0, 1, 0, 0, 0 ], [ 0, 0, 2, 0, 1, 0 ], [ 1, 1, 1, 2, 1, 0 ] ];12597120
[ [ 1, 0, 2, 1, 0, 1 ], [ 2, 0, 1, 2, 2, 2 ], [ 1, 1, 2, 0, 2, 0 ], [ 2, 0, 0, 0, 0, 0 ], [ 0, 0, 2, 0, 1, 0 ], [ 1, 0, 2, 2, 2, 0 ] ];12597120
[ [ 2, 2, 1, 1, 2, 1 ], [ 1, 0, 0, 2, 2, 0 ], [ 2, 1, 0, 0, 0, 1 ], [ 0, 1, 1, 2, 1, 2 ], [ 1, 2, 2, 1, 0, 1 ], [ 0, 1, 2, 2, 2, 0 ] ];2099520
[ [ 1, 2, 2, 1, 0, 0 ], [ 0, 2, 1, 0, 2, 1 ], [ 2, 0, 2, 0, 0, 2 ], [ 0, 2, 1, 1, 1, 0 ], [ 2, 2, 0, 1, 0, 0 ], [ 1, 0, 0, 1, 1, 1 ] ];4199040
[ [ 2, 2, 1, 1, 2, 1 ], [ 1, 2, 0, 0, 0, 1 ], [ 1, 1, 0, 0, 2, 1 ], [ 0, 1, 1, 2, 1, 2 ], [ 1, 2, 2, 1, 0, 1 ], [ 1, 0, 2, 0, 1, 1 ] ];12597120
[ [ 0, 2, 1, 1, 0, 1 ], [ 1, 2, 1, 2, 1, 2 ], [ 2, 1, 2, 0, 0, 1 ], [ 0, 0, 1, 0, 2, 0 ], [ 2, 2, 2, 1, 1, 1 ], [ 0, 0, 1, 2, 1, 2 ] ];4199040
[ [ 1, 0, 1, 0, 0, 0 ], [ 1, 1, 2, 0, 1, 0 ], [ 2, 0, 0, 0, 0, 2 ], [ 1, 1, 1, 2, 2, 2 ], [ 1, 1, 2, 2, 1, 2 ], [ 2, 0, 1, 0, 0, 2 ] ];12597120
[ [ 2, 1, 1, 2, 0, 2 ], [ 2, 1, 0, 2, 2, 2 ], [ 2, 0, 2, 1, 2, 2 ], [ 0, 0, 1, 0, 2, 0 ], [ 1, 0, 2, 0, 2, 0 ], [ 0, 1, 0, 0, 1, 0 ] ];12597120
[ [ 2, 0, 0, 2, 1, 1 ], [ 1, 1, 1, 0, 0, 1 ], [ 0, 1, 1, 0, 1, 1 ], [ 0, 2, 0, 2, 1, 0 ], [ 1, 0, 2, 0, 2, 0 ], [ 2, 2, 2, 2, 2, 2 ] ];4199040
[ [ 2, 1, 1, 2, 0, 2 ], [ 1, 0, 2, 0, 0, 2 ], [ 2, 1, 0, 2, 1, 1 ], [ 0, 1, 1, 2, 1, 2 ], [ 2, 0, 2, 0, 0, 0 ], [ 2, 0, 1, 2, 2, 0 ] ];4199040
[ [ 1, 1, 1, 2, 2, 2 ], [ 0, 1, 2, 2, 1, 2 ], [ 0, 1, 2, 2, 2, 1 ], [ 2, 0, 1, 0, 1, 0 ], [ 2, 0, 2, 0, 0, 0 ], [ 1, 1, 2, 1, 0, 0 ] ];4199040
[ [ 0, 2, 0, 1, 2, 2 ], [ 0, 1, 2, 0, 0, 0 ], [ 0, 2, 0, 0, 1, 1 ], [ 1, 0, 1, 2, 1, 1 ], [ 2, 0, 1, 1, 1, 2 ], [ 1, 0, 2, 2, 1, 0 ] ];4199040
[ [ 1, 2, 0, 2, 0, 0 ], [ 2, 0, 2, 2, 0, 0 ], [ 2, 2, 2, 0, 0, 2 ], [ 0, 0, 0, 0, 1, 0 ], [ 0, 2, 1, 2, 1, 0 ], [ 2, 1, 0, 2, 1, 0 ] ];4199040
[ [ 1, 2, 1, 1, 1, 1 ], [ 2, 2, 2, 0, 2, 1 ], [ 2, 2, 0, 1, 2, 0 ], [ 2, 1, 1, 2, 0, 2 ], [ 2, 2, 2, 1, 1, 1 ], [ 2, 0, 1, 1, 0, 1 ] ];4199040
[ [ 1, 2, 1, 1, 1, 1 ], [ 2, 1, 2, 1, 0, 2 ], [ 1, 2, 0, 1, 1, 0 ], [ 2, 1, 1, 2, 0, 2 ], [ 2, 2, 2, 1, 1, 1 ], [ 0, 2, 1, 2, 2, 2 ] ];12597120
[ [ 0, 2, 1, 1, 0, 1 ], [ 2, 1, 1, 1, 1, 2 ], [ 2, 0, 0, 2, 1, 2 ], [ 1, 1, 1, 2, 2, 2 ], [ 0, 2, 2, 1, 2, 1 ], [ 0, 2, 0, 0, 0, 2 ] ];4199040
[ [ 2, 0, 0, 1, 1, 2 ], [ 0, 1, 1, 2, 2, 1 ], [ 2, 1, 0, 0, 0, 1 ], [ 2, 0, 1, 2, 0, 1 ], [ 1, 0, 1, 1, 2, 2 ], [ 1, 1, 0, 2, 1, 0 ] ];2099520
[ [ 0, 2, 1, 1, 0, 1 ], [ 0, 0, 1, 2, 0, 0 ], [ 2, 1, 0, 0, 2, 1 ], [ 2, 1, 1, 2, 0, 2 ], [ 2, 2, 2, 1, 1, 1 ], [ 1, 0, 0, 0, 1, 1 ] ];4199040
[ [ 0, 0, 1, 0, 2, 0 ], [ 2, 2, 0, 1, 1, 0 ], [ 2, 1, 2, 1, 2, 1 ], [ 1, 0, 1, 0, 0, 0 ], [ 1, 1, 2, 2, 1, 2 ], [ 2, 1, 0, 2, 2, 2 ] ];2099520
[ [ 1, 0, 1, 0, 0, 0 ], [ 2, 0, 1, 1, 2, 0 ], [ 1, 0, 2, 0, 1, 1 ], [ 1, 0, 0, 0, 2, 0 ], [ 0, 2, 0, 1, 0, 2 ], [ 1, 1, 0, 2, 0, 1 ] ];2099520
[ [ 0, 0, 0, 2, 1, 1 ], [ 1, 2, 0, 1, 0, 1 ], [ 1, 1, 2, 0, 0, 1 ], [ 1, 0, 1, 1, 0, 2 ], [ 1, 0, 2, 0, 2, 0 ], [ 0, 2, 1, 1, 1, 0 ] ];2099520
[ [ 2, 2, 1, 1, 2, 1 ], [ 0, 2, 0, 0, 0, 0 ], [ 0, 1, 0, 0, 2, 0 ], [ 0, 1, 1, 2, 1, 2 ], [ 0, 0, 2, 0, 1, 0 ], [ 0, 1, 2, 2, 2, 0 ] ];524880
[ [ 1, 0, 1, 0, 0, 0 ], [ 1, 0, 1, 1, 1, 1 ], [ 1, 0, 1, 0, 0, 1 ], [ 0, 2, 0, 1, 2, 2 ], [ 1, 2, 2, 1, 0, 2 ], [ 2, 0, 1, 0, 0, 1 ] ];2099520
[ [ 0, 2, 1, 1, 1, 0 ], [ 2, 1, 1, 1, 2, 2 ], [ 2, 0, 1, 0, 2, 2 ], [ 1, 1, 0, 2, 0, 0 ], [ 1, 2, 2, 1, 1, 0 ], [ 2, 1, 1, 0, 0, 2 ] ];1574640
[ [ 0, 0, 1, 0, 2, 0 ], [ 0, 2, 0, 2, 1, 1 ], [ 1, 2, 2, 0, 0, 0 ], [ 1, 1, 1, 1, 0, 1 ], [ 0, 2, 1, 2, 0, 2 ], [ 2, 0, 1, 2, 2, 2 ] ];2099520
[ [ 0, 1, 1, 2, 1, 2 ], [ 0, 0, 0, 2, 1, 1 ], [ 1, 0, 1, 1, 0, 2 ], [ 2, 2, 1, 1, 2, 1 ], [ 1, 0, 2, 0, 2, 0 ], [ 0, 2, 1, 1, 1, 0 ] ];2099520
[ [ 1, 0, 0, 2, 2, 2 ], [ 0, 2, 1, 2, 1, 0 ], [ 2, 0, 1, 1, 1, 2 ], [ 0, 2, 1, 0, 2, 2 ], [ 0, 2, 0, 2, 2, 1 ], [ 1, 1, 1, 1, 1, 0 ] ];12597120
[ [ 2, 1, 1, 0, 1, 2 ], [ 1, 1, 0, 2, 1, 0 ], [ 2, 2, 1, 1, 1, 2 ], [ 1, 1, 1, 0, 0, 2 ], [ 0, 2, 0, 2, 2, 1 ], [ 0, 0, 0, 1, 2, 0 ] ];12597120
[ [ 0, 0, 0, 0, 1, 1 ], [ 1, 2, 1, 1, 1, 2 ], [ 1, 2, 1, 1, 0, 0 ], [ 2, 0, 1, 0, 1, 1 ], [ 1, 1, 0, 1, 0, 0 ], [ 1, 0, 1, 0, 0, 0 ] ];3149280
[ [ 2, 1, 0, 1, 0, 2 ], [ 0, 0, 1, 0, 2, 0 ], [ 0, 1, 1, 1, 2, 1 ], [ 1, 1, 1, 0, 0, 0 ], [ 2, 2, 0, 0, 1, 0 ], [ 2, 0, 1, 2, 0, 2 ] ];12597120
[ [ 1, 0, 0, 1, 2, 2 ], [ 0, 0, 0, 0, 2, 1 ], [ 2, 2, 1, 0, 1, 2 ], [ 2, 2, 1, 1, 1, 2 ], [ 0, 2, 0, 2, 2, 1 ], [ 1, 2, 0, 1, 2, 1 ] ];12597120
[ [ 1, 0, 0, 0, 2, 2 ], [ 2, 1, 2, 2, 2, 2 ], [ 2, 1, 1, 0, 1, 2 ], [ 1, 2, 1, 2, 0, 2 ], [ 0, 2, 0, 2, 2, 1 ], [ 0, 0, 2, 2, 2, 2 ] ];12597120
[ [ 2, 1, 1, 0, 1, 2 ], [ 0, 1, 2, 0, 2, 0 ], [ 0, 2, 1, 1, 2, 2 ], [ 1, 1, 1, 0, 0, 2 ], [ 0, 2, 0, 2, 2, 1 ], [ 1, 0, 2, 2, 2, 0 ] ];3149280
[ [ 2, 1, 1, 0, 1, 2 ], [ 0, 2, 2, 1, 1, 1 ], [ 0, 2, 2, 1, 2, 2 ], [ 0, 1, 0, 1, 1, 2 ], [ 2, 2, 0, 2, 1, 1 ], [ 1, 1, 1, 0, 1, 1 ] ];12597120
[ [ 0, 0, 0, 2, 0, 2 ], [ 2, 0, 1, 0, 0, 2 ], [ 1, 0, 1, 1, 2, 2 ], [ 2, 2, 1, 0, 2, 2 ], [ 1, 2, 0, 2, 0, 1 ], [ 2, 0, 1, 1, 2, 2 ] ];12597120
[ [ 2, 0, 1, 2, 0, 2 ], [ 2, 2, 1, 0, 2, 2 ], [ 1, 0, 2, 1, 0, 2 ], [ 0, 1, 1, 1, 2, 2 ], [ 1, 2, 0, 2, 0, 1 ], [ 1, 1, 2, 2, 0, 2 ] ];12597120
[ [ 1, 1, 2, 2, 1, 2 ], [ 2, 0, 0, 1, 1, 0 ], [ 1, 0, 1, 1, 0, 1 ], [ 0, 1, 1, 0, 2, 2 ], [ 2, 2, 2, 0, 0, 1 ], [ 0, 1, 0, 0, 1, 1 ] ];3149280
[ [ 1, 1, 2, 2, 1, 2 ], [ 2, 0, 2, 2, 0, 0 ], [ 2, 0, 1, 1, 1, 1 ], [ 0, 1, 1, 0, 2, 2 ], [ 2, 2, 2, 0, 0, 1 ], [ 2, 1, 2, 1, 2, 1 ] ];12597120
[ [ 0, 1, 2, 2, 0, 2 ], [ 1, 0, 1, 0, 1, 2 ], [ 2, 0, 2, 1, 1, 1 ], [ 1, 1, 0, 1, 2, 2 ], [ 2, 2, 2, 0, 0, 1 ], [ 1, 1, 0, 2, 0, 0 ] ];12597120
[ [ 2, 1, 0, 1, 0, 2 ], [ 0, 1, 2, 2, 1, 0 ], [ 0, 1, 1, 0, 2, 2 ], [ 2, 1, 1, 2, 1, 0 ], [ 2, 2, 0, 1, 1, 0 ], [ 2, 1, 2, 2, 2, 2 ] ];12597120
[ [ 2, 1, 0, 1, 0, 2 ], [ 2, 0, 2, 1, 2, 2 ], [ 1, 1, 1, 1, 0, 0 ], [ 2, 1, 1, 0, 1, 2 ], [ 2, 2, 1, 1, 2, 1 ], [ 1, 0, 2, 0, 0, 1 ] ];12597120
[ [ 0, 1, 0, 1, 1, 2 ], [ 0, 2, 0, 2, 2, 2 ], [ 1, 1, 2, 1, 0, 0 ], [ 2, 1, 0, 1, 0, 2 ], [ 0, 2, 1, 1, 0, 1 ], [ 2, 2, 2, 1, 0, 1 ] ];12597120
[ [ 1, 1, 1, 0, 0, 2 ], [ 1, 0, 2, 0, 2, 1 ], [ 2, 2, 2, 1, 2, 2 ], [ 0, 1, 1, 0, 2, 2 ], [ 0, 2, 0, 2, 2, 1 ], [ 0, 2, 2, 1, 0, 1 ] ];12597120
[ [ 1, 1, 1, 0, 0, 2 ], [ 1, 1, 2, 0, 1, 2 ], [ 1, 2, 0, 1, 1, 2 ], [ 0, 1, 0, 1, 1, 2 ], [ 2, 2, 0, 2, 1, 1 ], [ 0, 0, 1, 1, 2, 2 ] ];12597120
[ [ 0, 1, 1, 0, 2, 2 ], [ 1, 2, 0, 2, 2, 2 ], [ 1, 2, 0, 1, 2, 2 ], [ 2, 1, 1, 0, 1, 2 ], [ 0, 2, 0, 2, 2, 1 ], [ 2, 1, 0, 2, 2, 2 ] ];12597120
[ [ 1, 2, 1, 0, 2, 0 ], [ 2, 1, 0, 2, 2, 1 ], [ 1, 2, 1, 1, 0, 1 ], [ 1, 2, 1, 0, 1, 0 ], [ 2, 1, 0, 0, 0, 0 ], [ 2, 0, 1, 1, 2, 0 ] ];12597120
[ [ 0, 1, 1, 0, 2, 2 ], [ 1, 2, 2, 2, 0, 0 ], [ 2, 2, 0, 1, 0, 2 ], [ 2, 1, 2, 2, 2, 2 ], [ 0, 2, 0, 2, 2, 1 ], [ 1, 1, 1, 0, 1, 0 ] ];12597120
[ [ 2, 1, 2, 2, 2, 2 ], [ 1, 2, 1, 2, 0, 1 ], [ 0, 0, 2, 1, 0, 1 ], [ 2, 1, 1, 0, 1, 2 ], [ 0, 2, 2, 0, 1, 1 ], [ 1, 0, 1, 0, 2, 2 ] ];12597120
[ [ 1, 1, 1, 0, 0, 0 ], [ 2, 1, 1, 2, 0, 2 ], [ 0, 2, 2, 1, 2, 1 ], [ 0, 2, 1, 1, 0, 0 ], [ 2, 0, 1, 2, 2, 0 ], [ 1, 1, 1, 0, 1, 2 ] ];12597120
[ [ 1, 0, 0, 2, 2, 1 ], [ 0, 2, 2, 1, 1, 2 ], [ 1, 0, 1, 1, 0, 1 ], [ 1, 2, 1, 0, 0, 0 ], [ 2, 1, 0, 0, 1, 0 ], [ 2, 1, 2, 0, 2, 1 ] ];3149280
[ [ 0, 1, 0, 1, 1, 2 ], [ 1, 1, 0, 2, 2, 0 ], [ 1, 1, 0, 1, 1, 0 ], [ 2, 1, 0, 1, 0, 2 ], [ 2, 2, 1, 1, 2, 1 ], [ 1, 1, 2, 0, 1, 2 ] ];3149280
[ [ 2, 1, 0, 1, 0, 2 ], [ 1, 0, 2, 2, 1, 0 ], [ 2, 1, 2, 1, 2, 1 ], [ 2, 1, 1, 1, 1, 2 ], [ 0, 2, 1, 0, 0, 0 ], [ 2, 0, 1, 2, 0, 1 ] ];3149280
[ [ 0, 0, 0, 1, 2, 2 ], [ 2, 1, 0, 2, 0, 2 ], [ 2, 2, 1, 0, 0, 2 ], [ 2, 2, 1, 1, 0, 2 ], [ 2, 2, 0, 2, 1, 1 ], [ 0, 2, 0, 0, 2, 2 ] ];3149280
[ [ 1, 1, 2, 2, 1, 2 ], [ 2, 2, 1, 1, 2, 2 ], [ 2, 0, 1, 1, 0, 2 ], [ 1, 1, 1, 0, 0, 2 ], [ 1, 2, 0, 2, 0, 1 ], [ 2, 0, 2, 2, 0, 2 ] ];1574640
[ [ 2, 1, 0, 1, 0, 2 ], [ 2, 0, 2, 2, 2, 2 ], [ 2, 1, 0, 1, 0, 1 ], [ 0, 1, 0, 2, 1, 1 ], [ 2, 2, 2, 0, 0, 0 ], [ 1, 0, 2, 0, 0, 2 ] ];3149280
[ [ 1, 0, 1, 1, 0, 1 ], [ 1, 2, 2, 2, 1, 1 ], [ 1, 0, 2, 0, 1, 1 ], [ 2, 2, 0, 1, 0, 0 ], [ 2, 1, 1, 2, 2, 0 ], [ 1, 2, 2, 0, 0, 1 ] ];1574640
[ [ 0, 1, 0, 1, 1, 2 ], [ 0, 1, 0, 1, 2, 2 ], [ 2, 1, 1, 0, 0, 0 ], [ 2, 1, 1, 1, 0, 0 ], [ 0, 2, 0, 2, 0, 0 ], [ 1, 1, 0, 2, 1, 0 ] ];3149280
[ [ 0, 1, 1, 0, 2, 2 ], [ 0, 0, 0, 1, 2, 2 ], [ 2, 2, 1, 1, 0, 2 ], [ 1, 1, 2, 2, 1, 2 ], [ 2, 2, 0, 2, 1, 1 ], [ 0, 2, 0, 0, 2, 2 ] ];3149280
[ [ 2, 1, 0, 0, 1, 2 ], [ 0, 0, 1, 1, 1, 0 ], [ 2, 1, 1, 1, 0, 0 ], [ 0, 0, 1, 2, 1, 2 ], [ 1, 2, 0, 0, 0, 0 ], [ 2, 2, 2, 0, 2, 2 ] ];1399680
[ [ 1, 1, 1, 1, 0, 0 ], [ 1, 2, 0, 0, 0, 1 ], [ 1, 1, 1, 1, 2, 0 ], [ 2, 1, 1, 2, 0, 2 ], [ 2, 2, 0, 0, 1, 0 ], [ 2, 1, 1, 2, 0, 0 ] ];4199040
[ [ 2, 0, 0, 0, 2, 2 ], [ 2, 0, 2, 0, 2, 1 ], [ 0, 2, 1, 1, 1, 2 ], [ 1, 2, 1, 2, 2, 0 ], [ 2, 2, 0, 0, 0, 1 ], [ 0, 0, 0, 2, 2, 2 ] ];4199040
[ [ 2, 1, 0, 0, 1, 2 ], [ 0, 0, 0, 0, 0, 1 ], [ 1, 1, 1, 1, 0, 2 ], [ 2, 0, 1, 1, 0, 2 ], [ 1, 2, 0, 2, 0, 0 ], [ 1, 2, 1, 0, 0, 0 ] ];4199040
[ [ 2, 1, 0, 0, 1, 2 ], [ 2, 0, 2, 1, 1, 2 ], [ 0, 1, 1, 2, 0, 1 ], [ 1, 0, 1, 0, 2, 2 ], [ 1, 2, 0, 1, 0, 0 ], [ 2, 2, 0, 2, 0, 1 ] ];4199040
[ [ 2, 1, 0, 0, 1, 2 ], [ 0, 1, 1, 2, 2, 0 ], [ 1, 1, 0, 1, 2, 0 ], [ 1, 0, 0, 2, 0, 1 ], [ 1, 2, 1, 0, 0, 0 ], [ 0, 0, 1, 1, 1, 2 ] ];4199040
[ [ 1, 1, 1, 1, 0, 1 ], [ 0, 0, 1, 2, 0, 2 ], [ 0, 1, 1, 1, 1, 1 ], [ 2, 1, 1, 2, 0, 2 ], [ 1, 2, 1, 1, 1, 2 ], [ 1, 2, 2, 1, 0, 2 ] ];1399680
[ [ 1, 0, 0, 1, 2, 1 ], [ 1, 1, 2, 0, 2, 2 ], [ 2, 1, 1, 1, 1, 2 ], [ 1, 1, 1, 1, 2, 1 ], [ 1, 1, 0, 1, 1, 0 ], [ 0, 2, 0, 0, 0, 2 ] ];524880
[ [ 1, 1, 1, 2, 0, 0 ], [ 1, 1, 1, 0, 1, 2 ], [ 0, 1, 2, 0, 2, 0 ], [ 1, 1, 1, 2, 2, 2 ], [ 1, 2, 0, 2, 0, 0 ], [ 2, 0, 2, 0, 1, 1 ] ];4199040
[ [ 2, 1, 1, 0, 0, 0 ], [ 0, 2, 1, 0, 0, 0 ], [ 1, 1, 0, 2, 0, 0 ], [ 1, 1, 1, 2, 2, 2 ], [ 2, 2, 0, 1, 2, 0 ], [ 1, 1, 0, 2, 0, 2 ] ];524880
[ [ 0, 0, 1, 1, 1, 1 ], [ 1, 2, 0, 0, 1, 2 ], [ 1, 0, 0, 1, 0, 2 ], [ 2, 0, 2, 1, 0, 1 ], [ 1, 2, 2, 2, 0, 0 ], [ 2, 2, 0, 0, 1, 1 ] ];524880
[ [ 1, 1, 0, 0, 0, 2 ], [ 0, 1, 0, 1, 0, 1 ], [ 0, 1, 1, 1, 2, 2 ], [ 1, 0, 1, 1, 1, 2 ], [ 1, 2, 0, 2, 2, 0 ], [ 1, 0, 1, 2, 1, 1 ] ];524880
[ [ 0, 2, 2, 1, 0, 2 ], [ 2, 0, 2, 0, 1, 1 ], [ 1, 2, 0, 2, 1, 2 ], [ 1, 1, 1, 2, 2, 2 ], [ 2, 1, 2, 0, 0, 1 ], [ 0, 0, 0, 1, 1, 2 ] ];524880
[ [ 1, 1, 0, 0, 0, 2 ], [ 2, 0, 2, 1, 0, 0 ], [ 1, 1, 1, 1, 0, 2 ], [ 1, 0, 1, 2, 1, 0 ], [ 2, 2, 2, 2, 0, 0 ], [ 0, 2, 2, 2, 1, 0 ] ];524880
[ [ 2, 1, 0, 0, 1, 2 ], [ 0, 2, 0, 0, 0, 0 ], [ 0, 1, 0, 2, 0, 1 ], [ 0, 0, 1, 2, 0, 0 ], [ 0, 2, 2, 1, 2, 0 ], [ 0, 1, 2, 1, 2, 2 ] ];349920
[ [ 1, 2, 0, 1, 2, 2 ], [ 0, 2, 2, 2, 1, 0 ], [ 1, 1, 2, 1, 1, 1 ], [ 2, 1, 0, 1, 2, 2 ], [ 0, 0, 1, 1, 1, 0 ], [ 1, 2, 2, 0, 2, 0 ] ];174960
[ [ 1, 0, 0, 2, 2, 2 ], [ 0, 2, 1, 2, 0, 2 ], [ 1, 1, 1, 1, 0, 2 ], [ 1, 2, 1, 1, 0, 0 ], [ 1, 2, 0, 0, 2, 1 ], [ 0, 1, 2, 1, 0, 0 ] ];174960
[ [ 1, 2, 0, 0, 2, 1 ], [ 0, 0, 2, 2, 2, 0 ], [ 1, 2, 2, 2, 0, 0 ], [ 0, 0, 2, 1, 2, 1 ], [ 2, 1, 0, 0, 0, 0 ], [ 1, 1, 1, 0, 1, 1 ] ];1399680
[ [ 2, 2, 2, 2, 0, 0 ], [ 2, 1, 0, 0, 0, 2 ], [ 2, 2, 2, 2, 1, 0 ], [ 1, 2, 2, 1, 0, 1 ], [ 1, 1, 0, 0, 2, 0 ], [ 1, 2, 2, 1, 0, 0 ] ];4199040
[ [ 1, 0, 0, 0, 1, 1 ], [ 1, 0, 1, 0, 1, 2 ], [ 0, 1, 2, 2, 2, 1 ], [ 2, 1, 2, 1, 1, 0 ], [ 1, 1, 0, 0, 0, 2 ], [ 0, 0, 0, 1, 1, 1 ] ];4199040
[ [ 1, 2, 0, 0, 2, 1 ], [ 0, 0, 0, 0, 0, 2 ], [ 2, 2, 2, 2, 0, 1 ], [ 1, 0, 2, 2, 0, 1 ], [ 2, 1, 0, 1, 0, 0 ], [ 2, 1, 2, 0, 0, 0 ] ];4199040
[ [ 1, 2, 0, 0, 2, 1 ], [ 1, 0, 1, 2, 2, 1 ], [ 0, 2, 2, 1, 0, 2 ], [ 2, 0, 2, 0, 1, 1 ], [ 2, 1, 0, 2, 0, 0 ], [ 1, 1, 0, 1, 0, 2 ] ];4199040
[ [ 1, 2, 0, 0, 2, 1 ], [ 0, 2, 2, 1, 1, 0 ], [ 2, 2, 0, 2, 1, 0 ], [ 2, 0, 0, 1, 0, 2 ], [ 2, 1, 2, 0, 0, 0 ], [ 0, 0, 2, 2, 2, 1 ] ];4199040
[ [ 2, 2, 2, 2, 0, 2 ], [ 0, 0, 2, 1, 0, 1 ], [ 0, 2, 2, 2, 2, 2 ], [ 1, 2, 2, 1, 0, 1 ], [ 2, 1, 2, 2, 2, 1 ], [ 2, 1, 1, 2, 0, 1 ] ];1399680
[ [ 2, 0, 0, 2, 1, 2 ], [ 2, 2, 1, 0, 1, 1 ], [ 1, 2, 2, 2, 2, 1 ], [ 2, 2, 2, 2, 1, 2 ], [ 2, 2, 0, 2, 2, 0 ], [ 0, 1, 0, 0, 0, 1 ] ];524880
[ [ 2, 2, 2, 1, 0, 0 ], [ 2, 2, 2, 0, 2, 1 ], [ 0, 2, 1, 0, 1, 0 ], [ 2, 2, 2, 1, 1, 1 ], [ 2, 1, 0, 1, 0, 0 ], [ 1, 0, 1, 0, 2, 2 ] ];4199040
[ [ 1, 2, 2, 0, 0, 0 ], [ 0, 1, 2, 0, 0, 0 ], [ 2, 2, 0, 1, 0, 0 ], [ 2, 2, 2, 1, 1, 1 ], [ 1, 1, 0, 2, 1, 0 ], [ 2, 2, 0, 1, 0, 1 ] ];524880
[ [ 0, 0, 2, 2, 2, 2 ], [ 2, 1, 0, 0, 2, 1 ], [ 2, 0, 0, 2, 0, 1 ], [ 1, 0, 1, 2, 0, 2 ], [ 2, 1, 1, 1, 0, 0 ], [ 1, 1, 0, 0, 2, 2 ] ];524880
[ [ 2, 2, 0, 0, 0, 1 ], [ 0, 2, 0, 2, 0, 2 ], [ 0, 2, 2, 2, 1, 1 ], [ 2, 0, 2, 2, 2, 1 ], [ 2, 1, 0, 1, 1, 0 ], [ 2, 0, 2, 1, 2, 2 ] ];524880
[ [ 0, 1, 1, 2, 0, 1 ], [ 1, 0, 1, 0, 2, 2 ], [ 2, 1, 0, 1, 2, 1 ], [ 2, 2, 2, 1, 1, 1 ], [ 1, 2, 1, 0, 0, 2 ], [ 0, 0, 0, 2, 2, 1 ] ];524880
[ [ 2, 2, 0, 0, 0, 1 ], [ 1, 0, 1, 2, 0, 0 ], [ 2, 2, 2, 2, 0, 1 ], [ 2, 0, 2, 1, 2, 0 ], [ 1, 1, 1, 1, 0, 0 ], [ 0, 1, 1, 1, 2, 0 ] ];524880
[ [ 1, 2, 0, 0, 2, 1 ], [ 0, 1, 0, 0, 0, 0 ], [ 0, 2, 0, 1, 0, 2 ], [ 0, 0, 2, 1, 0, 0 ], [ 0, 1, 1, 2, 1, 0 ], [ 0, 2, 1, 2, 1, 1 ] ];349920
[ [ 2, 1, 0, 2, 1, 1 ], [ 0, 1, 1, 1, 2, 0 ], [ 2, 2, 1, 2, 2, 2 ], [ 1, 2, 0, 2, 1, 1 ], [ 0, 0, 2, 2, 2, 0 ], [ 2, 1, 1, 0, 1, 0 ] ];174960
[ [ 2, 0, 0, 1, 1, 1 ], [ 0, 1, 2, 1, 0, 1 ], [ 2, 2, 2, 2, 0, 1 ], [ 2, 1, 2, 2, 0, 0 ], [ 2, 1, 0, 0, 1, 2 ], [ 0, 2, 1, 2, 0, 0 ] ];174960
[ [ 1, 2, 1, 1, 0, 0 ], [ 2, 2, 0, 0, 0, 2 ], [ 0, 1, 0, 2, 1, 0 ], [ 0, 2, 2, 0, 2, 2 ], [ 1, 0, 1, 0, 2, 0 ], [ 0, 0, 2, 2, 0, 1 ] ];131220
[ [ 1, 0, 2, 0, 1, 2 ], [ 1, 2, 1, 2, 1, 0 ], [ 1, 0, 0, 2, 2, 0 ], [ 1, 1, 2, 0, 0, 2 ], [ 0, 2, 1, 0, 1, 0 ], [ 1, 2, 0, 1, 0, 2 ] ];131220
[ [ 2, 2, 0, 2, 1, 2 ], [ 0, 1, 2, 2, 0, 0 ], [ 1, 2, 0, 2, 2, 2 ], [ 2, 0, 2, 0, 1, 1 ], [ 0, 2, 2, 2, 1, 2 ], [ 0, 2, 1, 1, 2, 2 ] ];116640
[ [ 0, 2, 1, 1, 1, 2 ], [ 0, 1, 0, 0, 0, 1 ], [ 0, 1, 2, 1, 0, 1 ], [ 2, 2, 1, 1, 1, 0 ], [ 1, 1, 2, 1, 2, 1 ], [ 1, 1, 0, 0, 2, 0 ] ];3149280
[ [ 1, 0, 1, 0, 1, 1 ], [ 2, 2, 0, 0, 0, 2 ], [ 0, 0, 2, 1, 0, 2 ], [ 1, 1, 1, 1, 0, 1 ], [ 2, 0, 2, 2, 1, 2 ], [ 1, 1, 0, 0, 0, 2 ] ];3149280
[ [ 1, 2, 1, 0, 2, 2 ], [ 0, 0, 1, 0, 2, 1 ], [ 1, 1, 2, 0, 2, 1 ], [ 0, 2, 1, 2, 2, 0 ], [ 0, 1, 2, 2, 1, 1 ], [ 1, 0, 1, 1, 1, 0 ] ];3149280
[ [ 1, 1, 1, 2, 0, 0 ], [ 2, 2, 0, 1, 0, 2 ], [ 2, 2, 2, 1, 2, 1 ], [ 0, 1, 1, 1, 2, 0 ], [ 1, 1, 2, 1, 2, 1 ], [ 0, 2, 0, 1, 2, 1 ] ];1049760
[ [ 0, 1, 1, 2, 1, 0 ], [ 1, 2, 2, 2, 0, 1 ], [ 1, 2, 2, 1, 1, 1 ], [ 2, 1, 1, 1, 0, 0 ], [ 1, 1, 2, 1, 0, 1 ], [ 2, 1, 2, 2, 0, 1 ] ];3149280
[ [ 2, 2, 0, 1, 0, 2 ], [ 2, 2, 1, 1, 2, 2 ], [ 2, 1, 0, 1, 2, 1 ], [ 0, 2, 2, 0, 1, 0 ], [ 0, 1, 0, 1, 1, 1 ], [ 0, 2, 2, 1, 1, 1 ] ];3149280
[ [ 1, 1, 1, 2, 0, 0 ], [ 1, 1, 0, 1, 0, 2 ], [ 2, 2, 2, 1, 2, 1 ], [ 1, 2, 1, 1, 0, 2 ], [ 1, 1, 2, 1, 2, 1 ], [ 1, 0, 0, 1, 1, 2 ] ];3149280
[ [ 2, 1, 1, 0, 1, 0 ], [ 1, 1, 2, 0, 1, 0 ], [ 0, 2, 2, 2, 2, 0 ], [ 2, 0, 1, 0, 1, 2 ], [ 0, 2, 2, 2, 0, 0 ], [ 1, 2, 2, 2, 2, 1 ] ];1049760
[ [ 1, 0, 1, 0, 0, 1 ], [ 0, 2, 2, 0, 1, 1 ], [ 0, 0, 2, 1, 1, 2 ], [ 2, 1, 1, 1, 2, 1 ], [ 2, 0, 2, 2, 2, 2 ], [ 1, 1, 2, 2, 0, 1 ] ];116640
[ [ 0, 1, 2, 2, 0, 0 ], [ 0, 0, 1, 0, 2, 2 ], [ 0, 2, 1, 1, 2, 0 ], [ 1, 0, 0, 2, 0, 2 ], [ 1, 2, 1, 0, 0, 0 ], [ 2, 1, 0, 1, 2, 0 ] ];116640
[ [ 2, 2, 1, 2, 2, 0 ], [ 0, 2, 0, 0, 0, 0 ], [ 0, 2, 2, 2, 0, 2 ], [ 0, 0, 2, 1, 0, 0 ], [ 0, 1, 1, 2, 1, 2 ], [ 0, 2, 0, 0, 0, 1 ] ];43740
[ [ 2, 2, 2, 1, 1, 1 ], [ 1, 1, 1, 2, 0, 1 ], [ 1, 1, 2, 2, 1, 2 ], [ 0, 0, 2, 1, 0, 0 ], [ 0, 1, 1, 2, 1, 2 ], [ 2, 0, 1, 2, 1, 2 ] ];1399680
[ [ 2, 0, 0, 0, 0, 1 ], [ 0, 2, 0, 0, 0, 1 ], [ 0, 0, 2, 2, 0, 1 ], [ 0, 0, 2, 1, 0, 0 ], [ 1, 2, 2, 1, 1, 2 ], [ 0, 0, 0, 0, 0, 1 ] ];349920
[ [ 1, 2, 2, 1, 0, 1 ], [ 0, 1, 0, 0, 0, 0 ], [ 0, 1, 2, 2, 0, 0 ], [ 0, 0, 2, 1, 0, 0 ], [ 0, 2, 0, 0, 2, 0 ], [ 0, 0, 0, 0, 0, 2 ] ];43740
[ [ 1, 2, 1, 1, 1, 0 ], [ 2, 2, 1, 1, 2, 0 ], [ 1, 2, 1, 0, 2, 1 ], [ 1, 0, 2, 1, 1, 0 ], [ 2, 1, 1, 2, 0, 2 ], [ 2, 2, 1, 2, 2, 1 ] ];1399680
[ [ 0, 2, 2, 2, 0, 0 ], [ 1, 1, 2, 2, 1, 2 ], [ 1, 2, 1, 2, 1, 2 ], [ 0, 0, 2, 2, 1, 2 ], [ 1, 1, 1, 2, 2, 2 ], [ 1, 1, 1, 2, 1, 0 ] ];174960
[ [ 2, 0, 0, 2, 0, 1 ], [ 2, 2, 2, 1, 2, 1 ], [ 0, 1, 0, 2, 2, 1 ], [ 2, 0, 2, 1, 2, 0 ], [ 0, 2, 2, 0, 0, 2 ], [ 2, 0, 2, 0, 2, 1 ] ];174960
[ [ 2, 2, 2, 1, 1, 1 ], [ 2, 1, 1, 0, 2, 0 ], [ 0, 2, 1, 0, 1, 1 ], [ 1, 0, 2, 1, 1, 0 ], [ 0, 2, 0, 2, 2, 0 ], [ 2, 0, 1, 1, 2, 2 ] ];21870
[ [ 0, 2, 2, 1, 2, 1 ], [ 2, 1, 2, 0, 2, 0 ], [ 2, 0, 0, 2, 1, 2 ], [ 2, 0, 2, 1, 2, 0 ], [ 0, 2, 0, 1, 2, 0 ], [ 2, 0, 2, 2, 2, 2 ] ];174960
[ [ 2, 2, 1, 2, 0, 0 ], [ 1, 0, 1, 2, 0, 2 ], [ 1, 2, 2, 2, 0, 2 ], [ 0, 0, 2, 1, 0, 0 ], [ 1, 1, 1, 2, 2, 2 ], [ 0, 0, 0, 0, 0, 2 ] ];174960
[ [ 2, 1, 0, 0, 1, 1 ], [ 1, 1, 0, 2, 1, 1 ], [ 1, 2, 2, 2, 0, 0 ], [ 0, 0, 0, 2, 0, 0 ], [ 2, 0, 0, 2, 0, 2 ], [ 1, 0, 0, 1, 1, 2 ] ];21870
[ [ 2, 0, 0, 2, 0, 0 ], [ 1, 2, 0, 0, 2, 1 ], [ 0, 2, 2, 2, 0, 2 ], [ 0, 1, 1, 1, 1, 0 ], [ 2, 1, 1, 2, 2, 1 ], [ 2, 1, 1, 0, 0, 0 ] ];524880
[ [ 1, 1, 2, 1, 2, 0 ], [ 1, 2, 2, 2, 0, 2 ], [ 1, 1, 2, 2, 1, 2 ], [ 1, 0, 1, 1, 2, 0 ], [ 2, 0, 1, 2, 2, 1 ], [ 2, 2, 0, 2, 1, 1 ] ];12597120
[ [ 2, 0, 1, 0, 1, 2 ], [ 0, 2, 1, 0, 1, 2 ], [ 0, 0, 2, 2, 0, 1 ], [ 1, 2, 1, 1, 2, 2 ], [ 0, 0, 0, 1, 2, 0 ], [ 1, 2, 2, 0, 2, 0 ] ];3149280
[ [ 1, 1, 2, 1, 1, 0 ], [ 2, 1, 2, 0, 0, 1 ], [ 0, 1, 2, 2, 0, 0 ], [ 2, 0, 1, 1, 0, 1 ], [ 2, 1, 2, 0, 0, 0 ], [ 0, 2, 0, 0, 1, 1 ] ];524880
[ [ 2, 0, 0, 2, 0, 0 ], [ 2, 1, 2, 1, 2, 1 ], [ 1, 0, 0, 0, 2, 0 ], [ 2, 1, 1, 2, 0, 0 ], [ 1, 1, 1, 1, 1, 1 ], [ 2, 0, 0, 2, 2, 0 ] ];12597120
[ [ 2, 1, 2, 1, 0, 0 ], [ 0, 1, 2, 2, 1, 1 ], [ 1, 1, 2, 2, 1, 2 ], [ 1, 0, 1, 1, 2, 0 ], [ 0, 0, 1, 2, 0, 1 ], [ 0, 1, 0, 2, 1, 0 ] ];4199040
[ [ 2, 0, 0, 2, 0, 0 ], [ 2, 1, 2, 1, 1, 0 ], [ 2, 2, 2, 2, 0, 2 ], [ 0, 1, 1, 1, 2, 0 ], [ 0, 1, 1, 2, 2, 1 ], [ 0, 2, 2, 0, 0, 1 ] ];4199040
[ [ 0, 0, 0, 2, 1, 0 ], [ 2, 1, 1, 2, 0, 0 ], [ 1, 2, 1, 2, 1, 2 ], [ 2, 2, 2, 2, 1, 1 ], [ 0, 1, 2, 2, 0, 1 ], [ 0, 0, 1, 2, 1, 2 ] ];2099520
[ [ 0, 1, 2, 1, 1, 1 ], [ 1, 1, 2, 1, 2, 1 ], [ 2, 1, 2, 2, 2, 2 ], [ 0, 0, 1, 1, 1, 0 ], [ 2, 1, 1, 2, 0, 2 ], [ 0, 1, 0, 1, 1, 2 ] ];1399680
[ [ 0, 0, 1, 1, 2, 2 ], [ 0, 1, 2, 2, 2, 1 ], [ 2, 0, 1, 2, 1, 2 ], [ 2, 2, 1, 0, 0, 2 ], [ 0, 0, 0, 1, 2, 0 ], [ 2, 1, 0, 1, 1, 2 ] ];2099520
[ [ 2, 1, 2, 2, 2, 0 ], [ 2, 1, 1, 0, 2, 0 ], [ 0, 0, 0, 0, 1, 0 ], [ 1, 0, 1, 2, 2, 1 ], [ 0, 1, 2, 1, 1, 0 ], [ 2, 2, 2, 1, 2, 0 ] ];349920
[ [ 0, 1, 2, 0, 0, 0 ], [ 1, 1, 0, 1, 0, 2 ], [ 1, 2, 1, 2, 0, 0 ], [ 0, 0, 1, 0, 1, 1 ], [ 1, 1, 2, 2, 2, 0 ], [ 0, 2, 1, 0, 2, 2 ] ];2099520
[ [ 2, 1, 1, 1, 2, 1 ], [ 0, 2, 1, 0, 2, 0 ], [ 0, 1, 2, 2, 0, 2 ], [ 2, 1, 2, 1, 2, 0 ], [ 0, 1, 1, 2, 1, 2 ], [ 1, 0, 1, 0, 0, 1 ] ];349920
[ [ 0, 1, 2, 2, 1, 0 ], [ 1, 1, 1, 0, 1, 1 ], [ 1, 2, 2, 1, 2, 0 ], [ 0, 0, 1, 1, 1, 0 ], [ 2, 0, 1, 0, 2, 1 ], [ 0, 1, 2, 2, 0, 0 ] ];4199040
[ [ 0, 1, 2, 0, 0, 0 ], [ 2, 2, 1, 0, 0, 0 ], [ 2, 0, 2, 1, 0, 1 ], [ 2, 0, 1, 1, 0, 0 ], [ 2, 0, 1, 1, 1, 1 ], [ 1, 0, 2, 2, 2, 0 ] ];1399680
[ [ 2, 0, 0, 2, 0, 0 ], [ 2, 0, 1, 0, 1, 2 ], [ 0, 2, 2, 2, 1, 2 ], [ 1, 1, 1, 1, 0, 0 ], [ 2, 1, 1, 2, 1, 1 ], [ 2, 1, 1, 2, 2, 0 ] ];1049760
[ [ 2, 0, 0, 2, 0, 0 ], [ 1, 0, 1, 2, 0, 2 ], [ 1, 2, 2, 2, 0, 2 ], [ 0, 1, 1, 1, 0, 0 ], [ 1, 1, 1, 2, 2, 1 ], [ 0, 0, 0, 0, 0, 2 ] ];699840
[ [ 2, 1, 1, 0, 1, 0 ], [ 1, 1, 0, 2, 1, 1 ], [ 1, 2, 1, 2, 0, 1 ], [ 0, 2, 1, 0, 2, 2 ], [ 2, 2, 1, 0, 2, 1 ], [ 1, 0, 2, 1, 1, 0 ] ];349920
[ [ 0, 1, 1, 1, 0, 0 ], [ 0, 2, 1, 2, 1, 1 ], [ 1, 1, 1, 2, 1, 0 ], [ 0, 2, 2, 2, 2, 1 ], [ 2, 1, 1, 0, 0, 0 ], [ 1, 0, 1, 2, 2, 1 ] ];2099520
[ [ 0, 0, 0, 2, 1, 0 ], [ 0, 1, 2, 2, 1, 2 ], [ 1, 1, 2, 2, 0, 1 ], [ 1, 2, 2, 2, 0, 1 ], [ 0, 1, 2, 0, 0, 1 ], [ 0, 0, 2, 1, 1, 1 ] ];4199040
[ [ 0, 0, 0, 1, 1, 1 ], [ 1, 0, 0, 0, 1, 2 ], [ 0, 1, 2, 2, 0, 2 ], [ 2, 0, 2, 1, 2, 1 ], [ 0, 0, 1, 2, 1, 2 ], [ 2, 2, 0, 0, 2, 2 ] ];1049760
[ [ 2, 0, 1, 0, 2, 2 ], [ 0, 2, 0, 0, 0, 0 ], [ 0, 0, 2, 2, 2, 1 ], [ 0, 2, 1, 1, 0, 2 ], [ 0, 0, 0, 1, 2, 0 ], [ 0, 2, 2, 1, 1, 0 ] ];174960
[ [ 2, 0, 2, 0, 2, 2 ], [ 1, 2, 2, 2, 0, 1 ], [ 1, 0, 1, 2, 0, 1 ], [ 0, 2, 2, 2, 2, 1 ], [ 2, 0, 0, 1, 1, 0 ], [ 0, 2, 1, 0, 0, 1 ] ];699840
[ [ 2, 0, 0, 2, 0, 0 ], [ 2, 1, 2, 1, 0, 2 ], [ 0, 1, 1, 2, 1, 1 ], [ 2, 1, 1, 0, 1, 0 ], [ 0, 1, 1, 0, 2, 1 ], [ 2, 2, 2, 1, 1, 0 ] ];699840
[ [ 1, 0, 0, 2, 2, 0 ], [ 0, 1, 0, 0, 0, 0 ], [ 0, 2, 0, 2, 2, 2 ], [ 0, 0, 2, 0, 1, 2 ], [ 0, 1, 0, 2, 1, 1 ], [ 0, 1, 2, 1, 1, 0 ] ];174960
[ [ 1, 0, 1, 1, 2, 2 ], [ 2, 1, 1, 2, 1, 2 ], [ 0, 0, 1, 2, 1, 2 ], [ 2, 2, 1, 0, 1, 2 ], [ 0, 0, 0, 1, 2, 0 ], [ 2, 1, 1, 2, 2, 1 ] ];699840
[ [ 2, 1, 2, 2, 1, 0 ], [ 2, 2, 0, 0, 1, 2 ], [ 0, 2, 2, 2, 0, 2 ], [ 0, 2, 0, 1, 2, 0 ], [ 1, 1, 1, 2, 0, 0 ], [ 1, 0, 2, 0, 0, 2 ] ];524880
[ [ 0, 0, 2, 1, 0, 2 ], [ 1, 0, 0, 2, 0, 0 ], [ 1, 1, 2, 2, 1, 2 ], [ 2, 0, 0, 1, 1, 0 ], [ 1, 2, 1, 2, 0, 0 ], [ 2, 1, 2, 2, 1, 0 ] ];12597120
[ [ 2, 0, 2, 0, 2, 0 ], [ 0, 2, 2, 0, 2, 0 ], [ 0, 0, 2, 2, 0, 1 ], [ 2, 1, 0, 1, 1, 1 ], [ 2, 1, 1, 1, 0, 1 ], [ 2, 1, 1, 0, 1, 2 ] ];3149280
[ [ 1, 0, 2, 1, 2, 2 ], [ 1, 1, 1, 0, 0, 2 ], [ 0, 1, 2, 2, 0, 0 ], [ 1, 0, 0, 1, 0, 2 ], [ 1, 0, 1, 0, 1, 0 ], [ 0, 1, 0, 0, 2, 0 ] ];524880
[ [ 0, 1, 2, 0, 2, 0 ], [ 2, 0, 0, 1, 2, 2 ], [ 1, 1, 2, 0, 2, 2 ], [ 0, 2, 0, 0, 2, 0 ], [ 0, 1, 1, 0, 2, 0 ], [ 2, 1, 2, 2, 2, 2 ] ];12597120
[ [ 2, 0, 2, 1, 2, 2 ], [ 2, 1, 0, 2, 2, 1 ], [ 1, 1, 2, 2, 1, 2 ], [ 2, 0, 0, 1, 1, 0 ], [ 0, 2, 1, 2, 2, 0 ], [ 1, 2, 2, 2, 1, 1 ] ];4199040
[ [ 2, 1, 2, 2, 2, 0 ], [ 0, 1, 2, 1, 0, 2 ], [ 2, 2, 2, 2, 0, 2 ], [ 0, 2, 0, 1, 1, 0 ], [ 1, 1, 1, 2, 1, 0 ], [ 2, 0, 1, 0, 0, 2 ] ];4199040
[ [ 0, 1, 1, 2, 2, 0 ], [ 0, 1, 0, 2, 2, 1 ], [ 1, 2, 1, 2, 1, 2 ], [ 1, 1, 2, 2, 1, 0 ], [ 2, 1, 0, 2, 1, 0 ], [ 2, 2, 1, 2, 1, 1 ] ];2099520
[ [ 0, 0, 2, 1, 0, 1 ], [ 1, 1, 2, 1, 2, 1 ], [ 2, 1, 2, 2, 2, 2 ], [ 0, 0, 0, 1, 2, 0 ], [ 2, 1, 1, 2, 0, 2 ], [ 0, 2, 1, 1, 1, 2 ] ];1399680
[ [ 1, 0, 2, 0, 1, 0 ], [ 1, 0, 2, 0, 2, 1 ], [ 1, 2, 2, 2, 0, 0 ], [ 2, 1, 0, 2, 1, 1 ], [ 0, 1, 1, 2, 1, 1 ], [ 2, 2, 1, 2, 0, 0 ] ];2099520
[ [ 2, 0, 2, 0, 0, 2 ], [ 2, 1, 1, 0, 2, 0 ], [ 0, 1, 2, 0, 1, 2 ], [ 1, 0, 0, 0, 0, 2 ], [ 0, 0, 1, 0, 0, 0 ], [ 2, 1, 0, 1, 2, 1 ] ];349920
[ [ 0, 0, 2, 2, 1, 2 ], [ 0, 1, 1, 2, 1, 1 ], [ 0, 1, 2, 2, 2, 1 ], [ 1, 0, 0, 2, 0, 2 ], [ 2, 0, 1, 0, 2, 0 ], [ 1, 1, 0, 1, 2, 2 ] ];2099520
[ [ 2, 0, 0, 1, 0, 1 ], [ 0, 2, 1, 0, 2, 0 ], [ 0, 1, 2, 2, 0, 2 ], [ 2, 2, 2, 1, 2, 0 ], [ 0, 1, 1, 2, 1, 2 ], [ 1, 2, 1, 0, 0, 1 ] ];349920
[ [ 0, 0, 2, 0, 0, 2 ], [ 0, 1, 0, 0, 1, 1 ], [ 1, 0, 2, 0, 0, 1 ], [ 2, 0, 0, 1, 1, 0 ], [ 2, 2, 1, 1, 1, 0 ], [ 0, 2, 2, 1, 1, 1 ] ];4199040
[ [ 0, 0, 2, 2, 1, 2 ], [ 2, 2, 1, 0, 0, 0 ], [ 2, 2, 2, 0, 1, 0 ], [ 2, 0, 0, 1, 1, 0 ], [ 2, 2, 1, 0, 2, 0 ], [ 1, 2, 0, 1, 2, 2 ] ];1399680
[ [ 0, 1, 2, 2, 0, 0 ], [ 1, 2, 2, 0, 1, 2 ], [ 0, 2, 2, 2, 1, 2 ], [ 2, 2, 0, 1, 0, 0 ], [ 2, 1, 1, 2, 2, 0 ], [ 2, 1, 1, 2, 0, 2 ] ];1049760
[ [ 2, 1, 2, 2, 0, 0 ], [ 1, 0, 1, 2, 0, 2 ], [ 1, 2, 2, 2, 0, 2 ], [ 0, 2, 0, 1, 0, 0 ], [ 1, 1, 1, 2, 2, 0 ], [ 0, 0, 0, 0, 0, 2 ] ];699840
[ [ 2, 1, 2, 0, 1, 2 ], [ 1, 1, 0, 2, 1, 1 ], [ 1, 2, 0, 2, 0, 2 ], [ 0, 1, 2, 1, 1, 1 ], [ 2, 1, 2, 1, 1, 0 ], [ 1, 0, 1, 1, 1, 1 ] ];349920
[ [ 0, 0, 0, 1, 1, 2 ], [ 2, 2, 2, 2, 1, 2 ], [ 1, 1, 1, 2, 1, 0 ], [ 1, 0, 2, 2, 1, 1 ], [ 1, 0, 1, 0, 1, 0 ], [ 1, 2, 0, 2, 0, 0 ] ];2099520
[ [ 0, 1, 1, 1, 2, 0 ], [ 1, 1, 0, 0, 1, 1 ], [ 0, 0, 0, 2, 2, 2 ], [ 2, 1, 2, 1, 2, 0 ], [ 1, 1, 0, 1, 0, 0 ], [ 0, 2, 1, 2, 0, 1 ] ];4199040
[ [ 0, 1, 2, 1, 2, 2 ], [ 2, 0, 1, 0, 1, 0 ], [ 0, 1, 2, 2, 0, 2 ], [ 0, 1, 2, 1, 0, 0 ], [ 2, 1, 2, 2, 2, 2 ], [ 2, 1, 1, 0, 1, 1 ] ];1049760
[ [ 2, 0, 2, 0, 2, 0 ], [ 0, 2, 0, 0, 0, 0 ], [ 0, 0, 2, 2, 2, 1 ], [ 0, 1, 0, 1, 0, 1 ], [ 0, 1, 1, 1, 2, 1 ], [ 0, 2, 2, 1, 1, 0 ] ];174960
[ [ 2, 0, 2, 0, 2, 0 ], [ 1, 2, 2, 2, 0, 1 ], [ 1, 0, 1, 2, 0, 1 ], [ 0, 2, 2, 2, 2, 2 ], [ 2, 1, 2, 1, 1, 1 ], [ 0, 2, 1, 0, 0, 1 ] ];699840
[ [ 2, 1, 2, 1, 2, 0 ], [ 2, 1, 2, 1, 0, 2 ], [ 0, 0, 2, 2, 1, 2 ], [ 2, 2, 0, 2, 0, 0 ], [ 0, 1, 1, 1, 0, 0 ], [ 2, 0, 1, 1, 1, 2 ] ];699840
[ [ 1, 1, 0, 2, 2, 0 ], [ 0, 1, 0, 0, 0, 0 ], [ 0, 2, 0, 2, 2, 2 ], [ 0, 0, 0, 0, 1, 0 ], [ 0, 1, 2, 2, 1, 0 ], [ 0, 1, 2, 1, 1, 0 ] ];174960
[ [ 1, 0, 2, 0, 1, 0 ], [ 2, 1, 1, 2, 1, 2 ], [ 0, 2, 2, 2, 1, 0 ], [ 2, 1, 0, 2, 0, 1 ], [ 0, 1, 1, 2, 0, 1 ], [ 2, 2, 0, 2, 2, 0 ] ];699840
[ [ 2, 1, 0, 0, 2, 0 ], [ 0, 0, 2, 0, 1, 2 ], [ 2, 0, 2, 0, 2, 1 ], [ 0, 2, 0, 0, 2, 1 ], [ 1, 1, 2, 1, 0, 1 ], [ 2, 2, 0, 2, 0, 2 ] ];1399680
[ [ 0, 0, 0, 2, 2, 1 ], [ 0, 1, 1, 2, 1, 2 ], [ 1, 0, 2, 0, 1, 1 ], [ 0, 2, 0, 0, 2, 1 ], [ 2, 1, 2, 1, 1, 1 ], [ 2, 2, 2, 1, 0, 2 ] ];4199040
[ [ 1, 1, 2, 1, 0, 0 ], [ 0, 0, 0, 2, 1, 1 ], [ 2, 1, 2, 0, 2, 0 ], [ 2, 2, 0, 0, 1, 1 ], [ 1, 1, 0, 0, 1, 1 ], [ 2, 1, 1, 1, 0, 2 ] ];12597120
[ [ 2, 1, 0, 1, 2, 0 ], [ 1, 1, 2, 2, 0, 1 ], [ 1, 2, 1, 2, 0, 2 ], [ 0, 2, 0, 0, 2, 1 ], [ 2, 1, 2, 0, 1, 1 ], [ 2, 0, 0, 0, 1, 1 ] ];12597120
[ [ 2, 1, 0, 2, 2, 0 ], [ 2, 2, 2, 1, 2, 0 ], [ 2, 1, 0, 1, 0, 0 ], [ 0, 2, 0, 0, 2, 1 ], [ 0, 1, 2, 2, 2, 1 ], [ 2, 1, 0, 1, 2, 0 ] ];12597120
[ [ 1, 0, 0, 2, 0, 1 ], [ 1, 0, 2, 2, 1, 0 ], [ 2, 0, 2, 0, 2, 1 ], [ 0, 2, 0, 0, 2, 1 ], [ 1, 1, 2, 1, 0, 1 ], [ 1, 1, 0, 1, 1, 0 ] ];4199040
[ [ 2, 0, 0, 2, 0, 1 ], [ 2, 2, 0, 0, 0, 0 ], [ 0, 0, 2, 0, 2, 1 ], [ 2, 2, 0, 0, 1, 1 ], [ 1, 1, 2, 1, 1, 1 ], [ 1, 1, 0, 2, 2, 2 ] ];4199040
[ [ 2, 0, 1, 2, 1, 1 ], [ 1, 1, 1, 2, 2, 1 ], [ 1, 0, 0, 0, 1, 1 ], [ 1, 1, 1, 0, 2, 2 ], [ 0, 1, 1, 1, 2, 1 ], [ 2, 2, 0, 1, 0, 1 ] ];12597120
[ [ 2, 0, 0, 2, 1, 2 ], [ 0, 0, 0, 0, 2, 2 ], [ 2, 0, 2, 0, 2, 2 ], [ 2, 2, 0, 0, 1, 1 ], [ 2, 2, 1, 1, 2, 2 ], [ 1, 1, 1, 2, 0, 0 ] ];12597120
[ [ 0, 2, 2, 2, 0, 2 ], [ 1, 2, 0, 1, 1, 2 ], [ 2, 1, 2, 0, 2, 0 ], [ 2, 2, 0, 0, 1, 1 ], [ 0, 2, 0, 1, 1, 0 ], [ 1, 1, 1, 0, 1, 1 ] ];12597120
[ [ 1, 2, 2, 2, 0, 2 ], [ 2, 1, 0, 2, 0, 2 ], [ 2, 1, 2, 0, 1, 0 ], [ 1, 2, 0, 0, 0, 1 ], [ 0, 2, 0, 1, 2, 0 ], [ 1, 1, 0, 1, 2, 0 ] ];12597120
[ [ 1, 2, 0, 2, 1, 2 ], [ 0, 2, 0, 1, 1, 1 ], [ 1, 1, 0, 0, 1, 0 ], [ 2, 1, 1, 0, 0, 2 ], [ 2, 2, 2, 1, 0, 0 ], [ 1, 1, 2, 0, 2, 0 ] ];12597120
[ [ 2, 1, 1, 1, 0, 0 ], [ 2, 0, 1, 1, 2, 0 ], [ 1, 0, 0, 1, 2, 1 ], [ 1, 2, 0, 0, 0, 1 ], [ 1, 1, 1, 0, 2, 1 ], [ 2, 0, 2, 1, 2, 2 ] ];4199040
[ [ 2, 1, 1, 2, 2, 0 ], [ 2, 2, 0, 1, 0, 2 ], [ 1, 2, 2, 0, 0, 2 ], [ 0, 2, 0, 0, 2, 1 ], [ 0, 0, 1, 1, 1, 2 ], [ 1, 0, 0, 0, 2, 2 ] ];12597120
[ [ 2, 1, 2, 2, 0, 0 ], [ 2, 2, 2, 0, 0, 2 ], [ 1, 2, 0, 0, 1, 2 ], [ 0, 1, 1, 0, 1, 2 ], [ 2, 0, 0, 1, 2, 2 ], [ 0, 2, 1, 2, 1, 0 ] ];4199040
[ [ 1, 0, 1, 0, 0, 1 ], [ 0, 0, 0, 1, 0, 2 ], [ 1, 1, 2, 1, 2, 0 ], [ 0, 1, 1, 0, 1, 2 ], [ 2, 1, 1, 0, 1, 1 ], [ 2, 1, 2, 1, 2, 2 ] ];4199040
[ [ 0, 1, 0, 0, 1, 0 ], [ 2, 0, 1, 1, 2, 0 ], [ 1, 0, 2, 0, 2, 1 ], [ 1, 2, 0, 0, 0, 1 ], [ 1, 1, 2, 1, 2, 1 ], [ 2, 0, 0, 2, 2, 2 ] ];4199040
[ [ 2, 1, 0, 0, 1, 0 ], [ 1, 1, 1, 1, 0, 0 ], [ 1, 0, 2, 0, 0, 1 ], [ 2, 2, 0, 0, 1, 1 ], [ 0, 1, 2, 1, 0, 1 ], [ 2, 2, 1, 1, 1, 1 ] ];4199040
[ [ 0, 2, 0, 2, 0, 1 ], [ 2, 1, 2, 1, 0, 0 ], [ 2, 2, 2, 0, 1, 2 ], [ 2, 1, 0, 0, 2, 1 ], [ 1, 2, 1, 2, 2, 1 ], [ 0, 1, 1, 1, 1, 1 ] ];4199040
[ [ 1, 1, 0, 0, 0, 0 ], [ 2, 0, 0, 2, 0, 1 ], [ 0, 0, 2, 0, 2, 1 ], [ 2, 2, 0, 0, 1, 1 ], [ 1, 1, 2, 1, 1, 1 ], [ 1, 1, 0, 2, 2, 2 ] ];4199040
[ [ 0, 1, 1, 1, 2, 0 ], [ 0, 1, 0, 2, 1, 1 ], [ 2, 1, 1, 0, 2, 0 ], [ 0, 1, 2, 1, 1, 2 ], [ 1, 1, 1, 0, 1, 1 ], [ 0, 2, 2, 1, 1, 2 ] ];4199040
[ [ 2, 2, 2, 0, 1, 2 ], [ 1, 2, 0, 2, 0, 1 ], [ 2, 2, 1, 1, 2, 2 ], [ 1, 2, 0, 0, 0, 1 ], [ 0, 2, 0, 0, 2, 0 ], [ 0, 2, 0, 2, 2, 2 ] ];4199040
[ [ 1, 1, 0, 0, 0, 0 ], [ 0, 1, 1, 2, 0, 2 ], [ 2, 2, 1, 1, 0, 2 ], [ 0, 0, 1, 2, 0, 0 ], [ 1, 1, 2, 1, 1, 1 ], [ 2, 2, 1, 2, 2, 0 ] ];1399680
[ [ 1, 2, 0, 1, 1, 2 ], [ 0, 1, 1, 1, 1, 0 ], [ 2, 2, 2, 0, 0, 1 ], [ 1, 2, 2, 1, 0, 2 ], [ 0, 2, 0, 0, 1, 0 ], [ 1, 2, 2, 0, 2, 0 ] ];1399680
[ [ 1, 1, 2, 2, 2, 0 ], [ 0, 1, 2, 0, 1, 2 ], [ 1, 0, 1, 2, 2, 1 ], [ 1, 2, 0, 0, 0, 1 ], [ 1, 1, 0, 2, 2, 1 ], [ 0, 1, 2, 2, 1, 1 ] ];1399680
[ [ 1, 1, 1, 0, 0, 0 ], [ 0, 1, 0, 0, 0, 0 ], [ 0, 0, 0, 0, 2, 1 ], [ 0, 1, 1, 2, 2, 0 ], [ 0, 1, 2, 2, 2, 1 ], [ 0, 2, 2, 1, 0, 0 ] ];466560
[ [ 1, 2, 0, 0, 1, 0 ], [ 0, 0, 1, 0, 2, 1 ], [ 1, 0, 1, 0, 1, 2 ], [ 0, 1, 0, 0, 1, 2 ], [ 2, 2, 1, 2, 0, 2 ], [ 1, 1, 0, 1, 0, 1 ] ];1399680
[ [ 0, 0, 0, 1, 1, 2 ], [ 0, 2, 2, 1, 2, 1 ], [ 2, 0, 1, 0, 2, 2 ], [ 0, 1, 0, 0, 1, 2 ], [ 1, 2, 1, 2, 2, 2 ], [ 1, 1, 1, 2, 0, 1 ] ];4199040
[ [ 2, 2, 1, 2, 0, 0 ], [ 0, 0, 0, 1, 2, 2 ], [ 1, 2, 1, 0, 1, 0 ], [ 1, 1, 0, 0, 2, 2 ], [ 2, 2, 0, 0, 2, 2 ], [ 1, 2, 2, 2, 0, 1 ] ];12597120
[ [ 1, 2, 0, 2, 1, 0 ], [ 2, 2, 1, 1, 0, 2 ], [ 2, 1, 2, 1, 0, 1 ], [ 0, 1, 0, 0, 1, 2 ], [ 1, 2, 1, 0, 2, 2 ], [ 1, 0, 0, 0, 2, 2 ] ];12597120
[ [ 1, 2, 0, 1, 1, 0 ], [ 1, 1, 1, 2, 1, 0 ], [ 1, 2, 0, 2, 0, 0 ], [ 0, 1, 0, 0, 1, 2 ], [ 0, 2, 1, 1, 1, 2 ], [ 1, 2, 0, 2, 1, 0 ] ];12597120
[ [ 2, 0, 0, 1, 0, 2 ], [ 2, 0, 1, 1, 2, 0 ], [ 1, 0, 1, 0, 1, 2 ], [ 0, 1, 0, 0, 1, 2 ], [ 2, 2, 1, 2, 0, 2 ], [ 2, 2, 0, 2, 2, 0 ] ];4199040
[ [ 1, 0, 0, 1, 0, 2 ], [ 1, 1, 0, 0, 0, 0 ], [ 0, 0, 1, 0, 1, 2 ], [ 1, 1, 0, 0, 2, 2 ], [ 2, 2, 1, 2, 2, 2 ], [ 2, 2, 0, 1, 1, 1 ] ];4199040
[ [ 1, 0, 2, 1, 2, 2 ], [ 2, 2, 2, 1, 1, 2 ], [ 2, 0, 0, 0, 2, 2 ], [ 2, 2, 2, 0, 1, 1 ], [ 0, 2, 2, 2, 1, 2 ], [ 1, 1, 0, 2, 0, 2 ] ];12597120
[ [ 1, 0, 0, 1, 2, 1 ], [ 0, 0, 0, 0, 1, 1 ], [ 1, 0, 1, 0, 1, 1 ], [ 1, 1, 0, 0, 2, 2 ], [ 1, 1, 2, 2, 1, 1 ], [ 2, 2, 2, 1, 0, 0 ] ];12597120
[ [ 0, 1, 1, 1, 0, 1 ], [ 2, 1, 0, 2, 2, 1 ], [ 1, 2, 1, 0, 1, 0 ], [ 1, 1, 0, 0, 2, 2 ], [ 0, 1, 0, 2, 2, 0 ], [ 2, 2, 2, 0, 2, 2 ] ];12597120
[ [ 2, 1, 1, 1, 0, 1 ], [ 1, 2, 0, 1, 0, 1 ], [ 1, 2, 1, 0, 2, 0 ], [ 2, 1, 0, 0, 0, 2 ], [ 0, 1, 0, 2, 1, 0 ], [ 2, 2, 0, 2, 1, 0 ] ];12597120
[ [ 2, 1, 0, 1, 2, 1 ], [ 0, 1, 0, 2, 2, 2 ], [ 2, 2, 0, 0, 2, 0 ], [ 1, 2, 2, 0, 0, 1 ], [ 1, 1, 1, 2, 0, 0 ], [ 2, 2, 1, 0, 1, 0 ] ];12597120
[ [ 1, 2, 2, 2, 0, 0 ], [ 1, 0, 2, 2, 1, 0 ], [ 2, 0, 0, 2, 1, 2 ], [ 2, 1, 0, 0, 0, 2 ], [ 2, 2, 2, 0, 1, 2 ], [ 1, 0, 1, 2, 1, 1 ] ];4199040
[ [ 1, 2, 2, 1, 1, 0 ], [ 1, 1, 0, 2, 0, 1 ], [ 2, 1, 1, 0, 0, 1 ], [ 0, 1, 0, 0, 1, 2 ], [ 0, 0, 2, 2, 2, 1 ], [ 2, 0, 0, 0, 1, 1 ] ];12597120
[ [ 1, 2, 1, 1, 0, 0 ], [ 1, 1, 1, 0, 0, 1 ], [ 2, 1, 0, 0, 2, 1 ], [ 0, 2, 2, 0, 2, 1 ], [ 1, 0, 0, 2, 1, 1 ], [ 0, 1, 2, 1, 2, 0 ] ];4199040
[ [ 2, 0, 2, 0, 0, 2 ], [ 0, 0, 0, 2, 0, 1 ], [ 2, 2, 1, 2, 1, 0 ], [ 0, 2, 2, 0, 2, 1 ], [ 1, 2, 2, 0, 2, 2 ], [ 1, 2, 1, 2, 1, 1 ] ];4199040
[ [ 0, 2, 0, 0, 2, 0 ], [ 1, 0, 2, 2, 1, 0 ], [ 2, 0, 1, 0, 1, 2 ], [ 2, 1, 0, 0, 0, 2 ], [ 2, 2, 1, 2, 1, 2 ], [ 1, 0, 0, 1, 1, 1 ] ];4199040
[ [ 1, 2, 0, 0, 2, 0 ], [ 2, 2, 2, 2, 0, 0 ], [ 2, 0, 1, 0, 0, 2 ], [ 1, 1, 0, 0, 2, 2 ], [ 0, 2, 1, 2, 0, 2 ], [ 1, 1, 2, 2, 2, 2 ] ];4199040
[ [ 0, 1, 0, 1, 0, 2 ], [ 1, 2, 1, 2, 0, 0 ], [ 1, 1, 1, 0, 2, 1 ], [ 1, 2, 0, 0, 1, 2 ], [ 2, 1, 2, 1, 1, 2 ], [ 0, 2, 2, 2, 2, 2 ] ];4199040
[ [ 2, 2, 0, 0, 0, 0 ], [ 1, 0, 0, 1, 0, 2 ], [ 0, 0, 1, 0, 1, 2 ], [ 1, 1, 0, 0, 2, 2 ], [ 2, 2, 1, 2, 2, 2 ], [ 2, 2, 0, 1, 1, 1 ] ];4199040
[ [ 0, 2, 2, 2, 1, 0 ], [ 0, 2, 0, 1, 2, 2 ], [ 1, 2, 2, 0, 1, 0 ], [ 0, 2, 1, 2, 2, 1 ], [ 2, 2, 2, 0, 2, 2 ], [ 0, 1, 1, 2, 2, 1 ] ];4199040
[ [ 1, 1, 1, 0, 2, 1 ], [ 2, 1, 0, 1, 0, 2 ], [ 1, 1, 2, 2, 1, 1 ], [ 2, 1, 0, 0, 0, 2 ], [ 0, 1, 0, 0, 1, 0 ], [ 0, 1, 0, 1, 1, 1 ] ];4199040
[ [ 2, 2, 0, 0, 0, 0 ], [ 0, 2, 2, 1, 0, 1 ], [ 1, 1, 2, 2, 0, 1 ], [ 0, 0, 2, 1, 0, 0 ], [ 2, 2, 1, 2, 2, 2 ], [ 1, 1, 2, 1, 1, 0 ] ];1399680
[ [ 2, 1, 0, 2, 2, 1 ], [ 0, 2, 2, 2, 2, 0 ], [ 1, 1, 1, 0, 0, 2 ], [ 2, 1, 1, 2, 0, 1 ], [ 0, 1, 0, 0, 2, 0 ], [ 2, 1, 1, 0, 1, 0 ] ];1399680
[ [ 2, 2, 1, 1, 1, 0 ], [ 0, 2, 1, 0, 2, 1 ], [ 2, 0, 2, 1, 1, 2 ], [ 2, 1, 0, 0, 0, 2 ], [ 2, 2, 0, 1, 1, 2 ], [ 0, 2, 1, 1, 2, 2 ] ];1399680
[ [ 2, 2, 2, 0, 0, 0 ], [ 0, 2, 0, 0, 0, 0 ], [ 0, 0, 0, 0, 1, 2 ], [ 0, 2, 2, 1, 1, 0 ], [ 0, 2, 1, 1, 1, 2 ], [ 0, 1, 1, 2, 0, 0 ] ];466560
[ [ 0, 1, 0, 2, 2, 1 ], [ 0, 2, 0, 2, 1, 1 ], [ 0, 0, 2, 1, 2, 0 ], [ 1, 1, 2, 1, 2, 2 ], [ 2, 2, 0, 2, 0, 1 ], [ 2, 1, 1, 1, 1, 1 ] ];1399680
[ [ 0, 2, 0, 0, 0, 0 ], [ 1, 1, 0, 2, 1, 1 ], [ 0, 0, 2, 1, 2, 0 ], [ 0, 0, 2, 1, 1, 2 ], [ 0, 0, 0, 2, 1, 1 ], [ 0, 2, 1, 1, 1, 1 ] ];4199040
[ [ 1, 2, 0, 0, 0, 2 ], [ 1, 0, 1, 1, 0, 2 ], [ 2, 0, 2, 1, 1, 0 ], [ 2, 1, 2, 1, 0, 2 ], [ 1, 0, 0, 1, 2, 1 ], [ 1, 1, 2, 0, 1, 0 ] ];12597120
[ [ 0, 1, 0, 1, 2, 1 ], [ 1, 1, 1, 1, 1, 2 ], [ 0, 0, 2, 1, 2, 2 ], [ 2, 1, 2, 1, 0, 2 ], [ 2, 2, 0, 2, 0, 1 ], [ 2, 0, 2, 2, 0, 2 ] ];12597120
[ [ 0, 1, 0, 0, 2, 1 ], [ 0, 0, 2, 0, 2, 0 ], [ 0, 0, 2, 2, 2, 1 ], [ 0, 1, 2, 1, 1, 2 ], [ 2, 2, 0, 2, 0, 1 ], [ 0, 2, 0, 0, 0, 0 ] ];12597120
[ [ 2, 2, 0, 0, 2, 0 ], [ 0, 2, 0, 0, 2, 0 ], [ 0, 0, 2, 1, 2, 0 ], [ 2, 0, 2, 1, 0, 2 ], [ 1, 0, 0, 2, 2, 1 ], [ 0, 0, 1, 2, 0, 0 ] ];4199040
[ [ 0, 2, 0, 0, 1, 0 ], [ 2, 1, 0, 1, 0, 2 ], [ 0, 0, 2, 1, 2, 0 ], [ 1, 0, 2, 1, 0, 2 ], [ 2, 0, 0, 2, 2, 1 ], [ 0, 1, 1, 2, 2, 0 ] ];4199040
[ [ 0, 2, 2, 0, 0, 0 ], [ 2, 1, 0, 1, 0, 1 ], [ 1, 0, 2, 1, 0, 0 ], [ 2, 1, 1, 2, 2, 1 ], [ 2, 0, 1, 2, 0, 1 ], [ 0, 2, 2, 0, 2, 1 ] ];12597120
[ [ 0, 2, 0, 0, 0, 2 ], [ 0, 0, 1, 0, 1, 1 ], [ 2, 0, 2, 1, 1, 0 ], [ 1, 0, 2, 1, 2, 1 ], [ 2, 2, 0, 1, 1, 0 ], [ 2, 1, 2, 2, 1, 2 ] ];12597120
[ [ 0, 0, 0, 2, 1, 2 ], [ 0, 0, 1, 2, 0, 0 ], [ 2, 0, 2, 1, 1, 0 ], [ 0, 2, 2, 1, 1, 0 ], [ 1, 2, 0, 0, 1, 2 ], [ 1, 2, 2, 1, 2, 2 ] ];12597120
[ [ 1, 0, 0, 2, 0, 2 ], [ 2, 2, 1, 2, 1, 2 ], [ 2, 0, 2, 1, 1, 0 ], [ 0, 2, 2, 1, 2, 0 ], [ 2, 2, 0, 0, 1, 2 ], [ 1, 0, 2, 0, 1, 2 ] ];12597120
[ [ 0, 0, 2, 2, 1, 2 ], [ 2, 2, 2, 0, 1, 1 ], [ 0, 0, 2, 1, 2, 0 ], [ 2, 0, 1, 2, 2, 2 ], [ 0, 2, 1, 0, 0, 2 ], [ 1, 1, 1, 2, 1, 0 ] ];12597120
[ [ 2, 1, 0, 1, 1, 2 ], [ 2, 0, 1, 0, 0, 1 ], [ 1, 2, 2, 2, 0, 2 ], [ 2, 1, 2, 1, 0, 2 ], [ 0, 0, 0, 1, 1, 2 ], [ 1, 0, 2, 0, 0, 0 ] ];4199040
[ [ 1, 1, 0, 1, 1, 1 ], [ 1, 2, 2, 0, 1, 0 ], [ 1, 0, 2, 1, 0, 0 ], [ 2, 1, 2, 1, 1, 1 ], [ 0, 1, 0, 1, 1, 0 ], [ 1, 1, 0, 1, 2, 2 ] ];12597120
[ [ 2, 1, 2, 1, 1, 1 ], [ 1, 2, 1, 2, 1, 2 ], [ 2, 0, 2, 1, 1, 0 ], [ 2, 2, 1, 2, 2, 0 ], [ 2, 1, 1, 1, 1, 0 ], [ 1, 2, 0, 1, 2, 0 ] ];4199040
[ [ 1, 2, 2, 2, 1, 0 ], [ 1, 0, 2, 2, 2, 0 ], [ 1, 2, 2, 0, 1, 1 ], [ 1, 1, 1, 1, 1, 1 ], [ 1, 0, 1, 0, 2, 1 ], [ 0, 1, 1, 2, 2, 0 ] ];4199040
[ [ 0, 1, 0, 2, 1, 1 ], [ 1, 0, 0, 2, 2, 1 ], [ 0, 0, 2, 1, 2, 0 ], [ 0, 1, 2, 1, 1, 2 ], [ 0, 2, 0, 2, 1, 1 ], [ 2, 2, 1, 0, 1, 2 ] ];4199040
[ [ 2, 1, 0, 2, 2, 1 ], [ 0, 1, 0, 1, 2, 2 ], [ 0, 0, 2, 1, 2, 0 ], [ 2, 1, 2, 1, 0, 2 ], [ 1, 2, 0, 2, 2, 1 ], [ 2, 0, 1, 1, 1, 1 ] ];4199040
[ [ 2, 2, 2, 0, 2, 0 ], [ 2, 1, 0, 2, 1, 1 ], [ 0, 2, 2, 1, 0, 0 ], [ 1, 1, 2, 1, 2, 2 ], [ 0, 1, 0, 0, 1, 2 ], [ 1, 1, 0, 1, 0, 2 ] ];4199040
[ [ 0, 1, 0, 2, 0, 1 ], [ 1, 1, 0, 2, 1, 1 ], [ 0, 0, 2, 1, 2, 0 ], [ 2, 1, 2, 1, 0, 2 ], [ 1, 2, 0, 2, 2, 1 ], [ 2, 0, 1, 2, 2, 0 ] ];4199040
[ [ 1, 2, 2, 0, 0, 2 ], [ 1, 0, 1, 2, 2, 2 ], [ 1, 0, 2, 1, 0, 0 ], [ 2, 0, 0, 2, 0, 2 ], [ 0, 0, 2, 1, 1, 1 ], [ 2, 1, 0, 1, 1, 0 ] ];4199040
[ [ 1, 0, 0, 1, 0, 2 ], [ 0, 0, 2, 0, 0, 2 ], [ 0, 2, 2, 0, 0, 1 ], [ 1, 2, 2, 0, 0, 0 ], [ 2, 2, 0, 1, 1, 2 ], [ 1, 1, 0, 2, 2, 2 ] ];4199040
[ [ 1, 2, 1, 2, 0, 2 ], [ 0, 1, 0, 2, 1, 1 ], [ 2, 1, 0, 2, 1, 0 ], [ 2, 2, 0, 2, 0, 2 ], [ 2, 0, 1, 0, 0, 1 ], [ 0, 2, 0, 2, 2, 2 ] ];1399680
[ [ 1, 0, 2, 1, 2, 1 ], [ 0, 1, 2, 2, 2, 0 ], [ 1, 0, 2, 1, 0, 0 ], [ 2, 2, 0, 1, 1, 0 ], [ 0, 1, 2, 2, 0, 0 ], [ 2, 0, 0, 0, 2, 1 ] ];1399680
[ [ 1, 2, 0, 1, 2, 2 ], [ 0, 1, 2, 1, 0, 1 ], [ 0, 2, 2, 1, 0, 0 ], [ 1, 1, 2, 1, 2, 2 ], [ 2, 0, 0, 2, 2, 1 ], [ 2, 1, 0, 2, 2, 2 ] ];1399680
[ [ 1, 2, 1, 0, 2, 1 ], [ 0, 1, 0, 0, 0, 0 ], [ 0, 1, 0, 2, 1, 2 ], [ 0, 2, 0, 2, 1, 0 ], [ 0, 1, 2, 0, 0, 1 ], [ 0, 0, 1, 2, 0, 2 ] ];466560
[ [ 0, 2, 0, 1, 1, 2 ], [ 0, 1, 0, 1, 2, 2 ], [ 0, 0, 1, 2, 1, 0 ], [ 2, 2, 1, 2, 1, 1 ], [ 1, 1, 0, 1, 0, 2 ], [ 1, 2, 2, 2, 2, 2 ] ];1399680
[ [ 0, 1, 0, 0, 0, 0 ], [ 2, 2, 0, 1, 2, 2 ], [ 0, 0, 1, 2, 1, 0 ], [ 0, 0, 1, 2, 2, 1 ], [ 0, 0, 0, 1, 2, 2 ], [ 0, 1, 2, 2, 2, 2 ] ];4199040
[ [ 2, 1, 0, 0, 0, 1 ], [ 2, 0, 2, 2, 0, 1 ], [ 1, 0, 1, 2, 2, 0 ], [ 1, 2, 1, 2, 0, 1 ], [ 2, 0, 0, 2, 1, 2 ], [ 2, 2, 1, 0, 2, 0 ] ];12597120
[ [ 0, 2, 0, 2, 1, 2 ], [ 2, 2, 2, 2, 2, 1 ], [ 0, 0, 1, 2, 1, 1 ], [ 1, 2, 1, 2, 0, 1 ], [ 1, 1, 0, 1, 0, 2 ], [ 1, 0, 1, 1, 0, 1 ] ];12597120
[ [ 0, 2, 0, 0, 1, 2 ], [ 0, 0, 1, 0, 1, 0 ], [ 0, 0, 1, 1, 1, 2 ], [ 0, 2, 1, 2, 2, 1 ], [ 1, 1, 0, 1, 0, 2 ], [ 0, 1, 0, 0, 0, 0 ] ];12597120
[ [ 1, 1, 0, 0, 1, 0 ], [ 0, 1, 0, 0, 1, 0 ], [ 0, 0, 1, 2, 1, 0 ], [ 1, 0, 1, 2, 0, 1 ], [ 2, 0, 0, 1, 1, 2 ], [ 0, 0, 2, 1, 0, 0 ] ];4199040
[ [ 0, 1, 0, 0, 2, 0 ], [ 1, 2, 0, 2, 0, 1 ], [ 0, 0, 1, 2, 1, 0 ], [ 2, 0, 1, 2, 0, 1 ], [ 1, 0, 0, 1, 1, 2 ], [ 0, 2, 2, 1, 1, 0 ] ];4199040
[ [ 0, 1, 1, 0, 0, 0 ], [ 1, 2, 0, 2, 0, 2 ], [ 2, 0, 1, 2, 0, 0 ], [ 1, 2, 2, 1, 1, 2 ], [ 1, 0, 2, 1, 0, 2 ], [ 0, 1, 1, 0, 1, 2 ] ];12597120
[ [ 0, 1, 0, 0, 0, 1 ], [ 0, 0, 2, 0, 2, 2 ], [ 1, 0, 1, 2, 2, 0 ], [ 2, 0, 1, 2, 1, 2 ], [ 1, 1, 0, 2, 2, 0 ], [ 1, 2, 1, 1, 2, 1 ] ];12597120
[ [ 0, 0, 0, 1, 2, 1 ], [ 0, 0, 2, 1, 0, 0 ], [ 1, 0, 1, 2, 2, 0 ], [ 0, 1, 1, 2, 2, 0 ], [ 2, 1, 0, 0, 2, 1 ], [ 2, 1, 1, 2, 1, 1 ] ];12597120
[ [ 2, 0, 0, 1, 0, 1 ], [ 1, 1, 2, 1, 2, 1 ], [ 1, 0, 1, 2, 2, 0 ], [ 0, 1, 1, 2, 1, 0 ], [ 1, 1, 0, 0, 2, 1 ], [ 2, 0, 1, 0, 2, 1 ] ];12597120
[ [ 0, 0, 1, 1, 2, 1 ], [ 1, 1, 1, 0, 2, 2 ], [ 0, 0, 1, 2, 1, 0 ], [ 1, 0, 2, 1, 1, 1 ], [ 0, 1, 2, 0, 0, 1 ], [ 2, 2, 2, 1, 2, 0 ] ];12597120
[ [ 1, 2, 0, 2, 2, 1 ], [ 1, 0, 2, 0, 0, 2 ], [ 2, 1, 1, 1, 0, 1 ], [ 1, 2, 1, 2, 0, 1 ], [ 0, 0, 0, 2, 2, 1 ], [ 2, 0, 1, 0, 0, 0 ] ];4199040
[ [ 2, 2, 0, 2, 2, 2 ], [ 2, 1, 1, 0, 2, 0 ], [ 2, 0, 1, 2, 0, 0 ], [ 1, 2, 1, 2, 2, 2 ], [ 0, 2, 0, 2, 2, 0 ], [ 2, 2, 0, 2, 1, 1 ] ];12597120
[ [ 1, 2, 1, 2, 2, 2 ], [ 2, 1, 2, 1, 2, 1 ], [ 1, 0, 1, 2, 2, 0 ], [ 1, 1, 2, 1, 1, 0 ], [ 1, 2, 2, 2, 2, 0 ], [ 2, 1, 0, 2, 1, 0 ] ];4199040
[ [ 2, 1, 1, 1, 2, 0 ], [ 2, 0, 1, 1, 1, 0 ], [ 2, 1, 1, 0, 2, 2 ], [ 2, 2, 2, 2, 2, 2 ], [ 2, 0, 2, 0, 1, 2 ], [ 0, 2, 2, 1, 1, 0 ] ];4199040
[ [ 0, 2, 0, 1, 2, 2 ], [ 2, 0, 0, 1, 1, 2 ], [ 0, 0, 1, 2, 1, 0 ], [ 0, 2, 1, 2, 2, 1 ], [ 0, 1, 0, 1, 2, 2 ], [ 1, 1, 2, 0, 2, 1 ] ];4199040
[ [ 1, 2, 0, 1, 1, 2 ], [ 0, 2, 0, 2, 1, 1 ], [ 0, 0, 1, 2, 1, 0 ], [ 1, 2, 1, 2, 0, 1 ], [ 2, 1, 0, 1, 1, 2 ], [ 1, 0, 2, 2, 2, 2 ] ];4199040
[ [ 1, 1, 1, 0, 1, 0 ], [ 1, 2, 0, 1, 2, 2 ], [ 0, 1, 1, 2, 0, 0 ], [ 2, 2, 1, 2, 1, 1 ], [ 0, 2, 0, 0, 2, 1 ], [ 2, 2, 0, 2, 0, 1 ] ];4199040
[ [ 0, 2, 0, 1, 0, 2 ], [ 2, 2, 0, 1, 2, 2 ], [ 0, 0, 1, 2, 1, 0 ], [ 1, 2, 1, 2, 0, 1 ], [ 2, 1, 0, 1, 1, 2 ], [ 1, 0, 2, 1, 1, 0 ] ];4199040
[ [ 2, 1, 1, 0, 0, 1 ], [ 2, 0, 2, 1, 1, 1 ], [ 2, 0, 1, 2, 0, 0 ], [ 1, 0, 0, 1, 0, 1 ], [ 0, 0, 1, 2, 2, 2 ], [ 1, 2, 0, 2, 2, 0 ] ];4199040
[ [ 2, 0, 0, 2, 0, 1 ], [ 0, 0, 1, 0, 0, 1 ], [ 0, 1, 1, 0, 0, 2 ], [ 2, 1, 1, 0, 0, 0 ], [ 1, 1, 0, 2, 2, 1 ], [ 2, 2, 0, 1, 1, 1 ] ];4199040
[ [ 2, 1, 2, 1, 0, 1 ], [ 0, 2, 0, 1, 2, 2 ], [ 1, 2, 0, 1, 2, 0 ], [ 1, 1, 0, 1, 0, 1 ], [ 1, 0, 2, 0, 0, 2 ], [ 0, 1, 0, 1, 1, 1 ] ];1399680
[ [ 2, 0, 1, 2, 1, 2 ], [ 0, 2, 1, 1, 1, 0 ], [ 2, 0, 1, 2, 0, 0 ], [ 1, 1, 0, 2, 2, 0 ], [ 0, 2, 1, 1, 0, 0 ], [ 1, 0, 0, 0, 1, 2 ] ];1399680
[ [ 2, 1, 0, 2, 1, 1 ], [ 0, 2, 1, 2, 0, 2 ], [ 0, 1, 1, 2, 0, 0 ], [ 2, 2, 1, 2, 1, 1 ], [ 1, 0, 0, 1, 1, 2 ], [ 1, 2, 0, 1, 1, 1 ] ];1399680
[ [ 2, 1, 2, 0, 1, 2 ], [ 0, 2, 0, 0, 0, 0 ], [ 0, 2, 0, 1, 2, 1 ], [ 0, 1, 0, 1, 2, 0 ], [ 0, 2, 1, 0, 0, 2 ], [ 0, 0, 2, 1, 0, 1 ] ];466560
[ [ 2, 0, 2, 0, 0, 2 ], [ 0, 2, 1, 0, 0, 1 ], [ 2, 2, 0, 2, 1, 0 ], [ 1, 1, 0, 1, 2, 1 ], [ 0, 0, 2, 0, 0, 1 ], [ 1, 1, 2, 2, 0, 1 ] ];1399680
[ [ 0, 1, 1, 0, 0, 1 ], [ 1, 2, 0, 1, 2, 2 ], [ 0, 0, 0, 2, 2, 2 ], [ 0, 2, 0, 1, 1, 0 ], [ 1, 2, 0, 0, 2, 2 ], [ 0, 2, 1, 0, 0, 1 ] ];1399680
[ [ 1, 0, 2, 1, 2, 2 ], [ 2, 0, 1, 2, 0, 2 ], [ 2, 2, 2, 0, 0, 0 ], [ 1, 1, 0, 2, 2, 1 ], [ 2, 0, 2, 2, 2, 1 ], [ 1, 2, 2, 2, 1, 2 ] ];1399680
[ [ 2, 2, 0, 0, 2, 1 ], [ 0, 2, 0, 2, 1, 2 ], [ 1, 2, 0, 2, 0, 2 ], [ 0, 0, 0, 1, 1, 2 ], [ 1, 0, 1, 0, 1, 0 ], [ 1, 0, 1, 1, 1, 0 ] ];155520
[ [ 0, 2, 0, 1, 1, 1 ], [ 0, 1, 2, 2, 2, 2 ], [ 1, 1, 2, 0, 1, 2 ], [ 2, 1, 2, 0, 1, 1 ], [ 1, 2, 1, 0, 1, 1 ], [ 2, 0, 1, 0, 0, 2 ] ];155520
[ [ 1, 0, 2, 0, 1, 0 ], [ 0, 0, 1, 2, 1, 0 ], [ 1, 2, 0, 1, 0, 2 ], [ 1, 2, 1, 2, 2, 0 ], [ 0, 2, 2, 0, 0, 1 ], [ 1, 2, 1, 2, 1, 0 ] ];155520
[ [ 2, 2, 0, 0, 2, 1 ], [ 0, 2, 0, 0, 0, 0 ], [ 0, 1, 1, 0, 2, 0 ], [ 0, 0, 0, 0, 1, 2 ], [ 0, 0, 1, 0, 0, 0 ], [ 0, 0, 1, 1, 2, 1 ] ];51840
[ [ 1, 0, 1, 0, 0, 1 ], [ 0, 1, 2, 0, 0, 2 ], [ 1, 1, 0, 1, 2, 0 ], [ 2, 2, 0, 2, 1, 2 ], [ 0, 0, 1, 0, 0, 2 ], [ 2, 2, 1, 1, 0, 2 ] ];1399680
[ [ 0, 2, 2, 0, 0, 2 ], [ 2, 1, 0, 2, 1, 1 ], [ 0, 0, 0, 1, 1, 1 ], [ 0, 1, 0, 2, 2, 0 ], [ 2, 1, 0, 0, 1, 1 ], [ 0, 1, 2, 0, 0, 2 ] ];1399680
[ [ 2, 0, 1, 2, 1, 1 ], [ 1, 0, 2, 1, 0, 1 ], [ 1, 1, 1, 0, 0, 0 ], [ 2, 2, 0, 1, 1, 2 ], [ 1, 0, 1, 1, 1, 2 ], [ 2, 1, 1, 1, 2, 1 ] ];1399680
[ [ 1, 1, 0, 0, 1, 2 ], [ 0, 1, 0, 1, 2, 1 ], [ 2, 1, 0, 1, 0, 1 ], [ 0, 0, 0, 2, 2, 1 ], [ 2, 0, 2, 0, 2, 0 ], [ 2, 0, 2, 2, 2, 0 ] ];155520
[ [ 0, 1, 0, 2, 2, 2 ], [ 0, 2, 1, 1, 1, 1 ], [ 2, 2, 1, 0, 2, 1 ], [ 1, 2, 1, 0, 2, 2 ], [ 2, 1, 2, 0, 2, 2 ], [ 1, 0, 2, 0, 0, 1 ] ];155520
[ [ 2, 0, 1, 0, 2, 0 ], [ 0, 0, 2, 1, 2, 0 ], [ 2, 1, 0, 2, 0, 1 ], [ 2, 1, 2, 1, 1, 0 ], [ 0, 1, 1, 0, 0, 2 ], [ 2, 1, 2, 1, 2, 0 ] ];155520
[ [ 1, 1, 0, 0, 1, 2 ], [ 0, 1, 0, 0, 0, 0 ], [ 0, 2, 2, 0, 1, 0 ], [ 0, 0, 0, 0, 2, 1 ], [ 0, 0, 2, 0, 0, 0 ], [ 0, 0, 2, 2, 1, 2 ] ];51840
[ [ 1, 2, 1, 2, 2, 0 ], [ 0, 2, 2, 2, 2, 2 ], [ 2, 0, 0, 1, 2, 0 ], [ 2, 2, 2, 1, 1, 1 ], [ 2, 1, 1, 0, 1, 1 ], [ 0, 2, 0, 2, 0, 1 ] ];12597120
[ [ 2, 1, 1, 2, 2, 1 ], [ 2, 1, 1, 1, 2, 2 ], [ 0, 1, 0, 1, 0, 0 ], [ 0, 0, 2, 1, 2, 1 ], [ 2, 0, 1, 0, 1, 1 ], [ 1, 2, 2, 1, 2, 1 ] ];12597120
[ [ 2, 2, 0, 1, 0, 1 ], [ 0, 2, 0, 2, 0, 1 ], [ 2, 0, 0, 1, 2, 0 ], [ 1, 2, 2, 1, 0, 1 ], [ 1, 2, 2, 1, 0, 2 ], [ 1, 1, 1, 2, 2, 1 ] ];12597120
[ [ 0, 1, 2, 0, 1, 0 ], [ 2, 0, 1, 2, 0, 2 ], [ 2, 0, 0, 1, 2, 0 ], [ 0, 2, 2, 1, 2, 1 ], [ 0, 1, 0, 2, 2, 2 ], [ 1, 1, 2, 2, 0, 0 ] ];12597120
[ [ 0, 2, 1, 1, 1, 0 ], [ 1, 0, 0, 2, 1, 1 ], [ 0, 0, 2, 1, 0, 1 ], [ 0, 2, 2, 1, 2, 1 ], [ 1, 1, 1, 2, 0, 1 ], [ 0, 0, 1, 1, 1, 0 ] ];12597120
[ [ 2, 2, 1, 0, 0, 0 ], [ 0, 1, 1, 2, 1, 0 ], [ 0, 0, 1, 0, 0, 2 ], [ 1, 2, 2, 1, 0, 1 ], [ 0, 1, 1, 1, 2, 1 ], [ 1, 1, 2, 0, 0, 2 ] ];12597120
[ [ 1, 1, 1, 2, 1, 1 ], [ 1, 0, 2, 2, 2, 0 ], [ 1, 1, 0, 1, 1, 0 ], [ 1, 0, 2, 1, 0, 1 ], [ 0, 0, 1, 0, 2, 1 ], [ 0, 1, 0, 2, 2, 2 ] ];12597120
[ [ 1, 1, 1, 2, 2, 1 ], [ 1, 1, 2, 1, 2, 0 ], [ 0, 1, 0, 1, 2, 0 ], [ 2, 0, 2, 1, 0, 1 ], [ 1, 0, 1, 0, 2, 1 ], [ 0, 0, 2, 0, 1, 1 ] ];12597120
[ [ 1, 1, 0, 2, 1, 1 ], [ 2, 0, 0, 0, 2, 2 ], [ 1, 1, 1, 1, 1, 0 ], [ 1, 2, 1, 2, 1, 2 ], [ 2, 0, 2, 0, 1, 1 ], [ 1, 1, 1, 0, 2, 1 ] ];12597120
[ [ 2, 1, 0, 1, 1, 1 ], [ 2, 2, 2, 1, 0, 1 ], [ 0, 2, 0, 1, 0, 2 ], [ 2, 1, 2, 1, 1, 0 ], [ 1, 0, 2, 1, 1, 1 ], [ 2, 0, 0, 1, 1, 0 ] ];4199040
[ [ 1, 1, 1, 2, 1, 0 ], [ 1, 0, 0, 2, 2, 0 ], [ 0, 1, 0, 1, 0, 1 ], [ 2, 0, 2, 1, 1, 2 ], [ 1, 1, 0, 2, 2, 1 ], [ 0, 1, 1, 2, 2, 2 ] ];12597120
[ [ 2, 2, 0, 1, 0, 1 ], [ 0, 1, 2, 0, 2, 2 ], [ 0, 2, 1, 0, 0, 0 ], [ 0, 2, 2, 1, 2, 1 ], [ 0, 2, 2, 0, 2, 2 ], [ 2, 0, 0, 1, 2, 2 ] ];12597120
[ [ 0, 1, 2, 1, 2, 1 ], [ 2, 0, 1, 0, 0, 2 ], [ 1, 2, 1, 1, 1, 2 ], [ 1, 0, 1, 2, 1, 1 ], [ 2, 0, 0, 1, 2, 1 ], [ 2, 1, 2, 0, 1, 1 ] ];12597120
[ [ 1, 1, 2, 1, 2, 0 ], [ 0, 1, 2, 0, 2, 1 ], [ 0, 2, 2, 1, 0, 2 ], [ 1, 2, 2, 1, 0, 1 ], [ 0, 1, 0, 2, 2, 2 ], [ 1, 2, 0, 2, 1, 2 ] ];12597120
[ [ 1, 1, 1, 1, 1, 1 ], [ 0, 1, 2, 2, 1, 1 ], [ 2, 2, 2, 1, 1, 2 ], [ 1, 0, 2, 2, 0, 1 ], [ 1, 0, 1, 1, 0, 1 ], [ 1, 2, 0, 2, 0, 0 ] ];12597120
[ [ 0, 1, 0, 2, 2, 0 ], [ 2, 1, 0, 2, 0, 0 ], [ 0, 1, 1, 1, 1, 1 ], [ 1, 1, 2, 0, 0, 1 ], [ 0, 1, 1, 2, 2, 1 ], [ 2, 2, 1, 2, 1, 2 ] ];12597120
[ [ 1, 1, 0, 1, 1, 1 ], [ 2, 1, 2, 2, 2, 0 ], [ 1, 2, 0, 1, 0, 2 ], [ 0, 2, 1, 0, 0, 2 ], [ 0, 0, 2, 1, 2, 1 ], [ 0, 2, 0, 2, 1, 2 ] ];12597120
[ [ 0, 2, 0, 2, 2, 0 ], [ 2, 0, 1, 1, 0, 2 ], [ 2, 1, 2, 0, 0, 1 ], [ 2, 0, 0, 2, 1, 2 ], [ 2, 1, 2, 2, 1, 1 ], [ 1, 1, 0, 1, 0, 1 ] ];4199040
[ [ 2, 1, 1, 0, 0, 1 ], [ 1, 1, 1, 0, 0, 1 ], [ 2, 0, 1, 1, 2, 1 ], [ 1, 0, 2, 0, 2, 1 ], [ 2, 0, 1, 2, 0, 1 ], [ 0, 0, 1, 2, 2, 2 ] ];12597120
[ [ 1, 1, 0, 0, 1, 1 ], [ 1, 2, 1, 2, 1, 1 ], [ 0, 0, 2, 1, 1, 1 ], [ 2, 2, 1, 1, 2, 2 ], [ 1, 0, 2, 2, 0, 1 ], [ 1, 0, 2, 2, 2, 0 ] ];4199040
[ [ 1, 2, 2, 2, 2, 0 ], [ 1, 2, 0, 1, 0, 1 ], [ 1, 0, 0, 1, 1, 0 ], [ 0, 2, 0, 0, 2, 2 ], [ 1, 1, 2, 0, 0, 1 ], [ 0, 2, 2, 1, 0, 0 ] ];12597120
[ [ 2, 1, 0, 0, 1, 1 ], [ 0, 1, 0, 2, 2, 1 ], [ 1, 0, 2, 1, 0, 1 ], [ 0, 1, 2, 2, 2, 0 ], [ 2, 0, 2, 2, 2, 1 ], [ 2, 2, 1, 2, 2, 0 ] ];1399680
[ [ 2, 1, 0, 2, 1, 1 ], [ 2, 0, 1, 1, 2, 1 ], [ 1, 1, 1, 1, 2, 0 ], [ 1, 1, 2, 0, 0, 0 ], [ 0, 0, 2, 0, 0, 1 ], [ 0, 1, 2, 1, 1, 0 ] ];4199040
[ [ 1, 1, 1, 0, 2, 0 ], [ 1, 1, 1, 1, 2, 0 ], [ 1, 0, 0, 1, 1, 0 ], [ 1, 1, 0, 0, 0, 0 ], [ 1, 1, 0, 2, 0, 2 ], [ 2, 2, 0, 1, 1, 1 ] ];4199040
[ [ 2, 1, 2, 2, 1, 0 ], [ 0, 1, 0, 2, 0, 1 ], [ 1, 1, 1, 0, 0, 1 ], [ 0, 2, 2, 1, 2, 1 ], [ 2, 1, 0, 2, 1, 2 ], [ 0, 0, 2, 2, 2, 0 ] ];1399680
[ [ 2, 2, 2, 1, 1, 2 ], [ 1, 2, 2, 2, 2, 1 ], [ 1, 1, 1, 1, 2, 0 ], [ 2, 2, 1, 2, 0, 0 ], [ 1, 0, 1, 1, 2, 2 ], [ 0, 2, 2, 0, 1, 0 ] ];4199040
[ [ 2, 0, 2, 2, 0, 1 ], [ 0, 0, 2, 0, 1, 2 ], [ 0, 0, 2, 1, 1, 0 ], [ 2, 2, 1, 1, 1, 0 ], [ 1, 2, 2, 2, 1, 1 ], [ 1, 0, 2, 1, 1, 0 ] ];155520
[ [ 2, 0, 0, 1, 0, 1 ], [ 2, 2, 2, 2, 1, 1 ], [ 0, 0, 2, 1, 1, 0 ], [ 2, 1, 1, 1, 1, 0 ], [ 0, 1, 2, 2, 0, 1 ], [ 0, 0, 2, 0, 1, 2 ] ];2099520
[ [ 1, 1, 0, 0, 0, 1 ], [ 1, 0, 2, 1, 1, 0 ], [ 1, 0, 2, 1, 2, 0 ], [ 1, 1, 1, 1, 0, 1 ], [ 0, 2, 1, 1, 2, 0 ], [ 1, 1, 2, 2, 0, 0 ] ];2099520
[ [ 2, 1, 1, 1, 2, 2 ], [ 0, 2, 2, 2, 2, 2 ], [ 2, 0, 2, 1, 0, 0 ], [ 0, 0, 1, 1, 2, 2 ], [ 0, 0, 0, 0, 1, 1 ], [ 2, 1, 2, 0, 0, 1 ] ];2099520
[ [ 0, 0, 1, 2, 1, 1 ], [ 2, 0, 2, 1, 1, 2 ], [ 2, 0, 2, 1, 0, 0 ], [ 0, 1, 2, 2, 0, 2 ], [ 2, 2, 2, 2, 2, 1 ], [ 2, 0, 1, 2, 0, 0 ] ];1399680
[ [ 2, 0, 0, 1, 0, 2 ], [ 1, 2, 1, 2, 1, 2 ], [ 1, 0, 2, 1, 2, 0 ], [ 0, 1, 1, 1, 2, 1 ], [ 2, 2, 1, 2, 0, 2 ], [ 2, 0, 1, 0, 1, 2 ] ];233280
[ [ 2, 2, 2, 1, 0, 2 ], [ 1, 0, 0, 2, 2, 1 ], [ 1, 0, 2, 1, 2, 0 ], [ 0, 2, 1, 1, 1, 2 ], [ 2, 2, 0, 2, 2, 0 ], [ 2, 1, 2, 0, 1, 2 ] ];699840
[ [ 1, 1, 1, 1, 1, 0 ], [ 1, 2, 0, 1, 0, 2 ], [ 2, 0, 2, 1, 0, 0 ], [ 1, 0, 1, 1, 0, 1 ], [ 0, 0, 1, 2, 1, 2 ], [ 2, 1, 0, 2, 0, 2 ] ];233280
[ [ 1, 0, 1, 0, 2, 1 ], [ 1, 2, 0, 1, 0, 2 ], [ 2, 2, 0, 1, 2, 1 ], [ 1, 0, 0, 0, 2, 1 ], [ 0, 1, 1, 0, 0, 1 ], [ 2, 0, 2, 0, 0, 0 ] ];233280
[ [ 1, 1, 2, 1, 0, 1 ], [ 0, 1, 0, 2, 1, 1 ], [ 1, 0, 0, 1, 1, 2 ], [ 0, 1, 1, 2, 1, 0 ], [ 2, 2, 0, 2, 1, 0 ], [ 1, 2, 1, 2, 1, 1 ] ];77760
[ [ 1, 2, 0, 2, 0, 2 ], [ 0, 1, 0, 0, 0, 0 ], [ 0, 0, 2, 1, 1, 0 ], [ 0, 2, 2, 0, 2, 0 ], [ 0, 2, 0, 0, 1, 0 ], [ 0, 0, 2, 2, 1, 1 ] ];25920
[ [ 1, 1, 0, 2, 1, 1 ], [ 0, 1, 0, 0, 0, 0 ], [ 0, 0, 0, 0, 1, 1 ], [ 0, 1, 1, 0, 0, 1 ], [ 0, 2, 1, 0, 0, 0 ], [ 0, 2, 1, 1, 1, 1 ] ];77760
[ [ 1, 0, 1, 1, 0, 2 ], [ 0, 0, 1, 0, 2, 1 ], [ 0, 0, 1, 2, 2, 0 ], [ 1, 1, 2, 2, 2, 0 ], [ 2, 1, 1, 1, 2, 2 ], [ 2, 0, 1, 2, 2, 0 ] ];155520
[ [ 1, 0, 0, 2, 0, 2 ], [ 1, 1, 1, 1, 2, 2 ], [ 0, 0, 1, 2, 2, 0 ], [ 1, 2, 2, 2, 2, 0 ], [ 0, 2, 1, 1, 0, 2 ], [ 0, 0, 1, 0, 2, 1 ] ];2099520
[ [ 2, 2, 0, 0, 0, 2 ], [ 2, 0, 1, 2, 2, 0 ], [ 2, 0, 1, 2, 1, 0 ], [ 2, 2, 2, 2, 0, 2 ], [ 0, 1, 2, 2, 1, 0 ], [ 2, 2, 1, 1, 0, 0 ] ];2099520
[ [ 1, 2, 2, 2, 1, 1 ], [ 0, 1, 1, 1, 1, 1 ], [ 1, 0, 1, 2, 0, 0 ], [ 0, 0, 2, 2, 1, 1 ], [ 0, 0, 0, 0, 2, 2 ], [ 1, 2, 1, 0, 0, 2 ] ];2099520
[ [ 0, 0, 2, 1, 2, 2 ], [ 1, 0, 1, 2, 2, 1 ], [ 1, 0, 1, 2, 0, 0 ], [ 0, 2, 1, 1, 0, 1 ], [ 1, 1, 1, 1, 1, 2 ], [ 1, 0, 2, 1, 0, 0 ] ];1399680
[ [ 1, 0, 0, 2, 0, 1 ], [ 2, 1, 2, 1, 2, 1 ], [ 2, 0, 1, 2, 1, 0 ], [ 0, 2, 2, 2, 1, 2 ], [ 1, 1, 2, 1, 0, 1 ], [ 1, 0, 2, 0, 2, 1 ] ];233280
[ [ 1, 1, 1, 2, 0, 1 ], [ 2, 0, 0, 1, 1, 2 ], [ 2, 0, 1, 2, 1, 0 ], [ 0, 1, 2, 2, 2, 1 ], [ 1, 1, 0, 1, 1, 0 ], [ 1, 2, 1, 0, 2, 1 ] ];699840
[ [ 2, 2, 2, 2, 2, 0 ], [ 2, 1, 0, 2, 0, 1 ], [ 1, 0, 1, 2, 0, 0 ], [ 2, 0, 2, 2, 0, 2 ], [ 0, 0, 2, 1, 2, 1 ], [ 1, 2, 0, 1, 0, 1 ] ];233280
[ [ 2, 0, 2, 0, 1, 2 ], [ 2, 1, 0, 2, 0, 1 ], [ 1, 1, 0, 2, 1, 2 ], [ 2, 0, 0, 0, 1, 2 ], [ 0, 2, 2, 0, 0, 2 ], [ 1, 0, 1, 0, 0, 0 ] ];233280
[ [ 2, 2, 1, 2, 0, 2 ], [ 0, 2, 0, 1, 2, 2 ], [ 2, 0, 0, 2, 2, 1 ], [ 0, 2, 2, 1, 2, 0 ], [ 1, 1, 0, 1, 2, 0 ], [ 2, 1, 2, 1, 2, 2 ] ];77760
[ [ 2, 1, 0, 1, 0, 1 ], [ 0, 2, 0, 0, 0, 0 ], [ 0, 0, 1, 2, 2, 0 ], [ 0, 1, 1, 0, 1, 0 ], [ 0, 1, 0, 0, 2, 0 ], [ 0, 0, 1, 1, 2, 2 ] ];25920
[ [ 2, 2, 0, 1, 2, 2 ], [ 0, 2, 0, 0, 0, 0 ], [ 0, 0, 0, 0, 2, 2 ], [ 0, 2, 2, 0, 0, 2 ], [ 0, 1, 2, 0, 0, 0 ], [ 0, 1, 2, 2, 2, 2 ] ];77760
[ [ 0, 1, 0, 0, 2, 2 ], [ 0, 2, 1, 0, 2, 1 ], [ 0, 1, 1, 2, 1, 1 ], [ 1, 1, 1, 2, 2, 1 ], [ 2, 0, 1, 0, 2, 0 ], [ 2, 1, 0, 1, 1, 2 ] ];155520
[ [ 0, 1, 0, 0, 2, 1 ], [ 0, 1, 2, 0, 1, 1 ], [ 2, 2, 1, 2, 0, 1 ], [ 2, 1, 1, 2, 0, 1 ], [ 0, 1, 1, 0, 0, 0 ], [ 0, 1, 1, 1, 1, 2 ] ];2099520
[ [ 0, 2, 1, 0, 1, 1 ], [ 1, 1, 0, 1, 0, 2 ], [ 1, 0, 1, 2, 2, 2 ], [ 2, 0, 1, 2, 0, 2 ], [ 1, 2, 0, 0, 2, 1 ], [ 0, 0, 2, 2, 2, 0 ] ];2099520
[ [ 1, 0, 2, 0, 1, 0 ], [ 2, 0, 2, 2, 1, 0 ], [ 2, 2, 1, 2, 0, 0 ], [ 0, 2, 1, 2, 1, 0 ], [ 2, 1, 2, 0, 1, 2 ], [ 1, 2, 1, 0, 0, 1 ] ];2099520
[ [ 0, 1, 0, 0, 2, 2 ], [ 1, 0, 0, 2, 1, 2 ], [ 1, 1, 2, 2, 2, 1 ], [ 1, 2, 0, 2, 1, 0 ], [ 2, 0, 1, 0, 2, 0 ], [ 2, 2, 2, 0, 2, 0 ] ];1399680
[ [ 2, 1, 0, 0, 1, 0 ], [ 2, 2, 0, 1, 1, 2 ], [ 2, 2, 1, 2, 0, 1 ], [ 2, 1, 1, 2, 0, 0 ], [ 2, 0, 2, 0, 1, 2 ], [ 2, 2, 2, 2, 1, 1 ] ];233280
[ [ 0, 2, 1, 0, 2, 0 ], [ 2, 2, 0, 1, 1, 2 ], [ 2, 2, 1, 2, 0, 1 ], [ 0, 0, 1, 2, 2, 2 ], [ 1, 0, 0, 0, 1, 1 ], [ 1, 2, 0, 2, 1, 0 ] ];699840
[ [ 2, 0, 2, 0, 2, 2 ], [ 2, 1, 2, 2, 1, 0 ], [ 1, 2, 1, 2, 2, 1 ], [ 0, 2, 1, 2, 1, 0 ], [ 2, 2, 2, 0, 1, 2 ], [ 0, 0, 1, 0, 2, 2 ] ];233280
[ [ 2, 1, 2, 1, 1, 1 ], [ 2, 1, 2, 2, 1, 0 ], [ 1, 0, 0, 2, 0, 0 ], [ 0, 2, 2, 0, 2, 0 ], [ 2, 1, 2, 2, 2, 0 ], [ 0, 1, 2, 2, 2, 1 ] ];233280
[ [ 1, 2, 1, 0, 2, 1 ], [ 0, 1, 0, 1, 2, 2 ], [ 2, 2, 2, 0, 1, 0 ], [ 0, 2, 2, 0, 2, 0 ], [ 1, 2, 0, 0, 2, 1 ], [ 2, 0, 2, 2, 1, 0 ] ];77760
[ [ 1, 2, 2, 0, 0, 1 ], [ 0, 1, 0, 0, 0, 0 ], [ 0, 1, 0, 2, 2, 0 ], [ 0, 0, 1, 2, 1, 0 ], [ 0, 1, 0, 0, 1, 0 ], [ 0, 0, 1, 1, 2, 1 ] ];25920
[ [ 1, 2, 1, 0, 2, 1 ], [ 0, 1, 0, 0, 0, 0 ], [ 0, 1, 2, 1, 1, 1 ], [ 0, 0, 1, 1, 2, 2 ], [ 0, 2, 0, 0, 1, 1 ], [ 0, 1, 0, 1, 2, 0 ] ];77760
[ [ 0, 2, 0, 0, 1, 1 ], [ 0, 1, 2, 0, 1, 2 ], [ 0, 2, 2, 1, 2, 2 ], [ 2, 2, 2, 1, 1, 2 ], [ 1, 0, 2, 0, 1, 0 ], [ 1, 2, 0, 2, 2, 1 ] ];155520
[ [ 0, 2, 0, 0, 1, 2 ], [ 0, 2, 1, 0, 2, 2 ], [ 1, 1, 2, 1, 0, 2 ], [ 1, 2, 2, 1, 0, 2 ], [ 0, 2, 2, 0, 0, 0 ], [ 0, 2, 2, 2, 2, 1 ] ];2099520
[ [ 0, 1, 2, 0, 2, 2 ], [ 2, 2, 0, 2, 0, 1 ], [ 2, 0, 2, 1, 1, 1 ], [ 1, 0, 2, 1, 0, 1 ], [ 2, 1, 0, 0, 1, 2 ], [ 0, 0, 1, 1, 1, 0 ] ];2099520
[ [ 2, 0, 1, 0, 2, 0 ], [ 1, 0, 1, 1, 2, 0 ], [ 1, 1, 2, 1, 0, 0 ], [ 0, 1, 2, 1, 2, 0 ], [ 1, 2, 1, 0, 2, 1 ], [ 2, 1, 2, 0, 0, 2 ] ];2099520
[ [ 0, 2, 0, 0, 1, 1 ], [ 2, 0, 0, 1, 2, 1 ], [ 2, 2, 1, 1, 1, 2 ], [ 2, 1, 0, 1, 2, 0 ], [ 1, 0, 2, 0, 1, 0 ], [ 1, 1, 1, 0, 1, 0 ] ];1399680
[ [ 1, 2, 0, 0, 2, 0 ], [ 1, 1, 0, 2, 2, 1 ], [ 1, 1, 2, 1, 0, 2 ], [ 1, 2, 2, 1, 0, 0 ], [ 1, 0, 1, 0, 2, 1 ], [ 1, 1, 1, 1, 2, 2 ] ];233280
[ [ 0, 1, 2, 0, 1, 0 ], [ 1, 1, 0, 2, 2, 1 ], [ 1, 1, 2, 1, 0, 2 ], [ 0, 0, 2, 1, 1, 1 ], [ 2, 0, 0, 0, 2, 2 ], [ 2, 1, 0, 1, 2, 0 ] ];699840
[ [ 1, 0, 1, 0, 1, 1 ], [ 1, 2, 1, 1, 2, 0 ], [ 2, 1, 2, 1, 1, 2 ], [ 0, 1, 2, 1, 2, 0 ], [ 1, 1, 1, 0, 2, 1 ], [ 0, 0, 2, 0, 1, 1 ] ];233280
[ [ 1, 2, 1, 2, 2, 2 ], [ 1, 2, 1, 1, 2, 0 ], [ 2, 0, 0, 1, 0, 0 ], [ 0, 1, 1, 0, 1, 0 ], [ 1, 2, 1, 1, 1, 0 ], [ 0, 2, 1, 1, 1, 2 ] ];233280
[ [ 2, 1, 2, 0, 1, 2 ], [ 0, 2, 0, 2, 1, 1 ], [ 1, 1, 1, 0, 2, 0 ], [ 0, 1, 1, 0, 1, 0 ], [ 2, 1, 0, 0, 1, 2 ], [ 1, 0, 1, 1, 2, 0 ] ];77760
[ [ 2, 1, 1, 0, 0, 2 ], [ 0, 2, 0, 0, 0, 0 ], [ 0, 2, 0, 1, 1, 0 ], [ 0, 0, 2, 1, 2, 0 ], [ 0, 2, 0, 0, 2, 0 ], [ 0, 0, 2, 2, 1, 2 ] ];25920
[ [ 2, 1, 2, 0, 1, 2 ], [ 0, 2, 0, 0, 0, 0 ], [ 0, 2, 1, 2, 2, 2 ], [ 0, 0, 2, 2, 1, 1 ], [ 0, 1, 0, 0, 2, 2 ], [ 0, 2, 0, 2, 1, 0 ] ];77760
[ [ 1, 0, 1, 0, 1, 2 ], [ 0, 0, 2, 2, 2, 0 ], [ 2, 2, 0, 0, 1, 0 ], [ 0, 1, 2, 0, 0, 2 ], [ 1, 0, 2, 0, 1, 2 ], [ 2, 2, 1, 1, 0, 0 ] ];1399680
[ [ 1, 0, 0, 2, 0, 1 ], [ 2, 0, 0, 0, 2, 2 ], [ 2, 1, 0, 0, 1, 0 ], [ 0, 1, 2, 0, 0, 2 ], [ 2, 0, 2, 0, 2, 2 ], [ 1, 1, 2, 2, 0, 2 ] ];2099520
[ [ 0, 0, 1, 0, 0, 0 ], [ 0, 1, 1, 1, 1, 1 ], [ 1, 1, 0, 0, 0, 1 ], [ 0, 1, 2, 0, 0, 2 ], [ 2, 1, 2, 0, 2, 0 ], [ 1, 2, 0, 0, 1, 2 ] ];2099520
[ [ 2, 2, 1, 0, 2, 2 ], [ 1, 0, 0, 0, 1, 1 ], [ 0, 0, 0, 0, 2, 2 ], [ 0, 1, 2, 0, 0, 2 ], [ 0, 0, 2, 0, 0, 0 ], [ 1, 0, 2, 2, 0, 0 ] ];4199040
[ [ 0, 0, 1, 2, 0, 2 ], [ 0, 2, 0, 2, 2, 1 ], [ 1, 2, 0, 0, 0, 1 ], [ 1, 1, 2, 0, 1, 2 ], [ 2, 0, 2, 2, 2, 2 ], [ 0, 1, 2, 0, 1, 1 ] ];12597120
[ [ 2, 0, 1, 1, 2, 2 ], [ 1, 1, 1, 2, 0, 2 ], [ 0, 2, 0, 2, 2, 2 ], [ 2, 1, 2, 0, 2, 2 ], [ 0, 0, 2, 1, 0, 2 ], [ 2, 0, 0, 2, 0, 2 ] ];12597120
[ [ 1, 0, 2, 0, 1, 2 ], [ 0, 2, 0, 2, 1, 0 ], [ 2, 2, 1, 0, 1, 0 ], [ 2, 1, 1, 0, 2, 0 ], [ 1, 0, 0, 0, 1, 2 ], [ 0, 1, 0, 1, 0, 0 ] ];4199040
[ [ 2, 1, 2, 1, 0, 0 ], [ 0, 1, 2, 2, 2, 2 ], [ 1, 2, 0, 0, 0, 2 ], [ 0, 1, 2, 0, 0, 2 ], [ 0, 2, 0, 1, 1, 0 ], [ 1, 0, 1, 1, 2, 1 ] ];4199040
[ [ 1, 0, 0, 2, 0, 2 ], [ 2, 1, 2, 2, 1, 0 ], [ 0, 1, 0, 0, 2, 1 ], [ 0, 1, 2, 0, 0, 2 ], [ 0, 0, 1, 2, 2, 1 ], [ 2, 2, 1, 1, 0, 1 ] ];1399680
[ [ 0, 1, 2, 1, 0, 0 ], [ 1, 0, 0, 1, 0, 2 ], [ 0, 2, 0, 0, 1, 2 ], [ 1, 1, 2, 0, 1, 2 ], [ 2, 2, 0, 1, 1, 0 ], [ 0, 2, 1, 2, 2, 1 ] ];4199040
[ [ 2, 1, 1, 2, 0, 2 ], [ 2, 1, 2, 2, 0, 1 ], [ 2, 1, 0, 0, 0, 1 ], [ 0, 2, 2, 0, 0, 0 ], [ 2, 0, 2, 2, 1, 0 ], [ 1, 0, 1, 1, 2, 1 ] ];4199040
[ [ 2, 2, 1, 0, 2, 2 ], [ 2, 1, 2, 2, 1, 0 ], [ 1, 0, 0, 0, 0, 1 ], [ 0, 1, 2, 0, 0, 2 ], [ 2, 1, 1, 2, 1, 1 ], [ 0, 1, 1, 1, 1, 1 ] ];699840
[ [ 1, 2, 1, 0, 0, 2 ], [ 2, 2, 1, 2, 1, 1 ], [ 1, 0, 0, 0, 2, 1 ], [ 1, 1, 2, 0, 1, 2 ], [ 0, 1, 1, 2, 0, 1 ], [ 1, 2, 2, 0, 0, 2 ] ];12597120
[ [ 1, 2, 2, 0, 1, 2 ], [ 0, 1, 1, 1, 2, 2 ], [ 0, 0, 1, 0, 2, 1 ], [ 0, 1, 0, 1, 1, 2 ], [ 2, 1, 0, 2, 1, 1 ], [ 2, 1, 1, 0, 0, 0 ] ];4199040
[ [ 2, 0, 0, 1, 1, 1 ], [ 1, 1, 0, 2, 2, 1 ], [ 1, 1, 1, 0, 1, 0 ], [ 2, 1, 2, 0, 2, 2 ], [ 0, 0, 2, 1, 0, 2 ], [ 0, 2, 2, 0, 0, 1 ] ];1399680
[ [ 1, 0, 1, 1, 0, 1 ], [ 2, 0, 1, 0, 1, 1 ], [ 2, 1, 2, 0, 2, 0 ], [ 1, 1, 0, 1, 2, 2 ], [ 0, 0, 1, 1, 0, 2 ], [ 0, 1, 1, 1, 1, 1 ] ];1399680
[ [ 0, 1, 2, 1, 2, 1 ], [ 0, 0, 2, 0, 0, 0 ], [ 1, 1, 0, 0, 1, 1 ], [ 1, 1, 2, 0, 1, 2 ], [ 1, 1, 2, 0, 0, 0 ], [ 2, 0, 2, 0, 0, 2 ] ];4199040
[ [ 1, 0, 1, 1, 0, 2 ], [ 1, 1, 2, 1, 1, 0 ], [ 2, 2, 0, 2, 2, 2 ], [ 1, 1, 2, 0, 1, 2 ], [ 2, 0, 2, 1, 1, 2 ], [ 2, 0, 1, 2, 2, 2 ] ];2099520
[ [ 1, 2, 1, 0, 1, 0 ], [ 2, 0, 0, 0, 1, 2 ], [ 2, 2, 1, 0, 0, 2 ], [ 0, 2, 0, 1, 2, 0 ], [ 2, 2, 0, 0, 0, 2 ], [ 0, 2, 1, 2, 0, 2 ] ];1399680
[ [ 1, 2, 0, 2, 2, 0 ], [ 2, 1, 0, 0, 1, 2 ], [ 1, 2, 2, 1, 1, 2 ], [ 2, 0, 0, 0, 0, 2 ], [ 2, 2, 1, 1, 2, 2 ], [ 2, 0, 0, 1, 0, 2 ] ];699840
[ [ 1, 1, 0, 1, 1, 1 ], [ 2, 0, 2, 1, 1, 0 ], [ 2, 2, 1, 0, 2, 0 ], [ 0, 2, 1, 0, 1, 0 ], [ 1, 2, 0, 0, 0, 2 ], [ 2, 0, 2, 1, 2, 0 ] ];699840
[ [ 1, 0, 1, 0, 1, 0 ], [ 0, 1, 0, 1, 2, 2 ], [ 2, 0, 1, 2, 1, 1 ], [ 0, 0, 1, 1, 0, 2 ], [ 1, 1, 0, 2, 1, 0 ], [ 2, 2, 1, 1, 0, 0 ] ];699840
[ [ 1, 1, 2, 1, 1, 0 ], [ 1, 0, 1, 2, 1, 2 ], [ 1, 2, 0, 0, 2, 2 ], [ 1, 1, 2, 0, 1, 2 ], [ 1, 2, 0, 1, 0, 0 ], [ 1, 2, 2, 0, 1, 1 ] ];699840
[ [ 1, 1, 1, 2, 2, 2 ], [ 0, 1, 0, 0, 0, 0 ], [ 0, 1, 1, 0, 2, 1 ], [ 0, 0, 0, 1, 1, 2 ], [ 0, 0, 2, 2, 2, 0 ], [ 0, 1, 0, 0, 1, 2 ] ];233280
[ [ 2, 0, 1, 0, 2, 0 ], [ 0, 2, 1, 2, 0, 2 ], [ 2, 2, 0, 0, 1, 1 ], [ 2, 1, 2, 0, 2, 2 ], [ 2, 1, 2, 1, 1, 0 ], [ 0, 1, 0, 1, 2, 0 ] ];466560
[ [ 2, 2, 2, 0, 1, 2 ], [ 0, 2, 0, 0, 0, 0 ], [ 0, 1, 2, 1, 1, 1 ], [ 0, 0, 1, 1, 2, 2 ], [ 0, 1, 0, 1, 2, 0 ], [ 0, 1, 0, 0, 2, 2 ] ];233280
[ [ 2, 0, 2, 0, 2, 1 ], [ 0, 0, 1, 1, 1, 0 ], [ 1, 1, 0, 0, 2, 0 ], [ 0, 2, 1, 0, 0, 1 ], [ 2, 0, 1, 0, 2, 1 ], [ 1, 1, 2, 2, 0, 0 ] ];1399680
[ [ 2, 0, 0, 1, 0, 2 ], [ 1, 0, 0, 0, 1, 1 ], [ 1, 2, 0, 0, 2, 0 ], [ 0, 2, 1, 0, 0, 1 ], [ 1, 0, 1, 0, 1, 1 ], [ 2, 2, 1, 1, 0, 1 ] ];2099520
[ [ 0, 0, 2, 0, 0, 0 ], [ 0, 2, 2, 2, 2, 2 ], [ 2, 2, 0, 0, 0, 2 ], [ 0, 2, 1, 0, 0, 1 ], [ 1, 2, 1, 0, 1, 0 ], [ 2, 1, 0, 0, 2, 1 ] ];2099520
[ [ 1, 1, 2, 0, 1, 1 ], [ 2, 0, 0, 0, 2, 2 ], [ 0, 0, 0, 0, 1, 1 ], [ 0, 2, 1, 0, 0, 1 ], [ 0, 0, 1, 0, 0, 0 ], [ 2, 0, 1, 1, 0, 0 ] ];4199040
[ [ 0, 0, 2, 1, 0, 1 ], [ 0, 1, 0, 1, 1, 2 ], [ 2, 1, 0, 0, 0, 2 ], [ 2, 2, 1, 0, 2, 1 ], [ 1, 0, 1, 1, 1, 1 ], [ 0, 2, 1, 0, 2, 2 ] ];12597120
[ [ 1, 0, 2, 2, 1, 1 ], [ 2, 2, 2, 1, 0, 1 ], [ 0, 1, 0, 1, 1, 1 ], [ 1, 2, 1, 0, 1, 1 ], [ 0, 0, 1, 2, 0, 1 ], [ 1, 0, 0, 1, 0, 1 ] ];12597120
[ [ 2, 0, 1, 0, 2, 1 ], [ 0, 1, 0, 1, 2, 0 ], [ 1, 1, 2, 0, 2, 0 ], [ 1, 2, 2, 0, 1, 0 ], [ 2, 0, 0, 0, 2, 1 ], [ 0, 2, 0, 2, 0, 0 ] ];4199040
[ [ 1, 2, 1, 2, 0, 0 ], [ 0, 2, 1, 1, 1, 1 ], [ 2, 1, 0, 0, 0, 1 ], [ 0, 2, 1, 0, 0, 1 ], [ 0, 1, 0, 2, 2, 0 ], [ 2, 0, 2, 2, 1, 2 ] ];4199040
[ [ 2, 0, 0, 1, 0, 1 ], [ 1, 2, 1, 1, 2, 0 ], [ 0, 2, 0, 0, 1, 2 ], [ 0, 2, 1, 0, 0, 1 ], [ 0, 0, 2, 1, 1, 2 ], [ 1, 1, 2, 2, 0, 2 ] ];1399680
[ [ 0, 2, 1, 2, 0, 0 ], [ 2, 0, 0, 2, 0, 1 ], [ 0, 1, 0, 0, 2, 1 ], [ 2, 2, 1, 0, 2, 1 ], [ 1, 1, 0, 2, 2, 0 ], [ 0, 1, 2, 1, 1, 2 ] ];4199040
[ [ 1, 2, 2, 1, 0, 1 ], [ 1, 2, 1, 1, 0, 2 ], [ 1, 2, 0, 0, 0, 2 ], [ 0, 1, 1, 0, 0, 0 ], [ 1, 0, 1, 1, 2, 0 ], [ 2, 0, 2, 2, 1, 2 ] ];4199040
[ [ 1, 1, 2, 0, 1, 1 ], [ 1, 2, 1, 1, 2, 0 ], [ 2, 0, 0, 0, 0, 2 ], [ 0, 2, 1, 0, 0, 1 ], [ 1, 2, 2, 1, 2, 2 ], [ 0, 2, 2, 2, 2, 2 ] ];699840
[ [ 2, 1, 2, 0, 0, 1 ], [ 1, 1, 2, 1, 2, 2 ], [ 2, 0, 0, 0, 1, 2 ], [ 2, 2, 1, 0, 2, 1 ], [ 0, 2, 2, 1, 0, 2 ], [ 2, 1, 1, 0, 0, 1 ] ];12597120
[ [ 2, 1, 1, 0, 2, 1 ], [ 0, 2, 2, 2, 1, 1 ], [ 0, 0, 2, 0, 1, 2 ], [ 0, 2, 0, 2, 2, 1 ], [ 1, 2, 0, 1, 2, 2 ], [ 1, 2, 2, 0, 0, 0 ] ];4199040
[ [ 1, 0, 0, 2, 2, 2 ], [ 2, 2, 0, 1, 1, 2 ], [ 2, 2, 2, 0, 2, 0 ], [ 1, 2, 1, 0, 1, 1 ], [ 0, 0, 1, 2, 0, 1 ], [ 0, 1, 1, 0, 0, 2 ] ];1399680
[ [ 2, 0, 2, 2, 0, 2 ], [ 1, 0, 2, 0, 2, 2 ], [ 1, 2, 1, 0, 1, 0 ], [ 2, 2, 0, 2, 1, 1 ], [ 0, 0, 2, 2, 0, 1 ], [ 0, 2, 2, 2, 2, 2 ] ];1399680
[ [ 0, 2, 1, 2, 1, 2 ], [ 0, 0, 1, 0, 0, 0 ], [ 2, 2, 0, 0, 2, 2 ], [ 2, 2, 1, 0, 2, 1 ], [ 2, 2, 1, 0, 0, 0 ], [ 1, 0, 1, 0, 0, 1 ] ];4199040
[ [ 2, 0, 2, 2, 0, 1 ], [ 2, 2, 1, 2, 2, 0 ], [ 1, 1, 0, 1, 1, 1 ], [ 2, 2, 1, 0, 2, 1 ], [ 1, 0, 1, 2, 2, 1 ], [ 1, 0, 2, 1, 1, 1 ] ];2099520
[ [ 2, 1, 2, 0, 2, 0 ], [ 1, 0, 0, 0, 2, 1 ], [ 1, 1, 2, 0, 0, 1 ], [ 0, 1, 0, 2, 1, 0 ], [ 1, 1, 0, 0, 0, 1 ], [ 0, 1, 2, 1, 0, 1 ] ];1399680
[ [ 2, 1, 0, 1, 1, 0 ], [ 1, 2, 0, 0, 2, 1 ], [ 2, 1, 1, 2, 2, 1 ], [ 1, 0, 0, 0, 0, 1 ], [ 1, 1, 2, 2, 1, 1 ], [ 1, 0, 0, 2, 0, 1 ] ];699840
[ [ 2, 2, 0, 2, 2, 2 ], [ 1, 0, 1, 2, 2, 0 ], [ 1, 1, 2, 0, 1, 0 ], [ 0, 1, 2, 0, 2, 0 ], [ 2, 1, 0, 0, 0, 1 ], [ 1, 0, 1, 2, 1, 0 ] ];699840
[ [ 2, 0, 2, 0, 2, 0 ], [ 0, 2, 0, 2, 1, 1 ], [ 1, 0, 2, 1, 2, 2 ], [ 0, 0, 2, 2, 0, 1 ], [ 2, 2, 0, 1, 2, 0 ], [ 1, 1, 2, 2, 0, 0 ] ];699840
[ [ 2, 2, 1, 2, 2, 0 ], [ 2, 0, 2, 1, 2, 1 ], [ 2, 1, 0, 0, 1, 1 ], [ 2, 2, 1, 0, 2, 1 ], [ 2, 1, 0, 2, 0, 0 ], [ 2, 1, 1, 0, 2, 2 ] ];699840
[ [ 2, 2, 2, 1, 1, 1 ], [ 0, 2, 0, 0, 0, 0 ], [ 0, 2, 2, 0, 1, 2 ], [ 0, 0, 0, 2, 2, 1 ], [ 0, 0, 1, 1, 1, 0 ], [ 0, 2, 0, 0, 2, 1 ] ];233280
[ [ 1, 0, 2, 0, 1, 0 ], [ 0, 1, 2, 1, 0, 1 ], [ 1, 1, 0, 0, 2, 2 ], [ 1, 2, 1, 0, 1, 1 ], [ 1, 2, 1, 2, 2, 0 ], [ 0, 2, 0, 2, 1, 0 ] ];466560
[ [ 1, 1, 1, 0, 2, 1 ], [ 0, 1, 0, 0, 0, 0 ], [ 0, 2, 1, 2, 2, 2 ], [ 0, 0, 2, 2, 1, 1 ], [ 0, 2, 0, 2, 1, 0 ], [ 0, 2, 0, 0, 1, 1 ] ];233280
[ [ 0, 2, 0, 1, 0, 2 ], [ 0, 1, 0, 2, 1, 1 ], [ 2, 0, 0, 0, 1, 0 ], [ 1, 2, 2, 0, 1, 0 ], [ 0, 0, 1, 0, 1, 0 ], [ 1, 0, 2, 1, 1, 0 ] ];1399680
[ [ 2, 2, 2, 2, 2, 1 ], [ 2, 2, 2, 2, 1, 1 ], [ 0, 1, 0, 0, 2, 0 ], [ 2, 2, 2, 0, 2, 0 ], [ 0, 0, 1, 0, 1, 0 ], [ 0, 2, 1, 1, 1, 0 ] ];2099520
[ [ 1, 0, 1, 2, 2, 2 ], [ 1, 0, 2, 1, 1, 0 ], [ 1, 0, 0, 0, 0, 0 ], [ 1, 1, 2, 0, 1, 1 ], [ 0, 0, 0, 2, 0, 2 ], [ 1, 0, 1, 0, 0, 1 ] ];2099520
[ [ 1, 0, 2, 0, 0, 0 ], [ 0, 1, 1, 0, 2, 0 ], [ 0, 0, 0, 0, 2, 0 ], [ 1, 0, 2, 0, 1, 2 ], [ 1, 1, 2, 1, 0, 0 ], [ 2, 2, 0, 2, 0, 0 ] ];4199040
[ [ 0, 2, 0, 2, 0, 2 ], [ 1, 2, 1, 2, 2, 1 ], [ 1, 2, 1, 2, 1, 2 ], [ 2, 2, 2, 2, 2, 0 ], [ 2, 0, 1, 0, 0, 0 ], [ 0, 1, 0, 2, 0, 0 ] ];12597120
[ [ 0, 2, 0, 0, 0, 2 ], [ 0, 0, 2, 1, 1, 1 ], [ 1, 1, 2, 0, 2, 1 ], [ 0, 2, 2, 1, 0, 0 ], [ 1, 0, 1, 0, 2, 0 ], [ 0, 2, 1, 2, 0, 0 ] ];12597120
[ [ 2, 2, 2, 1, 2, 2 ], [ 0, 1, 1, 2, 0, 1 ], [ 2, 0, 0, 0, 1, 0 ], [ 0, 1, 0, 1, 1, 2 ], [ 0, 0, 1, 0, 1, 0 ], [ 2, 0, 2, 1, 1, 0 ] ];4199040
[ [ 2, 1, 2, 1, 0, 2 ], [ 1, 1, 1, 1, 2, 1 ], [ 2, 2, 0, 0, 1, 2 ], [ 2, 1, 2, 0, 2, 1 ], [ 1, 1, 1, 1, 1, 2 ], [ 1, 0, 0, 0, 1, 1 ] ];4199040
[ [ 1, 2, 2, 2, 1, 1 ], [ 1, 1, 0, 0, 1, 0 ], [ 2, 1, 0, 0, 1, 1 ], [ 1, 2, 2, 0, 1, 2 ], [ 0, 2, 1, 2, 2, 1 ], [ 2, 1, 2, 2, 1, 1 ] ];1399680
[ [ 0, 1, 2, 1, 1, 2 ], [ 2, 0, 2, 0, 0, 2 ], [ 1, 2, 0, 0, 2, 2 ], [ 0, 1, 2, 0, 1, 1 ], [ 2, 1, 1, 1, 2, 2 ], [ 0, 1, 1, 1, 2, 0 ] ];4199040
[ [ 2, 1, 1, 2, 0, 0 ], [ 2, 1, 2, 2, 2, 2 ], [ 2, 1, 0, 0, 1, 1 ], [ 0, 2, 2, 0, 2, 2 ], [ 1, 1, 0, 2, 1, 0 ], [ 0, 0, 0, 0, 1, 1 ] ];4199040
[ [ 1, 0, 2, 0, 0, 0 ], [ 1, 2, 0, 1, 0, 2 ], [ 2, 0, 0, 0, 1, 1 ], [ 1, 0, 2, 0, 1, 2 ], [ 0, 2, 1, 2, 2, 1 ], [ 2, 0, 2, 0, 0, 0 ] ];699840
[ [ 1, 0, 2, 0, 0, 0 ], [ 2, 2, 1, 1, 1, 2 ], [ 2, 0, 0, 0, 0, 1 ], [ 1, 0, 2, 0, 2, 2 ], [ 2, 2, 1, 2, 1, 1 ], [ 1, 2, 0, 2, 1, 1 ] ];12597120
[ [ 1, 0, 2, 0, 0, 0 ], [ 0, 1, 0, 0, 1, 2 ], [ 1, 0, 1, 0, 0, 1 ], [ 2, 1, 1, 1, 1, 1 ], [ 2, 2, 1, 2, 1, 1 ], [ 1, 2, 1, 2, 1, 0 ] ];4199040
[ [ 1, 2, 2, 2, 1, 1 ], [ 2, 2, 1, 1, 0, 0 ], [ 2, 2, 0, 0, 0, 2 ], [ 0, 2, 2, 1, 0, 0 ], [ 1, 0, 1, 0, 2, 0 ], [ 1, 2, 0, 1, 1, 2 ] ];1399680
[ [ 0, 2, 2, 2, 0, 1 ], [ 1, 1, 2, 2, 0, 0 ], [ 0, 2, 1, 0, 1, 2 ], [ 2, 0, 1, 2, 1, 2 ], [ 1, 0, 1, 0, 2, 0 ], [ 2, 1, 0, 2, 0, 2 ] ];1399680
[ [ 0, 1, 2, 2, 1, 1 ], [ 0, 0, 2, 1, 1, 1 ], [ 0, 2, 0, 0, 0, 0 ], [ 1, 1, 2, 0, 2, 1 ], [ 0, 1, 0, 2, 0, 2 ], [ 0, 1, 0, 1, 1, 2 ] ];4199040
[ [ 2, 2, 0, 0, 0, 2 ], [ 0, 0, 1, 1, 1, 1 ], [ 2, 1, 2, 0, 2, 1 ], [ 0, 2, 2, 1, 2, 0 ], [ 1, 0, 1, 0, 2, 0 ], [ 2, 0, 2, 2, 1, 1 ] ];2099520
[ [ 0, 0, 1, 1, 1, 1 ], [ 1, 1, 0, 2, 0, 2 ], [ 0, 0, 1, 0, 2, 0 ], [ 0, 2, 1, 1, 0, 0 ], [ 2, 0, 0, 1, 2, 1 ], [ 2, 2, 2, 0, 1, 0 ] ];1399680
[ [ 1, 1, 0, 1, 0, 1 ], [ 1, 1, 1, 1, 1, 2 ], [ 0, 1, 2, 1, 2, 1 ], [ 0, 0, 1, 0, 2, 2 ], [ 2, 0, 1, 0, 0, 0 ], [ 2, 2, 2, 0, 1, 1 ] ];699840
[ [ 0, 1, 1, 1, 2, 2 ], [ 1, 1, 0, 2, 1, 1 ], [ 1, 2, 0, 0, 1, 0 ], [ 1, 1, 0, 1, 2, 2 ], [ 0, 0, 1, 0, 1, 0 ], [ 2, 2, 0, 2, 2, 2 ] ];699840
[ [ 1, 0, 0, 0, 2, 2 ], [ 0, 1, 0, 2, 1, 1 ], [ 1, 0, 1, 0, 2, 2 ], [ 0, 1, 2, 1, 2, 0 ], [ 2, 0, 2, 0, 2, 2 ], [ 1, 1, 0, 0, 1, 2 ] ];699840
[ [ 0, 1, 2, 1, 1, 2 ], [ 2, 1, 2, 1, 2, 1 ], [ 2, 2, 0, 0, 0, 2 ], [ 2, 1, 2, 0, 0, 1 ], [ 2, 1, 1, 1, 2, 2 ], [ 2, 2, 1, 2, 0, 2 ] ];699840
[ [ 1, 1, 0, 2, 1, 0 ], [ 0, 1, 0, 0, 0, 0 ], [ 0, 1, 1, 0, 0, 1 ], [ 0, 1, 0, 1, 0, 2 ], [ 0, 1, 2, 2, 2, 0 ], [ 0, 2, 2, 2, 2, 2 ] ];233280
[ [ 2, 0, 1, 1, 1, 2 ], [ 0, 2, 1, 2, 0, 2 ], [ 2, 0, 1, 2, 1, 1 ], [ 2, 1, 2, 2, 0, 1 ], [ 2, 0, 0, 1, 0, 2 ], [ 0, 2, 1, 1, 1, 1 ] ];466560
[ [ 2, 0, 1, 1, 0, 0 ], [ 0, 2, 0, 0, 0, 0 ], [ 0, 2, 2, 1, 2, 0 ], [ 0, 1, 0, 1, 2, 1 ], [ 0, 2, 1, 0, 0, 2 ], [ 0, 2, 0, 2, 2, 1 ] ];233280
[ [ 0, 1, 0, 2, 0, 1 ], [ 0, 2, 0, 1, 2, 2 ], [ 1, 0, 0, 0, 2, 0 ], [ 2, 1, 1, 0, 2, 0 ], [ 0, 0, 2, 0, 2, 0 ], [ 2, 0, 1, 2, 2, 0 ] ];1399680
[ [ 1, 1, 1, 1, 1, 2 ], [ 1, 1, 1, 1, 2, 2 ], [ 0, 2, 0, 0, 1, 0 ], [ 1, 1, 1, 0, 1, 0 ], [ 0, 0, 2, 0, 2, 0 ], [ 0, 1, 2, 2, 2, 0 ] ];2099520
[ [ 2, 0, 2, 1, 1, 1 ], [ 2, 0, 1, 2, 2, 0 ], [ 2, 0, 0, 0, 0, 0 ], [ 2, 2, 1, 0, 2, 2 ], [ 0, 0, 0, 1, 0, 1 ], [ 2, 0, 2, 0, 0, 2 ] ];2099520
[ [ 2, 0, 1, 0, 0, 0 ], [ 0, 2, 2, 0, 1, 0 ], [ 0, 0, 0, 0, 1, 0 ], [ 2, 0, 1, 0, 2, 1 ], [ 2, 2, 1, 2, 0, 0 ], [ 1, 1, 0, 1, 0, 0 ] ];4199040
[ [ 0, 1, 0, 1, 0, 1 ], [ 2, 1, 2, 1, 1, 2 ], [ 2, 1, 2, 1, 2, 1 ], [ 1, 1, 1, 1, 1, 0 ], [ 1, 0, 2, 0, 0, 0 ], [ 0, 2, 0, 1, 0, 0 ] ];12597120
[ [ 0, 1, 0, 0, 0, 1 ], [ 0, 0, 1, 2, 2, 2 ], [ 2, 2, 1, 0, 1, 2 ], [ 0, 1, 1, 2, 0, 0 ], [ 2, 0, 2, 0, 1, 0 ], [ 0, 1, 2, 1, 0, 0 ] ];12597120
[ [ 1, 1, 1, 2, 1, 1 ], [ 0, 2, 2, 1, 0, 2 ], [ 1, 0, 0, 0, 2, 0 ], [ 0, 2, 0, 2, 2, 1 ], [ 0, 0, 2, 0, 2, 0 ], [ 1, 0, 1, 2, 2, 0 ] ];4199040
[ [ 1, 2, 1, 2, 0, 1 ], [ 2, 2, 2, 2, 1, 2 ], [ 1, 1, 0, 0, 2, 1 ], [ 1, 2, 1, 0, 1, 2 ], [ 2, 2, 2, 2, 2, 1 ], [ 2, 0, 0, 0, 2, 2 ] ];4199040
[ [ 2, 1, 1, 1, 2, 2 ], [ 2, 2, 0, 0, 2, 0 ], [ 1, 2, 0, 0, 2, 2 ], [ 2, 1, 1, 0, 2, 1 ], [ 0, 1, 2, 1, 1, 2 ], [ 1, 2, 1, 1, 2, 2 ] ];1399680
[ [ 0, 2, 1, 2, 2, 1 ], [ 1, 0, 1, 0, 0, 1 ], [ 2, 1, 0, 0, 1, 1 ], [ 0, 2, 1, 0, 2, 2 ], [ 1, 2, 2, 2, 1, 1 ], [ 0, 2, 2, 2, 1, 0 ] ];4199040
[ [ 1, 2, 2, 1, 0, 0 ], [ 1, 2, 1, 1, 1, 1 ], [ 1, 2, 0, 0, 2, 2 ], [ 0, 1, 1, 0, 1, 1 ], [ 2, 2, 0, 1, 2, 0 ], [ 0, 0, 0, 0, 2, 2 ] ];4199040
[ [ 2, 0, 1, 0, 0, 0 ], [ 2, 1, 0, 2, 0, 1 ], [ 1, 0, 0, 0, 2, 2 ], [ 2, 0, 1, 0, 2, 1 ], [ 0, 1, 2, 1, 1, 2 ], [ 1, 0, 1, 0, 0, 0 ] ];699840
[ [ 2, 0, 1, 0, 0, 0 ], [ 1, 1, 2, 2, 2, 1 ], [ 1, 0, 0, 0, 0, 2 ], [ 2, 0, 1, 0, 1, 1 ], [ 1, 1, 2, 1, 2, 2 ], [ 2, 1, 0, 1, 2, 2 ] ];12597120
[ [ 2, 0, 1, 0, 0, 0 ], [ 0, 2, 0, 0, 2, 1 ], [ 2, 0, 2, 0, 0, 2 ], [ 1, 2, 2, 2, 2, 2 ], [ 1, 1, 2, 1, 2, 2 ], [ 2, 1, 2, 1, 2, 0 ] ];4199040
[ [ 2, 1, 1, 1, 2, 2 ], [ 1, 1, 2, 2, 0, 0 ], [ 1, 1, 0, 0, 0, 1 ], [ 0, 1, 1, 2, 0, 0 ], [ 2, 0, 2, 0, 1, 0 ], [ 2, 1, 0, 2, 2, 1 ] ];1399680
[ [ 0, 1, 1, 1, 0, 2 ], [ 2, 2, 1, 1, 0, 0 ], [ 0, 1, 2, 0, 2, 1 ], [ 1, 0, 2, 1, 2, 1 ], [ 2, 0, 2, 0, 1, 0 ], [ 1, 2, 0, 1, 0, 1 ] ];1399680
[ [ 0, 2, 1, 1, 2, 2 ], [ 0, 0, 1, 2, 2, 2 ], [ 0, 1, 0, 0, 0, 0 ], [ 2, 2, 1, 0, 1, 2 ], [ 0, 2, 0, 1, 0, 1 ], [ 0, 2, 0, 2, 2, 1 ] ];4199040
[ [ 1, 1, 0, 0, 0, 1 ], [ 0, 0, 2, 2, 2, 2 ], [ 1, 2, 1, 0, 1, 2 ], [ 0, 1, 1, 2, 1, 0 ], [ 2, 0, 2, 0, 1, 0 ], [ 1, 0, 1, 1, 2, 2 ] ];2099520
[ [ 0, 0, 2, 2, 2, 2 ], [ 2, 2, 0, 1, 0, 1 ], [ 0, 0, 2, 0, 1, 0 ], [ 0, 1, 2, 2, 0, 0 ], [ 1, 0, 0, 2, 1, 2 ], [ 1, 1, 1, 0, 2, 0 ] ];1399680
[ [ 2, 2, 0, 2, 0, 2 ], [ 2, 2, 2, 2, 2, 1 ], [ 0, 2, 1, 2, 1, 2 ], [ 0, 0, 2, 0, 1, 1 ], [ 1, 0, 2, 0, 0, 0 ], [ 1, 1, 1, 0, 2, 2 ] ];699840
[ [ 0, 2, 2, 2, 1, 1 ], [ 2, 2, 0, 1, 2, 2 ], [ 2, 1, 0, 0, 2, 0 ], [ 2, 2, 0, 2, 1, 1 ], [ 0, 0, 2, 0, 2, 0 ], [ 1, 1, 0, 1, 1, 1 ] ];699840
[ [ 2, 0, 0, 0, 1, 1 ], [ 0, 2, 0, 1, 2, 2 ], [ 2, 0, 2, 0, 1, 1 ], [ 0, 2, 1, 2, 1, 0 ], [ 1, 0, 1, 0, 1, 1 ], [ 2, 2, 0, 0, 2, 1 ] ];699840
[ [ 0, 2, 1, 2, 2, 1 ], [ 1, 2, 1, 2, 1, 2 ], [ 1, 1, 0, 0, 0, 1 ], [ 1, 2, 1, 0, 0, 2 ], [ 1, 2, 2, 2, 1, 1 ], [ 1, 1, 2, 1, 0, 1 ] ];699840
[ [ 2, 2, 0, 1, 2, 0 ], [ 0, 2, 0, 0, 0, 0 ], [ 0, 2, 2, 0, 0, 2 ], [ 0, 2, 0, 2, 0, 1 ], [ 0, 2, 1, 1, 1, 0 ], [ 0, 1, 1, 1, 1, 1 ] ];233280
[ [ 1, 0, 2, 2, 2, 1 ], [ 0, 1, 2, 1, 0, 1 ], [ 1, 0, 2, 1, 2, 2 ], [ 1, 2, 1, 1, 0, 2 ], [ 1, 0, 0, 2, 0, 1 ], [ 0, 1, 2, 2, 2, 2 ] ];466560
[ [ 1, 0, 2, 2, 0, 0 ], [ 0, 1, 0, 0, 0, 0 ], [ 0, 1, 1, 2, 1, 0 ], [ 0, 2, 0, 2, 1, 2 ], [ 0, 1, 2, 0, 0, 1 ], [ 0, 1, 0, 1, 1, 2 ] ];233280
[ [ 2, 2, 1, 0, 0, 2 ], [ 0, 0, 2, 0, 1, 2 ], [ 0, 1, 0, 0, 1, 2 ], [ 2, 0, 2, 0, 1, 2 ], [ 1, 0, 0, 1, 1, 0 ], [ 1, 0, 2, 1, 1, 0 ] ];155520
[ [ 2, 2, 2, 2, 0, 2 ], [ 2, 2, 2, 2, 1, 1 ], [ 0, 1, 0, 0, 1, 2 ], [ 2, 2, 2, 0, 1, 2 ], [ 0, 2, 0, 1, 0, 0 ], [ 0, 0, 2, 0, 1, 2 ] ];2099520
[ [ 1, 0, 2, 1, 0, 2 ], [ 1, 0, 2, 1, 1, 0 ], [ 1, 1, 0, 0, 2, 2 ], [ 1, 2, 2, 0, 0, 0 ], [ 0, 0, 2, 0, 2, 2 ], [ 1, 1, 2, 2, 0, 0 ] ];2099520
[ [ 2, 0, 0, 2, 2, 0 ], [ 0, 2, 2, 2, 2, 2 ], [ 2, 1, 0, 0, 0, 2 ], [ 0, 1, 2, 0, 2, 1 ], [ 0, 1, 1, 2, 1, 0 ], [ 2, 1, 2, 0, 0, 1 ] ];2099520
[ [ 2, 2, 0, 0, 0, 2 ], [ 0, 1, 0, 0, 2, 1 ], [ 0, 1, 0, 0, 1, 2 ], [ 1, 2, 0, 1, 1, 1 ], [ 0, 0, 0, 1, 0, 0 ], [ 0, 1, 2, 1, 1, 2 ] ];1399680
[ [ 2, 2, 2, 2, 0, 0 ], [ 1, 2, 1, 2, 1, 2 ], [ 1, 1, 0, 0, 2, 2 ], [ 0, 2, 2, 0, 2, 0 ], [ 2, 0, 2, 1, 0, 1 ], [ 2, 0, 1, 0, 1, 2 ] ];233280
[ [ 1, 1, 1, 2, 2, 0 ], [ 2, 1, 1, 1, 0, 0 ], [ 2, 1, 0, 0, 0, 2 ], [ 1, 0, 2, 0, 2, 1 ], [ 0, 0, 1, 1, 0, 2 ], [ 0, 2, 0, 2, 2, 1 ] ];699840
[ [ 1, 2, 0, 1, 2, 2 ], [ 1, 2, 0, 1, 0, 2 ], [ 2, 0, 1, 0, 2, 0 ], [ 1, 1, 1, 2, 2, 0 ], [ 0, 2, 2, 2, 0, 0 ], [ 2, 0, 2, 0, 0, 0 ] ];233280
[ [ 0, 0, 2, 0, 0, 2 ], [ 1, 1, 1, 1, 2, 0 ], [ 2, 1, 0, 0, 0, 2 ], [ 2, 0, 1, 0, 0, 0 ], [ 0, 2, 0, 2, 2, 1 ], [ 0, 1, 2, 1, 1, 0 ] ];233280
[ [ 1, 0, 1, 2, 0, 2 ], [ 0, 1, 0, 2, 1, 1 ], [ 1, 1, 1, 0, 1, 1 ], [ 0, 2, 2, 1, 1, 2 ], [ 2, 0, 1, 1, 1, 2 ], [ 1, 2, 1, 2, 1, 1 ] ];77760
[ [ 1, 1, 2, 1, 1, 2 ], [ 0, 1, 0, 0, 0, 0 ], [ 0, 2, 1, 0, 2, 0 ], [ 0, 0, 0, 1, 1, 0 ], [ 0, 2, 0, 0, 1, 0 ], [ 0, 2, 1, 1, 2, 1 ] ];25920
[ [ 1, 0, 2, 0, 1, 2 ], [ 0, 1, 0, 0, 0, 0 ], [ 0, 1, 1, 2, 1, 0 ], [ 0, 2, 2, 2, 0, 0 ], [ 0, 0, 2, 2, 0, 2 ], [ 0, 2, 1, 1, 1, 1 ] ];77760
[ [ 1, 1, 2, 0, 0, 1 ], [ 0, 0, 1, 0, 2, 1 ], [ 0, 2, 0, 0, 2, 1 ], [ 1, 0, 1, 0, 2, 1 ], [ 2, 0, 0, 2, 2, 0 ], [ 2, 0, 1, 2, 2, 0 ] ];155520
[ [ 1, 1, 1, 1, 0, 1 ], [ 1, 1, 1, 1, 2, 2 ], [ 0, 2, 0, 0, 2, 1 ], [ 1, 1, 1, 0, 2, 1 ], [ 0, 1, 0, 2, 0, 0 ], [ 0, 0, 1, 0, 2, 1 ] ];2099520
[ [ 2, 0, 1, 2, 0, 1 ], [ 2, 0, 1, 2, 2, 0 ], [ 2, 2, 0, 0, 1, 1 ], [ 2, 1, 1, 0, 0, 0 ], [ 0, 0, 1, 0, 1, 1 ], [ 2, 2, 1, 1, 0, 0 ] ];2099520
[ [ 1, 0, 0, 1, 1, 0 ], [ 0, 1, 1, 1, 1, 1 ], [ 1, 2, 0, 0, 0, 1 ], [ 0, 2, 1, 0, 1, 2 ], [ 0, 2, 2, 1, 2, 0 ], [ 1, 2, 1, 0, 0, 2 ] ];2099520
[ [ 1, 1, 0, 0, 0, 1 ], [ 0, 2, 0, 0, 1, 2 ], [ 0, 2, 0, 0, 2, 1 ], [ 2, 1, 0, 2, 2, 2 ], [ 0, 0, 0, 2, 0, 0 ], [ 0, 2, 1, 2, 2, 1 ] ];1399680
[ [ 1, 1, 1, 1, 0, 0 ], [ 2, 1, 2, 1, 2, 1 ], [ 2, 2, 0, 0, 1, 1 ], [ 0, 1, 1, 0, 1, 0 ], [ 1, 0, 1, 2, 0, 2 ], [ 1, 0, 2, 0, 2, 1 ] ];233280
[ [ 2, 2, 2, 1, 1, 0 ], [ 1, 2, 2, 2, 0, 0 ], [ 1, 2, 0, 0, 0, 1 ], [ 2, 0, 1, 0, 1, 2 ], [ 0, 0, 2, 2, 0, 1 ], [ 0, 1, 0, 1, 1, 2 ] ];699840
[ [ 2, 1, 0, 2, 1, 1 ], [ 2, 1, 0, 2, 0, 1 ], [ 1, 0, 2, 0, 1, 0 ], [ 2, 2, 2, 1, 1, 0 ], [ 0, 1, 1, 1, 0, 0 ], [ 1, 0, 1, 0, 0, 0 ] ];233280
[ [ 0, 0, 1, 0, 0, 1 ], [ 2, 2, 2, 2, 1, 0 ], [ 1, 2, 0, 0, 0, 1 ], [ 1, 0, 2, 0, 0, 0 ], [ 0, 1, 0, 1, 1, 2 ], [ 0, 2, 1, 2, 2, 0 ] ];233280
[ [ 2, 0, 2, 1, 0, 1 ], [ 0, 2, 0, 1, 2, 2 ], [ 2, 2, 2, 0, 2, 2 ], [ 0, 1, 1, 2, 2, 1 ], [ 1, 0, 2, 2, 2, 1 ], [ 2, 1, 2, 1, 2, 2 ] ];77760
[ [ 2, 2, 1, 2, 2, 1 ], [ 0, 2, 0, 0, 0, 0 ], [ 0, 1, 2, 0, 1, 0 ], [ 0, 0, 0, 2, 2, 0 ], [ 0, 1, 0, 0, 2, 0 ], [ 0, 1, 2, 2, 1, 2 ] ];25920
[ [ 2, 0, 1, 0, 2, 1 ], [ 0, 2, 0, 0, 0, 0 ], [ 0, 2, 2, 1, 2, 0 ], [ 0, 1, 1, 1, 0, 0 ], [ 0, 0, 1, 1, 0, 1 ], [ 0, 1, 2, 2, 2, 2 ] ];77760
[ [ 0, 2, 1, 2, 2, 1 ], [ 0, 2, 1, 0, 2, 1 ], [ 0, 0, 0, 0, 1, 2 ], [ 1, 0, 0, 0, 2, 2 ], [ 2, 2, 0, 1, 2, 1 ], [ 2, 1, 0, 1, 1, 2 ] ];155520
[ [ 0, 2, 1, 2, 2, 0 ], [ 0, 1, 2, 0, 1, 1 ], [ 2, 1, 0, 0, 0, 2 ], [ 2, 0, 0, 0, 0, 2 ], [ 0, 0, 0, 1, 0, 1 ], [ 0, 1, 1, 1, 1, 2 ] ];2099520
[ [ 0, 0, 2, 2, 1, 0 ], [ 1, 1, 0, 1, 0, 2 ], [ 1, 2, 0, 0, 2, 0 ], [ 2, 2, 0, 0, 0, 0 ], [ 1, 1, 2, 1, 2, 2 ], [ 0, 0, 2, 2, 2, 0 ] ];2099520
[ [ 1, 1, 0, 2, 1, 2 ], [ 2, 0, 2, 2, 1, 0 ], [ 2, 1, 0, 0, 0, 1 ], [ 0, 1, 0, 0, 1, 1 ], [ 2, 0, 1, 1, 1, 0 ], [ 1, 2, 1, 0, 0, 1 ] ];2099520
[ [ 1, 2, 1, 2, 0, 1 ], [ 0, 2, 2, 0, 0, 0 ], [ 0, 0, 1, 0, 1, 2 ], [ 0, 1, 2, 0, 0, 1 ], [ 1, 2, 0, 1, 1, 1 ], [ 1, 1, 1, 1, 1, 1 ] ];1399680
[ [ 2, 2, 1, 2, 1, 2 ], [ 2, 2, 0, 1, 1, 2 ], [ 2, 1, 0, 0, 0, 2 ], [ 2, 0, 0, 0, 0, 1 ], [ 2, 2, 1, 1, 1, 0 ], [ 2, 2, 2, 2, 1, 1 ] ];233280
[ [ 1, 0, 2, 2, 0, 2 ], [ 1, 1, 2, 2, 0, 0 ], [ 1, 1, 0, 0, 2, 2 ], [ 2, 2, 0, 0, 1, 0 ], [ 0, 2, 2, 1, 0, 2 ], [ 0, 1, 2, 0, 0, 1 ] ];699840
[ [ 2, 2, 0, 0, 1, 0 ], [ 2, 1, 2, 2, 1, 0 ], [ 1, 2, 2, 0, 0, 1 ], [ 0, 1, 1, 1, 2, 1 ], [ 2, 0, 1, 0, 2, 1 ], [ 0, 1, 2, 2, 2, 1 ] ];233280
[ [ 1, 1, 1, 2, 2, 1 ], [ 2, 0, 1, 2, 0, 0 ], [ 1, 0, 0, 0, 1, 1 ], [ 2, 1, 1, 0, 0, 0 ], [ 0, 1, 0, 1, 0, 2 ], [ 1, 2, 2, 0, 1, 2 ] ];233280
[ [ 1, 0, 2, 2, 2, 0 ], [ 0, 1, 0, 1, 2, 2 ], [ 2, 1, 1, 1, 1, 1 ], [ 0, 1, 1, 1, 2, 1 ], [ 1, 1, 2, 1, 2, 2 ], [ 2, 0, 2, 2, 1, 0 ] ];77760
[ [ 1, 0, 0, 1, 2, 1 ], [ 0, 1, 0, 0, 0, 0 ], [ 0, 2, 1, 0, 1, 0 ], [ 0, 2, 0, 1, 2, 0 ], [ 0, 1, 0, 0, 1, 0 ], [ 0, 1, 2, 2, 1, 1 ] ];25920
[ [ 1, 0, 2, 2, 2, 0 ], [ 0, 1, 0, 0, 0, 0 ], [ 0, 0, 1, 2, 1, 2 ], [ 0, 2, 0, 2, 2, 0 ], [ 0, 1, 2, 1, 1, 2 ], [ 0, 1, 0, 1, 2, 0 ] ];77760
[ [ 0, 1, 2, 1, 1, 2 ], [ 0, 1, 2, 0, 1, 2 ], [ 0, 0, 0, 0, 2, 1 ], [ 2, 0, 0, 0, 1, 1 ], [ 1, 1, 0, 2, 1, 2 ], [ 1, 2, 0, 2, 2, 1 ] ];155520
[ [ 0, 1, 2, 1, 1, 0 ], [ 0, 2, 1, 0, 2, 2 ], [ 1, 2, 0, 0, 0, 1 ], [ 1, 0, 0, 0, 0, 1 ], [ 0, 0, 0, 2, 0, 2 ], [ 0, 2, 2, 2, 2, 1 ] ];2099520
[ [ 0, 0, 1, 1, 2, 0 ], [ 2, 2, 0, 2, 0, 1 ], [ 2, 1, 0, 0, 1, 0 ], [ 1, 1, 0, 0, 0, 0 ], [ 2, 2, 1, 2, 1, 1 ], [ 0, 0, 1, 1, 1, 0 ] ];2099520
[ [ 2, 2, 0, 1, 2, 1 ], [ 1, 0, 1, 1, 2, 0 ], [ 1, 2, 0, 0, 0, 2 ], [ 0, 2, 0, 0, 2, 2 ], [ 1, 0, 2, 2, 2, 0 ], [ 2, 1, 2, 0, 0, 2 ] ];2099520
[ [ 2, 1, 2, 1, 0, 2 ], [ 0, 1, 1, 0, 0, 0 ], [ 0, 0, 2, 0, 2, 1 ], [ 0, 2, 1, 0, 0, 2 ], [ 2, 1, 0, 2, 2, 2 ], [ 2, 2, 2, 2, 2, 2 ] ];1399680
[ [ 1, 1, 2, 1, 2, 1 ], [ 1, 1, 0, 2, 2, 1 ], [ 1, 2, 0, 0, 0, 1 ], [ 1, 0, 0, 0, 0, 2 ], [ 1, 1, 2, 2, 2, 0 ], [ 1, 1, 1, 1, 2, 2 ] ];233280
[ [ 2, 0, 1, 1, 0, 1 ], [ 2, 2, 1, 1, 0, 0 ], [ 2, 2, 0, 0, 1, 1 ], [ 1, 1, 0, 0, 2, 0 ], [ 0, 1, 1, 2, 0, 1 ], [ 0, 2, 1, 0, 0, 2 ] ];699840
[ [ 1, 1, 0, 0, 2, 0 ], [ 1, 2, 1, 1, 2, 0 ], [ 2, 1, 1, 0, 0, 2 ], [ 0, 2, 2, 2, 1, 2 ], [ 1, 0, 2, 0, 1, 2 ], [ 0, 2, 1, 1, 1, 2 ] ];233280
[ [ 2, 2, 2, 1, 1, 2 ], [ 1, 0, 2, 1, 0, 0 ], [ 2, 0, 0, 0, 2, 2 ], [ 1, 2, 2, 0, 0, 0 ], [ 0, 2, 0, 2, 0, 1 ], [ 2, 1, 1, 0, 2, 1 ] ];233280
[ [ 2, 0, 1, 1, 1, 0 ], [ 0, 2, 0, 2, 1, 1 ], [ 1, 2, 2, 2, 2, 2 ], [ 0, 2, 2, 2, 1, 2 ], [ 2, 2, 1, 2, 1, 1 ], [ 1, 0, 1, 1, 2, 0 ] ];77760
[ [ 2, 0, 0, 2, 1, 2 ], [ 0, 2, 0, 0, 0, 0 ], [ 0, 1, 2, 0, 2, 0 ], [ 0, 1, 0, 2, 1, 0 ], [ 0, 2, 0, 0, 2, 0 ], [ 0, 2, 1, 1, 2, 2 ] ];25920
[ [ 2, 0, 1, 1, 1, 0 ], [ 0, 2, 0, 0, 0, 0 ], [ 0, 0, 2, 1, 2, 1 ], [ 0, 1, 0, 1, 1, 0 ], [ 0, 2, 1, 2, 2, 1 ], [ 0, 2, 0, 2, 1, 0 ] ];77760
[ [ 2, 2, 1, 2, 1, 0 ], [ 1, 2, 2, 2, 0, 1 ], [ 1, 1, 0, 2, 0, 1 ], [ 1, 2, 1, 0, 1, 0 ], [ 0, 2, 1, 0, 0, 1 ], [ 1, 0, 0, 2, 2, 0 ] ];19440
[ [ 2, 1, 0, 1, 0, 0 ], [ 2, 0, 0, 2, 0, 0 ], [ 0, 0, 0, 2, 2, 2 ], [ 1, 1, 1, 0, 1, 1 ], [ 2, 2, 2, 1, 0, 2 ], [ 1, 1, 1, 2, 1, 2 ] ];19440
[ [ 1, 1, 2, 0, 1, 2 ], [ 0, 1, 0, 0, 0, 0 ], [ 0, 1, 2, 2, 1, 0 ], [ 0, 0, 1, 2, 0, 2 ], [ 0, 1, 0, 1, 2, 1 ], [ 0, 2, 1, 0, 2, 2 ] ];4860
[ [ 1, 2, 0, 0, 0, 0 ], [ 2, 2, 2, 0, 0, 2 ], [ 0, 0, 1, 0, 0, 0 ], [ 2, 1, 2, 1, 0, 2 ], [ 1, 2, 1, 0, 1, 1 ], [ 0, 0, 0, 0, 0, 1 ] ];243
[ [ 1, 1, 0, 0, 0, 0 ], [ 1, 2, 1, 0, 0, 1 ], [ 0, 0, 1, 0, 0, 0 ], [ 1, 1, 1, 1, 0, 1 ], [ 2, 2, 2, 0, 1, 2 ], [ 0, 0, 0, 0, 0, 1 ] ];243
[ [ 1, 1, 2, 1, 2, 0 ], [ 2, 1, 1, 1, 0, 2 ], [ 2, 2, 0, 1, 0, 2 ], [ 2, 1, 2, 0, 2, 0 ], [ 0, 1, 2, 0, 0, 2 ], [ 2, 0, 0, 1, 1, 0 ] ];19440
[ [ 1, 2, 0, 2, 0, 0 ], [ 1, 0, 0, 1, 0, 0 ], [ 0, 0, 0, 1, 1, 1 ], [ 2, 2, 2, 0, 2, 2 ], [ 1, 1, 1, 2, 0, 1 ], [ 2, 2, 2, 1, 2, 1 ] ];19440
[ [ 2, 2, 1, 0, 2, 1 ], [ 0, 2, 0, 0, 0, 0 ], [ 0, 2, 1, 1, 2, 0 ], [ 0, 0, 2, 1, 0, 1 ], [ 0, 2, 0, 2, 1, 2 ], [ 0, 1, 2, 0, 1, 1 ] ];4860
[ [ 2, 1, 0, 0, 0, 0 ], [ 1, 1, 1, 0, 0, 1 ], [ 0, 0, 2, 0, 0, 0 ], [ 1, 2, 1, 2, 0, 1 ], [ 2, 1, 2, 0, 2, 2 ], [ 0, 0, 0, 0, 0, 2 ] ];243
[ [ 2, 2, 0, 0, 0, 0 ], [ 2, 1, 2, 0, 0, 2 ], [ 0, 0, 2, 0, 0, 0 ], [ 2, 2, 2, 2, 0, 2 ], [ 1, 1, 1, 0, 2, 1 ], [ 0, 0, 0, 0, 0, 2 ] ];243
[ [ 0, 1, 0, 0, 0, 0 ], [ 2, 1, 2, 0, 0, 0 ], [ 0, 0, 1, 0, 0, 1 ], [ 0, 2, 0, 1, 0, 1 ], [ 0, 0, 0, 0, 0, 1 ], [ 0, 1, 1, 2, 2, 2 ] ];12597120
[ [ 0, 2, 2, 0, 1, 2 ], [ 1, 1, 0, 0, 1, 2 ], [ 1, 2, 1, 0, 1, 1 ], [ 0, 2, 0, 1, 0, 1 ], [ 1, 2, 0, 0, 1, 1 ], [ 0, 1, 2, 2, 1, 1 ] ];12597120
[ [ 0, 2, 0, 0, 0, 1 ], [ 2, 1, 1, 2, 1, 2 ], [ 0, 1, 1, 0, 0, 0 ], [ 0, 2, 0, 1, 0, 1 ], [ 0, 1, 0, 0, 0, 1 ], [ 1, 0, 0, 1, 1, 2 ] ];12597120
[ [ 0, 1, 0, 1, 0, 0 ], [ 0, 2, 2, 0, 1, 2 ], [ 2, 1, 1, 0, 2, 2 ], [ 0, 2, 0, 1, 0, 1 ], [ 0, 0, 0, 1, 0, 1 ], [ 2, 2, 1, 1, 1, 1 ] ];12597120
[ [ 0, 1, 0, 2, 0, 0 ], [ 1, 0, 2, 0, 2, 1 ], [ 1, 2, 1, 1, 1, 0 ], [ 0, 2, 0, 1, 0, 1 ], [ 0, 0, 0, 2, 0, 1 ], [ 1, 0, 1, 0, 0, 0 ] ];12597120
[ [ 1, 2, 2, 0, 2, 2 ], [ 2, 0, 1, 0, 1, 2 ], [ 1, 2, 1, 0, 1, 1 ], [ 0, 2, 0, 1, 0, 1 ], [ 1, 2, 0, 0, 1, 1 ], [ 0, 0, 0, 2, 0, 1 ] ];12597120
[ [ 0, 2, 0, 0, 1, 2 ], [ 0, 2, 2, 0, 0, 1 ], [ 1, 2, 1, 0, 1, 1 ], [ 0, 1, 0, 1, 2, 1 ], [ 1, 2, 0, 0, 1, 1 ], [ 1, 2, 0, 2, 2, 0 ] ];12597120
[ [ 0, 1, 2, 0, 0, 0 ], [ 2, 1, 1, 0, 0, 1 ], [ 0, 0, 0, 0, 0, 1 ], [ 2, 0, 1, 1, 2, 2 ], [ 0, 0, 2, 0, 0, 1 ], [ 1, 1, 1, 2, 0, 0 ] ];12597120
[ [ 1, 2, 2, 0, 2, 0 ], [ 0, 2, 2, 2, 1, 2 ], [ 2, 2, 1, 0, 2, 1 ], [ 0, 2, 0, 1, 0, 1 ], [ 2, 0, 2, 0, 0, 2 ], [ 2, 2, 1, 1, 1, 0 ] ];12597120
[ [ 0, 2, 0, 0, 0, 1 ], [ 1, 2, 1, 1, 0, 1 ], [ 2, 1, 1, 0, 2, 2 ], [ 0, 2, 0, 1, 0, 1 ], [ 0, 1, 0, 2, 0, 1 ], [ 1, 1, 0, 2, 1, 1 ] ];12597120
[ [ 0, 2, 0, 0, 0, 1 ], [ 0, 0, 1, 0, 2, 0 ], [ 1, 1, 1, 1, 1, 1 ], [ 0, 2, 0, 1, 0, 1 ], [ 0, 1, 0, 1, 0, 1 ], [ 1, 2, 0, 0, 1, 0 ] ];12597120
[ [ 2, 2, 1, 0, 1, 0 ], [ 0, 1, 0, 2, 0, 0 ], [ 1, 2, 1, 0, 1, 1 ], [ 0, 2, 0, 1, 0, 1 ], [ 1, 0, 1, 0, 0, 2 ], [ 2, 0, 2, 1, 0, 0 ] ];12597120
[ [ 1, 2, 2, 0, 1, 1 ], [ 1, 1, 2, 2, 1, 2 ], [ 0, 1, 1, 0, 1, 0 ], [ 0, 1, 0, 1, 0, 0 ], [ 1, 1, 2, 0, 0, 1 ], [ 2, 1, 1, 1, 0, 1 ] ];12597120
[ [ 0, 1, 0, 2, 0, 1 ], [ 1, 0, 0, 2, 1, 2 ], [ 2, 1, 1, 0, 2, 2 ], [ 0, 2, 0, 1, 0, 1 ], [ 0, 1, 0, 0, 0, 2 ], [ 2, 1, 2, 0, 0, 0 ] ];3149280
[ [ 0, 1, 0, 1, 0, 1 ], [ 1, 1, 0, 0, 1, 1 ], [ 1, 0, 1, 1, 1, 2 ], [ 0, 2, 0, 1, 0, 1 ], [ 0, 1, 0, 0, 0, 2 ], [ 0, 2, 2, 0, 1, 2 ] ];12597120
[ [ 0, 1, 0, 0, 0, 2 ], [ 0, 2, 2, 1, 1, 1 ], [ 0, 2, 1, 0, 0, 1 ], [ 2, 2, 0, 1, 2, 1 ], [ 1, 2, 2, 0, 1, 2 ], [ 2, 0, 0, 0, 2, 0 ] ];12597120
[ [ 1, 2, 0, 0, 1, 2 ], [ 2, 0, 1, 0, 2, 0 ], [ 0, 2, 1, 0, 0, 1 ], [ 1, 0, 0, 1, 1, 1 ], [ 0, 2, 0, 0, 0, 1 ], [ 1, 0, 2, 2, 0, 2 ] ];12597120
[ [ 0, 1, 1, 0, 0, 0 ], [ 2, 1, 1, 0, 0, 2 ], [ 0, 0, 2, 0, 0, 1 ], [ 1, 1, 1, 1, 1, 0 ], [ 0, 0, 1, 0, 0, 1 ], [ 2, 1, 2, 2, 1, 1 ] ];3149280
[ [ 0, 1, 0, 1, 1, 0 ], [ 1, 2, 2, 2, 2, 1 ], [ 1, 1, 1, 0, 1, 2 ], [ 1, 2, 0, 1, 1, 1 ], [ 1, 0, 0, 1, 2, 1 ], [ 1, 1, 1, 1, 0, 2 ] ];3149280
[ [ 1, 2, 0, 0, 1, 1 ], [ 2, 0, 1, 2, 1, 0 ], [ 2, 1, 1, 0, 0, 0 ], [ 1, 2, 0, 1, 1, 1 ], [ 2, 1, 0, 0, 1, 1 ], [ 2, 2, 0, 1, 2, 1 ] ];3149280
[ [ 1, 2, 1, 1, 0, 0 ], [ 0, 2, 2, 1, 1, 0 ], [ 1, 0, 2, 1, 0, 2 ], [ 0, 2, 0, 1, 0, 1 ], [ 0, 0, 1, 1, 2, 2 ], [ 2, 1, 1, 1, 1, 0 ] ];3149280
[ [ 2, 1, 0, 0, 2, 2 ], [ 1, 1, 2, 0, 2, 2 ], [ 2, 2, 0, 1, 0, 2 ], [ 0, 2, 0, 1, 0, 1 ], [ 0, 2, 2, 1, 1, 2 ], [ 2, 2, 1, 1, 1, 0 ] ];3149280
[ [ 2, 1, 1, 1, 0, 0 ], [ 0, 0, 2, 0, 2, 1 ], [ 1, 1, 1, 0, 1, 2 ], [ 0, 1, 1, 2, 1, 0 ], [ 0, 0, 1, 1, 1, 1 ], [ 2, 2, 1, 2, 2, 2 ] ];3149280
[ [ 1, 1, 1, 2, 1, 0 ], [ 2, 2, 2, 0, 0, 2 ], [ 0, 2, 0, 1, 0, 0 ], [ 2, 1, 1, 0, 2, 0 ], [ 1, 0, 1, 2, 1, 1 ], [ 0, 2, 0, 0, 2, 1 ] ];1259712
[ [ 1, 2, 0, 0, 1, 1 ], [ 1, 2, 1, 0, 0, 1 ], [ 0, 1, 1, 1, 2, 1 ], [ 1, 2, 0, 1, 1, 1 ], [ 2, 1, 0, 1, 1, 1 ], [ 0, 1, 0, 2, 0, 2 ] ];1259712
[ [ 0, 2, 0, 0, 0, 1 ], [ 2, 2, 0, 0, 1, 1 ], [ 0, 1, 0, 1, 0, 1 ], [ 2, 2, 1, 0, 2, 2 ], [ 2, 1, 2, 1, 2, 1 ], [ 1, 1, 1, 0, 1, 1 ] ];3149280
[ [ 0, 2, 0, 0, 0, 0 ], [ 1, 2, 1, 0, 0, 0 ], [ 0, 0, 2, 0, 0, 2 ], [ 0, 1, 0, 2, 0, 2 ], [ 0, 0, 0, 0, 0, 2 ], [ 0, 2, 2, 1, 1, 1 ] ];12597120
[ [ 0, 1, 1, 0, 2, 1 ], [ 2, 2, 0, 0, 2, 1 ], [ 2, 1, 2, 0, 2, 2 ], [ 0, 1, 0, 2, 0, 2 ], [ 2, 1, 0, 0, 2, 2 ], [ 0, 2, 1, 1, 2, 2 ] ];12597120
[ [ 0, 1, 0, 0, 0, 2 ], [ 1, 2, 2, 1, 2, 1 ], [ 0, 2, 2, 0, 0, 0 ], [ 0, 1, 0, 2, 0, 2 ], [ 0, 2, 0, 0, 0, 2 ], [ 2, 0, 0, 2, 2, 1 ] ];12597120
[ [ 0, 2, 0, 2, 0, 0 ], [ 0, 1, 1, 0, 2, 1 ], [ 1, 2, 2, 0, 1, 1 ], [ 0, 1, 0, 2, 0, 2 ], [ 0, 0, 0, 2, 0, 2 ], [ 1, 1, 2, 2, 2, 2 ] ];12597120
[ [ 0, 2, 0, 1, 0, 0 ], [ 2, 0, 1, 0, 1, 2 ], [ 2, 1, 2, 2, 2, 0 ], [ 0, 1, 0, 2, 0, 2 ], [ 0, 0, 0, 1, 0, 2 ], [ 2, 0, 2, 0, 0, 0 ] ];12597120
[ [ 2, 1, 1, 0, 1, 1 ], [ 1, 0, 2, 0, 2, 1 ], [ 2, 1, 2, 0, 2, 2 ], [ 0, 1, 0, 2, 0, 2 ], [ 2, 1, 0, 0, 2, 2 ], [ 0, 0, 0, 1, 0, 2 ] ];12597120
[ [ 0, 1, 0, 0, 2, 1 ], [ 0, 1, 1, 0, 0, 2 ], [ 2, 1, 2, 0, 2, 2 ], [ 0, 2, 0, 2, 1, 2 ], [ 2, 1, 0, 0, 2, 2 ], [ 2, 1, 0, 1, 1, 0 ] ];12597120
[ [ 0, 2, 1, 0, 0, 0 ], [ 1, 2, 2, 0, 0, 2 ], [ 0, 0, 0, 0, 0, 2 ], [ 1, 0, 2, 2, 1, 1 ], [ 0, 0, 1, 0, 0, 2 ], [ 2, 2, 2, 1, 0, 0 ] ];12597120
[ [ 2, 1, 1, 0, 1, 0 ], [ 0, 1, 1, 1, 2, 1 ], [ 1, 1, 2, 0, 1, 2 ], [ 0, 1, 0, 2, 0, 2 ], [ 1, 0, 1, 0, 0, 1 ], [ 1, 1, 2, 2, 2, 0 ] ];12597120
[ [ 0, 1, 0, 0, 0, 2 ], [ 2, 1, 2, 2, 0, 2 ], [ 1, 2, 2, 0, 1, 1 ], [ 0, 1, 0, 2, 0, 2 ], [ 0, 2, 0, 1, 0, 2 ], [ 2, 2, 0, 1, 2, 2 ] ];12597120
[ [ 0, 1, 0, 0, 0, 2 ], [ 0, 0, 2, 0, 1, 0 ], [ 2, 2, 2, 2, 2, 2 ], [ 0, 1, 0, 2, 0, 2 ], [ 0, 2, 0, 2, 0, 2 ], [ 2, 1, 0, 0, 2, 0 ] ];12597120
[ [ 1, 1, 2, 0, 2, 0 ], [ 0, 2, 0, 1, 0, 0 ], [ 2, 1, 2, 0, 2, 2 ], [ 0, 1, 0, 2, 0, 2 ], [ 2, 0, 2, 0, 0, 1 ], [ 1, 0, 1, 2, 0, 0 ] ];12597120
[ [ 2, 1, 1, 0, 2, 2 ], [ 2, 2, 1, 1, 2, 1 ], [ 0, 2, 2, 0, 2, 0 ], [ 0, 2, 0, 2, 0, 0 ], [ 2, 2, 1, 0, 0, 2 ], [ 1, 2, 2, 2, 0, 2 ] ];12597120
[ [ 0, 2, 0, 1, 0, 2 ], [ 2, 0, 0, 1, 2, 1 ], [ 1, 2, 2, 0, 1, 1 ], [ 0, 1, 0, 2, 0, 2 ], [ 0, 2, 0, 0, 0, 1 ], [ 1, 2, 1, 0, 0, 0 ] ];3149280
[ [ 0, 2, 0, 2, 0, 2 ], [ 2, 2, 0, 0, 2, 2 ], [ 2, 0, 2, 2, 2, 1 ], [ 0, 1, 0, 2, 0, 2 ], [ 0, 2, 0, 0, 0, 1 ], [ 0, 1, 1, 0, 2, 1 ] ];12597120
[ [ 0, 2, 0, 0, 0, 1 ], [ 0, 1, 1, 2, 2, 2 ], [ 0, 1, 2, 0, 0, 2 ], [ 1, 1, 0, 2, 1, 2 ], [ 2, 1, 1, 0, 2, 1 ], [ 1, 0, 0, 0, 1, 0 ] ];12597120
[ [ 2, 1, 0, 0, 2, 1 ], [ 1, 0, 2, 0, 1, 0 ], [ 0, 1, 2, 0, 0, 2 ], [ 2, 0, 0, 2, 2, 2 ], [ 0, 1, 0, 0, 0, 2 ], [ 2, 0, 1, 1, 0, 1 ] ];12597120
[ [ 0, 2, 2, 0, 0, 0 ], [ 1, 2, 2, 0, 0, 1 ], [ 0, 0, 1, 0, 0, 2 ], [ 2, 2, 2, 2, 2, 0 ], [ 0, 0, 2, 0, 0, 2 ], [ 1, 2, 1, 1, 2, 2 ] ];3149280
[ [ 0, 2, 0, 2, 2, 0 ], [ 2, 1, 1, 1, 1, 2 ], [ 2, 2, 2, 0, 2, 1 ], [ 2, 1, 0, 2, 2, 2 ], [ 2, 0, 0, 2, 1, 2 ], [ 2, 2, 2, 2, 0, 1 ] ];3149280
[ [ 2, 1, 0, 0, 2, 2 ], [ 1, 0, 2, 1, 2, 0 ], [ 1, 2, 2, 0, 0, 0 ], [ 2, 1, 0, 2, 2, 2 ], [ 1, 2, 0, 0, 2, 2 ], [ 1, 1, 0, 2, 1, 2 ] ];3149280
[ [ 2, 1, 2, 2, 0, 0 ], [ 0, 1, 1, 2, 2, 0 ], [ 2, 0, 1, 2, 0, 1 ], [ 0, 1, 0, 2, 0, 2 ], [ 0, 0, 2, 2, 1, 1 ], [ 1, 2, 2, 2, 2, 0 ] ];3149280
[ [ 1, 2, 0, 0, 1, 1 ], [ 2, 2, 1, 0, 1, 1 ], [ 1, 1, 0, 2, 0, 1 ], [ 0, 1, 0, 2, 0, 2 ], [ 0, 1, 1, 2, 2, 1 ], [ 1, 1, 2, 2, 2, 0 ] ];3149280
[ [ 1, 2, 2, 2, 0, 0 ], [ 0, 0, 1, 0, 1, 2 ], [ 2, 2, 2, 0, 2, 1 ], [ 0, 2, 2, 1, 2, 0 ], [ 0, 0, 2, 2, 2, 2 ], [ 1, 1, 2, 1, 1, 1 ] ];3149280
[ [ 2, 2, 2, 1, 2, 0 ], [ 1, 1, 1, 0, 0, 1 ], [ 0, 1, 0, 2, 0, 0 ], [ 1, 2, 2, 0, 1, 0 ], [ 2, 0, 2, 1, 2, 2 ], [ 0, 1, 0, 0, 1, 2 ] ];1259712
[ [ 2, 1, 0, 0, 2, 2 ], [ 2, 1, 2, 0, 0, 2 ], [ 0, 2, 2, 2, 1, 2 ], [ 2, 1, 0, 2, 2, 2 ], [ 1, 2, 0, 2, 2, 2 ], [ 0, 2, 0, 1, 0, 1 ] ];1259712
[ [ 0, 1, 0, 0, 0, 2 ], [ 1, 1, 0, 0, 2, 2 ], [ 0, 2, 0, 2, 0, 2 ], [ 1, 1, 2, 0, 1, 1 ], [ 1, 2, 1, 2, 1, 2 ], [ 2, 2, 2, 0, 2, 2 ] ];3149280
[ [ 2, 0, 2, 1, 1, 0 ], [ 1, 2, 2, 2, 0, 1 ], [ 0, 1, 0, 2, 2, 0 ], [ 1, 1, 0, 0, 2, 1 ], [ 1, 2, 1, 0, 1, 0 ], [ 0, 1, 1, 2, 0, 1 ] ];174960
[ [ 1, 2, 1, 2, 0, 1 ], [ 1, 0, 0, 2, 2, 0 ], [ 1, 0, 0, 2, 0, 0 ], [ 2, 1, 0, 0, 0, 1 ], [ 2, 2, 1, 0, 2, 0 ], [ 0, 1, 2, 2, 2, 0 ] ];1399680
[ [ 0, 1, 2, 2, 1, 1 ], [ 0, 0, 1, 2, 0, 2 ], [ 2, 2, 0, 2, 1, 2 ], [ 2, 0, 0, 0, 0, 2 ], [ 2, 0, 1, 2, 0, 0 ], [ 0, 1, 0, 2, 1, 0 ] ];349920
[ [ 0, 0, 2, 1, 2, 0 ], [ 1, 1, 2, 0, 2, 0 ], [ 0, 0, 0, 0, 1, 0 ], [ 1, 1, 0, 2, 2, 1 ], [ 0, 2, 1, 2, 0, 0 ], [ 1, 0, 1, 2, 0, 0 ] ];4199040
[ [ 1, 2, 1, 2, 0, 1 ], [ 2, 2, 1, 0, 1, 2 ], [ 1, 0, 0, 2, 0, 0 ], [ 1, 1, 0, 0, 2, 1 ], [ 1, 2, 1, 0, 1, 0 ], [ 2, 0, 0, 0, 2, 2 ] ];1399680
[ [ 0, 2, 1, 2, 2, 1 ], [ 0, 2, 1, 2, 2, 0 ], [ 1, 0, 0, 2, 0, 0 ], [ 1, 1, 0, 0, 0, 1 ], [ 2, 2, 1, 0, 0, 0 ], [ 1, 1, 2, 1, 0, 1 ] ];4199040
[ [ 2, 2, 0, 2, 0, 1 ], [ 1, 1, 2, 0, 1, 1 ], [ 2, 0, 0, 2, 2, 0 ], [ 1, 0, 0, 0, 1, 2 ], [ 2, 0, 2, 2, 1, 2 ], [ 0, 2, 1, 2, 2, 2 ] ];699840
[ [ 0, 2, 2, 1, 1, 0 ], [ 2, 2, 0, 0, 2, 2 ], [ 2, 0, 0, 2, 1, 0 ], [ 2, 0, 1, 1, 1, 0 ], [ 1, 1, 2, 1, 2, 2 ], [ 2, 1, 0, 0, 0, 1 ] ];1049760
[ [ 1, 0, 0, 0, 1, 1 ], [ 0, 0, 0, 0, 1, 2 ], [ 1, 0, 0, 2, 0, 0 ], [ 1, 0, 1, 1, 0, 0 ], [ 2, 2, 1, 2, 1, 2 ], [ 1, 0, 0, 0, 0, 0 ] ];524880
[ [ 2, 2, 1, 2, 1, 1 ], [ 1, 1, 1, 2, 1, 2 ], [ 1, 1, 2, 0, 0, 1 ], [ 1, 1, 0, 2, 0, 1 ], [ 1, 2, 1, 2, 2, 0 ], [ 1, 0, 2, 1, 1, 0 ] ];87480
[ [ 2, 1, 2, 2, 0, 0 ], [ 2, 2, 1, 2, 2, 2 ], [ 2, 2, 0, 2, 1, 0 ], [ 0, 0, 0, 0, 1, 1 ], [ 0, 1, 1, 0, 0, 0 ], [ 1, 0, 0, 2, 2, 2 ] ];699840
[ [ 1, 2, 1, 2, 0, 1 ], [ 1, 1, 0, 0, 1, 0 ], [ 0, 0, 0, 2, 2, 0 ], [ 0, 0, 1, 1, 2, 0 ], [ 2, 2, 0, 0, 1, 0 ], [ 0, 1, 2, 1, 1, 2 ] ];524880
[ [ 0, 0, 2, 1, 2, 0 ], [ 2, 2, 1, 2, 2, 2 ], [ 1, 2, 1, 2, 1, 0 ], [ 1, 0, 2, 0, 1, 1 ], [ 1, 2, 2, 1, 1, 0 ], [ 2, 1, 1, 0, 0, 2 ] ];131220
[ [ 0, 1, 0, 0, 2, 1 ], [ 2, 0, 2, 1, 2, 1 ], [ 2, 0, 0, 2, 1, 0 ], [ 2, 0, 1, 1, 1, 0 ], [ 2, 2, 0, 0, 2, 2 ], [ 2, 2, 2, 1, 1, 0 ] ];87480
[ [ 2, 2, 0, 0, 0, 0 ], [ 2, 1, 0, 1, 2, 0 ], [ 2, 2, 2, 1, 2, 0 ], [ 1, 1, 0, 1, 0, 1 ], [ 1, 1, 1, 2, 2, 0 ], [ 2, 2, 1, 1, 2, 1 ] ];174960
[ [ 2, 0, 2, 1, 1, 0 ], [ 0, 2, 0, 0, 0, 0 ], [ 0, 0, 0, 0, 1, 0 ], [ 0, 0, 2, 2, 0, 1 ], [ 0, 2, 2, 2, 0, 0 ], [ 0, 1, 0, 2, 1, 0 ] ];174960
[ [ 1, 0, 1, 1, 1, 0 ], [ 0, 1, 0, 0, 0, 0 ], [ 0, 2, 0, 2, 1, 2 ], [ 0, 2, 2, 2, 1, 1 ], [ 0, 1, 2, 0, 0, 1 ], [ 0, 0, 0, 1, 1, 2 ] ];43740
[ [ 1, 0, 1, 2, 2, 0 ], [ 2, 1, 1, 1, 0, 2 ], [ 0, 2, 0, 1, 1, 0 ], [ 2, 2, 0, 0, 1, 2 ], [ 2, 1, 2, 0, 2, 0 ], [ 0, 2, 2, 1, 0, 2 ] ];174960
[ [ 2, 1, 2, 1, 0, 2 ], [ 2, 0, 0, 1, 1, 0 ], [ 2, 0, 0, 1, 0, 0 ], [ 1, 2, 0, 0, 0, 2 ], [ 1, 1, 2, 0, 1, 0 ], [ 0, 2, 1, 1, 1, 0 ] ];1399680
[ [ 0, 2, 1, 1, 2, 2 ], [ 0, 0, 2, 1, 0, 1 ], [ 1, 1, 0, 1, 2, 1 ], [ 1, 0, 0, 0, 0, 1 ], [ 1, 0, 2, 1, 0, 0 ], [ 0, 2, 0, 1, 2, 0 ] ];349920
[ [ 0, 0, 1, 2, 1, 0 ], [ 2, 2, 1, 0, 1, 0 ], [ 0, 0, 0, 0, 2, 0 ], [ 2, 2, 0, 1, 1, 2 ], [ 0, 1, 2, 1, 0, 0 ], [ 2, 0, 2, 1, 0, 0 ] ];4199040
[ [ 2, 1, 2, 1, 0, 2 ], [ 1, 1, 2, 0, 2, 1 ], [ 2, 0, 0, 1, 0, 0 ], [ 2, 2, 0, 0, 1, 2 ], [ 2, 1, 2, 0, 2, 0 ], [ 1, 0, 0, 0, 1, 1 ] ];1399680
[ [ 0, 1, 2, 1, 1, 2 ], [ 0, 1, 2, 1, 1, 0 ], [ 2, 0, 0, 1, 0, 0 ], [ 2, 2, 0, 0, 0, 2 ], [ 1, 1, 2, 0, 0, 0 ], [ 2, 2, 1, 2, 0, 2 ] ];4199040
[ [ 1, 1, 0, 1, 0, 2 ], [ 2, 2, 1, 0, 2, 2 ], [ 1, 0, 0, 1, 1, 0 ], [ 2, 0, 0, 0, 2, 1 ], [ 1, 0, 1, 1, 2, 1 ], [ 0, 1, 2, 1, 1, 1 ] ];699840
[ [ 0, 1, 1, 2, 2, 0 ], [ 1, 1, 0, 0, 1, 1 ], [ 1, 0, 0, 1, 2, 0 ], [ 1, 0, 2, 2, 2, 0 ], [ 2, 2, 1, 2, 1, 1 ], [ 1, 2, 0, 0, 0, 2 ] ];1049760
[ [ 2, 0, 0, 0, 2, 2 ], [ 0, 0, 0, 0, 2, 1 ], [ 2, 0, 0, 1, 0, 0 ], [ 2, 0, 2, 2, 0, 0 ], [ 1, 1, 2, 1, 2, 1 ], [ 2, 0, 0, 0, 0, 0 ] ];524880
[ [ 1, 1, 2, 1, 2, 2 ], [ 2, 2, 2, 1, 2, 1 ], [ 2, 2, 1, 0, 0, 2 ], [ 2, 2, 0, 1, 0, 2 ], [ 2, 1, 2, 1, 1, 0 ], [ 2, 0, 1, 2, 2, 0 ] ];87480
[ [ 1, 2, 1, 1, 0, 0 ], [ 1, 1, 2, 1, 1, 1 ], [ 1, 1, 0, 1, 2, 0 ], [ 0, 0, 0, 0, 2, 2 ], [ 0, 2, 2, 0, 0, 0 ], [ 2, 0, 0, 1, 1, 1 ] ];699840
[ [ 2, 1, 2, 1, 0, 2 ], [ 2, 2, 0, 0, 2, 0 ], [ 0, 0, 0, 1, 1, 0 ], [ 0, 0, 2, 2, 1, 0 ], [ 1, 1, 0, 0, 2, 0 ], [ 0, 2, 1, 2, 2, 1 ] ];524880
[ [ 0, 0, 1, 2, 1, 0 ], [ 1, 1, 2, 1, 1, 1 ], [ 2, 1, 2, 1, 2, 0 ], [ 2, 0, 1, 0, 2, 2 ], [ 2, 1, 1, 2, 2, 0 ], [ 1, 2, 2, 0, 0, 1 ] ];131220
[ [ 0, 2, 0, 0, 1, 2 ], [ 1, 0, 1, 2, 1, 2 ], [ 1, 0, 0, 1, 2, 0 ], [ 1, 0, 2, 2, 2, 0 ], [ 1, 1, 0, 0, 1, 1 ], [ 1, 1, 1, 2, 2, 0 ] ];87480
[ [ 1, 1, 0, 0, 0, 0 ], [ 1, 2, 0, 2, 1, 0 ], [ 1, 1, 1, 2, 1, 0 ], [ 2, 2, 0, 2, 0, 2 ], [ 2, 2, 2, 1, 1, 0 ], [ 1, 1, 2, 2, 1, 2 ] ];174960
[ [ 1, 0, 1, 2, 2, 0 ], [ 0, 1, 0, 0, 0, 0 ], [ 0, 0, 0, 0, 2, 0 ], [ 0, 0, 1, 1, 0, 2 ], [ 0, 1, 1, 1, 0, 0 ], [ 0, 2, 0, 1, 2, 0 ] ];174960
[ [ 2, 0, 2, 2, 2, 0 ], [ 0, 2, 0, 0, 0, 0 ], [ 0, 1, 0, 1, 2, 1 ], [ 0, 1, 1, 1, 2, 2 ], [ 0, 2, 1, 0, 0, 2 ], [ 0, 0, 0, 2, 2, 1 ] ];43740
[ [ 2, 1, 0, 0, 1, 2 ], [ 1, 2, 2, 2, 0, 1 ], [ 0, 0, 2, 0, 2, 1 ], [ 1, 0, 2, 1, 2, 2 ], [ 1, 1, 0, 1, 1, 1 ], [ 0, 1, 1, 2, 0, 1 ] ];174960
[ [ 1, 0, 2, 1, 0, 0 ], [ 1, 0, 0, 2, 2, 0 ], [ 1, 2, 2, 0, 0, 1 ], [ 2, 0, 2, 1, 0, 2 ], [ 2, 1, 0, 1, 2, 1 ], [ 0, 1, 2, 2, 2, 0 ] ];1399680
[ [ 0, 2, 0, 1, 1, 0 ], [ 0, 0, 1, 2, 0, 2 ], [ 2, 1, 2, 0, 1, 0 ], [ 2, 2, 2, 1, 0, 0 ], [ 2, 2, 0, 0, 0, 1 ], [ 0, 1, 0, 2, 1, 0 ] ];349920
[ [ 2, 1, 0, 0, 1, 2 ], [ 0, 2, 0, 2, 1, 2 ], [ 1, 2, 2, 1, 2, 1 ], [ 2, 0, 2, 0, 0, 2 ], [ 1, 1, 0, 0, 1, 1 ], [ 0, 1, 2, 1, 2, 2 ] ];4199040
[ [ 1, 0, 2, 1, 0, 0 ], [ 2, 2, 1, 0, 1, 2 ], [ 1, 2, 2, 0, 0, 1 ], [ 1, 0, 2, 1, 2, 2 ], [ 1, 1, 0, 1, 1, 1 ], [ 2, 0, 0, 0, 2, 2 ] ];1399680
[ [ 1, 0, 2, 1, 0, 0 ], [ 2, 1, 0, 0, 1, 1 ], [ 0, 2, 2, 0, 2, 1 ], [ 0, 0, 2, 1, 2, 2 ], [ 1, 1, 0, 1, 2, 1 ], [ 0, 0, 1, 2, 2, 2 ] ];4199040
[ [ 2, 0, 2, 0, 0, 1 ], [ 1, 1, 2, 0, 1, 1 ], [ 2, 1, 2, 0, 2, 0 ], [ 1, 1, 2, 1, 1, 2 ], [ 2, 0, 2, 2, 1, 2 ], [ 0, 2, 1, 2, 2, 2 ] ];699840
[ [ 2, 0, 0, 0, 0, 2 ], [ 1, 0, 1, 2, 1, 1 ], [ 0, 2, 2, 0, 2, 1 ], [ 0, 2, 0, 2, 2, 1 ], [ 2, 0, 1, 2, 0, 0 ], [ 1, 2, 1, 2, 2, 0 ] ];1049760
[ [ 0, 1, 1, 2, 0, 0 ], [ 2, 1, 1, 2, 0, 1 ], [ 2, 2, 2, 0, 1, 1 ], [ 2, 2, 0, 2, 1, 1 ], [ 0, 1, 0, 0, 2, 0 ], [ 0, 1, 1, 2, 2, 2 ] ];524880
[ [ 2, 0, 2, 1, 1, 0 ], [ 1, 1, 1, 2, 1, 2 ], [ 1, 0, 1, 1, 0, 2 ], [ 1, 0, 2, 0, 0, 2 ], [ 1, 1, 0, 0, 2, 1 ], [ 1, 0, 2, 1, 1, 0 ] ];87480
[ [ 2, 2, 0, 1, 0, 2 ], [ 2, 2, 1, 2, 2, 2 ], [ 2, 1, 2, 0, 1, 1 ], [ 0, 2, 2, 1, 1, 2 ], [ 0, 0, 0, 1, 0, 1 ], [ 1, 0, 0, 2, 2, 2 ] ];699840
[ [ 2, 0, 2, 1, 1, 0 ], [ 0, 0, 2, 1, 0, 1 ], [ 2, 2, 2, 0, 1, 1 ], [ 2, 2, 0, 2, 1, 1 ], [ 1, 1, 2, 1, 0, 1 ], [ 2, 0, 1, 2, 0, 0 ] ];524880
[ [ 2, 1, 0, 0, 1, 2 ], [ 1, 0, 2, 1, 1, 1 ], [ 2, 1, 0, 0, 2, 1 ], [ 2, 2, 1, 1, 2, 2 ], [ 2, 1, 1, 2, 2, 1 ], [ 1, 2, 2, 2, 2, 1 ] ];131220
[ [ 0, 1, 0, 0, 2, 1 ], [ 2, 0, 2, 1, 2, 1 ], [ 2, 0, 2, 0, 2, 2 ], [ 2, 0, 0, 2, 2, 2 ], [ 2, 2, 1, 2, 1, 0 ], [ 2, 2, 0, 0, 0, 1 ] ];87480
[ [ 2, 2, 0, 0, 0, 0 ], [ 2, 1, 0, 1, 2, 0 ], [ 2, 2, 2, 1, 2, 0 ], [ 1, 1, 2, 1, 0, 2 ], [ 1, 1, 0, 2, 2, 1 ], [ 2, 2, 1, 1, 2, 1 ] ];174960
[ [ 2, 1, 0, 0, 1, 2 ], [ 0, 2, 0, 0, 0, 0 ], [ 0, 2, 2, 1, 1, 1 ], [ 0, 2, 1, 0, 0, 2 ], [ 0, 1, 1, 0, 0, 1 ], [ 0, 1, 0, 2, 1, 0 ] ];174960
[ [ 1, 1, 1, 1, 1, 0 ], [ 0, 1, 0, 0, 0, 0 ], [ 0, 2, 0, 2, 1, 2 ], [ 0, 2, 2, 2, 1, 1 ], [ 0, 1, 2, 0, 0, 1 ], [ 0, 0, 0, 1, 1, 2 ] ];43740
[ [ 1, 2, 0, 0, 2, 1 ], [ 2, 1, 1, 1, 0, 2 ], [ 0, 0, 1, 0, 1, 2 ], [ 2, 0, 1, 2, 1, 1 ], [ 2, 2, 0, 2, 2, 2 ], [ 0, 2, 2, 1, 0, 2 ] ];174960
[ [ 2, 0, 1, 2, 0, 0 ], [ 2, 0, 0, 1, 1, 0 ], [ 2, 1, 1, 0, 0, 2 ], [ 1, 0, 1, 2, 0, 1 ], [ 1, 2, 0, 2, 1, 2 ], [ 0, 2, 1, 1, 1, 0 ] ];1399680
[ [ 0, 1, 0, 2, 2, 0 ], [ 0, 0, 2, 1, 0, 1 ], [ 1, 2, 1, 0, 2, 0 ], [ 1, 1, 1, 2, 0, 0 ], [ 1, 1, 0, 0, 0, 2 ], [ 0, 2, 0, 1, 2, 0 ] ];349920
[ [ 1, 2, 0, 0, 2, 1 ], [ 0, 1, 0, 1, 2, 1 ], [ 2, 1, 1, 2, 1, 2 ], [ 1, 0, 1, 0, 0, 1 ], [ 2, 2, 0, 0, 2, 2 ], [ 0, 2, 1, 2, 1, 1 ] ];4199040
[ [ 2, 0, 1, 2, 0, 0 ], [ 1, 1, 2, 0, 2, 1 ], [ 2, 1, 1, 0, 0, 2 ], [ 2, 0, 1, 2, 1, 1 ], [ 2, 2, 0, 2, 2, 2 ], [ 1, 0, 0, 0, 1, 1 ] ];1399680
[ [ 2, 0, 1, 2, 0, 0 ], [ 1, 2, 0, 0, 2, 2 ], [ 0, 1, 1, 0, 1, 2 ], [ 0, 0, 1, 2, 1, 1 ], [ 2, 2, 0, 2, 1, 2 ], [ 0, 0, 2, 1, 1, 1 ] ];4199040
[ [ 1, 0, 1, 0, 0, 2 ], [ 2, 2, 1, 0, 2, 2 ], [ 1, 2, 1, 0, 1, 0 ], [ 2, 2, 1, 2, 2, 1 ], [ 1, 0, 1, 1, 2, 1 ], [ 0, 1, 2, 1, 1, 1 ] ];699840
[ [ 1, 0, 0, 0, 0, 1 ], [ 2, 0, 2, 1, 2, 2 ], [ 0, 1, 1, 0, 1, 2 ], [ 0, 1, 0, 1, 1, 2 ], [ 1, 0, 2, 1, 0, 0 ], [ 2, 1, 2, 1, 1, 0 ] ];1049760
[ [ 0, 2, 2, 1, 0, 0 ], [ 1, 2, 2, 1, 0, 2 ], [ 1, 1, 1, 0, 2, 2 ], [ 1, 1, 0, 1, 2, 2 ], [ 0, 2, 0, 0, 1, 0 ], [ 0, 2, 2, 1, 1, 1 ] ];524880
[ [ 1, 0, 1, 2, 2, 0 ], [ 2, 2, 2, 1, 2, 1 ], [ 2, 0, 2, 2, 0, 1 ], [ 2, 0, 1, 0, 0, 1 ], [ 2, 2, 0, 0, 1, 2 ], [ 2, 0, 1, 2, 2, 0 ] ];87480
[ [ 1, 1, 0, 2, 0, 1 ], [ 1, 1, 2, 1, 1, 1 ], [ 1, 2, 1, 0, 2, 2 ], [ 0, 1, 1, 2, 2, 1 ], [ 0, 0, 0, 2, 0, 2 ], [ 2, 0, 0, 1, 1, 1 ] ];699840
[ [ 1, 0, 1, 2, 2, 0 ], [ 0, 0, 1, 2, 0, 2 ], [ 1, 1, 1, 0, 2, 2 ], [ 1, 1, 0, 1, 2, 2 ], [ 2, 2, 1, 2, 0, 2 ], [ 1, 0, 2, 1, 0, 0 ] ];524880
[ [ 1, 2, 0, 0, 2, 1 ], [ 2, 0, 1, 2, 2, 2 ], [ 1, 2, 0, 0, 1, 2 ], [ 1, 1, 2, 2, 1, 1 ], [ 1, 2, 2, 1, 1, 2 ], [ 2, 1, 1, 1, 1, 2 ] ];131220
[ [ 0, 2, 0, 0, 1, 2 ], [ 1, 0, 1, 2, 1, 2 ], [ 1, 0, 1, 0, 1, 1 ], [ 1, 0, 0, 1, 1, 1 ], [ 1, 1, 2, 1, 2, 0 ], [ 1, 1, 0, 0, 0, 2 ] ];87480
[ [ 1, 1, 0, 0, 0, 0 ], [ 1, 2, 0, 2, 1, 0 ], [ 1, 1, 1, 2, 1, 0 ], [ 2, 2, 1, 2, 0, 1 ], [ 2, 2, 0, 1, 1, 2 ], [ 1, 1, 2, 2, 1, 2 ] ];174960
[ [ 1, 2, 0, 0, 2, 1 ], [ 0, 1, 0, 0, 0, 0 ], [ 0, 1, 1, 2, 2, 2 ], [ 0, 1, 2, 0, 0, 1 ], [ 0, 2, 2, 0, 0, 2 ], [ 0, 2, 0, 1, 2, 0 ] ];174960
[ [ 2, 2, 2, 2, 2, 0 ], [ 0, 2, 0, 0, 0, 0 ], [ 0, 1, 0, 1, 2, 1 ], [ 0, 1, 1, 1, 2, 2 ], [ 0, 2, 1, 0, 0, 2 ], [ 0, 0, 0, 2, 2, 1 ] ];43740
[ [ 1, 0, 1, 1, 2, 1 ], [ 0, 1, 0, 0, 0, 0 ], [ 0, 1, 1, 1, 0, 1 ], [ 0, 0, 2, 2, 2, 1 ], [ 0, 1, 0, 1, 1, 1 ], [ 0, 1, 2, 0, 1, 1 ] ];58320
[ [ 2, 1, 0, 2, 1, 2 ], [ 0, 0, 2, 1, 1, 1 ], [ 2, 2, 1, 1, 2, 1 ], [ 1, 2, 2, 2, 0, 1 ], [ 2, 2, 0, 1, 0, 1 ], [ 1, 2, 1, 1, 0, 2 ] ];524880
[ [ 2, 2, 2, 0, 2, 2 ], [ 1, 0, 2, 0, 2, 2 ], [ 0, 0, 1, 1, 0, 2 ], [ 2, 1, 2, 2, 1, 0 ], [ 1, 2, 2, 2, 0, 0 ], [ 2, 1, 1, 0, 1, 2 ] ];131220
[ [ 0, 0, 1, 2, 1, 1 ], [ 2, 1, 1, 1, 0, 2 ], [ 2, 2, 2, 2, 1, 0 ], [ 1, 0, 2, 0, 0, 1 ], [ 0, 1, 0, 0, 1, 1 ], [ 0, 1, 0, 2, 2, 0 ] ];524880
[ [ 2, 0, 1, 1, 1, 1 ], [ 2, 0, 0, 2, 0, 2 ], [ 1, 1, 1, 1, 0, 1 ], [ 1, 0, 2, 2, 1, 1 ], [ 1, 1, 0, 1, 1, 1 ], [ 0, 2, 1, 0, 1, 1 ] ];233280
[ [ 1, 2, 2, 2, 1, 2 ], [ 1, 1, 1, 2, 1, 2 ], [ 0, 2, 0, 0, 1, 0 ], [ 1, 1, 2, 1, 0, 0 ], [ 0, 2, 2, 0, 2, 0 ], [ 1, 2, 0, 1, 2, 2 ] ];233280
[ [ 1, 1, 0, 0, 0, 0 ], [ 1, 2, 2, 0, 1, 0 ], [ 0, 0, 2, 2, 2, 2 ], [ 2, 2, 2, 0, 1, 2 ], [ 0, 0, 1, 2, 0, 2 ], [ 1, 1, 1, 1, 2, 2 ] ];9720
[ [ 0, 0, 1, 1, 0, 1 ], [ 2, 2, 0, 1, 0, 1 ], [ 2, 1, 1, 1, 0, 1 ], [ 2, 0, 2, 2, 0, 1 ], [ 2, 1, 0, 1, 1, 1 ], [ 0, 0, 0, 0, 0, 1 ] ];19440
[ [ 1, 1, 0, 1, 2, 0 ], [ 2, 2, 0, 1, 2, 2 ], [ 2, 2, 1, 0, 0, 2 ], [ 0, 0, 0, 1, 0, 0 ], [ 1, 2, 0, 2, 2, 1 ], [ 2, 2, 0, 0, 0, 0 ] ];9720
[ [ 1, 0, 2, 1, 1, 1 ], [ 0, 1, 0, 0, 0, 0 ], [ 0, 1, 0, 1, 1, 1 ], [ 0, 2, 2, 0, 2, 2 ], [ 0, 1, 2, 1, 2, 1 ], [ 0, 2, 1, 2, 2, 0 ] ];4860
[ [ 1, 2, 2, 2, 2, 2 ], [ 1, 1, 1, 0, 1, 0 ], [ 2, 2, 0, 0, 2, 0 ], [ 2, 1, 2, 1, 2, 0 ], [ 2, 2, 2, 0, 0, 0 ], [ 2, 1, 2, 0, 2, 1 ] ];19440
[ [ 2, 0, 2, 2, 1, 2 ], [ 0, 2, 0, 0, 0, 0 ], [ 0, 2, 2, 2, 0, 2 ], [ 0, 0, 1, 1, 1, 2 ], [ 0, 2, 0, 2, 2, 2 ], [ 0, 2, 1, 0, 2, 2 ] ];58320
[ [ 1, 2, 0, 1, 2, 1 ], [ 0, 0, 1, 2, 2, 2 ], [ 1, 1, 2, 2, 1, 2 ], [ 2, 1, 1, 1, 0, 2 ], [ 1, 1, 0, 2, 0, 2 ], [ 2, 1, 2, 2, 0, 1 ] ];524880
[ [ 1, 1, 1, 0, 1, 1 ], [ 2, 0, 1, 0, 1, 1 ], [ 0, 0, 2, 2, 0, 1 ], [ 1, 2, 1, 1, 2, 0 ], [ 2, 1, 1, 1, 0, 0 ], [ 1, 2, 2, 0, 2, 1 ] ];131220
[ [ 0, 0, 2, 1, 2, 2 ], [ 1, 2, 2, 2, 0, 1 ], [ 1, 1, 1, 1, 2, 0 ], [ 2, 0, 1, 0, 0, 2 ], [ 0, 2, 0, 0, 2, 2 ], [ 0, 2, 0, 1, 1, 0 ] ];524880
[ [ 1, 0, 2, 2, 2, 2 ], [ 1, 0, 0, 1, 0, 1 ], [ 2, 2, 2, 2, 0, 2 ], [ 2, 0, 1, 1, 2, 2 ], [ 2, 2, 0, 2, 2, 2 ], [ 0, 1, 2, 0, 2, 2 ] ];233280
[ [ 2, 1, 1, 1, 2, 1 ], [ 2, 2, 2, 1, 2, 1 ], [ 0, 1, 0, 0, 2, 0 ], [ 2, 2, 1, 2, 0, 0 ], [ 0, 1, 1, 0, 1, 0 ], [ 2, 1, 0, 2, 1, 1 ] ];233280
[ [ 2, 2, 0, 0, 0, 0 ], [ 2, 1, 1, 0, 2, 0 ], [ 0, 0, 1, 1, 1, 1 ], [ 1, 1, 1, 0, 2, 1 ], [ 0, 0, 2, 1, 0, 1 ], [ 2, 2, 2, 2, 1, 1 ] ];9720
[ [ 0, 0, 2, 2, 0, 2 ], [ 1, 1, 0, 2, 0, 2 ], [ 1, 2, 2, 2, 0, 2 ], [ 1, 0, 1, 1, 0, 2 ], [ 1, 2, 0, 2, 2, 2 ], [ 0, 0, 0, 0, 0, 2 ] ];19440
[ [ 2, 2, 0, 2, 1, 0 ], [ 1, 1, 0, 2, 1, 1 ], [ 1, 1, 2, 0, 0, 1 ], [ 0, 0, 0, 2, 0, 0 ], [ 2, 1, 0, 1, 1, 2 ], [ 1, 1, 0, 0, 0, 0 ] ];9720
[ [ 2, 0, 1, 2, 2, 2 ], [ 0, 2, 0, 0, 0, 0 ], [ 0, 2, 0, 2, 2, 2 ], [ 0, 1, 1, 0, 1, 1 ], [ 0, 2, 1, 2, 1, 2 ], [ 0, 1, 2, 1, 1, 0 ] ];4860
[ [ 2, 1, 1, 1, 1, 1 ], [ 2, 2, 2, 0, 2, 0 ], [ 1, 1, 0, 0, 1, 0 ], [ 1, 2, 1, 2, 1, 0 ], [ 1, 1, 1, 0, 0, 0 ], [ 1, 2, 1, 0, 1, 2 ] ];19440
[ [ 2, 1, 1, 2, 2, 2 ], [ 0, 2, 0, 0, 0, 0 ], [ 0, 2, 2, 2, 0, 2 ], [ 0, 1, 0, 1, 2, 2 ], [ 0, 2, 0, 2, 2, 2 ], [ 0, 1, 2, 0, 1, 2 ] ];58320
[ [ 1, 2, 0, 1, 2, 1 ], [ 2, 0, 2, 2, 0, 2 ], [ 1, 1, 2, 2, 1, 2 ], [ 0, 1, 0, 1, 2, 2 ], [ 1, 1, 0, 2, 0, 2 ], [ 0, 1, 1, 2, 2, 1 ] ];524880
[ [ 0, 2, 2, 0, 2, 2 ], [ 1, 1, 2, 0, 2, 2 ], [ 0, 0, 2, 2, 0, 1 ], [ 2, 1, 0, 1, 1, 2 ], [ 1, 2, 2, 1, 1, 1 ], [ 2, 1, 1, 0, 1, 0 ] ];131220
[ [ 1, 1, 1, 2, 1, 2 ], [ 0, 1, 0, 1, 1, 1 ], [ 2, 2, 0, 2, 1, 0 ], [ 0, 1, 0, 1, 2, 2 ], [ 0, 2, 0, 0, 2, 2 ], [ 1, 0, 2, 2, 0, 0 ] ];524880
[ [ 1, 1, 1, 2, 1, 2 ], [ 1, 0, 0, 1, 0, 1 ], [ 2, 2, 2, 2, 0, 2 ], [ 2, 1, 0, 1, 1, 2 ], [ 2, 2, 0, 2, 2, 2 ], [ 0, 2, 1, 0, 1, 2 ] ];233280
[ [ 2, 2, 2, 2, 1, 2 ], [ 2, 2, 2, 1, 2, 1 ], [ 0, 2, 1, 1, 1, 1 ], [ 2, 1, 0, 1, 1, 2 ], [ 0, 2, 2, 1, 0, 1 ], [ 2, 2, 1, 0, 0, 2 ] ];233280
[ [ 2, 2, 0, 0, 0, 0 ], [ 2, 1, 1, 0, 2, 0 ], [ 0, 0, 0, 2, 2, 2 ], [ 1, 1, 0, 1, 0, 2 ], [ 0, 0, 1, 2, 1, 2 ], [ 2, 2, 0, 1, 0, 0 ] ];9720
[ [ 0, 1, 1, 2, 0, 2 ], [ 1, 1, 0, 2, 0, 2 ], [ 1, 2, 2, 2, 0, 2 ], [ 1, 1, 0, 1, 0, 2 ], [ 1, 2, 0, 2, 2, 2 ], [ 0, 0, 0, 0, 0, 2 ] ];19440
[ [ 2, 0, 0, 1, 2, 0 ], [ 1, 1, 0, 2, 1, 1 ], [ 1, 0, 2, 1, 2, 1 ], [ 0, 0, 0, 2, 0, 0 ], [ 2, 1, 0, 1, 1, 2 ], [ 1, 0, 0, 1, 2, 0 ] ];9720
[ [ 2, 1, 1, 2, 2, 2 ], [ 0, 2, 0, 0, 0, 0 ], [ 0, 2, 0, 2, 2, 2 ], [ 0, 1, 1, 0, 1, 1 ], [ 0, 2, 1, 2, 1, 2 ], [ 0, 1, 2, 1, 1, 0 ] ];4860
[ [ 2, 2, 2, 2, 2, 2 ], [ 2, 2, 2, 0, 2, 0 ], [ 1, 2, 1, 1, 2, 1 ], [ 1, 1, 0, 1, 0, 2 ], [ 1, 2, 2, 1, 1, 1 ], [ 1, 1, 0, 2, 0, 1 ] ];19440
[ [ 1, 2, 2, 1, 1, 1 ], [ 0, 1, 0, 0, 0, 0 ], [ 0, 1, 1, 1, 0, 1 ], [ 0, 2, 0, 2, 1, 1 ], [ 0, 1, 0, 1, 1, 1 ], [ 0, 2, 1, 0, 2, 1 ] ];58320
[ [ 2, 1, 0, 2, 1, 2 ], [ 1, 0, 1, 1, 0, 1 ], [ 2, 2, 1, 1, 2, 1 ], [ 0, 2, 0, 2, 1, 1 ], [ 2, 2, 0, 1, 0, 1 ], [ 0, 2, 2, 1, 1, 2 ] ];524880
[ [ 0, 1, 1, 0, 1, 1 ], [ 2, 2, 1, 0, 1, 1 ], [ 0, 0, 1, 1, 0, 2 ], [ 1, 2, 0, 2, 2, 1 ], [ 2, 1, 1, 2, 2, 2 ], [ 1, 2, 2, 0, 2, 0 ] ];131220
[ [ 2, 2, 2, 1, 2, 1 ], [ 0, 2, 0, 2, 2, 2 ], [ 1, 1, 0, 1, 2, 0 ], [ 0, 2, 0, 2, 1, 1 ], [ 0, 1, 0, 0, 1, 1 ], [ 2, 0, 1, 1, 0, 0 ] ];524880
[ [ 2, 2, 2, 1, 2, 1 ], [ 2, 0, 0, 2, 0, 2 ], [ 1, 1, 1, 1, 0, 1 ], [ 1, 2, 0, 2, 2, 1 ], [ 1, 1, 0, 1, 1, 1 ], [ 0, 1, 2, 0, 2, 1 ] ];233280
[ [ 1, 1, 1, 1, 2, 1 ], [ 1, 1, 1, 2, 1, 2 ], [ 0, 1, 2, 2, 2, 2 ], [ 1, 2, 0, 2, 2, 1 ], [ 0, 1, 1, 2, 0, 2 ], [ 1, 1, 2, 0, 0, 1 ] ];233280
[ [ 1, 1, 0, 0, 0, 0 ], [ 1, 2, 2, 0, 1, 0 ], [ 0, 0, 0, 1, 1, 1 ], [ 2, 2, 0, 2, 0, 1 ], [ 0, 0, 2, 1, 2, 1 ], [ 1, 1, 0, 2, 0, 0 ] ];9720
[ [ 0, 2, 2, 1, 0, 1 ], [ 2, 2, 0, 1, 0, 1 ], [ 2, 1, 1, 1, 0, 1 ], [ 2, 2, 0, 2, 0, 1 ], [ 2, 1, 0, 1, 1, 1 ], [ 0, 0, 0, 0, 0, 1 ] ];19440
[ [ 1, 0, 0, 2, 1, 0 ], [ 2, 2, 0, 1, 2, 2 ], [ 2, 0, 1, 2, 1, 2 ], [ 0, 0, 0, 1, 0, 0 ], [ 1, 2, 0, 2, 2, 1 ], [ 2, 0, 0, 2, 1, 0 ] ];9720
[ [ 1, 2, 2, 1, 1, 1 ], [ 0, 1, 0, 0, 0, 0 ], [ 0, 1, 0, 1, 1, 1 ], [ 0, 2, 2, 0, 2, 2 ], [ 0, 1, 2, 1, 2, 1 ], [ 0, 2, 1, 2, 2, 0 ] ];4860
[ [ 1, 1, 1, 1, 1, 1 ], [ 1, 1, 1, 0, 1, 0 ], [ 2, 1, 2, 2, 1, 2 ], [ 2, 2, 0, 2, 0, 1 ], [ 2, 1, 1, 2, 2, 2 ], [ 2, 2, 0, 1, 0, 2 ] ];19440
[ [ 2, 0, 2, 0, 0, 1 ], [ 2, 2, 1, 0, 0, 2 ], [ 0, 0, 1, 0, 0, 0 ], [ 0, 0, 1, 1, 2, 0 ], [ 1, 2, 2, 0, 1, 1 ], [ 1, 2, 1, 0, 1, 2 ] ];19440
[ [ 1, 1, 2, 0, 2, 1 ], [ 2, 2, 2, 0, 1, 1 ], [ 0, 0, 1, 0, 0, 0 ], [ 0, 0, 1, 1, 2, 0 ], [ 0, 1, 2, 0, 0, 1 ], [ 2, 0, 2, 0, 0, 1 ] ];524880
[ [ 1, 1, 0, 0, 0, 1 ], [ 1, 0, 1, 0, 1, 1 ], [ 0, 0, 1, 0, 0, 0 ], [ 2, 0, 1, 1, 1, 0 ], [ 0, 2, 1, 0, 2, 0 ], [ 2, 0, 1, 0, 1, 1 ] ];524880
[ [ 0, 1, 2, 0, 1, 1 ], [ 0, 0, 1, 0, 1, 2 ], [ 0, 0, 1, 0, 0, 0 ], [ 0, 0, 1, 1, 2, 0 ], [ 2, 1, 2, 0, 2, 1 ], [ 1, 1, 1, 0, 1, 2 ] ];524880
[ [ 0, 0, 2, 0, 2, 1 ], [ 2, 0, 2, 0, 1, 1 ], [ 0, 0, 1, 0, 0, 0 ], [ 0, 0, 1, 1, 2, 0 ], [ 2, 2, 2, 0, 2, 1 ], [ 2, 1, 1, 0, 1, 2 ] ];466560
[ [ 1, 1, 1, 0, 1, 2 ], [ 0, 1, 0, 0, 0, 0 ], [ 0, 1, 2, 1, 1, 0 ], [ 0, 0, 1, 1, 2, 0 ], [ 0, 0, 0, 1, 1, 1 ], [ 0, 1, 0, 0, 2, 0 ] ];77760
[ [ 1, 1, 1, 0, 1, 0 ], [ 0, 1, 1, 0, 2, 0 ], [ 0, 0, 1, 0, 0, 0 ], [ 1, 0, 1, 1, 0, 0 ], [ 0, 0, 0, 0, 1, 0 ], [ 2, 1, 1, 0, 0, 1 ] ];155520
[ [ 0, 1, 2, 0, 0, 0 ], [ 2, 2, 0, 0, 2, 0 ], [ 0, 0, 1, 0, 0, 0 ], [ 2, 2, 2, 1, 0, 0 ], [ 0, 0, 0, 0, 1, 0 ], [ 0, 2, 1, 0, 2, 1 ] ];19440
[ [ 1, 1, 1, 0, 1, 2 ], [ 0, 1, 1, 0, 1, 2 ], [ 0, 0, 1, 0, 0, 0 ], [ 1, 0, 1, 1, 0, 0 ], [ 1, 0, 0, 0, 0, 1 ], [ 1, 0, 0, 0, 2, 2 ] ];19440
[ [ 2, 1, 0, 0, 2, 1 ], [ 2, 2, 1, 0, 1, 0 ], [ 0, 0, 1, 0, 0, 0 ], [ 2, 0, 1, 1, 1, 0 ], [ 2, 2, 1, 0, 2, 0 ], [ 1, 2, 2, 0, 2, 1 ] ];19440
[ [ 1, 0, 0, 0, 1, 1 ], [ 0, 1, 0, 0, 0, 0 ], [ 0, 0, 1, 0, 0, 0 ], [ 0, 1, 2, 1, 2, 1 ], [ 0, 2, 2, 0, 0, 1 ], [ 0, 0, 2, 0, 2, 2 ] ];6480
[ [ 1, 0, 1, 0, 0, 2 ], [ 1, 1, 2, 0, 0, 1 ], [ 0, 0, 2, 0, 0, 0 ], [ 0, 0, 2, 2, 1, 0 ], [ 2, 1, 1, 0, 2, 2 ], [ 2, 1, 2, 0, 2, 1 ] ];19440
[ [ 2, 2, 1, 0, 1, 2 ], [ 1, 1, 1, 0, 2, 2 ], [ 0, 0, 2, 0, 0, 0 ], [ 0, 0, 2, 2, 1, 0 ], [ 0, 2, 1, 0, 0, 2 ], [ 1, 0, 1, 0, 0, 2 ] ];524880
[ [ 2, 2, 0, 0, 0, 2 ], [ 2, 0, 2, 0, 2, 2 ], [ 0, 0, 2, 0, 0, 0 ], [ 1, 0, 2, 2, 2, 0 ], [ 0, 1, 2, 0, 1, 0 ], [ 1, 0, 2, 0, 2, 2 ] ];524880
[ [ 0, 2, 1, 0, 2, 2 ], [ 0, 0, 2, 0, 2, 1 ], [ 0, 0, 2, 0, 0, 0 ], [ 0, 0, 2, 2, 1, 0 ], [ 1, 2, 1, 0, 1, 2 ], [ 2, 2, 2, 0, 2, 1 ] ];524880
[ [ 0, 0, 1, 0, 1, 2 ], [ 1, 0, 1, 0, 2, 2 ], [ 0, 0, 2, 0, 0, 0 ], [ 0, 0, 2, 2, 1, 0 ], [ 1, 1, 1, 0, 1, 2 ], [ 1, 2, 2, 0, 2, 1 ] ];466560
[ [ 2, 2, 2, 0, 2, 1 ], [ 0, 2, 0, 0, 0, 0 ], [ 0, 2, 1, 2, 2, 0 ], [ 0, 0, 2, 2, 1, 0 ], [ 0, 0, 0, 2, 2, 2 ], [ 0, 2, 0, 0, 1, 0 ] ];77760
[ [ 2, 2, 2, 0, 2, 0 ], [ 0, 2, 2, 0, 1, 0 ], [ 0, 0, 2, 0, 0, 0 ], [ 2, 0, 2, 2, 0, 0 ], [ 0, 0, 0, 0, 2, 0 ], [ 1, 2, 2, 0, 0, 2 ] ];155520
[ [ 0, 2, 1, 0, 0, 0 ], [ 1, 1, 0, 0, 1, 0 ], [ 0, 0, 2, 0, 0, 0 ], [ 1, 1, 1, 2, 0, 0 ], [ 0, 0, 0, 0, 2, 0 ], [ 0, 1, 2, 0, 1, 2 ] ];19440
[ [ 2, 2, 2, 0, 2, 1 ], [ 0, 2, 2, 0, 2, 1 ], [ 0, 0, 2, 0, 0, 0 ], [ 2, 0, 2, 2, 0, 0 ], [ 2, 0, 0, 0, 0, 2 ], [ 2, 0, 0, 0, 1, 1 ] ];19440
[ [ 1, 2, 0, 0, 1, 2 ], [ 1, 1, 2, 0, 2, 0 ], [ 0, 0, 2, 0, 0, 0 ], [ 1, 0, 2, 2, 2, 0 ], [ 1, 1, 2, 0, 1, 0 ], [ 2, 1, 1, 0, 1, 2 ] ];19440
[ [ 2, 0, 0, 0, 2, 2 ], [ 0, 2, 0, 0, 0, 0 ], [ 0, 0, 2, 0, 0, 0 ], [ 0, 2, 1, 2, 1, 2 ], [ 0, 1, 1, 0, 0, 2 ], [ 0, 0, 1, 0, 1, 1 ] ];6480
[ [ 2, 2, 1, 0, 1, 1 ], [ 1, 2, 0, 0, 2, 1 ], [ 0, 0, 1, 0, 0, 0 ], [ 2, 1, 0, 1, 1, 2 ], [ 2, 2, 0, 0, 2, 2 ], [ 0, 1, 0, 0, 0, 1 ] ];19440
[ [ 2, 2, 0, 0, 0, 2 ], [ 2, 1, 2, 0, 0, 0 ], [ 0, 0, 1, 0, 0, 0 ], [ 0, 2, 0, 1, 2, 2 ], [ 1, 2, 0, 0, 1, 2 ], [ 1, 2, 2, 0, 1, 0 ] ];524880
[ [ 1, 1, 2, 0, 2, 0 ], [ 0, 0, 0, 0, 0, 2 ], [ 0, 0, 1, 0, 0, 0 ], [ 1, 1, 0, 1, 0, 2 ], [ 2, 1, 2, 0, 0, 2 ], [ 1, 1, 0, 0, 0, 0 ] ];524880
[ [ 0, 2, 0, 0, 1, 2 ], [ 1, 0, 2, 0, 1, 2 ], [ 0, 0, 1, 0, 0, 0 ], [ 1, 2, 0, 1, 0, 2 ], [ 2, 2, 0, 0, 2, 2 ], [ 1, 1, 2, 0, 0, 2 ] ];524880
[ [ 0, 2, 1, 0, 2, 1 ], [ 1, 0, 0, 0, 1, 2 ], [ 0, 0, 1, 0, 0, 0 ], [ 1, 1, 0, 1, 0, 2 ], [ 1, 2, 0, 0, 2, 2 ], [ 2, 1, 2, 0, 0, 2 ] ];466560
[ [ 1, 2, 0, 2, 1, 0 ], [ 0, 1, 0, 0, 0, 0 ], [ 0, 0, 2, 1, 2, 1 ], [ 0, 1, 0, 1, 2, 2 ], [ 0, 1, 1, 2, 2, 1 ], [ 0, 1, 0, 2, 2, 2 ] ];77760
[ [ 1, 2, 0, 0, 1, 0 ], [ 0, 1, 2, 0, 1, 0 ], [ 0, 0, 1, 0, 0, 0 ], [ 2, 1, 0, 1, 1, 0 ], [ 0, 0, 0, 0, 1, 0 ], [ 1, 1, 2, 0, 1, 1 ] ];155520
[ [ 2, 2, 2, 0, 2, 0 ], [ 1, 0, 1, 0, 0, 0 ], [ 0, 0, 1, 0, 0, 0 ], [ 0, 2, 2, 1, 1, 0 ], [ 0, 0, 0, 0, 1, 0 ], [ 1, 0, 2, 0, 2, 1 ] ];19440
[ [ 1, 2, 0, 0, 0, 0 ], [ 0, 1, 2, 0, 2, 1 ], [ 0, 0, 1, 0, 0, 0 ], [ 2, 1, 0, 1, 1, 2 ], [ 2, 1, 1, 0, 0, 1 ], [ 2, 1, 1, 0, 2, 2 ] ];19440
[ [ 2, 1, 2, 0, 2, 0 ], [ 1, 2, 1, 0, 2, 2 ], [ 0, 0, 1, 0, 0, 0 ], [ 2, 1, 0, 1, 1, 2 ], [ 0, 1, 2, 0, 1, 2 ], [ 2, 2, 2, 0, 1, 2 ] ];19440
[ [ 1, 2, 1, 0, 0, 1 ], [ 0, 1, 0, 0, 0, 0 ], [ 0, 0, 1, 0, 0, 0 ], [ 0, 0, 1, 1, 1, 2 ], [ 0, 2, 1, 0, 2, 2 ], [ 0, 1, 1, 0, 1, 0 ] ];6480
[ [ 1, 1, 2, 0, 2, 2 ], [ 2, 1, 0, 0, 1, 2 ], [ 0, 0, 2, 0, 0, 0 ], [ 1, 2, 0, 2, 2, 1 ], [ 1, 1, 0, 0, 1, 1 ], [ 0, 2, 0, 0, 0, 2 ] ];19440
[ [ 1, 1, 0, 0, 0, 1 ], [ 1, 2, 1, 0, 0, 0 ], [ 0, 0, 2, 0, 0, 0 ], [ 0, 1, 0, 2, 1, 1 ], [ 2, 1, 0, 0, 2, 1 ], [ 2, 1, 1, 0, 2, 0 ] ];524880
[ [ 2, 2, 1, 0, 1, 0 ], [ 0, 0, 0, 0, 0, 1 ], [ 0, 0, 2, 0, 0, 0 ], [ 2, 2, 0, 2, 0, 1 ], [ 1, 2, 1, 0, 0, 1 ], [ 2, 2, 0, 0, 0, 0 ] ];524880
[ [ 0, 1, 0, 0, 2, 1 ], [ 2, 0, 1, 0, 2, 1 ], [ 0, 0, 2, 0, 0, 0 ], [ 2, 1, 0, 2, 0, 1 ], [ 1, 1, 0, 0, 1, 1 ], [ 2, 2, 1, 0, 0, 1 ] ];524880
[ [ 0, 1, 2, 0, 1, 2 ], [ 2, 0, 0, 0, 2, 1 ], [ 0, 0, 2, 0, 0, 0 ], [ 2, 2, 0, 2, 0, 1 ], [ 2, 1, 0, 0, 1, 1 ], [ 1, 2, 1, 0, 0, 1 ] ];466560
[ [ 2, 1, 0, 1, 2, 0 ], [ 0, 2, 0, 0, 0, 0 ], [ 0, 0, 1, 2, 1, 2 ], [ 0, 2, 0, 2, 1, 1 ], [ 0, 2, 2, 1, 1, 2 ], [ 0, 2, 0, 1, 1, 1 ] ];77760
[ [ 2, 1, 0, 0, 2, 0 ], [ 0, 2, 1, 0, 2, 0 ], [ 0, 0, 2, 0, 0, 0 ], [ 1, 2, 0, 2, 2, 0 ], [ 0, 0, 0, 0, 2, 0 ], [ 2, 2, 1, 0, 2, 2 ] ];155520
[ [ 1, 1, 1, 0, 1, 0 ], [ 2, 0, 2, 0, 0, 0 ], [ 0, 0, 2, 0, 0, 0 ], [ 0, 1, 1, 2, 2, 0 ], [ 0, 0, 0, 0, 2, 0 ], [ 2, 0, 1, 0, 1, 2 ] ];19440
[ [ 2, 1, 0, 0, 0, 0 ], [ 0, 2, 1, 0, 1, 2 ], [ 0, 0, 2, 0, 0, 0 ], [ 1, 2, 0, 2, 2, 1 ], [ 1, 2, 2, 0, 0, 2 ], [ 1, 2, 2, 0, 1, 1 ] ];19440
[ [ 1, 2, 1, 0, 1, 0 ], [ 2, 1, 2, 0, 1, 1 ], [ 0, 0, 2, 0, 0, 0 ], [ 1, 2, 0, 2, 2, 1 ], [ 0, 2, 1, 0, 2, 1 ], [ 1, 1, 1, 0, 2, 1 ] ];19440
[ [ 2, 1, 2, 0, 0, 2 ], [ 0, 2, 0, 0, 0, 0 ], [ 0, 0, 2, 0, 0, 0 ], [ 0, 0, 2, 2, 2, 1 ], [ 0, 1, 2, 0, 1, 1 ], [ 0, 2, 2, 0, 2, 0 ] ];6480
[ [ 1, 2, 0, 0, 0, 2 ], [ 2, 1, 0, 0, 1, 2 ], [ 0, 0, 1, 0, 0, 0 ], [ 1, 2, 2, 1, 0, 0 ], [ 1, 1, 2, 0, 1, 1 ], [ 0, 1, 1, 0, 2, 2 ] ];174960
[ [ 1, 1, 1, 0, 0, 1 ], [ 0, 2, 1, 0, 1, 0 ], [ 0, 0, 1, 0, 0, 0 ], [ 2, 2, 2, 1, 1, 0 ], [ 2, 1, 2, 0, 2, 1 ], [ 0, 1, 2, 0, 1, 0 ] ];4199040
[ [ 1, 0, 2, 0, 2, 1 ], [ 2, 1, 1, 0, 1, 2 ], [ 0, 0, 1, 0, 0, 0 ], [ 0, 1, 2, 1, 2, 1 ], [ 0, 0, 0, 0, 1, 2 ], [ 0, 1, 2, 0, 2, 2 ] ];524880
[ [ 1, 2, 0, 2, 0, 2 ], [ 2, 0, 2, 2, 0, 2 ], [ 0, 0, 2, 0, 1, 0 ], [ 0, 2, 2, 2, 2, 0 ], [ 0, 1, 2, 1, 0, 1 ], [ 1, 0, 0, 2, 2, 2 ] ];4199040
[ [ 0, 1, 1, 0, 2, 1 ], [ 1, 0, 1, 0, 0, 1 ], [ 0, 0, 1, 0, 0, 0 ], [ 1, 2, 2, 1, 0, 0 ], [ 1, 1, 2, 0, 1, 1 ], [ 0, 2, 2, 0, 2, 1 ] ];4199040
[ [ 1, 1, 0, 0, 0, 1 ], [ 0, 2, 2, 0, 1, 0 ], [ 0, 0, 1, 0, 0, 0 ], [ 0, 0, 0, 1, 0, 1 ], [ 2, 1, 1, 0, 2, 1 ], [ 0, 1, 2, 0, 1, 0 ] ];524880
[ [ 0, 2, 0, 0, 0, 2 ], [ 2, 0, 1, 0, 2, 1 ], [ 0, 0, 1, 0, 0, 0 ], [ 1, 2, 2, 1, 2, 0 ], [ 2, 1, 2, 0, 1, 1 ], [ 1, 0, 0, 0, 2, 1 ] ];1399680
[ [ 1, 2, 2, 0, 0, 2 ], [ 2, 1, 1, 0, 1, 2 ], [ 0, 0, 1, 0, 0, 0 ], [ 2, 2, 2, 1, 0, 0 ], [ 1, 1, 0, 0, 1, 1 ], [ 0, 1, 2, 0, 2, 2 ] ];1399680
[ [ 1, 1, 1, 0, 0, 0 ], [ 2, 0, 0, 0, 1, 0 ], [ 0, 0, 1, 0, 0, 0 ], [ 0, 2, 2, 1, 2, 2 ], [ 0, 0, 2, 0, 2, 0 ], [ 2, 2, 1, 0, 1, 2 ] ];1399680
[ [ 2, 0, 1, 0, 0, 0 ], [ 1, 2, 2, 0, 2, 2 ], [ 0, 0, 1, 0, 0, 0 ], [ 0, 1, 0, 1, 0, 0 ], [ 0, 0, 0, 0, 1, 1 ], [ 1, 0, 2, 0, 2, 0 ] ];524880
[ [ 1, 1, 1, 1, 1, 0 ], [ 0, 1, 0, 0, 0, 0 ], [ 0, 0, 0, 0, 2, 0 ], [ 0, 0, 2, 0, 2, 2 ], [ 0, 2, 1, 2, 2, 0 ], [ 0, 1, 1, 0, 0, 0 ] ];233280
[ [ 2, 1, 1, 0, 2, 0 ], [ 0, 2, 0, 0, 2, 0 ], [ 0, 0, 1, 0, 0, 0 ], [ 2, 0, 2, 1, 1, 2 ], [ 0, 0, 2, 0, 2, 0 ], [ 2, 2, 1, 0, 1, 2 ] ];1399680
[ [ 1, 1, 2, 0, 1, 0 ], [ 2, 0, 2, 0, 0, 0 ], [ 0, 0, 1, 0, 0, 0 ], [ 0, 2, 0, 1, 0, 2 ], [ 0, 0, 2, 0, 2, 0 ], [ 2, 0, 2, 0, 0, 2 ] ];174960
[ [ 2, 2, 0, 0, 0, 2 ], [ 0, 2, 2, 0, 0, 0 ], [ 0, 0, 1, 0, 0, 0 ], [ 1, 2, 2, 1, 1, 0 ], [ 0, 1, 2, 0, 1, 1 ], [ 0, 2, 2, 0, 2, 0 ] ];466560
[ [ 2, 1, 1, 0, 0, 0 ], [ 0, 2, 1, 0, 1, 2 ], [ 0, 0, 1, 0, 0, 0 ], [ 1, 0, 2, 1, 2, 2 ], [ 1, 2, 1, 0, 2, 0 ], [ 1, 2, 0, 0, 0, 2 ] ];174960
[ [ 1, 0, 2, 0, 1, 1 ], [ 2, 1, 2, 0, 1, 1 ], [ 0, 0, 1, 0, 0, 0 ], [ 1, 1, 2, 1, 1, 1 ], [ 0, 0, 0, 0, 2, 2 ], [ 1, 1, 2, 0, 2, 1 ] ];174960
[ [ 2, 2, 1, 0, 0, 2 ], [ 0, 2, 0, 0, 0, 0 ], [ 0, 0, 1, 0, 0, 0 ], [ 0, 2, 2, 1, 1, 0 ], [ 0, 1, 1, 0, 1, 1 ], [ 0, 2, 0, 0, 2, 0 ] ];58320
[ [ 2, 1, 0, 0, 0, 1 ], [ 1, 2, 0, 0, 2, 1 ], [ 0, 0, 2, 0, 0, 0 ], [ 2, 1, 1, 2, 0, 0 ], [ 2, 2, 1, 0, 2, 2 ], [ 0, 2, 2, 0, 1, 1 ] ];174960
[ [ 2, 2, 2, 0, 0, 2 ], [ 0, 1, 2, 0, 2, 0 ], [ 0, 0, 2, 0, 0, 0 ], [ 1, 1, 1, 2, 2, 0 ], [ 1, 2, 1, 0, 1, 2 ], [ 0, 2, 1, 0, 2, 0 ] ];4199040
[ [ 2, 0, 1, 0, 1, 2 ], [ 1, 2, 2, 0, 2, 1 ], [ 0, 0, 2, 0, 0, 0 ], [ 0, 2, 1, 2, 1, 2 ], [ 0, 0, 0, 0, 2, 1 ], [ 0, 2, 1, 0, 1, 1 ] ];524880
[ [ 2, 1, 0, 1, 0, 1 ], [ 1, 0, 1, 1, 0, 1 ], [ 0, 0, 1, 0, 2, 0 ], [ 0, 1, 1, 1, 1, 0 ], [ 0, 2, 1, 2, 0, 2 ], [ 2, 0, 0, 1, 1, 1 ] ];4199040
[ [ 0, 2, 2, 0, 1, 2 ], [ 2, 0, 2, 0, 0, 2 ], [ 0, 0, 2, 0, 0, 0 ], [ 2, 1, 1, 2, 0, 0 ], [ 2, 2, 1, 0, 2, 2 ], [ 0, 1, 1, 0, 1, 2 ] ];4199040
[ [ 2, 2, 0, 0, 0, 2 ], [ 0, 1, 1, 0, 2, 0 ], [ 0, 0, 2, 0, 0, 0 ], [ 0, 0, 0, 2, 0, 2 ], [ 1, 2, 2, 0, 1, 2 ], [ 0, 2, 1, 0, 2, 0 ] ];524880
[ [ 0, 1, 0, 0, 0, 1 ], [ 1, 0, 2, 0, 1, 2 ], [ 0, 0, 2, 0, 0, 0 ], [ 2, 1, 1, 2, 1, 0 ], [ 1, 2, 1, 0, 2, 2 ], [ 2, 0, 0, 0, 1, 2 ] ];1399680
[ [ 2, 1, 1, 0, 0, 1 ], [ 1, 2, 2, 0, 2, 1 ], [ 0, 0, 2, 0, 0, 0 ], [ 1, 1, 1, 2, 0, 0 ], [ 2, 2, 0, 0, 2, 2 ], [ 0, 2, 1, 0, 1, 1 ] ];1399680
[ [ 2, 2, 2, 0, 0, 0 ], [ 1, 0, 0, 0, 2, 0 ], [ 0, 0, 2, 0, 0, 0 ], [ 0, 1, 1, 2, 1, 1 ], [ 0, 0, 1, 0, 1, 0 ], [ 1, 1, 2, 0, 2, 1 ] ];1399680
[ [ 1, 0, 2, 0, 0, 0 ], [ 2, 1, 1, 0, 1, 1 ], [ 0, 0, 2, 0, 0, 0 ], [ 0, 2, 0, 2, 0, 0 ], [ 0, 0, 0, 0, 2, 2 ], [ 2, 0, 1, 0, 1, 0 ] ];524880
[ [ 2, 2, 2, 2, 2, 0 ], [ 0, 2, 0, 0, 0, 0 ], [ 0, 0, 0, 0, 1, 0 ], [ 0, 0, 1, 0, 1, 1 ], [ 0, 1, 2, 1, 1, 0 ], [ 0, 2, 2, 0, 0, 0 ] ];233280
[ [ 1, 2, 2, 0, 1, 0 ], [ 0, 1, 0, 0, 1, 0 ], [ 0, 0, 2, 0, 0, 0 ], [ 1, 0, 1, 2, 2, 1 ], [ 0, 0, 1, 0, 1, 0 ], [ 1, 1, 2, 0, 2, 1 ] ];1399680
[ [ 2, 2, 1, 0, 2, 0 ], [ 1, 0, 1, 0, 0, 0 ], [ 0, 0, 2, 0, 0, 0 ], [ 0, 1, 0, 2, 0, 1 ], [ 0, 0, 1, 0, 1, 0 ], [ 1, 0, 1, 0, 0, 1 ] ];174960
[ [ 1, 1, 0, 0, 0, 1 ], [ 0, 1, 1, 0, 0, 0 ], [ 0, 0, 2, 0, 0, 0 ], [ 2, 1, 1, 2, 2, 0 ], [ 0, 2, 1, 0, 2, 2 ], [ 0, 1, 1, 0, 1, 0 ] ];466560
[ [ 1, 2, 2, 0, 0, 0 ], [ 0, 1, 2, 0, 2, 1 ], [ 0, 0, 2, 0, 0, 0 ], [ 2, 0, 1, 2, 1, 1 ], [ 2, 1, 2, 0, 1, 0 ], [ 2, 1, 0, 0, 0, 1 ] ];174960
[ [ 2, 0, 1, 0, 2, 2 ], [ 1, 2, 1, 0, 2, 2 ], [ 0, 0, 2, 0, 0, 0 ], [ 2, 2, 1, 2, 2, 2 ], [ 0, 0, 0, 0, 1, 1 ], [ 2, 2, 1, 0, 1, 2 ] ];174960
[ [ 1, 1, 2, 0, 0, 1 ], [ 0, 1, 0, 0, 0, 0 ], [ 0, 0, 2, 0, 0, 0 ], [ 0, 1, 1, 2, 2, 0 ], [ 0, 2, 2, 0, 2, 2 ], [ 0, 1, 0, 0, 1, 0 ] ];58320
[ [ 2, 0, 0, 0, 0, 1 ], [ 2, 2, 1, 0, 0, 2 ], [ 0, 0, 2, 0, 0, 0 ], [ 0, 1, 1, 2, 2, 1 ], [ 1, 2, 0, 0, 1, 1 ], [ 1, 2, 1, 0, 1, 2 ] ];174960
[ [ 1, 1, 1, 0, 2, 1 ], [ 2, 2, 0, 0, 1, 1 ], [ 0, 0, 2, 0, 0, 0 ], [ 2, 2, 1, 2, 1, 1 ], [ 0, 1, 0, 0, 0, 1 ], [ 2, 0, 0, 0, 0, 1 ] ];4199040
[ [ 1, 1, 0, 0, 0, 1 ], [ 1, 0, 1, 0, 1, 1 ], [ 0, 0, 2, 0, 0, 0 ], [ 2, 0, 1, 2, 1, 2 ], [ 0, 2, 0, 0, 2, 0 ], [ 2, 0, 1, 0, 1, 1 ] ];524880
[ [ 2, 0, 0, 2, 0, 1 ], [ 1, 0, 2, 2, 1, 0 ], [ 2, 1, 2, 1, 1, 1 ], [ 1, 1, 1, 0, 0, 1 ], [ 1, 2, 0, 0, 1, 1 ], [ 0, 0, 2, 2, 2, 0 ] ];4199040
[ [ 0, 1, 1, 0, 1, 1 ], [ 0, 0, 2, 0, 1, 2 ], [ 0, 0, 2, 0, 0, 0 ], [ 2, 2, 1, 2, 1, 1 ], [ 2, 1, 0, 0, 2, 1 ], [ 1, 1, 2, 0, 1, 2 ] ];4199040
[ [ 1, 1, 0, 0, 2, 1 ], [ 2, 2, 1, 0, 1, 1 ], [ 0, 0, 2, 0, 0, 0 ], [ 0, 0, 2, 2, 1, 2 ], [ 0, 1, 2, 0, 0, 1 ], [ 2, 0, 2, 0, 0, 1 ] ];524880
[ [ 0, 0, 0, 0, 2, 1 ], [ 2, 0, 1, 0, 1, 1 ], [ 0, 0, 2, 0, 0, 0 ], [ 1, 1, 1, 2, 2, 1 ], [ 2, 2, 0, 0, 2, 1 ], [ 2, 1, 1, 0, 1, 2 ] ];1399680
[ [ 2, 0, 2, 0, 0, 1 ], [ 2, 2, 2, 0, 0, 2 ], [ 0, 0, 2, 0, 0, 0 ], [ 1, 0, 1, 2, 1, 0 ], [ 1, 2, 0, 0, 1, 1 ], [ 1, 2, 2, 0, 1, 2 ] ];1399680
[ [ 0, 1, 1, 0, 1, 0 ], [ 2, 2, 0, 0, 2, 0 ], [ 0, 0, 2, 0, 0, 0 ], [ 0, 2, 1, 2, 2, 1 ], [ 0, 0, 1, 0, 1, 0 ], [ 1, 0, 0, 0, 0, 1 ] ];1399680
[ [ 1, 0, 2, 0, 0, 0 ], [ 0, 1, 2, 0, 1, 0 ], [ 0, 0, 2, 0, 0, 0 ], [ 1, 2, 2, 2, 2, 0 ], [ 1, 0, 0, 0, 0, 1 ], [ 2, 0, 0, 0, 2, 2 ] ];524880
[ [ 2, 1, 0, 0, 2, 2 ], [ 0, 2, 0, 0, 0, 0 ], [ 0, 1, 2, 1, 1, 0 ], [ 0, 2, 1, 1, 2, 0 ], [ 0, 0, 0, 1, 1, 1 ], [ 0, 2, 0, 0, 2, 0 ] ];233280
[ [ 1, 1, 0, 0, 1, 0 ], [ 0, 1, 2, 0, 2, 0 ], [ 0, 0, 2, 0, 0, 0 ], [ 0, 2, 1, 2, 2, 1 ], [ 0, 0, 1, 0, 1, 0 ], [ 2, 1, 2, 0, 0, 1 ] ];1399680
[ [ 0, 1, 1, 0, 0, 0 ], [ 2, 2, 0, 0, 2, 0 ], [ 0, 0, 2, 0, 0, 0 ], [ 2, 1, 2, 2, 0, 1 ], [ 0, 0, 1, 0, 1, 0 ], [ 0, 2, 1, 0, 2, 1 ] ];174960
[ [ 1, 0, 0, 0, 1, 1 ], [ 0, 1, 1, 0, 0, 0 ], [ 0, 0, 2, 0, 0, 0 ], [ 2, 1, 1, 2, 2, 1 ], [ 0, 2, 0, 0, 0, 1 ], [ 0, 0, 1, 0, 2, 2 ] ];466560
[ [ 1, 1, 0, 0, 1, 2 ], [ 0, 1, 1, 0, 1, 2 ], [ 0, 0, 2, 0, 0, 0 ], [ 1, 2, 1, 2, 2, 0 ], [ 1, 0, 0, 0, 0, 1 ], [ 1, 0, 1, 0, 2, 2 ] ];174960
[ [ 2, 1, 0, 0, 2, 1 ], [ 2, 2, 1, 0, 1, 0 ], [ 0, 0, 2, 0, 0, 0 ], [ 2, 0, 1, 2, 2, 2 ], [ 2, 2, 0, 0, 2, 0 ], [ 1, 2, 1, 0, 2, 1 ] ];174960
[ [ 1, 0, 1, 0, 1, 1 ], [ 0, 1, 0, 0, 0, 0 ], [ 0, 0, 2, 0, 0, 0 ], [ 0, 2, 2, 2, 0, 2 ], [ 0, 2, 0, 0, 0, 1 ], [ 0, 0, 1, 0, 2, 2 ] ];58320
[ [ 1, 0, 0, 0, 0, 2 ], [ 1, 1, 2, 0, 0, 1 ], [ 0, 0, 1, 0, 0, 0 ], [ 0, 2, 2, 1, 1, 2 ], [ 2, 1, 0, 0, 2, 2 ], [ 2, 1, 2, 0, 2, 1 ] ];174960
[ [ 2, 2, 2, 0, 1, 2 ], [ 1, 1, 0, 0, 2, 2 ], [ 0, 0, 1, 0, 0, 0 ], [ 1, 1, 2, 1, 2, 2 ], [ 0, 2, 0, 0, 0, 2 ], [ 1, 0, 0, 0, 0, 2 ] ];4199040
[ [ 2, 2, 0, 0, 0, 2 ], [ 2, 0, 2, 0, 2, 2 ], [ 0, 0, 1, 0, 0, 0 ], [ 1, 0, 2, 1, 2, 1 ], [ 0, 1, 0, 0, 1, 0 ], [ 1, 0, 2, 0, 2, 2 ] ];524880
[ [ 1, 0, 0, 1, 0, 2 ], [ 2, 0, 1, 1, 2, 0 ], [ 1, 2, 1, 2, 2, 2 ], [ 2, 2, 2, 0, 0, 2 ], [ 2, 1, 0, 0, 2, 2 ], [ 0, 0, 1, 1, 1, 0 ] ];4199040
[ [ 0, 2, 2, 0, 2, 2 ], [ 0, 0, 1, 0, 2, 1 ], [ 0, 0, 1, 0, 0, 0 ], [ 1, 1, 2, 1, 2, 2 ], [ 1, 2, 0, 0, 1, 2 ], [ 2, 2, 1, 0, 2, 1 ] ];4199040
[ [ 2, 2, 0, 0, 1, 2 ], [ 1, 1, 2, 0, 2, 2 ], [ 0, 0, 1, 0, 0, 0 ], [ 0, 0, 1, 1, 2, 1 ], [ 0, 2, 1, 0, 0, 2 ], [ 1, 0, 1, 0, 0, 2 ] ];524880
[ [ 0, 0, 0, 0, 1, 2 ], [ 1, 0, 2, 0, 2, 2 ], [ 0, 0, 1, 0, 0, 0 ], [ 2, 2, 2, 1, 1, 2 ], [ 1, 1, 0, 0, 1, 2 ], [ 1, 2, 2, 0, 2, 1 ] ];1399680
[ [ 1, 0, 1, 0, 0, 2 ], [ 1, 1, 1, 0, 0, 1 ], [ 0, 0, 1, 0, 0, 0 ], [ 2, 0, 2, 1, 2, 0 ], [ 2, 1, 0, 0, 2, 2 ], [ 2, 1, 1, 0, 2, 1 ] ];1399680
[ [ 0, 2, 2, 0, 2, 0 ], [ 1, 1, 0, 0, 1, 0 ], [ 0, 0, 1, 0, 0, 0 ], [ 0, 1, 2, 1, 1, 2 ], [ 0, 0, 2, 0, 2, 0 ], [ 2, 0, 0, 0, 0, 2 ] ];1399680
[ [ 2, 0, 1, 0, 0, 0 ], [ 0, 2, 1, 0, 2, 0 ], [ 0, 0, 1, 0, 0, 0 ], [ 2, 1, 1, 1, 1, 0 ], [ 2, 0, 0, 0, 0, 2 ], [ 1, 0, 0, 0, 1, 1 ] ];524880
[ [ 1, 2, 0, 0, 1, 1 ], [ 0, 1, 0, 0, 0, 0 ], [ 0, 2, 1, 2, 2, 0 ], [ 0, 1, 2, 2, 1, 0 ], [ 0, 0, 0, 2, 2, 2 ], [ 0, 1, 0, 0, 1, 0 ] ];233280
[ [ 2, 2, 0, 0, 2, 0 ], [ 0, 2, 1, 0, 1, 0 ], [ 0, 0, 1, 0, 0, 0 ], [ 0, 1, 2, 1, 1, 2 ], [ 0, 0, 2, 0, 2, 0 ], [ 1, 2, 1, 0, 0, 2 ] ];1399680
[ [ 0, 2, 2, 0, 0, 0 ], [ 1, 1, 0, 0, 1, 0 ], [ 0, 0, 1, 0, 0, 0 ], [ 1, 2, 1, 1, 0, 2 ], [ 0, 0, 2, 0, 2, 0 ], [ 0, 1, 2, 0, 1, 2 ] ];174960
[ [ 2, 0, 0, 0, 2, 2 ], [ 0, 2, 2, 0, 0, 0 ], [ 0, 0, 1, 0, 0, 0 ], [ 1, 2, 2, 1, 1, 2 ], [ 0, 1, 0, 0, 0, 2 ], [ 0, 0, 2, 0, 1, 1 ] ];466560
[ [ 2, 2, 0, 0, 2, 1 ], [ 0, 2, 2, 0, 2, 1 ], [ 0, 0, 1, 0, 0, 0 ], [ 2, 1, 2, 1, 1, 0 ], [ 2, 0, 0, 0, 0, 2 ], [ 2, 0, 2, 0, 1, 1 ] ];174960
[ [ 1, 2, 0, 0, 1, 2 ], [ 1, 1, 2, 0, 2, 0 ], [ 0, 0, 1, 0, 0, 0 ], [ 1, 0, 2, 1, 1, 1 ], [ 1, 1, 0, 0, 1, 0 ], [ 2, 1, 2, 0, 1, 2 ] ];174960
[ [ 2, 0, 2, 0, 2, 2 ], [ 0, 2, 0, 0, 0, 0 ], [ 0, 0, 1, 0, 0, 0 ], [ 0, 1, 1, 1, 0, 1 ], [ 0, 1, 0, 0, 0, 2 ], [ 0, 0, 2, 0, 1, 1 ] ];58320
[ [ 1, 0, 1, 1, 2, 0 ], [ 1, 1, 2, 0, 0, 1 ], [ 0, 1, 1, 1, 0, 1 ], [ 0, 2, 1, 2, 0, 0 ], [ 2, 2, 0, 1, 2, 0 ], [ 2, 2, 1, 0, 0, 1 ] ];1049760
[ [ 0, 0, 2, 2, 2, 1 ], [ 1, 0, 2, 1, 0, 0 ], [ 2, 2, 1, 1, 2, 1 ], [ 2, 0, 1, 2, 2, 0 ], [ 2, 1, 0, 1, 2, 0 ], [ 2, 2, 1, 1, 0, 0 ] ];12597120
[ [ 0, 1, 2, 0, 2, 1 ], [ 0, 2, 1, 0, 1, 1 ], [ 0, 0, 1, 1, 0, 2 ], [ 0, 1, 1, 2, 0, 1 ], [ 1, 0, 2, 2, 0, 0 ], [ 0, 1, 0, 0, 0, 0 ] ];3149280
[ [ 0, 0, 1, 1, 1, 0 ], [ 0, 2, 1, 1, 2, 1 ], [ 1, 0, 2, 1, 2, 1 ], [ 2, 2, 1, 1, 2, 0 ], [ 2, 2, 0, 0, 2, 0 ], [ 2, 0, 0, 2, 0, 1 ] ];12597120
[ [ 2, 0, 1, 1, 0, 0 ], [ 1, 0, 0, 1, 0, 1 ], [ 0, 2, 0, 2, 2, 1 ], [ 1, 2, 1, 0, 1, 0 ], [ 2, 2, 0, 2, 2, 0 ], [ 1, 1, 2, 0, 2, 1 ] ];12597120
[ [ 1, 0, 2, 2, 0, 1 ], [ 0, 2, 0, 1, 0, 2 ], [ 2, 2, 1, 1, 2, 1 ], [ 2, 0, 1, 2, 2, 0 ], [ 0, 1, 0, 1, 0, 0 ], [ 0, 1, 2, 1, 2, 2 ] ];12597120
[ [ 2, 0, 0, 2, 1, 1 ], [ 2, 1, 1, 0, 1, 2 ], [ 0, 2, 1, 1, 0, 1 ], [ 2, 2, 0, 2, 0, 2 ], [ 0, 1, 1, 1, 0, 0 ], [ 0, 0, 2, 0, 1, 2 ] ];3149280
[ [ 1, 0, 1, 1, 2, 0 ], [ 0, 2, 2, 2, 2, 1 ], [ 1, 1, 1, 1, 0, 1 ], [ 0, 2, 1, 2, 2, 0 ], [ 2, 2, 0, 1, 1, 0 ], [ 1, 1, 0, 0, 0, 1 ] ];4199040
[ [ 0, 0, 1, 1, 1, 0 ], [ 0, 2, 2, 1, 2, 2 ], [ 2, 1, 2, 1, 2, 1 ], [ 2, 1, 1, 1, 0, 0 ], [ 1, 2, 1, 1, 1, 0 ], [ 1, 0, 0, 1, 2, 2 ] ];4199040
[ [ 2, 0, 2, 2, 1, 2 ], [ 0, 2, 0, 2, 0, 2 ], [ 1, 2, 1, 1, 1, 1 ], [ 1, 0, 1, 2, 1, 0 ], [ 1, 2, 2, 1, 0, 1 ], [ 1, 1, 2, 2, 0, 1 ] ];4199040
[ [ 2, 1, 2, 1, 1, 1 ], [ 2, 0, 2, 0, 0, 2 ], [ 2, 2, 0, 2, 1, 1 ], [ 1, 1, 1, 0, 1, 1 ], [ 0, 0, 2, 2, 2, 0 ], [ 1, 2, 1, 2, 1, 1 ] ];4199040
[ [ 0, 1, 1, 2, 1, 2 ], [ 2, 1, 2, 1, 1, 2 ], [ 2, 2, 1, 1, 2, 1 ], [ 2, 0, 1, 2, 2, 0 ], [ 0, 2, 1, 1, 1, 0 ], [ 1, 2, 1, 1, 2, 0 ] ];12597120
[ [ 2, 1, 1, 2, 0, 2 ], [ 1, 2, 2, 0, 2, 0 ], [ 0, 2, 1, 1, 0, 1 ], [ 0, 0, 0, 2, 1, 1 ], [ 2, 2, 0, 1, 0, 0 ], [ 1, 0, 0, 0, 1, 1 ] ];3149280
[ [ 1, 0, 0, 0, 1, 1 ], [ 1, 2, 2, 0, 1, 0 ], [ 0, 2, 2, 1, 1, 2 ], [ 2, 0, 1, 1, 2, 2 ], [ 0, 0, 1, 1, 1, 1 ], [ 1, 2, 1, 1, 0, 1 ] ];699840
[ [ 0, 0, 0, 2, 0, 2 ], [ 2, 1, 1, 1, 0, 1 ], [ 2, 2, 1, 1, 2, 1 ], [ 2, 0, 1, 2, 2, 0 ], [ 2, 2, 2, 1, 1, 1 ], [ 0, 1, 0, 1, 0, 0 ] ];4199040
[ [ 0, 0, 2, 2, 0, 2 ], [ 1, 1, 0, 0, 1, 0 ], [ 0, 2, 1, 1, 0, 1 ], [ 1, 1, 0, 2, 2, 0 ], [ 0, 2, 2, 1, 2, 1 ], [ 0, 1, 1, 0, 2, 2 ] ];1049760
[ [ 2, 0, 2, 0, 1, 1 ], [ 2, 2, 2, 0, 2, 2 ], [ 0, 0, 0, 0, 2, 2 ], [ 1, 0, 1, 2, 1, 0 ], [ 0, 1, 0, 2, 0, 0 ], [ 0, 1, 1, 2, 2, 2 ] ];12597120
[ [ 2, 0, 0, 1, 1, 1 ], [ 2, 0, 1, 1, 2, 1 ], [ 1, 1, 0, 0, 2, 0 ], [ 2, 2, 0, 1, 0, 2 ], [ 1, 1, 1, 0, 1, 0 ], [ 1, 2, 2, 2, 0, 1 ] ];4199040
[ [ 1, 0, 1, 1, 2, 0 ], [ 2, 0, 2, 1, 0, 1 ], [ 2, 1, 1, 1, 0, 1 ], [ 0, 2, 1, 2, 1, 0 ], [ 2, 2, 0, 1, 0, 0 ], [ 0, 0, 2, 0, 1, 1 ] ];1399680
[ [ 1, 0, 1, 2, 0, 1 ], [ 2, 2, 0, 1, 2, 2 ], [ 2, 2, 0, 2, 1, 1 ], [ 0, 1, 1, 2, 1, 2 ], [ 1, 1, 1, 2, 1, 0 ], [ 2, 2, 2, 0, 1, 2 ] ];699840
[ [ 2, 0, 0, 2, 0, 1 ], [ 0, 2, 2, 0, 2, 1 ], [ 0, 2, 1, 1, 2, 0 ], [ 2, 0, 1, 2, 1, 2 ], [ 2, 0, 1, 0, 1, 1 ], [ 2, 2, 0, 1, 1, 0 ] ];1049760
[ [ 1, 0, 1, 1, 2, 0 ], [ 1, 2, 2, 0, 2, 2 ], [ 1, 2, 0, 2, 0, 1 ], [ 2, 1, 1, 0, 0, 0 ], [ 0, 2, 1, 2, 0, 0 ], [ 2, 0, 0, 2, 2, 2 ] ];4199040
[ [ 1, 1, 2, 0, 1, 1 ], [ 1, 1, 2, 0, 2, 0 ], [ 0, 0, 1, 1, 1, 2 ], [ 1, 1, 1, 2, 2, 1 ], [ 1, 0, 2, 2, 0, 0 ], [ 2, 1, 2, 2, 0, 0 ] ];1049760
[ [ 0, 2, 2, 0, 2, 0 ], [ 2, 1, 1, 2, 1, 2 ], [ 0, 1, 0, 2, 1, 1 ], [ 0, 1, 1, 0, 0, 0 ], [ 2, 1, 0, 2, 1, 0 ], [ 0, 1, 2, 0, 2, 0 ] ];4199040
[ [ 2, 0, 1, 1, 0, 0 ], [ 0, 2, 0, 0, 0, 0 ], [ 0, 1, 0, 1, 1, 1 ], [ 0, 0, 0, 0, 2, 0 ], [ 0, 2, 2, 1, 1, 0 ], [ 0, 2, 0, 2, 0, 0 ] ];349920
[ [ 2, 1, 2, 1, 0, 1 ], [ 1, 2, 2, 1, 2, 1 ], [ 0, 2, 0, 2, 2, 1 ], [ 1, 1, 1, 0, 0, 1 ], [ 0, 0, 2, 2, 2, 0 ], [ 1, 0, 0, 0, 2, 2 ] ];1399680
[ [ 2, 0, 2, 2, 1, 0 ], [ 2, 2, 1, 0, 0, 2 ], [ 0, 2, 2, 2, 0, 2 ], [ 0, 1, 2, 1, 0, 0 ], [ 1, 1, 0, 2, 1, 0 ], [ 1, 1, 2, 0, 0, 2 ] ];1049760
[ [ 0, 0, 1, 1, 1, 2 ], [ 2, 0, 1, 2, 0, 0 ], [ 1, 1, 2, 2, 1, 2 ], [ 1, 0, 2, 1, 1, 0 ], [ 1, 2, 0, 2, 1, 0 ], [ 1, 1, 2, 2, 0, 0 ] ];12597120
[ [ 0, 2, 1, 0, 1, 2 ], [ 0, 1, 2, 0, 2, 2 ], [ 0, 0, 2, 2, 0, 1 ], [ 0, 2, 2, 1, 0, 2 ], [ 2, 0, 1, 1, 0, 0 ], [ 0, 2, 0, 0, 0, 0 ] ];3149280
[ [ 0, 0, 2, 2, 2, 0 ], [ 0, 1, 2, 2, 1, 2 ], [ 2, 0, 1, 2, 1, 2 ], [ 1, 1, 2, 2, 1, 0 ], [ 1, 1, 0, 0, 1, 0 ], [ 1, 0, 0, 1, 0, 2 ] ];12597120
[ [ 1, 0, 2, 2, 0, 0 ], [ 2, 0, 0, 2, 0, 2 ], [ 0, 1, 0, 1, 1, 2 ], [ 2, 1, 2, 0, 2, 0 ], [ 1, 1, 0, 1, 1, 0 ], [ 2, 2, 1, 0, 1, 2 ] ];12597120
[ [ 2, 0, 1, 1, 0, 2 ], [ 0, 1, 0, 2, 0, 1 ], [ 1, 1, 2, 2, 1, 2 ], [ 1, 0, 2, 1, 1, 0 ], [ 0, 2, 0, 2, 0, 0 ], [ 0, 2, 1, 2, 1, 1 ] ];12597120
[ [ 1, 0, 0, 1, 2, 2 ], [ 1, 2, 2, 0, 2, 1 ], [ 0, 1, 2, 2, 0, 2 ], [ 1, 1, 0, 1, 0, 1 ], [ 0, 2, 2, 2, 0, 0 ], [ 0, 0, 1, 0, 2, 1 ] ];3149280
[ [ 2, 0, 2, 2, 1, 0 ], [ 0, 1, 1, 1, 1, 2 ], [ 2, 2, 2, 2, 0, 2 ], [ 0, 1, 2, 1, 1, 0 ], [ 1, 1, 0, 2, 2, 0 ], [ 2, 2, 0, 0, 0, 2 ] ];4199040
[ [ 0, 0, 2, 2, 2, 0 ], [ 0, 1, 1, 2, 1, 1 ], [ 1, 2, 1, 2, 1, 2 ], [ 1, 2, 2, 2, 0, 0 ], [ 2, 1, 2, 2, 2, 0 ], [ 2, 0, 0, 2, 1, 1 ] ];4199040
[ [ 1, 0, 1, 1, 2, 1 ], [ 0, 1, 0, 1, 0, 1 ], [ 2, 1, 2, 2, 2, 2 ], [ 2, 0, 2, 1, 2, 0 ], [ 2, 1, 1, 2, 0, 2 ], [ 2, 2, 1, 1, 0, 2 ] ];4199040
[ [ 1, 2, 1, 2, 2, 2 ], [ 1, 0, 1, 0, 0, 1 ], [ 1, 1, 0, 1, 2, 2 ], [ 2, 2, 2, 0, 2, 2 ], [ 0, 0, 1, 1, 1, 0 ], [ 2, 1, 2, 1, 2, 2 ] ];4199040
[ [ 0, 2, 2, 1, 2, 1 ], [ 1, 2, 1, 2, 2, 1 ], [ 1, 1, 2, 2, 1, 2 ], [ 1, 0, 2, 1, 1, 0 ], [ 0, 1, 2, 2, 2, 0 ], [ 2, 1, 2, 2, 1, 0 ] ];12597120
[ [ 1, 2, 2, 1, 0, 1 ], [ 2, 1, 1, 0, 1, 0 ], [ 0, 1, 2, 2, 0, 2 ], [ 0, 0, 0, 1, 2, 2 ], [ 1, 1, 0, 2, 0, 0 ], [ 2, 0, 0, 0, 2, 2 ] ];3149280
[ [ 2, 0, 0, 0, 2, 2 ], [ 2, 1, 1, 0, 2, 0 ], [ 0, 1, 1, 2, 2, 1 ], [ 1, 0, 2, 2, 1, 1 ], [ 0, 0, 2, 2, 2, 2 ], [ 2, 1, 2, 2, 0, 2 ] ];699840
[ [ 0, 0, 0, 1, 0, 1 ], [ 1, 2, 2, 2, 0, 2 ], [ 1, 1, 2, 2, 1, 2 ], [ 1, 0, 2, 1, 1, 0 ], [ 1, 1, 1, 2, 2, 2 ], [ 0, 2, 0, 2, 0, 0 ] ];4199040
[ [ 0, 0, 1, 1, 0, 1 ], [ 2, 2, 0, 0, 2, 0 ], [ 0, 1, 2, 2, 0, 2 ], [ 2, 2, 0, 1, 1, 0 ], [ 0, 1, 1, 2, 1, 2 ], [ 0, 2, 2, 0, 1, 1 ] ];1049760
[ [ 1, 0, 1, 0, 2, 2 ], [ 1, 1, 1, 0, 1, 1 ], [ 0, 0, 0, 0, 1, 1 ], [ 2, 0, 2, 1, 2, 0 ], [ 0, 2, 0, 1, 0, 0 ], [ 0, 2, 2, 1, 1, 1 ] ];12597120
[ [ 1, 0, 0, 2, 2, 2 ], [ 1, 0, 2, 2, 1, 2 ], [ 2, 2, 0, 0, 1, 0 ], [ 1, 1, 0, 2, 0, 1 ], [ 2, 2, 2, 0, 2, 0 ], [ 2, 1, 1, 1, 0, 2 ] ];4199040
[ [ 2, 0, 2, 2, 1, 0 ], [ 1, 0, 1, 2, 0, 2 ], [ 1, 2, 2, 2, 0, 2 ], [ 0, 1, 2, 1, 2, 0 ], [ 1, 1, 0, 2, 0, 0 ], [ 0, 0, 1, 0, 2, 2 ] ];1399680
[ [ 2, 0, 2, 1, 0, 2 ], [ 1, 1, 0, 2, 1, 1 ], [ 1, 1, 0, 1, 2, 2 ], [ 0, 2, 2, 1, 2, 1 ], [ 2, 2, 2, 1, 2, 0 ], [ 1, 1, 1, 0, 2, 1 ] ];699840
[ [ 1, 0, 0, 1, 0, 2 ], [ 0, 1, 1, 0, 1, 2 ], [ 0, 1, 2, 2, 1, 0 ], [ 1, 0, 2, 1, 2, 1 ], [ 1, 0, 2, 0, 2, 2 ], [ 1, 1, 0, 2, 2, 0 ] ];1049760
[ [ 2, 0, 2, 2, 1, 0 ], [ 2, 1, 1, 0, 1, 1 ], [ 2, 1, 0, 1, 0, 2 ], [ 1, 2, 2, 0, 0, 0 ], [ 0, 1, 2, 1, 0, 0 ], [ 1, 0, 0, 1, 1, 1 ] ];4199040
[ [ 2, 2, 1, 0, 2, 2 ], [ 2, 2, 1, 0, 1, 0 ], [ 0, 0, 2, 2, 2, 1 ], [ 2, 2, 2, 1, 1, 2 ], [ 2, 0, 1, 1, 0, 0 ], [ 1, 2, 1, 1, 0, 0 ] ];1049760
[ [ 0, 1, 1, 0, 1, 0 ], [ 1, 2, 2, 1, 2, 1 ], [ 0, 2, 0, 1, 2, 2 ], [ 0, 2, 2, 0, 0, 0 ], [ 1, 2, 0, 1, 2, 0 ], [ 0, 2, 1, 0, 1, 0 ] ];4199040
[ [ 1, 0, 2, 2, 0, 0 ], [ 0, 1, 0, 0, 0, 0 ], [ 0, 2, 0, 2, 2, 2 ], [ 0, 0, 0, 0, 1, 0 ], [ 0, 1, 1, 2, 2, 0 ], [ 0, 1, 0, 1, 0, 0 ] ];349920
[ [ 1, 2, 1, 2, 0, 2 ], [ 2, 1, 1, 2, 1, 2 ], [ 0, 1, 0, 1, 1, 2 ], [ 2, 2, 2, 0, 0, 2 ], [ 0, 0, 1, 1, 1, 0 ], [ 2, 0, 0, 0, 1, 1 ] ];1399680
[ [ 1, 0, 0, 1, 0, 0 ], [ 2, 1, 0, 0, 1, 2 ], [ 0, 1, 1, 1, 0, 1 ], [ 1, 0, 0, 2, 0, 1 ], [ 1, 2, 2, 1, 1, 2 ], [ 0, 1, 1, 0, 2, 2 ] ];1049760
[ [ 2, 2, 1, 2, 1, 0 ], [ 2, 1, 1, 1, 0, 1 ], [ 2, 2, 1, 1, 2, 1 ], [ 1, 1, 0, 2, 0, 1 ], [ 1, 0, 2, 1, 1, 2 ], [ 2, 0, 2, 1, 0, 1 ] ];12597120
[ [ 1, 0, 2, 0, 2, 1 ], [ 2, 1, 1, 0, 1, 2 ], [ 0, 0, 1, 1, 0, 2 ], [ 0, 1, 0, 2, 2, 0 ], [ 0, 0, 0, 2, 1, 0 ], [ 0, 1, 2, 0, 2, 2 ] ];3149280
[ [ 1, 0, 0, 1, 0, 0 ], [ 1, 1, 0, 0, 1, 1 ], [ 2, 0, 0, 0, 1, 0 ], [ 1, 0, 0, 0, 0, 1 ], [ 2, 2, 2, 2, 2, 2 ], [ 1, 1, 1, 0, 1, 1 ] ];12597120
[ [ 1, 0, 0, 1, 0, 0 ], [ 0, 1, 0, 1, 1, 0 ], [ 0, 2, 2, 1, 1, 2 ], [ 1, 0, 0, 1, 0, 1 ], [ 0, 2, 2, 0, 0, 2 ], [ 2, 1, 1, 1, 0, 0 ] ];12597120
[ [ 1, 2, 1, 2, 0, 0 ], [ 0, 2, 1, 1, 2, 2 ], [ 2, 2, 1, 1, 2, 1 ], [ 0, 1, 0, 2, 2, 1 ], [ 0, 0, 2, 1, 0, 2 ], [ 2, 1, 2, 1, 1, 2 ] ];12597120
[ [ 1, 2, 0, 2, 0, 0 ], [ 0, 2, 2, 0, 1, 0 ], [ 0, 2, 1, 1, 0, 1 ], [ 0, 2, 1, 2, 0, 2 ], [ 2, 0, 1, 1, 2, 2 ], [ 0, 1, 2, 0, 1, 0 ] ];3149280
[ [ 1, 0, 0, 1, 0, 0 ], [ 1, 2, 1, 2, 2, 0 ], [ 1, 1, 1, 1, 0, 1 ], [ 2, 0, 0, 2, 2, 1 ], [ 0, 2, 2, 1, 1, 2 ], [ 1, 0, 0, 0, 2, 1 ] ];4199040
[ [ 0, 0, 0, 1, 2, 0 ], [ 1, 2, 2, 1, 0, 0 ], [ 2, 1, 2, 1, 2, 1 ], [ 2, 2, 0, 1, 0, 0 ], [ 0, 2, 1, 1, 0, 2 ], [ 2, 2, 0, 1, 1, 0 ] ];4199040
[ [ 0, 2, 1, 2, 2, 2 ], [ 1, 1, 0, 2, 0, 2 ], [ 1, 2, 1, 1, 1, 1 ], [ 1, 1, 0, 2, 0, 0 ], [ 1, 2, 2, 1, 0, 1 ], [ 1, 0, 1, 2, 0, 1 ] ];4199040
[ [ 0, 0, 2, 2, 1, 1 ], [ 0, 2, 1, 1, 1, 2 ], [ 1, 0, 2, 1, 2, 1 ], [ 0, 1, 0, 1, 2, 0 ], [ 0, 0, 0, 2, 1, 0 ], [ 2, 2, 2, 1, 0, 2 ] ];4199040
[ [ 0, 1, 1, 2, 1, 2 ], [ 1, 1, 2, 1, 0, 2 ], [ 2, 2, 1, 1, 2, 1 ], [ 2, 0, 0, 2, 1, 2 ], [ 0, 2, 2, 1, 1, 2 ], [ 0, 2, 0, 1, 2, 0 ] ];12597120
[ [ 2, 1, 1, 2, 0, 2 ], [ 1, 2, 2, 0, 2, 2 ], [ 0, 2, 1, 1, 0, 1 ], [ 0, 0, 1, 2, 0, 1 ], [ 0, 2, 0, 1, 1, 2 ], [ 1, 0, 2, 0, 2, 0 ] ];3149280
[ [ 1, 2, 1, 1, 1, 0 ], [ 1, 2, 2, 0, 1, 0 ], [ 0, 0, 0, 0, 2, 0 ], [ 2, 2, 0, 0, 1, 2 ], [ 0, 2, 1, 2, 2, 0 ], [ 1, 2, 0, 0, 1, 0 ] ];699840
[ [ 0, 2, 1, 2, 0, 2 ], [ 2, 1, 0, 1, 1, 1 ], [ 2, 2, 1, 1, 2, 1 ], [ 1, 2, 0, 2, 0, 0 ], [ 2, 2, 2, 1, 1, 1 ], [ 1, 1, 1, 1, 0, 0 ] ];4199040
[ [ 1, 2, 2, 2, 1, 2 ], [ 2, 0, 2, 0, 0, 0 ], [ 0, 2, 1, 1, 0, 1 ], [ 0, 1, 1, 2, 0, 0 ], [ 0, 2, 2, 1, 2, 1 ], [ 2, 0, 2, 0, 0, 2 ] ];1049760
[ [ 0, 2, 1, 1, 2, 0 ], [ 2, 1, 1, 1, 2, 1 ], [ 2, 1, 1, 2, 1, 0 ], [ 0, 1, 0, 1, 2, 1 ], [ 1, 0, 2, 0, 1, 2 ], [ 0, 0, 2, 0, 0, 1 ] ];12597120
[ [ 1, 2, 0, 0, 0, 0 ], [ 0, 1, 0, 2, 1, 2 ], [ 0, 0, 0, 2, 1, 2 ], [ 1, 2, 1, 1, 1, 2 ], [ 0, 0, 1, 2, 0, 2 ], [ 0, 0, 0, 0, 1, 2 ] ];4199040
[ [ 1, 0, 0, 1, 0, 0 ], [ 2, 0, 2, 1, 0, 1 ], [ 2, 1, 1, 1, 0, 1 ], [ 0, 0, 0, 2, 1, 1 ], [ 2, 2, 2, 1, 1, 2 ], [ 0, 2, 2, 0, 2, 0 ] ];1399680
[ [ 1, 2, 1, 1, 2, 1 ], [ 2, 2, 0, 1, 2, 2 ], [ 2, 1, 2, 1, 0, 2 ], [ 0, 1, 2, 0, 1, 1 ], [ 1, 1, 2, 0, 1, 2 ], [ 2, 0, 2, 1, 2, 2 ] ];699840
[ [ 2, 2, 1, 2, 1, 0 ], [ 0, 2, 1, 0, 1, 2 ], [ 0, 2, 1, 1, 2, 0 ], [ 1, 2, 0, 2, 1, 2 ], [ 1, 2, 1, 0, 2, 0 ], [ 1, 1, 0, 1, 2, 2 ] ];1049760
[ [ 0, 0, 0, 1, 2, 0 ], [ 1, 0, 0, 2, 0, 2 ], [ 2, 2, 1, 1, 0, 2 ], [ 0, 2, 0, 2, 1, 0 ], [ 0, 2, 1, 0, 0, 2 ], [ 0, 0, 1, 2, 2, 2 ] ];4199040
[ [ 1, 0, 2, 0, 1, 1 ], [ 2, 1, 2, 0, 1, 1 ], [ 0, 0, 1, 1, 1, 2 ], [ 1, 1, 0, 2, 2, 0 ], [ 0, 0, 0, 2, 1, 0 ], [ 1, 1, 2, 2, 1, 2 ] ];1049760
[ [ 0, 1, 1, 0, 2, 1 ], [ 0, 1, 0, 0, 2, 0 ], [ 2, 1, 1, 2, 2, 1 ], [ 2, 2, 0, 2, 2, 1 ], [ 1, 2, 2, 2, 2, 2 ], [ 1, 1, 1, 2, 2, 2 ] ];4199040
[ [ 2, 0, 0, 1, 1, 0 ], [ 0, 2, 0, 0, 0, 0 ], [ 0, 1, 0, 1, 1, 1 ], [ 0, 1, 1, 0, 0, 2 ], [ 0, 2, 0, 1, 2, 2 ], [ 0, 1, 1, 2, 1, 2 ] ];349920
[ [ 2, 0, 2, 2, 1, 1 ], [ 1, 2, 2, 1, 2, 1 ], [ 0, 0, 2, 1, 2, 1 ], [ 1, 1, 0, 1, 1, 0 ], [ 0, 0, 0, 2, 1, 0 ], [ 1, 2, 1, 0, 2, 0 ] ];1399680
[ [ 2, 0, 0, 2, 0, 0 ], [ 1, 2, 0, 0, 2, 1 ], [ 0, 2, 2, 2, 0, 2 ], [ 2, 0, 0, 1, 0, 2 ], [ 2, 1, 1, 2, 2, 1 ], [ 0, 2, 2, 0, 1, 1 ] ];1049760
[ [ 1, 1, 2, 1, 2, 0 ], [ 1, 2, 2, 2, 0, 2 ], [ 1, 1, 2, 2, 1, 2 ], [ 2, 2, 0, 1, 0, 2 ], [ 2, 0, 1, 2, 2, 1 ], [ 1, 0, 1, 2, 0, 2 ] ];12597120
[ [ 2, 0, 1, 0, 1, 2 ], [ 1, 2, 2, 0, 2, 1 ], [ 0, 0, 2, 2, 0, 1 ], [ 0, 2, 0, 1, 1, 0 ], [ 0, 0, 0, 1, 2, 0 ], [ 0, 2, 1, 0, 1, 1 ] ];3149280
[ [ 2, 0, 0, 2, 0, 0 ], [ 2, 2, 0, 0, 2, 2 ], [ 1, 0, 0, 0, 2, 0 ], [ 2, 0, 0, 0, 0, 2 ], [ 1, 1, 1, 1, 1, 1 ], [ 2, 2, 2, 0, 2, 2 ] ];12597120
[ [ 2, 0, 0, 2, 0, 0 ], [ 0, 2, 0, 2, 2, 0 ], [ 0, 1, 1, 2, 2, 1 ], [ 2, 0, 0, 2, 0, 2 ], [ 0, 1, 1, 0, 0, 1 ], [ 1, 2, 2, 2, 0, 0 ] ];12597120
[ [ 2, 1, 2, 1, 0, 0 ], [ 0, 1, 2, 2, 1, 1 ], [ 1, 1, 2, 2, 1, 2 ], [ 0, 2, 0, 1, 1, 2 ], [ 0, 0, 1, 2, 0, 1 ], [ 1, 2, 1, 2, 2, 1 ] ];12597120
[ [ 2, 1, 0, 1, 0, 0 ], [ 0, 1, 1, 0, 2, 0 ], [ 0, 1, 2, 2, 0, 2 ], [ 0, 1, 2, 1, 0, 1 ], [ 1, 0, 2, 2, 1, 1 ], [ 0, 2, 1, 0, 2, 0 ] ];3149280
[ [ 2, 0, 0, 2, 0, 0 ], [ 2, 1, 2, 1, 1, 0 ], [ 2, 2, 2, 2, 0, 2 ], [ 1, 0, 0, 1, 1, 2 ], [ 0, 1, 1, 2, 2, 1 ], [ 2, 0, 0, 0, 1, 2 ] ];4199040
[ [ 0, 0, 0, 2, 1, 0 ], [ 2, 1, 1, 2, 0, 0 ], [ 1, 2, 1, 2, 1, 2 ], [ 1, 1, 0, 2, 0, 0 ], [ 0, 1, 2, 2, 0, 1 ], [ 1, 1, 0, 2, 2, 0 ] ];4199040
[ [ 0, 1, 2, 1, 1, 1 ], [ 2, 2, 0, 1, 0, 1 ], [ 2, 1, 2, 2, 2, 2 ], [ 2, 2, 0, 1, 0, 0 ], [ 2, 1, 1, 2, 0, 2 ], [ 2, 0, 2, 1, 0, 2 ] ];4199040
[ [ 0, 0, 1, 1, 2, 2 ], [ 0, 1, 2, 2, 2, 1 ], [ 2, 0, 1, 2, 1, 2 ], [ 0, 2, 0, 2, 1, 0 ], [ 0, 0, 0, 1, 2, 0 ], [ 1, 1, 1, 2, 0, 1 ] ];4199040
[ [ 0, 2, 2, 1, 2, 1 ], [ 2, 2, 1, 2, 0, 1 ], [ 1, 1, 2, 2, 1, 2 ], [ 1, 0, 0, 1, 2, 1 ], [ 0, 1, 1, 2, 2, 1 ], [ 0, 1, 0, 2, 1, 0 ] ];12597120
[ [ 1, 2, 2, 1, 0, 1 ], [ 2, 1, 1, 0, 1, 1 ], [ 0, 1, 2, 2, 0, 2 ], [ 0, 0, 2, 1, 0, 2 ], [ 0, 1, 0, 2, 2, 1 ], [ 2, 0, 1, 0, 1, 0 ] ];3149280
[ [ 2, 1, 2, 2, 2, 0 ], [ 2, 1, 1, 0, 2, 0 ], [ 0, 0, 0, 0, 1, 0 ], [ 1, 1, 0, 0, 2, 1 ], [ 0, 1, 2, 1, 1, 0 ], [ 2, 1, 0, 0, 2, 0 ] ];699840
[ [ 0, 1, 2, 1, 0, 1 ], [ 1, 2, 0, 2, 2, 2 ], [ 1, 1, 2, 2, 1, 2 ], [ 2, 1, 0, 1, 0, 0 ], [ 1, 1, 1, 2, 2, 2 ], [ 2, 2, 2, 2, 0, 0 ] ];4199040
[ [ 2, 1, 1, 1, 2, 1 ], [ 1, 0, 1, 0, 0, 0 ], [ 0, 1, 2, 2, 0, 2 ], [ 0, 2, 2, 1, 0, 0 ], [ 0, 1, 1, 2, 1, 2 ], [ 1, 0, 1, 0, 0, 1 ] ];1049760
[ [ 0, 1, 2, 2, 1, 0 ], [ 1, 2, 2, 2, 1, 2 ], [ 1, 2, 2, 1, 2, 0 ], [ 0, 2, 0, 2, 1, 2 ], [ 2, 0, 1, 0, 2, 1 ], [ 0, 0, 1, 0, 0, 2 ] ];12597120
[ [ 2, 1, 0, 0, 0, 0 ], [ 0, 2, 0, 1, 2, 1 ], [ 0, 0, 0, 1, 2, 1 ], [ 2, 1, 2, 2, 2, 1 ], [ 0, 0, 2, 1, 0, 1 ], [ 0, 0, 0, 0, 2, 1 ] ];4199040
[ [ 2, 0, 0, 2, 0, 0 ], [ 1, 0, 1, 2, 0, 2 ], [ 1, 2, 2, 2, 0, 2 ], [ 0, 0, 0, 1, 2, 2 ], [ 1, 1, 1, 2, 2, 1 ], [ 0, 1, 1, 0, 1, 0 ] ];1399680
[ [ 2, 1, 2, 2, 1, 2 ], [ 1, 1, 0, 2, 1, 1 ], [ 1, 2, 1, 2, 0, 1 ], [ 0, 2, 1, 0, 2, 2 ], [ 2, 2, 1, 0, 2, 1 ], [ 1, 0, 1, 2, 1, 1 ] ];699840
[ [ 1, 1, 2, 1, 2, 0 ], [ 0, 1, 2, 0, 2, 1 ], [ 0, 1, 2, 2, 1, 0 ], [ 2, 1, 0, 1, 2, 1 ], [ 2, 1, 2, 0, 1, 0 ], [ 2, 2, 0, 2, 1, 1 ] ];1049760
[ [ 0, 0, 0, 2, 1, 0 ], [ 2, 0, 0, 1, 0, 1 ], [ 1, 1, 2, 2, 0, 1 ], [ 0, 1, 0, 1, 2, 0 ], [ 0, 1, 2, 0, 0, 1 ], [ 0, 0, 2, 1, 1, 1 ] ];4199040
[ [ 2, 0, 1, 0, 2, 2 ], [ 1, 2, 1, 0, 2, 2 ], [ 0, 0, 2, 2, 2, 1 ], [ 2, 2, 0, 1, 1, 0 ], [ 0, 0, 0, 1, 2, 0 ], [ 2, 2, 1, 1, 2, 1 ] ];1049760
[ [ 0, 2, 2, 0, 1, 2 ], [ 0, 2, 0, 0, 1, 0 ], [ 1, 2, 2, 1, 1, 2 ], [ 1, 1, 0, 1, 1, 2 ], [ 2, 1, 1, 1, 1, 1 ], [ 2, 2, 2, 1, 1, 1 ] ];4199040
[ [ 1, 0, 0, 2, 2, 0 ], [ 0, 1, 0, 0, 0, 0 ], [ 0, 2, 0, 2, 2, 2 ], [ 0, 2, 2, 0, 0, 1 ], [ 0, 1, 0, 2, 1, 1 ], [ 0, 2, 2, 1, 2, 1 ] ];349920
[ [ 1, 0, 1, 1, 2, 2 ], [ 2, 1, 1, 2, 1, 2 ], [ 0, 0, 1, 2, 1, 2 ], [ 2, 2, 0, 2, 2, 0 ], [ 0, 0, 0, 1, 2, 0 ], [ 2, 1, 2, 0, 1, 0 ] ];1399680
[ [ 2, 2, 0, 1, 2, 1 ], [ 0, 2, 0, 0, 0, 0 ], [ 0, 1, 1, 1, 0, 1 ], [ 0, 2, 2, 2, 2, 0 ], [ 0, 1, 2, 1, 2, 1 ], [ 0, 1, 2, 0, 1, 2 ] ];58320
[ [ 0, 1, 1, 2, 1, 2 ], [ 1, 1, 1, 1, 2, 1 ], [ 2, 2, 1, 1, 2, 1 ], [ 2, 0, 2, 2, 1, 0 ], [ 2, 2, 2, 1, 1, 1 ], [ 2, 2, 0, 1, 1, 0 ] ];2099520
[ [ 0, 1, 2, 0, 2, 1 ], [ 1, 1, 2, 0, 2, 2 ], [ 0, 0, 1, 1, 0, 2 ], [ 2, 1, 2, 2, 1, 1 ], [ 1, 1, 0, 2, 1, 2 ], [ 2, 1, 1, 0, 1, 0 ] ];524880
[ [ 2, 2, 0, 1, 2, 1 ], [ 2, 0, 1, 1, 0, 0 ], [ 2, 1, 0, 1, 1, 0 ], [ 1, 2, 2, 1, 0, 0 ], [ 1, 1, 2, 0, 0, 1 ], [ 0, 2, 0, 2, 2, 2 ] ];2099520
[ [ 2, 1, 1, 2, 0, 2 ], [ 2, 2, 2, 0, 0, 0 ], [ 0, 2, 1, 1, 0, 1 ], [ 2, 0, 2, 2, 1, 0 ], [ 0, 2, 2, 1, 2, 1 ], [ 0, 0, 1, 0, 2, 2 ] ];524880
[ [ 0, 2, 0, 1, 0, 1 ], [ 2, 1, 1, 2, 0, 2 ], [ 1, 1, 1, 1, 0, 1 ], [ 0, 2, 2, 2, 1, 0 ], [ 1, 1, 2, 1, 2, 1 ], [ 0, 0, 1, 0, 2, 2 ] ];233280
[ [ 1, 2, 0, 1, 1, 1 ], [ 2, 0, 0, 1, 2, 1 ], [ 2, 1, 2, 1, 2, 1 ], [ 1, 2, 0, 1, 2, 2 ], [ 2, 1, 0, 1, 1, 1 ], [ 2, 2, 1, 1, 0, 0 ] ];233280
[ [ 1, 1, 1, 2, 2, 2 ], [ 0, 0, 1, 2, 0, 2 ], [ 1, 2, 1, 1, 1, 1 ], [ 0, 0, 2, 2, 2, 0 ], [ 1, 2, 2, 1, 0, 1 ], [ 0, 1, 0, 2, 1, 1 ] ];2099520
[ [ 2, 1, 2, 1, 1, 1 ], [ 1, 2, 1, 0, 1, 0 ], [ 1, 1, 2, 2, 2, 2 ], [ 1, 1, 2, 0, 0, 1 ], [ 1, 1, 0, 2, 1, 2 ], [ 1, 2, 0, 2, 2, 1 ] ];233280
[ [ 1, 1, 1, 0, 2, 0 ], [ 1, 2, 2, 0, 1, 0 ], [ 0, 0, 0, 1, 2, 1 ], [ 2, 0, 2, 1, 1, 2 ], [ 0, 0, 1, 1, 1, 1 ], [ 1, 0, 1, 1, 2, 0 ] ];58320
[ [ 2, 1, 1, 2, 0, 2 ], [ 0, 1, 2, 1, 2, 1 ], [ 0, 2, 1, 1, 0, 1 ], [ 0, 0, 2, 2, 2, 0 ], [ 0, 2, 2, 1, 2, 1 ], [ 2, 2, 1, 1, 2, 0 ] ];2099520
[ [ 1, 1, 0, 2, 1, 2 ], [ 2, 2, 0, 1, 2, 2 ], [ 2, 1, 2, 2, 0, 2 ], [ 0, 0, 0, 2, 0, 0 ], [ 1, 0, 0, 2, 0, 1 ], [ 2, 1, 0, 0, 0, 1 ] ];58320
[ [ 2, 2, 1, 0, 1, 0 ], [ 0, 2, 0, 0, 0, 0 ], [ 0, 0, 2, 1, 1, 2 ], [ 0, 2, 0, 1, 1, 1 ], [ 0, 0, 0, 2, 1, 1 ], [ 0, 2, 2, 2, 1, 0 ] ];58320
[ [ 2, 1, 0, 1, 2, 1 ], [ 1, 2, 1, 1, 0, 1 ], [ 0, 1, 2, 2, 1, 2 ], [ 1, 0, 0, 0, 1, 1 ], [ 0, 1, 0, 2, 0, 2 ], [ 1, 1, 2, 0, 0, 2 ] ];233280
[ [ 1, 1, 0, 2, 1, 2 ], [ 0, 1, 0, 0, 0, 0 ], [ 0, 2, 2, 2, 0, 2 ], [ 0, 1, 1, 1, 1, 0 ], [ 0, 2, 1, 2, 1, 2 ], [ 0, 2, 1, 0, 2, 1 ] ];58320
[ [ 0, 2, 2, 1, 2, 1 ], [ 2, 2, 2, 2, 1, 2 ], [ 1, 1, 2, 2, 1, 2 ], [ 1, 0, 1, 1, 2, 0 ], [ 1, 1, 1, 2, 2, 2 ], [ 1, 1, 0, 2, 2, 0 ] ];2099520
[ [ 0, 2, 1, 0, 1, 2 ], [ 2, 2, 1, 0, 1, 1 ], [ 0, 0, 2, 2, 0, 1 ], [ 1, 2, 1, 1, 2, 2 ], [ 2, 2, 0, 1, 2, 1 ], [ 1, 2, 2, 0, 2, 0 ] ];524880
[ [ 1, 1, 0, 2, 1, 2 ], [ 1, 0, 2, 2, 0, 0 ], [ 1, 2, 0, 2, 2, 0 ], [ 2, 1, 1, 2, 0, 0 ], [ 2, 2, 1, 0, 0, 2 ], [ 0, 1, 0, 1, 1, 1 ] ];2099520
[ [ 1, 2, 2, 1, 0, 1 ], [ 1, 1, 1, 0, 0, 0 ], [ 0, 1, 2, 2, 0, 2 ], [ 1, 0, 1, 1, 2, 0 ], [ 0, 1, 1, 2, 1, 2 ], [ 0, 0, 2, 0, 1, 1 ] ];524880
[ [ 0, 1, 0, 2, 0, 2 ], [ 1, 2, 2, 1, 0, 1 ], [ 2, 2, 2, 2, 0, 2 ], [ 0, 1, 1, 1, 2, 0 ], [ 2, 2, 1, 2, 1, 2 ], [ 0, 0, 2, 0, 1, 1 ] ];233280
[ [ 2, 1, 0, 2, 2, 2 ], [ 1, 0, 0, 2, 1, 2 ], [ 1, 2, 1, 2, 1, 2 ], [ 2, 1, 0, 2, 1, 1 ], [ 1, 2, 0, 2, 2, 2 ], [ 1, 1, 2, 2, 0, 0 ] ];233280
[ [ 2, 2, 2, 1, 1, 1 ], [ 0, 0, 2, 1, 0, 1 ], [ 2, 1, 2, 2, 2, 2 ], [ 0, 0, 1, 1, 1, 0 ], [ 2, 1, 1, 2, 0, 2 ], [ 0, 2, 0, 1, 2, 2 ] ];2099520
[ [ 1, 2, 1, 2, 2, 2 ], [ 2, 1, 2, 0, 2, 0 ], [ 2, 2, 1, 1, 1, 1 ], [ 2, 2, 1, 0, 0, 2 ], [ 2, 2, 0, 1, 2, 1 ], [ 2, 1, 0, 1, 1, 2 ] ];233280
[ [ 2, 2, 2, 0, 1, 0 ], [ 2, 1, 1, 0, 2, 0 ], [ 0, 0, 0, 2, 1, 2 ], [ 1, 0, 1, 2, 2, 1 ], [ 0, 0, 2, 2, 2, 2 ], [ 2, 0, 2, 2, 1, 0 ] ];58320
[ [ 1, 2, 2, 1, 0, 1 ], [ 0, 2, 1, 2, 1, 2 ], [ 0, 1, 2, 2, 0, 2 ], [ 0, 0, 1, 1, 1, 0 ], [ 0, 1, 1, 2, 1, 2 ], [ 1, 1, 2, 2, 1, 0 ] ];2099520
[ [ 2, 2, 0, 1, 2, 1 ], [ 1, 1, 0, 2, 1, 1 ], [ 1, 2, 1, 1, 0, 1 ], [ 0, 0, 0, 1, 0, 0 ], [ 2, 0, 0, 1, 0, 2 ], [ 1, 2, 0, 0, 0, 2 ] ];58320
[ [ 1, 1, 2, 0, 2, 0 ], [ 0, 1, 0, 0, 0, 0 ], [ 0, 0, 1, 2, 2, 1 ], [ 0, 1, 0, 2, 2, 2 ], [ 0, 0, 0, 1, 2, 2 ], [ 0, 1, 1, 1, 2, 0 ] ];58320
[ [ 1, 2, 0, 2, 1, 2 ], [ 2, 1, 2, 2, 0, 2 ], [ 0, 2, 1, 1, 2, 1 ], [ 2, 0, 0, 0, 2, 2 ], [ 0, 2, 0, 1, 0, 1 ], [ 2, 2, 1, 0, 0, 1 ] ];233280
[ [ 2, 1, 0, 1, 2, 1 ], [ 0, 2, 0, 0, 0, 0 ], [ 0, 1, 1, 1, 0, 1 ], [ 0, 2, 2, 2, 2, 0 ], [ 0, 1, 2, 1, 2, 1 ], [ 0, 1, 2, 0, 1, 2 ] ];58320
[ [ 0, 1, 1, 2, 1, 2 ], [ 2, 1, 1, 1, 0, 1 ], [ 2, 2, 1, 1, 2, 1 ], [ 2, 0, 2, 2, 1, 0 ], [ 2, 2, 2, 1, 1, 1 ], [ 0, 2, 0, 1, 2, 0 ] ];4199040
[ [ 0, 0, 2, 0, 2, 0 ], [ 1, 1, 2, 0, 2, 2 ], [ 0, 0, 1, 1, 0, 2 ], [ 2, 1, 2, 2, 1, 1 ], [ 1, 0, 0, 2, 1, 1 ], [ 2, 1, 1, 0, 1, 0 ] ];524880
[ [ 2, 1, 0, 0, 2, 1 ], [ 2, 0, 1, 1, 0, 0 ], [ 2, 0, 0, 0, 1, 0 ], [ 1, 2, 2, 1, 0, 0 ], [ 1, 1, 2, 0, 0, 1 ], [ 0, 2, 0, 2, 2, 2 ] ];2099520
[ [ 2, 1, 1, 2, 0, 2 ], [ 0, 2, 2, 0, 1, 0 ], [ 0, 2, 1, 1, 0, 1 ], [ 2, 0, 2, 2, 1, 0 ], [ 0, 2, 2, 1, 2, 1 ], [ 1, 0, 1, 0, 0, 2 ] ];1049760
[ [ 0, 1, 0, 1, 2, 1 ], [ 2, 1, 1, 2, 0, 2 ], [ 1, 1, 1, 1, 0, 1 ], [ 0, 2, 2, 2, 1, 0 ], [ 1, 1, 2, 1, 2, 1 ], [ 0, 1, 1, 0, 0, 2 ] ];466560
[ [ 1, 1, 1, 1, 1, 1 ], [ 2, 0, 0, 1, 2, 1 ], [ 2, 1, 2, 1, 2, 1 ], [ 1, 1, 1, 1, 2, 2 ], [ 2, 1, 0, 1, 1, 1 ], [ 2, 2, 1, 1, 0, 0 ] ];233280
[ [ 1, 1, 1, 2, 2, 2 ], [ 1, 0, 1, 2, 1, 2 ], [ 1, 2, 1, 1, 1, 1 ], [ 0, 0, 2, 2, 2, 0 ], [ 1, 2, 2, 1, 0, 1 ], [ 1, 1, 0, 2, 2, 1 ] ];2099520
[ [ 2, 0, 2, 0, 1, 0 ], [ 1, 2, 1, 0, 1, 0 ], [ 1, 0, 2, 1, 2, 1 ], [ 1, 1, 2, 0, 0, 1 ], [ 1, 0, 0, 1, 1, 1 ], [ 1, 2, 0, 2, 2, 1 ] ];233280
[ [ 1, 1, 1, 0, 2, 0 ], [ 1, 2, 2, 0, 1, 0 ], [ 0, 0, 0, 0, 2, 0 ], [ 2, 0, 2, 1, 1, 2 ], [ 0, 0, 1, 0, 1, 0 ], [ 1, 0, 1, 1, 2, 0 ] ];116640
[ [ 2, 1, 1, 2, 0, 2 ], [ 2, 2, 0, 0, 2, 0 ], [ 0, 2, 1, 1, 0, 1 ], [ 0, 0, 2, 2, 2, 0 ], [ 0, 2, 2, 1, 2, 1 ], [ 2, 0, 2, 0, 0, 2 ] ];524880
[ [ 2, 1, 1, 2, 0, 2 ], [ 1, 1, 2, 1, 0, 1 ], [ 0, 2, 1, 1, 0, 1 ], [ 0, 0, 2, 2, 2, 0 ], [ 0, 2, 2, 1, 2, 1 ], [ 0, 2, 1, 1, 0, 0 ] ];4199040
[ [ 2, 1, 1, 2, 0, 2 ], [ 0, 0, 2, 2, 0, 2 ], [ 0, 2, 1, 1, 0, 1 ], [ 1, 0, 2, 2, 0, 0 ], [ 0, 2, 2, 1, 2, 1 ], [ 0, 1, 1, 2, 1, 1 ] ];2099520
[ [ 1, 1, 0, 1, 2, 1 ], [ 2, 0, 2, 1, 0, 1 ], [ 2, 1, 1, 1, 0, 1 ], [ 0, 2, 2, 2, 0, 0 ], [ 2, 1, 2, 1, 2, 1 ], [ 0, 1, 0, 0, 2, 2 ] ];233280
[ [ 1, 1, 0, 2, 1, 2 ], [ 2, 2, 0, 1, 2, 2 ], [ 2, 1, 2, 1, 0, 2 ], [ 0, 0, 0, 2, 0, 0 ], [ 1, 0, 0, 2, 0, 1 ], [ 2, 1, 0, 0, 0, 1 ] ];116640
[ [ 0, 1, 0, 0, 2, 1 ], [ 0, 2, 2, 1, 0, 2 ], [ 2, 0, 0, 0, 1, 0 ], [ 1, 2, 2, 1, 2, 0 ], [ 2, 1, 2, 0, 0, 1 ], [ 1, 2, 2, 2, 0, 2 ] ];2099520
[ [ 2, 1, 2, 0, 2, 0 ], [ 0, 2, 0, 0, 0, 0 ], [ 0, 0, 2, 1, 1, 2 ], [ 0, 1, 1, 1, 2, 1 ], [ 0, 0, 0, 2, 1, 1 ], [ 0, 1, 0, 2, 2, 0 ] ];116640
[ [ 2, 1, 2, 1, 0, 1 ], [ 0, 2, 0, 0, 0, 0 ], [ 0, 1, 0, 1, 1, 1 ], [ 0, 0, 1, 0, 2, 1 ], [ 0, 1, 1, 1, 0, 1 ], [ 0, 0, 0, 2, 1, 1 ] ];58320
[ [ 2, 0, 2, 0, 1, 0 ], [ 1, 2, 1, 1, 0, 1 ], [ 0, 0, 1, 1, 0, 1 ], [ 1, 1, 1, 1, 2, 2 ], [ 0, 0, 2, 1, 2, 1 ], [ 1, 2, 0, 1, 1, 0 ] ];466560
[ [ 2, 0, 2, 0, 1, 0 ], [ 1, 2, 2, 1, 2, 1 ], [ 0, 0, 2, 1, 2, 1 ], [ 1, 1, 2, 0, 2, 1 ], [ 0, 0, 0, 1, 1, 1 ], [ 1, 2, 2, 2, 1, 1 ] ];233280
[ [ 1, 2, 0, 2, 1, 2 ], [ 0, 1, 0, 0, 0, 0 ], [ 0, 2, 2, 2, 0, 2 ], [ 0, 1, 1, 1, 1, 0 ], [ 0, 2, 1, 2, 1, 2 ], [ 0, 2, 1, 0, 2, 1 ] ];58320
[ [ 0, 2, 2, 1, 2, 1 ], [ 1, 2, 2, 2, 0, 2 ], [ 1, 1, 2, 2, 1, 2 ], [ 1, 0, 1, 1, 2, 0 ], [ 1, 1, 1, 2, 2, 2 ], [ 0, 1, 0, 2, 1, 0 ] ];4199040
[ [ 0, 0, 1, 0, 1, 0 ], [ 2, 2, 1, 0, 1, 1 ], [ 0, 0, 2, 2, 0, 1 ], [ 1, 2, 1, 1, 2, 2 ], [ 2, 0, 0, 1, 2, 2 ], [ 1, 2, 2, 0, 2, 0 ] ];524880
[ [ 1, 2, 0, 0, 1, 2 ], [ 1, 0, 2, 2, 0, 0 ], [ 1, 0, 0, 0, 2, 0 ], [ 2, 1, 1, 2, 0, 0 ], [ 2, 2, 1, 0, 0, 2 ], [ 0, 1, 0, 1, 1, 1 ] ];2099520
[ [ 1, 2, 2, 1, 0, 1 ], [ 0, 1, 1, 0, 2, 0 ], [ 0, 1, 2, 2, 0, 2 ], [ 1, 0, 1, 1, 2, 0 ], [ 0, 1, 1, 2, 1, 2 ], [ 2, 0, 2, 0, 0, 1 ] ];1049760
[ [ 0, 2, 0, 2, 1, 2 ], [ 1, 2, 2, 1, 0, 1 ], [ 2, 2, 2, 2, 0, 2 ], [ 0, 1, 1, 1, 2, 0 ], [ 2, 2, 1, 2, 1, 2 ], [ 0, 2, 2, 0, 0, 1 ] ];466560
[ [ 2, 2, 2, 2, 2, 2 ], [ 1, 0, 0, 2, 1, 2 ], [ 1, 2, 1, 2, 1, 2 ], [ 2, 2, 2, 2, 1, 1 ], [ 1, 2, 0, 2, 2, 2 ], [ 1, 1, 2, 2, 0, 0 ] ];233280
[ [ 2, 2, 2, 1, 1, 1 ], [ 2, 0, 2, 1, 2, 1 ], [ 2, 1, 2, 2, 2, 2 ], [ 0, 0, 1, 1, 1, 0 ], [ 2, 1, 1, 2, 0, 2 ], [ 2, 2, 0, 1, 1, 2 ] ];2099520
[ [ 1, 0, 1, 0, 2, 0 ], [ 2, 1, 2, 0, 2, 0 ], [ 2, 0, 1, 2, 1, 2 ], [ 2, 2, 1, 0, 0, 2 ], [ 2, 0, 0, 2, 2, 2 ], [ 2, 1, 0, 1, 1, 2 ] ];233280
[ [ 2, 2, 2, 0, 1, 0 ], [ 2, 1, 1, 0, 2, 0 ], [ 0, 0, 0, 0, 1, 0 ], [ 1, 0, 1, 2, 2, 1 ], [ 0, 0, 2, 0, 2, 0 ], [ 2, 0, 2, 2, 1, 0 ] ];116640
[ [ 1, 2, 2, 1, 0, 1 ], [ 1, 1, 0, 0, 1, 0 ], [ 0, 1, 2, 2, 0, 2 ], [ 0, 0, 1, 1, 1, 0 ], [ 0, 1, 1, 2, 1, 2 ], [ 1, 0, 1, 0, 0, 1 ] ];524880
[ [ 1, 2, 2, 1, 0, 1 ], [ 2, 2, 1, 2, 0, 2 ], [ 0, 1, 2, 2, 0, 2 ], [ 0, 0, 1, 1, 1, 0 ], [ 0, 1, 1, 2, 1, 2 ], [ 0, 1, 2, 2, 0, 0 ] ];4199040
[ [ 1, 2, 2, 1, 0, 1 ], [ 0, 0, 1, 1, 0, 1 ], [ 0, 1, 2, 2, 0, 2 ], [ 2, 0, 1, 1, 0, 0 ], [ 0, 1, 1, 2, 1, 2 ], [ 0, 2, 2, 1, 2, 2 ] ];2099520
[ [ 2, 2, 0, 2, 1, 2 ], [ 1, 0, 1, 2, 0, 2 ], [ 1, 2, 2, 2, 0, 2 ], [ 0, 1, 1, 1, 0, 0 ], [ 1, 2, 1, 2, 1, 2 ], [ 0, 2, 0, 0, 1, 1 ] ];233280
[ [ 2, 2, 0, 1, 2, 1 ], [ 1, 1, 0, 2, 1, 1 ], [ 1, 2, 1, 2, 0, 1 ], [ 0, 0, 0, 1, 0, 0 ], [ 2, 0, 0, 1, 0, 2 ], [ 1, 2, 0, 0, 0, 2 ] ];116640
[ [ 0, 2, 0, 0, 1, 2 ], [ 0, 1, 1, 2, 0, 1 ], [ 1, 0, 0, 0, 2, 0 ], [ 2, 1, 1, 2, 1, 0 ], [ 1, 2, 1, 0, 0, 2 ], [ 2, 1, 1, 1, 0, 1 ] ];2099520
[ [ 1, 2, 1, 0, 1, 0 ], [ 0, 1, 0, 0, 0, 0 ], [ 0, 0, 1, 2, 2, 1 ], [ 0, 2, 2, 2, 1, 2 ], [ 0, 0, 0, 1, 2, 2 ], [ 0, 2, 0, 1, 1, 0 ] ];116640
[ [ 1, 2, 1, 2, 0, 2 ], [ 0, 1, 0, 0, 0, 0 ], [ 0, 2, 0, 2, 2, 2 ], [ 0, 0, 2, 0, 1, 2 ], [ 0, 2, 2, 2, 0, 2 ], [ 0, 0, 0, 1, 2, 2 ] ];58320
[ [ 1, 0, 1, 0, 2, 0 ], [ 2, 1, 2, 2, 0, 2 ], [ 0, 0, 2, 2, 0, 2 ], [ 2, 2, 2, 2, 1, 1 ], [ 0, 0, 1, 2, 1, 2 ], [ 2, 1, 0, 2, 2, 0 ] ];466560
[ [ 1, 0, 1, 0, 2, 0 ], [ 2, 1, 1, 2, 1, 2 ], [ 0, 0, 1, 2, 1, 2 ], [ 2, 2, 1, 0, 1, 2 ], [ 0, 0, 0, 2, 2, 2 ], [ 2, 1, 1, 1, 2, 2 ] ];233280
[ [ 0, 2, 1, 1, 0, 0 ], [ 1, 2, 0, 0, 2, 1 ], [ 0, 1, 1, 1, 0, 1 ], [ 1, 1, 0, 2, 0, 2 ], [ 2, 0, 0, 1, 2, 0 ], [ 1, 2, 1, 0, 1, 2 ] ];1049760
[ [ 0, 0, 0, 2, 1, 1 ], [ 1, 2, 2, 1, 1, 0 ], [ 2, 2, 1, 1, 2, 1 ], [ 0, 0, 0, 2, 2, 2 ], [ 0, 1, 0, 1, 0, 0 ], [ 2, 1, 0, 1, 1, 1 ] ];12597120
[ [ 2, 2, 2, 0, 2, 2 ], [ 1, 0, 1, 0, 1, 1 ], [ 0, 0, 1, 1, 0, 2 ], [ 0, 1, 0, 2, 2, 2 ], [ 0, 2, 2, 2, 0, 2 ], [ 0, 1, 2, 0, 2, 1 ] ];1049760
[ [ 1, 0, 0, 2, 1, 0 ], [ 2, 0, 2, 0, 1, 2 ], [ 0, 2, 1, 1, 0, 0 ], [ 2, 1, 0, 2, 1, 2 ], [ 1, 0, 1, 0, 1, 2 ], [ 0, 2, 0, 0, 1, 1 ] ];3149280
[ [ 2, 2, 1, 0, 2, 0 ], [ 0, 1, 0, 1, 2, 2 ], [ 0, 0, 2, 1, 0, 1 ], [ 1, 1, 0, 2, 0, 2 ], [ 2, 0, 0, 1, 2, 0 ], [ 2, 1, 1, 2, 0, 0 ] ];12597120
[ [ 1, 2, 1, 2, 1, 0 ], [ 2, 0, 0, 2, 2, 0 ], [ 1, 2, 0, 2, 1, 1 ], [ 1, 1, 0, 2, 0, 2 ], [ 2, 0, 0, 1, 2, 0 ], [ 0, 0, 1, 1, 2, 1 ] ];4199040
[ [ 0, 2, 1, 1, 2, 0 ], [ 0, 2, 0, 2, 1, 1 ], [ 1, 1, 1, 1, 0, 1 ], [ 0, 1, 0, 2, 2, 2 ], [ 2, 0, 0, 1, 2, 0 ], [ 2, 0, 0, 0, 1, 2 ] ];4199040
[ [ 1, 0, 0, 2, 2, 2 ], [ 2, 0, 2, 2, 1, 2 ], [ 1, 2, 1, 1, 1, 1 ], [ 2, 0, 0, 2, 1, 1 ], [ 1, 2, 0, 1, 2, 1 ], [ 0, 2, 0, 2, 1, 0 ] ];1399680
[ [ 1, 2, 2, 2, 1, 2 ], [ 2, 1, 1, 1, 1, 0 ], [ 1, 2, 0, 2, 1, 1 ], [ 0, 1, 0, 2, 2, 2 ], [ 2, 2, 2, 1, 2, 2 ], [ 2, 2, 2, 0, 0, 0 ] ];4199040
[ [ 2, 1, 0, 2, 1, 2 ], [ 0, 0, 0, 1, 1, 0 ], [ 2, 2, 1, 1, 2, 1 ], [ 1, 2, 0, 2, 0, 0 ], [ 1, 2, 0, 1, 0, 0 ], [ 0, 2, 1, 1, 0, 1 ] ];4199040
[ [ 1, 0, 0, 2, 1, 0 ], [ 1, 2, 2, 0, 1, 0 ], [ 0, 2, 2, 1, 0, 2 ], [ 2, 1, 0, 2, 1, 2 ], [ 0, 0, 1, 2, 0, 2 ], [ 1, 1, 0, 1, 0, 2 ] ];349920
[ [ 2, 0, 2, 2, 2, 2 ], [ 0, 2, 2, 0, 1, 0 ], [ 0, 2, 1, 1, 0, 1 ], [ 1, 2, 0, 2, 2, 1 ], [ 0, 2, 0, 1, 1, 1 ], [ 2, 1, 0, 0, 2, 1 ] ];349920
[ [ 0, 1, 0, 2, 2, 2 ], [ 0, 0, 1, 1, 1, 1 ], [ 0, 2, 1, 0, 2, 0 ], [ 0, 2, 0, 0, 2, 2 ], [ 0, 2, 0, 0, 0, 0 ], [ 1, 2, 2, 1, 1, 2 ] ];2099520
[ [ 2, 0, 0, 1, 2, 1 ], [ 1, 0, 2, 2, 1, 2 ], [ 0, 1, 1, 0, 1, 0 ], [ 1, 0, 0, 0, 1, 2 ], [ 0, 1, 0, 0, 2, 0 ], [ 1, 0, 0, 0, 2, 1 ] ];699840
[ [ 0, 0, 1, 1, 1, 1 ], [ 1, 2, 0, 0, 2, 0 ], [ 2, 1, 2, 0, 1, 0 ], [ 2, 2, 0, 2, 0, 1 ], [ 2, 1, 1, 0, 2, 0 ], [ 0, 1, 1, 0, 0, 1 ] ];1399680
[ [ 0, 2, 2, 0, 0, 0 ], [ 0, 2, 1, 2, 2, 2 ], [ 1, 0, 1, 1, 1, 1 ], [ 2, 1, 0, 2, 1, 2 ], [ 1, 0, 0, 1, 1, 0 ], [ 2, 0, 2, 2, 0, 0 ] ];2099520
[ [ 0, 0, 2, 2, 0, 2 ], [ 1, 2, 1, 0, 0, 0 ], [ 0, 2, 1, 1, 0, 1 ], [ 1, 0, 0, 2, 2, 1 ], [ 0, 2, 1, 1, 0, 0 ], [ 0, 0, 2, 0, 1, 1 ] ];524880
[ [ 0, 2, 1, 1, 1, 0 ], [ 2, 2, 0, 1, 0, 1 ], [ 2, 1, 1, 1, 0, 1 ], [ 2, 1, 0, 2, 1, 2 ], [ 2, 0, 0, 1, 2, 0 ], [ 0, 1, 2, 0, 0, 2 ] ];699840
[ [ 1, 0, 0, 1, 1, 0 ], [ 2, 2, 0, 1, 2, 2 ], [ 2, 1, 2, 2, 2, 1 ], [ 0, 2, 1, 0, 2, 2 ], [ 1, 1, 1, 1, 1, 0 ], [ 2, 0, 0, 0, 1, 0 ] ];349920
[ [ 1, 0, 0, 2, 1, 0 ], [ 1, 0, 1, 0, 0, 0 ], [ 0, 2, 1, 1, 2, 0 ], [ 1, 1, 0, 2, 0, 2 ], [ 0, 0, 1, 0, 2, 2 ], [ 0, 2, 1, 1, 0, 0 ] ];524880
[ [ 2, 1, 0, 2, 1, 2 ], [ 2, 1, 0, 0, 1, 0 ], [ 1, 2, 1, 0, 2, 0 ], [ 1, 2, 0, 1, 0, 0 ], [ 1, 2, 0, 0, 0, 0 ], [ 1, 0, 1, 0, 2, 1 ] ];2099520
[ [ 0, 1, 0, 2, 2, 2 ], [ 2, 1, 0, 0, 0, 0 ], [ 1, 2, 1, 0, 2, 2 ], [ 1, 2, 0, 0, 1, 0 ], [ 1, 2, 0, 2, 1, 0 ], [ 0, 0, 1, 1, 2, 0 ] ];2099520
[ [ 1, 0, 0, 2, 1, 0 ], [ 2, 0, 1, 2, 1, 0 ], [ 1, 2, 1, 1, 2, 0 ], [ 0, 1, 0, 2, 2, 2 ], [ 0, 0, 1, 0, 1, 2 ], [ 1, 2, 0, 1, 2, 1 ] ];699840
[ [ 2, 0, 0, 2, 2, 0 ], [ 0, 2, 0, 0, 0, 0 ], [ 0, 2, 2, 1, 1, 0 ], [ 0, 1, 2, 1, 0, 1 ], [ 0, 0, 2, 0, 1, 2 ], [ 0, 1, 2, 2, 2, 1 ] ];174960
[ [ 1, 2, 0, 1, 2, 0 ], [ 0, 1, 0, 0, 0, 0 ], [ 0, 1, 0, 1, 1, 1 ], [ 0, 2, 0, 0, 1, 2 ], [ 0, 0, 0, 1, 0, 0 ], [ 0, 0, 2, 2, 2, 1 ] ];174960
[ [ 1, 2, 2, 2, 2, 2 ], [ 1, 1, 1, 0, 1, 0 ], [ 2, 2, 0, 2, 2, 1 ], [ 2, 1, 0, 2, 1, 2 ], [ 2, 2, 2, 1, 0, 2 ], [ 2, 1, 1, 2, 0, 2 ] ];699840
[ [ 0, 1, 2, 2, 0, 0 ], [ 2, 1, 0, 0, 1, 2 ], [ 0, 2, 2, 2, 0, 2 ], [ 2, 2, 0, 1, 0, 1 ], [ 1, 0, 0, 2, 1, 0 ], [ 2, 1, 2, 0, 2, 1 ] ];1049760
[ [ 0, 0, 0, 1, 2, 2 ], [ 2, 1, 1, 2, 2, 0 ], [ 1, 1, 2, 2, 1, 2 ], [ 0, 0, 0, 1, 1, 1 ], [ 0, 2, 0, 2, 0, 0 ], [ 1, 2, 0, 2, 2, 2 ] ];12597120
[ [ 1, 1, 1, 0, 1, 1 ], [ 2, 0, 2, 0, 2, 2 ], [ 0, 0, 2, 2, 0, 1 ], [ 0, 2, 0, 1, 1, 1 ], [ 0, 1, 1, 1, 0, 1 ], [ 0, 2, 1, 0, 1, 2 ] ];1049760
[ [ 2, 0, 0, 1, 2, 0 ], [ 1, 0, 1, 0, 2, 1 ], [ 0, 1, 2, 2, 0, 0 ], [ 1, 2, 0, 1, 2, 1 ], [ 2, 0, 2, 0, 2, 1 ], [ 0, 1, 0, 0, 2, 2 ] ];3149280
[ [ 1, 1, 2, 0, 1, 0 ], [ 0, 2, 0, 2, 1, 1 ], [ 0, 0, 1, 2, 0, 2 ], [ 2, 2, 0, 1, 0, 1 ], [ 1, 0, 0, 2, 1, 0 ], [ 1, 2, 2, 1, 0, 0 ] ];12597120
[ [ 2, 1, 2, 1, 2, 0 ], [ 1, 0, 0, 1, 1, 0 ], [ 2, 1, 0, 1, 2, 2 ], [ 2, 2, 0, 1, 0, 1 ], [ 1, 0, 0, 2, 1, 0 ], [ 0, 0, 2, 2, 1, 2 ] ];4199040
[ [ 0, 1, 2, 2, 1, 0 ], [ 0, 1, 0, 1, 2, 2 ], [ 2, 2, 2, 2, 0, 2 ], [ 0, 2, 0, 1, 1, 1 ], [ 1, 0, 0, 2, 1, 0 ], [ 1, 0, 0, 0, 2, 1 ] ];4199040
[ [ 2, 0, 0, 1, 1, 1 ], [ 1, 0, 1, 1, 2, 1 ], [ 2, 1, 2, 2, 2, 2 ], [ 1, 0, 0, 1, 2, 2 ], [ 2, 1, 0, 2, 1, 2 ], [ 0, 1, 0, 1, 2, 0 ] ];1399680
[ [ 2, 1, 1, 1, 2, 1 ], [ 1, 2, 2, 2, 2, 0 ], [ 2, 1, 0, 1, 2, 2 ], [ 0, 2, 0, 1, 1, 1 ], [ 1, 1, 1, 2, 1, 1 ], [ 1, 1, 1, 0, 0, 0 ] ];4199040
[ [ 1, 2, 0, 1, 2, 1 ], [ 0, 0, 0, 2, 2, 0 ], [ 1, 1, 2, 2, 1, 2 ], [ 2, 1, 0, 1, 0, 0 ], [ 2, 1, 0, 2, 0, 0 ], [ 0, 1, 2, 2, 0, 2 ] ];4199040
[ [ 2, 0, 0, 1, 2, 0 ], [ 2, 1, 1, 0, 2, 0 ], [ 0, 1, 1, 2, 0, 1 ], [ 1, 2, 0, 1, 2, 1 ], [ 0, 0, 2, 1, 0, 1 ], [ 2, 2, 0, 2, 0, 1 ] ];349920
[ [ 1, 0, 1, 1, 1, 1 ], [ 0, 1, 1, 0, 2, 0 ], [ 0, 1, 2, 2, 0, 2 ], [ 2, 1, 0, 1, 1, 2 ], [ 0, 1, 0, 2, 2, 2 ], [ 1, 2, 0, 0, 1, 2 ] ];349920
[ [ 0, 2, 0, 1, 1, 1 ], [ 0, 0, 2, 2, 2, 2 ], [ 0, 1, 2, 0, 1, 0 ], [ 0, 1, 0, 0, 1, 1 ], [ 0, 1, 0, 0, 0, 0 ], [ 2, 1, 1, 2, 2, 1 ] ];2099520
[ [ 1, 0, 0, 2, 1, 2 ], [ 2, 0, 1, 1, 2, 1 ], [ 0, 2, 2, 0, 2, 0 ], [ 2, 0, 0, 0, 2, 1 ], [ 0, 2, 0, 0, 1, 0 ], [ 2, 0, 0, 0, 1, 2 ] ];699840
[ [ 0, 0, 2, 2, 2, 2 ], [ 2, 1, 0, 0, 1, 0 ], [ 1, 2, 1, 0, 2, 0 ], [ 1, 1, 0, 1, 0, 2 ], [ 1, 2, 2, 0, 1, 0 ], [ 0, 2, 2, 0, 0, 2 ] ];1399680
[ [ 0, 1, 1, 0, 0, 0 ], [ 0, 1, 2, 1, 1, 1 ], [ 2, 0, 2, 2, 2, 2 ], [ 1, 2, 0, 1, 2, 1 ], [ 2, 0, 0, 2, 2, 0 ], [ 1, 0, 1, 1, 0, 0 ] ];2099520
[ [ 0, 0, 1, 1, 0, 1 ], [ 2, 1, 2, 0, 0, 0 ], [ 0, 1, 2, 2, 0, 2 ], [ 2, 0, 0, 1, 1, 2 ], [ 0, 1, 2, 2, 0, 0 ], [ 0, 0, 1, 0, 2, 2 ] ];524880
[ [ 0, 1, 2, 2, 2, 0 ], [ 1, 1, 0, 2, 0, 2 ], [ 1, 2, 2, 2, 0, 2 ], [ 1, 2, 0, 1, 2, 1 ], [ 1, 0, 0, 2, 1, 0 ], [ 0, 2, 1, 0, 0, 1 ] ];699840
[ [ 2, 0, 0, 2, 2, 0 ], [ 1, 1, 0, 2, 1, 1 ], [ 1, 2, 1, 1, 1, 2 ], [ 0, 1, 2, 0, 1, 1 ], [ 2, 2, 2, 2, 2, 0 ], [ 1, 0, 0, 0, 2, 0 ] ];349920
[ [ 2, 0, 0, 1, 2, 0 ], [ 2, 0, 2, 0, 0, 0 ], [ 0, 1, 2, 2, 1, 0 ], [ 2, 2, 0, 1, 0, 1 ], [ 0, 0, 2, 0, 1, 1 ], [ 0, 1, 2, 2, 0, 0 ] ];524880
[ [ 1, 2, 0, 1, 2, 1 ], [ 1, 2, 0, 0, 2, 0 ], [ 2, 1, 2, 0, 1, 0 ], [ 2, 1, 0, 2, 0, 0 ], [ 2, 1, 0, 0, 0, 0 ], [ 2, 0, 2, 0, 1, 2 ] ];2099520
[ [ 0, 2, 0, 1, 1, 1 ], [ 1, 2, 0, 0, 0, 0 ], [ 2, 1, 2, 0, 1, 1 ], [ 2, 1, 0, 0, 2, 0 ], [ 2, 1, 0, 1, 2, 0 ], [ 0, 0, 2, 2, 1, 0 ] ];2099520
[ [ 2, 0, 0, 1, 2, 0 ], [ 1, 0, 2, 1, 2, 0 ], [ 2, 1, 2, 2, 1, 0 ], [ 0, 2, 0, 1, 1, 1 ], [ 0, 0, 2, 0, 2, 1 ], [ 2, 1, 0, 2, 1, 2 ] ];699840
[ [ 1, 0, 0, 1, 1, 0 ], [ 0, 1, 0, 0, 0, 0 ], [ 0, 1, 1, 2, 2, 0 ], [ 0, 2, 1, 2, 0, 2 ], [ 0, 0, 1, 0, 2, 1 ], [ 0, 2, 1, 1, 1, 2 ] ];174960
[ [ 2, 1, 0, 2, 1, 0 ], [ 0, 2, 0, 0, 0, 0 ], [ 0, 2, 0, 2, 2, 2 ], [ 0, 1, 0, 0, 2, 1 ], [ 0, 0, 0, 2, 0, 0 ], [ 0, 0, 1, 1, 1, 2 ] ];174960
[ [ 2, 1, 1, 1, 1, 1 ], [ 2, 2, 2, 0, 2, 0 ], [ 1, 1, 0, 1, 1, 2 ], [ 1, 2, 0, 1, 2, 1 ], [ 1, 1, 1, 2, 0, 1 ], [ 1, 2, 2, 1, 0, 1 ] ];699840
[ [ 2, 1, 2, 0, 2, 2 ], [ 1, 2, 2, 0, 1, 0 ], [ 0, 2, 2, 2, 1, 0 ], [ 0, 2, 0, 2, 1, 0 ], [ 1, 2, 2, 0, 0, 0 ], [ 2, 2, 2, 0, 0, 2 ] ];12597120
[ [ 0, 0, 0, 0, 1, 0 ], [ 1, 2, 2, 0, 2, 1 ], [ 2, 0, 2, 2, 0, 0 ], [ 2, 0, 0, 2, 0, 0 ], [ 2, 2, 2, 0, 1, 0 ], [ 0, 2, 2, 0, 2, 0 ] ];12597120
[ [ 1, 0, 0, 0, 0, 2 ], [ 0, 0, 2, 0, 1, 1 ], [ 1, 1, 2, 2, 2, 1 ], [ 1, 1, 0, 2, 2, 1 ], [ 1, 2, 1, 0, 1, 1 ], [ 2, 2, 2, 0, 1, 1 ] ];12597120
[ [ 1, 0, 1, 0, 2, 1 ], [ 1, 2, 2, 0, 0, 1 ], [ 2, 0, 2, 2, 0, 2 ], [ 2, 0, 0, 2, 0, 2 ], [ 0, 1, 0, 0, 1, 0 ], [ 1, 0, 2, 0, 1, 2 ] ];12597120
[ [ 0, 1, 2, 0, 0, 2 ], [ 2, 0, 2, 1, 1, 0 ], [ 0, 2, 0, 0, 0, 2 ], [ 0, 2, 0, 1, 1, 0 ], [ 2, 2, 2, 2, 1, 0 ], [ 0, 0, 2, 0, 0, 2 ] ];12597120
[ [ 1, 1, 2, 0, 1, 2 ], [ 0, 1, 2, 1, 1, 0 ], [ 1, 2, 1, 2, 0, 1 ], [ 0, 2, 0, 0, 1, 0 ], [ 0, 2, 2, 1, 2, 0 ], [ 1, 1, 2, 2, 0, 2 ] ];12597120
[ [ 0, 0, 0, 0, 1, 0 ], [ 0, 2, 0, 1, 0, 1 ], [ 1, 0, 2, 2, 2, 0 ], [ 2, 1, 2, 2, 0, 0 ], [ 2, 2, 1, 0, 1, 0 ], [ 2, 2, 2, 1, 0, 0 ] ];12597120
[ [ 2, 1, 2, 0, 2, 2 ], [ 2, 1, 0, 2, 0, 0 ], [ 1, 2, 0, 2, 2, 0 ], [ 1, 2, 0, 2, 1, 2 ], [ 1, 2, 0, 0, 0, 0 ], [ 0, 1, 1, 2, 2, 2 ] ];12597120
[ [ 0, 1, 2, 0, 1, 1 ], [ 2, 1, 2, 0, 1, 1 ], [ 0, 0, 2, 2, 1, 0 ], [ 0, 0, 0, 2, 1, 0 ], [ 2, 0, 0, 0, 1, 0 ], [ 2, 0, 2, 0, 2, 1 ] ];12597120
[ [ 1, 0, 0, 2, 0, 2 ], [ 0, 2, 2, 0, 0, 0 ], [ 0, 0, 0, 0, 0, 1 ], [ 1, 1, 0, 1, 2, 1 ], [ 0, 2, 1, 0, 0, 1 ], [ 2, 1, 2, 2, 0, 0 ] ];12597120
[ [ 1, 0, 0, 1, 0, 2 ], [ 0, 1, 2, 2, 2, 2 ], [ 0, 2, 1, 2, 2, 1 ], [ 1, 1, 0, 0, 2, 1 ], [ 2, 2, 1, 0, 2, 1 ], [ 2, 0, 2, 0, 2, 2 ] ];12597120
[ [ 1, 1, 2, 0, 0, 1 ], [ 2, 0, 0, 0, 0, 0 ], [ 0, 0, 2, 2, 1, 0 ], [ 0, 0, 0, 2, 1, 0 ], [ 2, 0, 0, 0, 1, 0 ], [ 1, 0, 2, 0, 2, 1 ] ];12597120
[ [ 2, 1, 1, 0, 2, 1 ], [ 1, 1, 0, 0, 1, 2 ], [ 1, 0, 2, 2, 1, 0 ], [ 1, 0, 0, 2, 1, 0 ], [ 0, 2, 2, 0, 2, 2 ], [ 0, 0, 2, 0, 2, 1 ] ];12597120
[ [ 2, 0, 1, 2, 0, 1 ], [ 2, 2, 2, 0, 2, 0 ], [ 2, 2, 1, 2, 1, 1 ], [ 2, 0, 0, 0, 0, 2 ], [ 0, 1, 0, 2, 1, 0 ], [ 2, 0, 2, 1, 0, 1 ] ];12597120
[ [ 1, 0, 1, 0, 1, 1 ], [ 2, 1, 2, 0, 0, 0 ], [ 1, 0, 2, 2, 2, 0 ], [ 1, 0, 0, 2, 2, 0 ], [ 0, 0, 1, 0, 1, 1 ], [ 1, 2, 1, 0, 2, 0 ] ];12597120
[ [ 2, 1, 2, 1, 0, 0 ], [ 2, 1, 1, 1, 0, 2 ], [ 0, 2, 0, 1, 1, 0 ], [ 1, 0, 0, 2, 2, 0 ], [ 2, 1, 2, 1, 1, 0 ], [ 0, 0, 1, 2, 2, 1 ] ];12597120
[ [ 0, 0, 0, 0, 1, 0 ], [ 2, 1, 1, 0, 2, 1 ], [ 0, 2, 1, 1, 2, 0 ], [ 2, 0, 0, 2, 0, 0 ], [ 0, 2, 2, 2, 0, 0 ], [ 2, 0, 0, 1, 2, 0 ] ];12597120
[ [ 0, 0, 0, 0, 1, 0 ], [ 1, 0, 2, 2, 2, 1 ], [ 0, 1, 1, 1, 1, 0 ], [ 1, 1, 2, 1, 2, 0 ], [ 0, 2, 1, 1, 2, 0 ], [ 2, 0, 1, 0, 1, 0 ] ];12597120
[ [ 2, 0, 0, 0, 1, 1 ], [ 1, 1, 2, 0, 0, 2 ], [ 1, 1, 2, 2, 2, 0 ], [ 1, 1, 0, 2, 2, 0 ], [ 0, 1, 2, 0, 2, 0 ], [ 1, 0, 2, 0, 1, 1 ] ];12597120
[ [ 0, 1, 2, 1, 1, 1 ], [ 0, 0, 2, 2, 0, 2 ], [ 2, 2, 2, 2, 0, 0 ], [ 2, 1, 2, 2, 0, 0 ], [ 0, 1, 1, 0, 2, 0 ], [ 0, 2, 1, 2, 1, 1 ] ];12597120
[ [ 1, 1, 2, 0, 1, 2 ], [ 1, 1, 2, 1, 2, 0 ], [ 2, 2, 1, 2, 2, 0 ], [ 0, 2, 2, 2, 2, 1 ], [ 1, 2, 1, 0, 2, 0 ], [ 2, 1, 1, 1, 2, 0 ] ];12597120
[ [ 1, 1, 2, 2, 2, 1 ], [ 0, 1, 2, 0, 1, 1 ], [ 1, 1, 1, 1, 2, 1 ], [ 0, 0, 0, 2, 1, 0 ], [ 2, 0, 0, 0, 1, 0 ], [ 0, 0, 2, 2, 2, 1 ] ];12597120
[ [ 0, 0, 0, 0, 2, 2 ], [ 0, 1, 1, 0, 2, 1 ], [ 0, 1, 2, 2, 1, 1 ], [ 0, 1, 0, 2, 1, 1 ], [ 1, 2, 1, 0, 1, 1 ], [ 1, 0, 1, 0, 1, 1 ] ];12597120
[ [ 2, 0, 2, 0, 1, 2 ], [ 1, 1, 2, 1, 0, 0 ], [ 1, 1, 1, 2, 2, 1 ], [ 1, 2, 2, 2, 0, 1 ], [ 1, 2, 1, 0, 1, 1 ], [ 1, 0, 1, 1, 1, 0 ] ];12597120
[ [ 0, 0, 1, 1, 0, 1 ], [ 2, 1, 2, 2, 2, 0 ], [ 1, 0, 1, 1, 0, 2 ], [ 1, 0, 0, 2, 2, 0 ], [ 2, 0, 1, 1, 0, 1 ], [ 2, 2, 1, 0, 2, 0 ] ];12597120
[ [ 1, 1, 2, 0, 1, 2 ], [ 1, 1, 0, 2, 2, 1 ], [ 0, 2, 2, 0, 2, 2 ], [ 2, 2, 0, 0, 1, 2 ], [ 1, 2, 0, 2, 1, 0 ], [ 1, 1, 0, 0, 1, 2 ] ];12597120
[ [ 1, 2, 1, 0, 1, 1 ], [ 2, 1, 1, 0, 2, 0 ], [ 0, 1, 1, 1, 2, 0 ], [ 0, 1, 0, 1, 2, 0 ], [ 2, 1, 1, 0, 0, 0 ], [ 1, 1, 1, 0, 0, 1 ] ];12597120
[ [ 0, 0, 0, 0, 2, 0 ], [ 2, 1, 1, 0, 1, 2 ], [ 1, 0, 1, 1, 0, 0 ], [ 1, 0, 0, 1, 0, 0 ], [ 1, 1, 1, 0, 2, 0 ], [ 0, 1, 1, 0, 1, 0 ] ];12597120
[ [ 2, 0, 0, 0, 0, 1 ], [ 0, 0, 1, 0, 2, 2 ], [ 2, 2, 1, 1, 1, 2 ], [ 2, 2, 0, 1, 1, 2 ], [ 2, 1, 2, 0, 2, 2 ], [ 1, 1, 1, 0, 2, 2 ] ];12597120
[ [ 2, 0, 2, 0, 1, 2 ], [ 2, 1, 1, 0, 0, 2 ], [ 1, 0, 1, 1, 0, 1 ], [ 1, 0, 0, 1, 0, 1 ], [ 0, 2, 0, 0, 2, 0 ], [ 2, 0, 1, 0, 2, 1 ] ];12597120
[ [ 0, 2, 1, 0, 0, 1 ], [ 1, 0, 1, 2, 2, 0 ], [ 0, 1, 0, 0, 0, 1 ], [ 0, 1, 0, 2, 2, 0 ], [ 1, 1, 1, 1, 2, 0 ], [ 0, 0, 1, 0, 0, 1 ] ];12597120
[ [ 2, 2, 1, 0, 2, 1 ], [ 0, 2, 1, 2, 2, 0 ], [ 2, 1, 2, 1, 0, 2 ], [ 0, 1, 0, 0, 2, 0 ], [ 0, 1, 1, 2, 1, 0 ], [ 2, 2, 1, 1, 0, 1 ] ];12597120
[ [ 0, 0, 0, 0, 2, 0 ], [ 0, 1, 0, 2, 0, 2 ], [ 2, 0, 1, 1, 1, 0 ], [ 1, 2, 1, 1, 0, 0 ], [ 1, 1, 2, 0, 2, 0 ], [ 1, 1, 1, 2, 0, 0 ] ];12597120
[ [ 1, 2, 1, 0, 1, 1 ], [ 1, 2, 0, 1, 0, 0 ], [ 2, 1, 0, 1, 1, 0 ], [ 2, 1, 0, 1, 2, 1 ], [ 2, 1, 0, 0, 0, 0 ], [ 0, 2, 2, 1, 1, 1 ] ];12597120
[ [ 0, 2, 1, 0, 2, 2 ], [ 1, 2, 1, 0, 2, 2 ], [ 0, 0, 1, 1, 2, 0 ], [ 0, 0, 0, 1, 2, 0 ], [ 1, 0, 0, 0, 2, 0 ], [ 1, 0, 1, 0, 1, 2 ] ];12597120
[ [ 2, 0, 0, 1, 0, 1 ], [ 0, 1, 1, 0, 0, 0 ], [ 0, 0, 0, 0, 0, 2 ], [ 2, 2, 0, 2, 1, 2 ], [ 0, 1, 2, 0, 0, 2 ], [ 1, 2, 1, 1, 0, 0 ] ];12597120
[ [ 2, 0, 0, 2, 0, 1 ], [ 0, 2, 1, 1, 1, 1 ], [ 0, 1, 2, 1, 1, 2 ], [ 2, 2, 0, 0, 1, 2 ], [ 1, 1, 2, 0, 1, 2 ], [ 1, 0, 1, 0, 1, 1 ] ];12597120
[ [ 2, 2, 1, 0, 0, 2 ], [ 1, 0, 0, 0, 0, 0 ], [ 0, 0, 1, 1, 2, 0 ], [ 0, 0, 0, 1, 2, 0 ], [ 1, 0, 0, 0, 2, 0 ], [ 2, 0, 1, 0, 1, 2 ] ];12597120
[ [ 1, 2, 2, 0, 1, 2 ], [ 2, 2, 0, 0, 2, 1 ], [ 2, 0, 1, 1, 2, 0 ], [ 2, 0, 0, 1, 2, 0 ], [ 0, 1, 1, 0, 1, 1 ], [ 0, 0, 1, 0, 1, 2 ] ];12597120
[ [ 1, 0, 2, 1, 0, 2 ], [ 1, 1, 1, 0, 1, 0 ], [ 1, 1, 2, 1, 2, 2 ], [ 1, 0, 0, 0, 0, 1 ], [ 0, 2, 0, 1, 2, 0 ], [ 1, 0, 1, 2, 0, 2 ] ];12597120
[ [ 2, 0, 2, 0, 2, 2 ], [ 1, 2, 1, 0, 0, 0 ], [ 2, 0, 1, 1, 1, 0 ], [ 2, 0, 0, 1, 1, 0 ], [ 0, 0, 2, 0, 2, 2 ], [ 2, 1, 2, 0, 1, 0 ] ];12597120
[ [ 1, 2, 1, 2, 0, 0 ], [ 1, 2, 2, 2, 0, 1 ], [ 0, 1, 0, 2, 2, 0 ], [ 2, 0, 0, 1, 1, 0 ], [ 1, 2, 1, 2, 2, 0 ], [ 0, 0, 2, 1, 1, 2 ] ];12597120
[ [ 0, 0, 0, 0, 2, 0 ], [ 1, 2, 2, 0, 1, 2 ], [ 0, 1, 2, 2, 1, 0 ], [ 1, 0, 0, 1, 0, 0 ], [ 0, 1, 1, 1, 0, 0 ], [ 1, 0, 0, 2, 1, 0 ] ];12597120
[ [ 0, 0, 0, 0, 2, 0 ], [ 2, 0, 1, 1, 1, 2 ], [ 0, 2, 2, 2, 2, 0 ], [ 2, 2, 1, 2, 1, 0 ], [ 0, 1, 2, 2, 1, 0 ], [ 1, 0, 2, 0, 2, 0 ] ];12597120
[ [ 1, 0, 0, 0, 2, 2 ], [ 2, 2, 1, 0, 0, 1 ], [ 2, 2, 1, 1, 1, 0 ], [ 2, 2, 0, 1, 1, 0 ], [ 0, 2, 1, 0, 1, 0 ], [ 2, 0, 1, 0, 2, 2 ] ];12597120
[ [ 0, 2, 1, 2, 2, 2 ], [ 0, 0, 1, 1, 0, 1 ], [ 1, 1, 1, 1, 0, 0 ], [ 1, 2, 1, 1, 0, 0 ], [ 0, 2, 2, 0, 1, 0 ], [ 0, 1, 2, 1, 2, 2 ] ];12597120
[ [ 2, 2, 1, 0, 2, 1 ], [ 2, 2, 1, 2, 1, 0 ], [ 1, 1, 2, 1, 1, 0 ], [ 0, 1, 1, 1, 1, 2 ], [ 2, 1, 2, 0, 1, 0 ], [ 1, 2, 2, 2, 1, 0 ] ];12597120
[ [ 2, 2, 1, 1, 1, 2 ], [ 0, 2, 1, 0, 2, 2 ], [ 2, 2, 2, 2, 1, 2 ], [ 0, 0, 0, 1, 2, 0 ], [ 1, 0, 0, 0, 2, 0 ], [ 0, 0, 1, 1, 1, 2 ] ];12597120
[ [ 0, 0, 0, 0, 1, 1 ], [ 0, 2, 2, 0, 1, 2 ], [ 0, 2, 1, 1, 2, 2 ], [ 0, 2, 0, 1, 2, 2 ], [ 2, 1, 2, 0, 2, 2 ], [ 2, 0, 2, 0, 2, 2 ] ];12597120
[ [ 1, 0, 1, 0, 2, 1 ], [ 2, 2, 1, 2, 0, 0 ], [ 2, 2, 2, 1, 1, 2 ], [ 2, 1, 1, 1, 0, 2 ], [ 2, 1, 2, 0, 2, 2 ], [ 2, 0, 2, 2, 2, 0 ] ];12597120
[ [ 0, 0, 2, 2, 0, 2 ], [ 1, 2, 1, 1, 1, 0 ], [ 2, 0, 2, 2, 0, 1 ], [ 2, 0, 0, 1, 1, 0 ], [ 1, 0, 2, 2, 0, 2 ], [ 1, 1, 2, 0, 1, 0 ] ];12597120
[ [ 2, 2, 1, 0, 2, 1 ], [ 2, 2, 0, 1, 1, 2 ], [ 0, 1, 1, 0, 1, 1 ], [ 1, 1, 0, 0, 2, 1 ], [ 2, 1, 0, 1, 2, 0 ], [ 2, 2, 0, 0, 2, 1 ] ];12597120
[ [ 1, 2, 0, 2, 0, 0 ], [ 0, 2, 2, 2, 2, 0 ], [ 0, 1, 2, 1, 1, 1 ], [ 2, 2, 2, 0, 2, 1 ], [ 0, 2, 1, 0, 0, 1 ], [ 1, 0, 2, 1, 1, 2 ] ];12597120
[ [ 2, 1, 1, 2, 1, 2 ], [ 1, 2, 2, 1, 2, 2 ], [ 2, 2, 2, 1, 0, 1 ], [ 0, 0, 2, 0, 0, 1 ], [ 0, 2, 1, 0, 0, 1 ], [ 1, 2, 2, 0, 0, 1 ] ];12597120
[ [ 0, 1, 1, 1, 1, 0 ], [ 1, 2, 2, 1, 1, 0 ], [ 1, 0, 2, 1, 2, 2 ], [ 2, 2, 2, 0, 2, 1 ], [ 0, 2, 0, 1, 1, 2 ], [ 0, 0, 2, 0, 1, 2 ] ];12597120
[ [ 0, 1, 2, 0, 0, 2 ], [ 1, 2, 2, 0, 2, 0 ], [ 2, 2, 2, 1, 0, 0 ], [ 2, 2, 2, 0, 2, 1 ], [ 2, 1, 2, 2, 1, 1 ], [ 1, 0, 2, 2, 0, 2 ] ];12597120
[ [ 1, 2, 0, 1, 0, 0 ], [ 1, 0, 0, 1, 0, 2 ], [ 1, 2, 0, 1, 1, 2 ], [ 0, 2, 2, 0, 0, 1 ], [ 2, 2, 1, 0, 2, 1 ], [ 2, 1, 0, 0, 2, 1 ] ];12597120
[ [ 1, 2, 0, 0, 0, 0 ], [ 0, 1, 1, 0, 2, 1 ], [ 0, 0, 1, 2, 2, 0 ], [ 1, 2, 2, 0, 1, 1 ], [ 1, 2, 1, 0, 1, 1 ], [ 1, 2, 1, 2, 1, 0 ] ];12597120
[ [ 1, 1, 1, 2, 0, 2 ], [ 2, 0, 1, 0, 2, 1 ], [ 0, 2, 2, 1, 1, 1 ], [ 2, 0, 1, 1, 0, 1 ], [ 0, 2, 1, 0, 0, 1 ], [ 1, 0, 0, 2, 2, 0 ] ];12597120
[ [ 2, 2, 1, 2, 1, 0 ], [ 0, 0, 0, 0, 0, 1 ], [ 2, 1, 0, 1, 0, 1 ], [ 1, 0, 1, 2, 0, 2 ], [ 0, 2, 1, 0, 0, 1 ], [ 2, 1, 0, 2, 0, 0 ] ];12597120
[ [ 2, 1, 0, 1, 0, 2 ], [ 0, 2, 2, 0, 2, 1 ], [ 0, 2, 2, 1, 1, 1 ], [ 0, 1, 2, 0, 0, 0 ], [ 2, 2, 2, 1, 0, 1 ], [ 1, 1, 2, 2, 1, 1 ] ];12597120
[ [ 2, 1, 1, 2, 0, 0 ], [ 2, 0, 0, 0, 2, 2 ], [ 1, 0, 0, 1, 1, 1 ], [ 0, 2, 2, 0, 0, 1 ], [ 0, 2, 0, 2, 1, 2 ], [ 1, 1, 0, 2, 2, 1 ] ];12597120
[ [ 1, 1, 1, 0, 2, 0 ], [ 1, 1, 1, 2, 1, 1 ], [ 2, 0, 1, 2, 1, 0 ], [ 1, 2, 2, 0, 1, 1 ], [ 0, 2, 0, 0, 1, 2 ], [ 0, 2, 1, 1, 1, 0 ] ];12597120
[ [ 0, 1, 0, 1, 1, 2 ], [ 2, 1, 2, 2, 0, 2 ], [ 2, 2, 2, 1, 0, 1 ], [ 1, 1, 2, 0, 0, 0 ], [ 1, 2, 2, 1, 2, 1 ], [ 0, 0, 1, 0, 2, 2 ] ];12597120
[ [ 2, 1, 0, 2, 0, 0 ], [ 1, 1, 0, 2, 2, 2 ], [ 1, 1, 2, 1, 1, 0 ], [ 0, 2, 2, 0, 0, 1 ], [ 2, 0, 2, 2, 0, 0 ], [ 0, 2, 2, 2, 1, 2 ] ];12597120
[ [ 2, 1, 2, 0, 2, 2 ], [ 1, 1, 1, 1, 2, 1 ], [ 1, 0, 1, 2, 0, 0 ], [ 1, 2, 2, 0, 1, 1 ], [ 1, 1, 2, 0, 0, 1 ], [ 1, 2, 1, 0, 0, 0 ] ];12597120
[ [ 1, 1, 2, 0, 1, 2 ], [ 2, 2, 1, 0, 1, 0 ], [ 0, 2, 2, 1, 1, 1 ], [ 0, 2, 2, 0, 2, 2 ], [ 2, 2, 0, 2, 1, 1 ], [ 1, 0, 0, 1, 1, 1 ] ];12597120
[ [ 2, 1, 0, 1, 0, 2 ], [ 2, 2, 2, 1, 1, 0 ], [ 0, 2, 0, 2, 2, 1 ], [ 1, 1, 2, 2, 1, 1 ], [ 2, 2, 1, 0, 2, 1 ], [ 2, 1, 2, 1, 2, 2 ] ];12597120
[ [ 2, 1, 1, 2, 1, 2 ], [ 1, 1, 1, 1, 2, 2 ], [ 2, 2, 1, 0, 2, 1 ], [ 0, 0, 2, 1, 2, 1 ], [ 1, 2, 1, 0, 1, 1 ], [ 2, 1, 0, 1, 1, 1 ] ];12597120
[ [ 2, 1, 1, 2, 1, 2 ], [ 0, 0, 2, 2, 1, 2 ], [ 2, 2, 0, 2, 1, 1 ], [ 0, 0, 1, 0, 1, 1 ], [ 1, 2, 1, 0, 1, 1 ], [ 1, 0, 1, 2, 0, 1 ] ];12597120
[ [ 0, 1, 1, 1, 1, 1 ], [ 2, 2, 2, 0, 2, 1 ], [ 1, 0, 2, 1, 2, 1 ], [ 1, 2, 2, 0, 1, 1 ], [ 0, 2, 1, 0, 0, 1 ], [ 1, 0, 2, 2, 2, 0 ] ];12597120
[ [ 2, 1, 0, 0, 2, 0 ], [ 2, 1, 0, 1, 0, 2 ], [ 0, 2, 2, 1, 1, 1 ], [ 2, 0, 1, 1, 0, 1 ], [ 0, 2, 1, 0, 0, 1 ], [ 2, 0, 2, 0, 1, 1 ] ];12597120
[ [ 0, 2, 2, 2, 1, 0 ], [ 2, 2, 2, 1, 0, 1 ], [ 2, 1, 1, 1, 2, 1 ], [ 2, 1, 2, 1, 1, 0 ], [ 1, 2, 1, 0, 1, 1 ], [ 0, 2, 2, 1, 1, 2 ] ];12597120
[ [ 2, 1, 0, 1, 0, 2 ], [ 0, 1, 0, 2, 2, 1 ], [ 0, 2, 1, 0, 0, 1 ], [ 1, 1, 2, 1, 1, 0 ], [ 0, 2, 2, 1, 1, 1 ], [ 1, 0, 0, 0, 1, 1 ] ];12597120
[ [ 1, 1, 1, 1, 2, 0 ], [ 1, 2, 1, 2, 2, 1 ], [ 0, 0, 2, 1, 1, 2 ], [ 2, 2, 2, 0, 2, 1 ], [ 1, 2, 0, 1, 2, 2 ], [ 0, 0, 1, 1, 2, 0 ] ];12597120
[ [ 0, 1, 2, 1, 1, 0 ], [ 0, 2, 0, 2, 1, 0 ], [ 0, 0, 1, 1, 1, 2 ], [ 2, 2, 2, 1, 0, 2 ], [ 0, 2, 1, 1, 1, 2 ], [ 1, 0, 0, 1, 0, 2 ] ];12597120
[ [ 2, 1, 2, 0, 2, 2 ], [ 0, 0, 2, 1, 0, 1 ], [ 2, 2, 1, 0, 2, 1 ], [ 1, 2, 2, 1, 0, 2 ], [ 2, 2, 0, 2, 1, 1 ], [ 0, 1, 1, 1, 1, 2 ] ];12597120
[ [ 1, 2, 1, 1, 1, 0 ], [ 2, 2, 0, 0, 1, 0 ], [ 0, 2, 2, 1, 2, 2 ], [ 1, 0, 1, 1, 1, 2 ], [ 1, 2, 1, 0, 1, 1 ], [ 1, 1, 2, 0, 1, 0 ] ];12597120
[ [ 2, 1, 0, 1, 0, 0 ], [ 0, 1, 1, 1, 1, 0 ], [ 0, 2, 1, 2, 2, 2 ], [ 1, 1, 1, 0, 1, 2 ], [ 0, 1, 2, 0, 0, 2 ], [ 2, 0, 1, 2, 2, 1 ] ];12597120
[ [ 1, 2, 2, 1, 2, 1 ], [ 2, 1, 1, 2, 1, 1 ], [ 1, 1, 1, 2, 0, 2 ], [ 0, 0, 1, 0, 0, 2 ], [ 0, 1, 2, 0, 0, 2 ], [ 2, 1, 1, 0, 0, 2 ] ];12597120
[ [ 0, 2, 2, 2, 2, 0 ], [ 2, 1, 1, 2, 2, 0 ], [ 2, 0, 1, 2, 1, 1 ], [ 1, 1, 1, 0, 1, 2 ], [ 0, 1, 0, 2, 2, 1 ], [ 0, 0, 1, 0, 2, 1 ] ];12597120
[ [ 0, 2, 1, 0, 0, 1 ], [ 2, 1, 1, 0, 1, 0 ], [ 1, 1, 1, 2, 0, 0 ], [ 1, 1, 1, 0, 1, 2 ], [ 1, 2, 1, 1, 2, 2 ], [ 2, 0, 1, 1, 0, 1 ] ];12597120
[ [ 2, 1, 0, 2, 0, 0 ], [ 2, 0, 0, 2, 0, 1 ], [ 2, 1, 0, 2, 2, 1 ], [ 0, 1, 1, 0, 0, 2 ], [ 1, 1, 2, 0, 1, 2 ], [ 1, 2, 0, 0, 1, 2 ] ];12597120
[ [ 2, 1, 0, 0, 0, 0 ], [ 0, 2, 2, 0, 1, 2 ], [ 0, 0, 2, 1, 1, 0 ], [ 2, 1, 1, 0, 2, 2 ], [ 2, 1, 2, 0, 2, 2 ], [ 2, 1, 2, 1, 2, 0 ] ];12597120
[ [ 2, 2, 2, 1, 0, 1 ], [ 1, 0, 2, 0, 1, 2 ], [ 0, 1, 1, 2, 2, 2 ], [ 1, 0, 2, 2, 0, 2 ], [ 0, 1, 2, 0, 0, 2 ], [ 2, 0, 0, 1, 1, 0 ] ];12597120
[ [ 1, 1, 2, 1, 2, 0 ], [ 0, 0, 0, 0, 0, 2 ], [ 1, 2, 0, 2, 0, 2 ], [ 2, 0, 2, 1, 0, 1 ], [ 0, 1, 2, 0, 0, 2 ], [ 1, 2, 0, 1, 0, 0 ] ];12597120
[ [ 1, 2, 0, 2, 0, 1 ], [ 0, 1, 1, 0, 1, 2 ], [ 0, 1, 1, 2, 2, 2 ], [ 0, 2, 1, 0, 0, 0 ], [ 1, 1, 1, 2, 0, 2 ], [ 2, 2, 1, 1, 2, 2 ] ];12597120
[ [ 1, 2, 2, 1, 0, 0 ], [ 1, 0, 0, 0, 1, 1 ], [ 2, 0, 0, 2, 2, 2 ], [ 0, 1, 1, 0, 0, 2 ], [ 0, 1, 0, 1, 2, 1 ], [ 2, 2, 0, 1, 1, 2 ] ];12597120
[ [ 2, 2, 2, 0, 1, 0 ], [ 2, 2, 2, 1, 2, 2 ], [ 1, 0, 2, 1, 2, 0 ], [ 2, 1, 1, 0, 2, 2 ], [ 0, 1, 0, 0, 2, 1 ], [ 0, 1, 2, 2, 2, 0 ] ];12597120
[ [ 0, 2, 0, 2, 2, 1 ], [ 1, 2, 1, 1, 0, 1 ], [ 1, 1, 1, 2, 0, 2 ], [ 2, 2, 1, 0, 0, 0 ], [ 2, 1, 1, 2, 1, 2 ], [ 0, 0, 2, 0, 1, 1 ] ];12597120
[ [ 1, 2, 0, 1, 0, 0 ], [ 2, 2, 0, 1, 1, 1 ], [ 2, 2, 1, 2, 2, 0 ], [ 0, 1, 1, 0, 0, 2 ], [ 1, 0, 1, 1, 0, 0 ], [ 0, 1, 1, 1, 2, 1 ] ];12597120
[ [ 1, 2, 1, 0, 1, 1 ], [ 2, 2, 2, 2, 1, 2 ], [ 2, 0, 2, 1, 0, 0 ], [ 2, 1, 1, 0, 2, 2 ], [ 2, 2, 1, 0, 0, 2 ], [ 2, 1, 2, 0, 0, 0 ] ];12597120
[ [ 2, 2, 1, 0, 2, 1 ], [ 1, 1, 2, 0, 2, 0 ], [ 0, 1, 1, 2, 2, 2 ], [ 0, 1, 1, 0, 1, 1 ], [ 1, 1, 0, 1, 2, 2 ], [ 2, 0, 0, 2, 2, 2 ] ];12597120
[ [ 1, 2, 0, 2, 0, 1 ], [ 1, 1, 1, 2, 2, 0 ], [ 0, 1, 0, 1, 1, 2 ], [ 2, 2, 1, 1, 2, 2 ], [ 1, 1, 2, 0, 1, 2 ], [ 1, 2, 1, 2, 1, 1 ] ];12597120
[ [ 1, 2, 2, 1, 2, 1 ], [ 2, 2, 2, 2, 1, 1 ], [ 1, 1, 2, 0, 1, 2 ], [ 0, 0, 1, 2, 1, 2 ], [ 2, 1, 2, 0, 2, 2 ], [ 1, 2, 0, 2, 2, 2 ] ];12597120
[ [ 1, 2, 2, 1, 2, 1 ], [ 0, 0, 1, 1, 2, 1 ], [ 1, 1, 0, 1, 2, 2 ], [ 0, 0, 2, 0, 2, 2 ], [ 2, 1, 2, 0, 2, 2 ], [ 2, 0, 2, 1, 0, 2 ] ];12597120
[ [ 0, 2, 2, 2, 2, 2 ], [ 1, 1, 1, 0, 1, 2 ], [ 2, 0, 1, 2, 1, 2 ], [ 2, 1, 1, 0, 2, 2 ], [ 0, 1, 2, 0, 0, 2 ], [ 2, 0, 1, 1, 1, 0 ] ];12597120
[ [ 1, 2, 0, 0, 1, 0 ], [ 1, 2, 0, 2, 0, 1 ], [ 0, 1, 1, 2, 2, 2 ], [ 1, 0, 2, 2, 0, 2 ], [ 0, 1, 2, 0, 0, 2 ], [ 1, 0, 1, 0, 2, 2 ] ];12597120
[ [ 0, 1, 1, 1, 2, 0 ], [ 1, 1, 1, 2, 0, 2 ], [ 1, 2, 2, 2, 1, 2 ], [ 1, 2, 1, 2, 2, 0 ], [ 2, 1, 2, 0, 2, 2 ], [ 0, 1, 1, 2, 2, 1 ] ];12597120
[ [ 1, 2, 0, 2, 0, 1 ], [ 0, 2, 0, 1, 1, 2 ], [ 0, 1, 2, 0, 0, 2 ], [ 2, 2, 1, 2, 2, 0 ], [ 0, 1, 1, 2, 2, 2 ], [ 2, 0, 0, 0, 2, 2 ] ];12597120
[ [ 2, 2, 2, 2, 1, 0 ], [ 2, 1, 2, 1, 1, 2 ], [ 0, 0, 1, 2, 2, 1 ], [ 1, 1, 1, 0, 1, 2 ], [ 2, 1, 0, 2, 1, 1 ], [ 0, 0, 2, 2, 1, 0 ] ];12597120
[ [ 0, 2, 1, 2, 2, 0 ], [ 0, 1, 0, 1, 2, 0 ], [ 0, 0, 2, 2, 2, 1 ], [ 1, 1, 1, 2, 0, 1 ], [ 0, 1, 2, 2, 2, 1 ], [ 2, 0, 0, 2, 0, 1 ] ];12597120
[ [ 1, 2, 1, 0, 1, 1 ], [ 0, 0, 1, 2, 0, 2 ], [ 1, 1, 2, 0, 1, 2 ], [ 2, 1, 1, 2, 0, 1 ], [ 1, 1, 0, 1, 2, 2 ], [ 0, 2, 2, 2, 2, 1 ] ];12597120
[ [ 2, 1, 2, 2, 2, 0 ], [ 1, 1, 0, 0, 2, 0 ], [ 0, 1, 1, 2, 1, 1 ], [ 2, 0, 2, 2, 2, 1 ], [ 2, 1, 2, 0, 2, 2 ], [ 2, 2, 1, 0, 2, 0 ] ];12597120
[ [ 1, 0, 2, 0, 0, 2 ], [ 2, 1, 1, 2, 2, 2 ], [ 1, 0, 0, 0, 0, 2 ], [ 0, 2, 1, 1, 2, 2 ], [ 1, 1, 0, 0, 2, 0 ], [ 2, 0, 2, 0, 0, 0 ] ];4199040
[ [ 2, 0, 1, 2, 1, 2 ], [ 0, 1, 1, 0, 0, 1 ], [ 2, 0, 0, 0, 1, 2 ], [ 1, 1, 1, 1, 0, 2 ], [ 1, 2, 0, 0, 2, 0 ], [ 0, 0, 2, 1, 1, 2 ] ];12597120
[ [ 2, 0, 1, 0, 1, 2 ], [ 0, 0, 2, 0, 1, 0 ], [ 0, 2, 0, 0, 2, 0 ], [ 2, 0, 1, 1, 1, 1 ], [ 0, 1, 1, 0, 1, 0 ], [ 1, 2, 0, 1, 0, 1 ] ];699840
[ [ 0, 0, 0, 0, 2, 2 ], [ 0, 2, 0, 1, 2, 1 ], [ 2, 1, 0, 0, 1, 1 ], [ 1, 1, 1, 1, 0, 0 ], [ 2, 1, 2, 0, 0, 0 ], [ 2, 1, 1, 2, 2, 2 ] ];4199040
[ [ 2, 0, 2, 2, 1, 2 ], [ 2, 2, 0, 0, 0, 0 ], [ 1, 1, 2, 2, 0, 1 ], [ 2, 2, 1, 2, 1, 2 ], [ 1, 1, 0, 1, 2, 0 ], [ 1, 1, 1, 1, 0, 1 ] ];1399680
[ [ 0, 0, 2, 1, 2, 2 ], [ 1, 0, 2, 2, 0, 1 ], [ 0, 2, 1, 1, 2, 0 ], [ 1, 2, 1, 0, 0, 2 ], [ 1, 1, 0, 2, 2, 0 ], [ 2, 2, 0, 0, 2, 2 ] ];12597120
[ [ 1, 0, 1, 2, 0, 2 ], [ 1, 2, 0, 1, 1, 2 ], [ 1, 0, 0, 0, 0, 2 ], [ 1, 1, 1, 1, 0, 2 ], [ 0, 2, 0, 0, 1, 0 ], [ 1, 1, 1, 2, 2, 0 ] ];4199040
[ [ 0, 0, 1, 2, 0, 2 ], [ 0, 0, 1, 0, 0, 1 ], [ 0, 0, 0, 0, 0, 2 ], [ 2, 1, 1, 1, 1, 2 ], [ 1, 2, 0, 0, 0, 0 ], [ 0, 1, 0, 0, 0, 1 ] ];466560
[ [ 1, 0, 0, 0, 0, 2 ], [ 1, 1, 2, 2, 0, 1 ], [ 1, 0, 1, 0, 0, 2 ], [ 1, 0, 2, 1, 0, 1 ], [ 1, 1, 2, 0, 2, 0 ], [ 0, 0, 0, 0, 0, 2 ] ];2099520
[ [ 1, 2, 2, 1, 0, 1 ], [ 1, 2, 2, 1, 2, 0 ], [ 1, 2, 0, 0, 0, 0 ], [ 0, 1, 1, 1, 2, 2 ], [ 2, 1, 2, 1, 0, 0 ], [ 2, 1, 0, 2, 1, 1 ] ];4199040
[ [ 0, 0, 1, 1, 2, 2 ], [ 2, 0, 0, 0, 2, 1 ], [ 2, 1, 1, 1, 1, 1 ], [ 0, 0, 1, 0, 2, 1 ], [ 1, 1, 1, 2, 2, 0 ], [ 1, 2, 1, 1, 2, 2 ] ];12597120
[ [ 0, 2, 2, 1, 2, 1 ], [ 0, 0, 0, 0, 0, 2 ], [ 0, 2, 0, 0, 0, 0 ], [ 1, 1, 1, 1, 0, 2 ], [ 0, 1, 2, 1, 0, 0 ], [ 0, 2, 2, 0, 0, 1 ] ];1399680
[ [ 1, 2, 1, 2, 0, 0 ], [ 1, 1, 1, 1, 2, 0 ], [ 2, 1, 0, 0, 0, 2 ], [ 2, 2, 1, 1, 2, 0 ], [ 0, 0, 1, 2, 0, 1 ], [ 2, 2, 0, 2, 1, 2 ] ];4199040
[ [ 0, 0, 0, 1, 2, 2 ], [ 2, 0, 1, 1, 0, 1 ], [ 1, 0, 1, 1, 0, 2 ], [ 2, 1, 1, 0, 1, 0 ], [ 1, 1, 2, 2, 2, 0 ], [ 2, 2, 2, 2, 1, 2 ] ];4199040
[ [ 1, 0, 1, 1, 0, 2 ], [ 2, 0, 0, 1, 0, 2 ], [ 1, 2, 1, 2, 0, 1 ], [ 0, 1, 1, 1, 2, 2 ], [ 1, 2, 0, 2, 2, 0 ], [ 1, 2, 1, 2, 0, 0 ] ];1399680
[ [ 0, 0, 1, 0, 1, 1 ], [ 2, 1, 1, 1, 0, 0 ], [ 2, 1, 0, 0, 2, 2 ], [ 1, 2, 1, 1, 0, 2 ], [ 1, 2, 0, 0, 0, 0 ], [ 0, 1, 0, 1, 1, 0 ] ];2099520
[ [ 2, 0, 2, 0, 0, 2 ], [ 1, 2, 2, 2, 2, 0 ], [ 2, 0, 0, 0, 0, 2 ], [ 0, 2, 1, 1, 0, 2 ], [ 2, 1, 0, 0, 1, 0 ], [ 1, 0, 1, 0, 0, 2 ] ];4199040
[ [ 2, 0, 2, 0, 1, 2 ], [ 0, 2, 0, 0, 0, 0 ], [ 0, 2, 1, 0, 2, 0 ], [ 0, 1, 2, 1, 2, 0 ], [ 0, 1, 0, 0, 1, 0 ], [ 0, 1, 1, 1, 1, 1 ] ];233280
[ [ 1, 0, 2, 0, 2, 1 ], [ 0, 1, 1, 2, 0, 1 ], [ 1, 0, 0, 0, 2, 1 ], [ 1, 2, 1, 1, 1, 0 ], [ 0, 2, 2, 0, 2, 0 ], [ 1, 2, 0, 0, 2, 0 ] ];2099520
[ [ 0, 2, 2, 1, 2, 1 ], [ 2, 2, 0, 0, 2, 2 ], [ 2, 2, 1, 2, 1, 1 ], [ 0, 1, 2, 1, 2, 1 ], [ 0, 1, 0, 2, 1, 0 ], [ 0, 1, 1, 1, 1, 0 ] ];699840
[ [ 1, 0, 0, 1, 0, 1 ], [ 2, 1, 1, 0, 2, 0 ], [ 2, 2, 1, 2, 1, 1 ], [ 1, 1, 1, 1, 0, 2 ], [ 2, 1, 1, 2, 0, 2 ], [ 0, 0, 2, 1, 1, 1 ] ];1399680
[ [ 1, 0, 1, 0, 1, 0 ], [ 2, 1, 1, 0, 0, 0 ], [ 0, 0, 2, 0, 0, 0 ], [ 2, 0, 1, 2, 0, 1 ], [ 0, 0, 1, 0, 1, 0 ], [ 1, 2, 1, 0, 2, 1 ] ];1399680
[ [ 1, 0, 1, 2, 2, 1 ], [ 2, 0, 2, 0, 2, 2 ], [ 0, 2, 2, 0, 0, 1 ], [ 2, 2, 1, 0, 1, 2 ], [ 1, 2, 0, 1, 0, 0 ], [ 2, 0, 1, 0, 2, 2 ] ];699840
[ [ 1, 2, 0, 2, 2, 1 ], [ 0, 1, 0, 0, 0, 0 ], [ 0, 0, 1, 0, 0, 1 ], [ 0, 1, 2, 1, 0, 0 ], [ 0, 0, 1, 2, 2, 2 ], [ 0, 2, 0, 0, 0, 2 ] ];233280
[ [ 1, 0, 2, 1, 0, 2 ], [ 2, 0, 2, 1, 1, 0 ], [ 0, 1, 2, 1, 2, 1 ], [ 2, 1, 2, 0, 1, 0 ], [ 0, 1, 0, 2, 1, 0 ], [ 0, 2, 0, 2, 0, 1 ] ];699840
[ [ 2, 0, 1, 2, 0, 2 ], [ 2, 1, 1, 0, 1, 0 ], [ 1, 0, 2, 2, 2, 2 ], [ 0, 0, 1, 2, 0, 1 ], [ 0, 1, 1, 1, 2, 0 ], [ 1, 2, 0, 1, 1, 2 ] ];699840
[ [ 2, 0, 1, 0, 0, 1 ], [ 1, 2, 2, 1, 1, 1 ], [ 2, 0, 0, 0, 0, 1 ], [ 0, 1, 2, 2, 1, 1 ], [ 2, 2, 0, 0, 1, 0 ], [ 1, 0, 1, 0, 0, 0 ] ];4199040
[ [ 1, 0, 2, 1, 2, 1 ], [ 0, 2, 2, 0, 0, 2 ], [ 1, 0, 0, 0, 2, 1 ], [ 2, 2, 2, 2, 0, 1 ], [ 2, 1, 0, 0, 1, 0 ], [ 0, 0, 1, 2, 2, 1 ] ];12597120
[ [ 1, 0, 2, 0, 2, 1 ], [ 0, 0, 1, 0, 2, 0 ], [ 0, 1, 0, 0, 1, 0 ], [ 1, 0, 2, 2, 2, 2 ], [ 0, 2, 2, 0, 2, 0 ], [ 2, 1, 0, 2, 0, 2 ] ];699840
[ [ 0, 0, 0, 0, 1, 1 ], [ 0, 1, 0, 2, 1, 2 ], [ 1, 2, 0, 0, 2, 2 ], [ 2, 2, 2, 2, 0, 0 ], [ 1, 2, 1, 0, 0, 0 ], [ 1, 2, 2, 1, 1, 1 ] ];4199040
[ [ 1, 0, 1, 1, 2, 1 ], [ 1, 1, 0, 0, 0, 0 ], [ 2, 2, 1, 1, 0, 2 ], [ 1, 1, 2, 1, 2, 1 ], [ 2, 2, 0, 2, 1, 0 ], [ 2, 2, 2, 2, 0, 2 ] ];1399680
[ [ 0, 0, 1, 2, 1, 1 ], [ 2, 0, 1, 1, 0, 2 ], [ 0, 1, 2, 2, 1, 0 ], [ 2, 1, 2, 0, 0, 1 ], [ 2, 2, 0, 1, 1, 0 ], [ 1, 1, 0, 0, 1, 1 ] ];12597120
[ [ 2, 0, 2, 1, 0, 1 ], [ 2, 1, 0, 2, 2, 1 ], [ 2, 0, 0, 0, 0, 1 ], [ 2, 2, 2, 2, 0, 1 ], [ 0, 1, 0, 0, 2, 0 ], [ 2, 2, 2, 1, 1, 0 ] ];4199040
[ [ 0, 0, 2, 1, 0, 1 ], [ 0, 0, 2, 0, 0, 2 ], [ 0, 0, 0, 0, 0, 1 ], [ 1, 2, 2, 2, 2, 1 ], [ 2, 1, 0, 0, 0, 0 ], [ 0, 2, 0, 0, 0, 2 ] ];466560
[ [ 2, 0, 0, 0, 0, 1 ], [ 2, 2, 1, 1, 0, 2 ], [ 2, 0, 2, 0, 0, 1 ], [ 2, 0, 1, 2, 0, 2 ], [ 2, 2, 1, 0, 1, 0 ], [ 0, 0, 0, 0, 0, 1 ] ];2099520
[ [ 2, 1, 1, 2, 0, 2 ], [ 2, 1, 1, 2, 1, 0 ], [ 2, 1, 0, 0, 0, 0 ], [ 0, 2, 2, 2, 1, 1 ], [ 1, 2, 1, 2, 0, 0 ], [ 1, 2, 0, 1, 2, 2 ] ];4199040
[ [ 0, 0, 2, 2, 1, 1 ], [ 1, 0, 0, 0, 1, 2 ], [ 1, 2, 2, 2, 2, 2 ], [ 0, 0, 2, 0, 1, 2 ], [ 2, 2, 2, 1, 1, 0 ], [ 2, 1, 2, 2, 1, 1 ] ];12597120
[ [ 0, 1, 1, 2, 1, 2 ], [ 0, 0, 0, 0, 0, 1 ], [ 0, 1, 0, 0, 0, 0 ], [ 2, 2, 2, 2, 0, 1 ], [ 0, 2, 1, 2, 0, 0 ], [ 0, 1, 1, 0, 0, 2 ] ];1399680
[ [ 2, 1, 2, 1, 0, 0 ], [ 2, 2, 2, 2, 1, 0 ], [ 1, 2, 0, 0, 0, 1 ], [ 1, 1, 2, 2, 1, 0 ], [ 0, 0, 2, 1, 0, 2 ], [ 1, 1, 0, 1, 2, 1 ] ];4199040
[ [ 0, 0, 0, 2, 1, 1 ], [ 1, 0, 2, 2, 0, 2 ], [ 2, 0, 2, 2, 0, 1 ], [ 1, 2, 2, 0, 2, 0 ], [ 2, 2, 1, 1, 1, 0 ], [ 1, 1, 1, 1, 2, 1 ] ];4199040
[ [ 2, 0, 2, 2, 0, 1 ], [ 1, 0, 0, 2, 0, 1 ], [ 2, 1, 2, 1, 0, 2 ], [ 0, 2, 2, 2, 1, 1 ], [ 2, 1, 0, 1, 1, 0 ], [ 2, 1, 2, 1, 0, 0 ] ];1399680
[ [ 0, 0, 2, 0, 2, 2 ], [ 1, 2, 2, 2, 0, 0 ], [ 1, 2, 0, 0, 1, 1 ], [ 2, 1, 2, 2, 0, 1 ], [ 2, 1, 0, 0, 0, 0 ], [ 0, 2, 0, 2, 2, 0 ] ];2099520
[ [ 1, 0, 1, 0, 0, 1 ], [ 2, 1, 1, 1, 1, 0 ], [ 1, 0, 0, 0, 0, 1 ], [ 0, 1, 2, 2, 0, 1 ], [ 1, 2, 0, 0, 2, 0 ], [ 2, 0, 2, 0, 0, 1 ] ];4199040
[ [ 1, 0, 1, 0, 2, 1 ], [ 0, 1, 0, 0, 0, 0 ], [ 0, 1, 2, 0, 1, 0 ], [ 0, 2, 1, 2, 1, 0 ], [ 0, 2, 0, 0, 2, 0 ], [ 0, 2, 2, 2, 2, 2 ] ];233280
[ [ 2, 0, 1, 0, 1, 2 ], [ 0, 2, 2, 1, 0, 2 ], [ 2, 0, 0, 0, 1, 2 ], [ 2, 1, 2, 2, 2, 0 ], [ 0, 1, 1, 0, 1, 0 ], [ 2, 1, 0, 0, 1, 0 ] ];2099520
[ [ 0, 1, 1, 2, 1, 2 ], [ 1, 1, 0, 0, 1, 1 ], [ 1, 1, 2, 1, 2, 2 ], [ 0, 2, 1, 2, 1, 2 ], [ 0, 2, 0, 1, 2, 0 ], [ 0, 2, 2, 2, 2, 0 ] ];699840
[ [ 2, 0, 0, 2, 0, 2 ], [ 1, 2, 2, 0, 1, 0 ], [ 1, 1, 2, 1, 2, 2 ], [ 2, 2, 2, 2, 0, 1 ], [ 1, 2, 2, 1, 0, 1 ], [ 0, 0, 1, 2, 2, 2 ] ];1399680
[ [ 2, 0, 2, 0, 2, 0 ], [ 1, 2, 2, 0, 0, 0 ], [ 0, 0, 1, 0, 0, 0 ], [ 1, 0, 2, 1, 0, 2 ], [ 0, 0, 2, 0, 2, 0 ], [ 2, 1, 2, 0, 1, 2 ] ];1399680
[ [ 2, 0, 2, 1, 1, 2 ], [ 1, 0, 1, 0, 1, 1 ], [ 0, 1, 1, 0, 0, 2 ], [ 1, 1, 2, 0, 2, 1 ], [ 2, 1, 0, 2, 0, 0 ], [ 1, 0, 2, 0, 1, 1 ] ];699840
[ [ 2, 1, 0, 1, 1, 2 ], [ 0, 2, 0, 0, 0, 0 ], [ 0, 0, 2, 0, 0, 2 ], [ 0, 2, 1, 2, 0, 0 ], [ 0, 0, 2, 1, 1, 1 ], [ 0, 1, 0, 0, 0, 1 ] ];233280
[ [ 2, 0, 1, 2, 0, 1 ], [ 1, 0, 1, 2, 2, 0 ], [ 0, 2, 1, 2, 1, 2 ], [ 1, 2, 1, 0, 2, 0 ], [ 0, 2, 0, 1, 2, 0 ], [ 0, 1, 0, 1, 0, 2 ] ];699840
[ [ 1, 0, 2, 1, 0, 1 ], [ 1, 2, 2, 0, 2, 0 ], [ 2, 0, 1, 1, 1, 1 ], [ 0, 0, 2, 1, 0, 2 ], [ 0, 2, 2, 2, 1, 0 ], [ 2, 1, 0, 2, 2, 1 ] ];699840
[ [ 1, 0, 2, 0, 0, 2 ], [ 2, 1, 1, 1, 1, 2 ], [ 2, 0, 1, 0, 0, 0 ], [ 0, 2, 0, 0, 1, 1 ], [ 1, 1, 1, 1, 0, 2 ], [ 1, 0, 1, 0, 0, 2 ] ];4199040
[ [ 0, 2, 0, 0, 0, 0 ], [ 1, 0, 0, 2, 0, 2 ], [ 0, 1, 1, 0, 1, 0 ], [ 0, 2, 0, 0, 1, 1 ], [ 0, 0, 1, 1, 2, 2 ], [ 0, 1, 0, 1, 2, 2 ] ];12597120
[ [ 0, 2, 2, 1, 0, 2 ], [ 0, 2, 1, 0, 2, 0 ], [ 0, 0, 1, 0, 1, 0 ], [ 1, 2, 0, 0, 2, 1 ], [ 0, 1, 1, 0, 1, 0 ], [ 2, 0, 1, 2, 1, 1 ] ];699840
[ [ 1, 2, 2, 2, 2, 1 ], [ 1, 1, 1, 2, 0, 0 ], [ 1, 0, 1, 0, 2, 0 ], [ 2, 2, 0, 0, 0, 1 ], [ 0, 0, 1, 2, 0, 2 ], [ 0, 1, 1, 1, 2, 2 ] ];4199040
[ [ 2, 0, 2, 2, 1, 2 ], [ 1, 2, 1, 1, 2, 1 ], [ 0, 1, 1, 0, 2, 1 ], [ 0, 2, 0, 0, 1, 1 ], [ 0, 1, 1, 1, 2, 2 ], [ 0, 1, 1, 2, 1, 1 ] ];1399680
[ [ 0, 0, 2, 1, 2, 2 ], [ 0, 0, 1, 1, 0, 0 ], [ 1, 2, 1, 1, 1, 2 ], [ 0, 2, 0, 0, 1, 1 ], [ 2, 1, 1, 1, 1, 2 ], [ 2, 2, 1, 1, 2, 0 ] ];12597120
[ [ 2, 2, 0, 0, 2, 0 ], [ 2, 1, 2, 1, 2, 0 ], [ 1, 1, 1, 0, 2, 0 ], [ 0, 2, 0, 0, 1, 1 ], [ 2, 0, 1, 1, 1, 2 ], [ 2, 2, 2, 0, 2, 0 ] ];4199040
[ [ 0, 2, 0, 0, 1, 0 ], [ 0, 0, 1, 0, 0, 1 ], [ 0, 1, 1, 0, 0, 0 ], [ 2, 2, 0, 0, 0, 1 ], [ 1, 0, 1, 1, 1, 2 ], [ 0, 0, 2, 0, 0, 0 ] ];466560
[ [ 1, 0, 0, 0, 0, 2 ], [ 0, 1, 2, 1, 0, 2 ], [ 2, 0, 1, 0, 0, 0 ], [ 1, 0, 1, 1, 0, 2 ], [ 0, 1, 1, 1, 2, 2 ], [ 0, 0, 0, 0, 0, 2 ] ];2099520
[ [ 2, 1, 1, 1, 1, 2 ], [ 2, 1, 0, 1, 1, 2 ], [ 1, 2, 1, 0, 2, 2 ], [ 1, 2, 0, 0, 2, 1 ], [ 0, 2, 0, 0, 0, 2 ], [ 1, 0, 0, 0, 0, 1 ] ];4199040
[ [ 2, 2, 2, 0, 2, 2 ], [ 2, 1, 1, 1, 2, 1 ], [ 1, 0, 1, 1, 1, 1 ], [ 1, 2, 0, 0, 2, 1 ], [ 1, 1, 1, 2, 2, 0 ], [ 1, 2, 1, 1, 1, 2 ] ];12597120
[ [ 0, 1, 1, 1, 2, 2 ], [ 0, 0, 2, 0, 0, 0 ], [ 0, 2, 1, 0, 0, 2 ], [ 0, 2, 0, 0, 1, 1 ], [ 2, 2, 0, 0, 1, 2 ], [ 0, 2, 0, 0, 0, 0 ] ];1399680
[ [ 1, 1, 2, 2, 2, 0 ], [ 0, 1, 0, 2, 2, 1 ], [ 1, 1, 1, 0, 2, 1 ], [ 1, 1, 0, 0, 2, 0 ], [ 2, 0, 1, 1, 1, 1 ], [ 2, 0, 0, 0, 0, 1 ] ];4199040
[ [ 0, 2, 2, 2, 1, 1 ], [ 1, 0, 1, 1, 1, 1 ], [ 1, 1, 1, 1, 1, 0 ], [ 2, 2, 0, 0, 0, 1 ], [ 1, 0, 1, 0, 1, 2 ], [ 0, 0, 1, 1, 0, 0 ] ];4199040
[ [ 0, 2, 0, 2, 0, 0 ], [ 1, 1, 0, 1, 2, 1 ], [ 1, 0, 2, 0, 1, 2 ], [ 0, 2, 0, 0, 1, 1 ], [ 2, 0, 1, 0, 1, 2 ], [ 0, 2, 0, 1, 1, 1 ] ];1399680
[ [ 0, 2, 0, 2, 0, 2 ], [ 2, 1, 1, 2, 1, 0 ], [ 1, 0, 1, 0, 1, 0 ], [ 1, 0, 0, 0, 2, 1 ], [ 1, 0, 1, 1, 1, 2 ], [ 1, 2, 2, 2, 0, 2 ] ];2099520
[ [ 2, 0, 2, 0, 0, 2 ], [ 2, 2, 0, 2, 2, 2 ], [ 2, 0, 1, 0, 0, 0 ], [ 1, 2, 0, 0, 2, 1 ], [ 0, 1, 1, 1, 2, 2 ], [ 1, 0, 0, 0, 0, 1 ] ];4199040
[ [ 2, 2, 1, 1, 2, 2 ], [ 0, 2, 0, 0, 0, 0 ], [ 0, 0, 1, 0, 1, 0 ], [ 0, 2, 1, 1, 2, 0 ], [ 0, 1, 0, 0, 1, 0 ], [ 0, 0, 1, 2, 0, 1 ] ];233280
[ [ 1, 0, 2, 0, 2, 1 ], [ 1, 1, 0, 1, 0, 2 ], [ 2, 0, 1, 0, 0, 0 ], [ 0, 2, 0, 0, 1, 1 ], [ 2, 2, 1, 2, 1, 2 ], [ 1, 2, 0, 2, 2, 1 ] ];2099520
[ [ 2, 1, 1, 1, 1, 2 ], [ 1, 0, 0, 2, 0, 0 ], [ 0, 2, 1, 0, 0, 0 ], [ 0, 2, 1, 1, 2, 0 ], [ 2, 2, 1, 1, 2, 2 ], [ 1, 2, 1, 2, 0, 2 ] ];699840
[ [ 1, 2, 2, 0, 2, 2 ], [ 1, 1, 2, 2, 0, 2 ], [ 0, 1, 2, 0, 0, 1 ], [ 2, 2, 0, 0, 0, 1 ], [ 0, 2, 2, 2, 1, 1 ], [ 1, 1, 2, 2, 0, 0 ] ];1399680
[ [ 1, 0, 0, 0, 2, 0 ], [ 1, 1, 1, 0, 2, 0 ], [ 0, 0, 2, 0, 0, 0 ], [ 2, 1, 0, 2, 1, 1 ], [ 0, 0, 1, 0, 1, 0 ], [ 0, 1, 2, 0, 2, 1 ] ];1399680
[ [ 0, 2, 0, 1, 0, 2 ], [ 1, 1, 1, 0, 1, 1 ], [ 0, 1, 0, 0, 0, 2 ], [ 1, 0, 0, 2, 2, 1 ], [ 2, 0, 1, 2, 2, 2 ], [ 1, 2, 2, 0, 1, 0 ] ];699840
[ [ 1, 0, 1, 0, 2, 0 ], [ 0, 1, 0, 0, 0, 0 ], [ 0, 1, 1, 0, 0, 1 ], [ 0, 0, 1, 1, 0, 1 ], [ 0, 2, 0, 2, 2, 1 ], [ 0, 2, 0, 0, 0, 2 ] ];233280
[ [ 0, 2, 1, 0, 0, 2 ], [ 1, 1, 1, 0, 0, 0 ], [ 1, 0, 0, 1, 1, 1 ], [ 1, 2, 1, 2, 0, 0 ], [ 0, 1, 0, 2, 1, 0 ], [ 2, 2, 2, 0, 1, 1 ] ];699840
[ [ 1, 2, 2, 2, 2, 2 ], [ 1, 2, 0, 1, 2, 0 ], [ 0, 0, 1, 0, 1, 2 ], [ 2, 2, 0, 0, 0, 1 ], [ 0, 1, 1, 1, 2, 0 ], [ 2, 0, 0, 2, 2, 2 ] ];699840
[ [ 2, 0, 1, 0, 0, 1 ], [ 1, 2, 2, 2, 2, 1 ], [ 1, 0, 2, 0, 0, 0 ], [ 0, 1, 0, 0, 2, 2 ], [ 2, 2, 2, 2, 0, 1 ], [ 2, 0, 2, 0, 0, 1 ] ];4199040
[ [ 0, 1, 0, 0, 0, 0 ], [ 2, 0, 0, 1, 0, 1 ], [ 0, 2, 2, 0, 2, 0 ], [ 0, 1, 0, 0, 2, 2 ], [ 0, 0, 2, 2, 1, 1 ], [ 0, 2, 0, 2, 1, 1 ] ];12597120
[ [ 0, 1, 1, 2, 0, 1 ], [ 0, 1, 2, 0, 1, 0 ], [ 0, 0, 2, 0, 2, 0 ], [ 2, 1, 0, 0, 1, 2 ], [ 0, 2, 2, 0, 2, 0 ], [ 1, 0, 2, 1, 2, 2 ] ];699840
[ [ 2, 1, 1, 1, 1, 2 ], [ 2, 2, 2, 1, 0, 0 ], [ 2, 0, 2, 0, 1, 0 ], [ 1, 1, 0, 0, 0, 2 ], [ 0, 0, 2, 1, 0, 1 ], [ 0, 2, 2, 2, 1, 1 ] ];4199040
[ [ 1, 0, 1, 1, 2, 1 ], [ 2, 1, 2, 2, 1, 2 ], [ 0, 2, 2, 0, 1, 2 ], [ 0, 1, 0, 0, 2, 2 ], [ 0, 2, 2, 2, 1, 1 ], [ 0, 2, 2, 1, 2, 2 ] ];1399680
[ [ 0, 0, 1, 2, 1, 1 ], [ 0, 0, 2, 2, 0, 0 ], [ 2, 1, 2, 2, 2, 1 ], [ 0, 1, 0, 0, 2, 2 ], [ 1, 2, 2, 2, 2, 1 ], [ 1, 1, 2, 2, 1, 0 ] ];12597120
[ [ 1, 1, 0, 0, 1, 0 ], [ 1, 2, 1, 2, 1, 0 ], [ 2, 2, 2, 0, 1, 0 ], [ 0, 1, 0, 0, 2, 2 ], [ 1, 0, 2, 2, 2, 1 ], [ 1, 1, 1, 0, 1, 0 ] ];4199040
[ [ 0, 1, 0, 0, 2, 0 ], [ 0, 0, 2, 0, 0, 2 ], [ 0, 2, 2, 0, 0, 0 ], [ 1, 1, 0, 0, 0, 2 ], [ 2, 0, 2, 2, 2, 1 ], [ 0, 0, 1, 0, 0, 0 ] ];466560
[ [ 2, 0, 0, 0, 0, 1 ], [ 0, 2, 1, 2, 0, 1 ], [ 1, 0, 2, 0, 0, 0 ], [ 2, 0, 2, 2, 0, 1 ], [ 0, 2, 2, 2, 1, 1 ], [ 0, 0, 0, 0, 0, 1 ] ];2099520
[ [ 1, 2, 2, 2, 2, 1 ], [ 1, 2, 0, 2, 2, 1 ], [ 2, 1, 2, 0, 1, 1 ], [ 2, 1, 0, 0, 1, 2 ], [ 0, 1, 0, 0, 0, 1 ], [ 2, 0, 0, 0, 0, 2 ] ];4199040
[ [ 1, 1, 1, 0, 1, 1 ], [ 1, 2, 2, 2, 1, 2 ], [ 2, 0, 2, 2, 2, 2 ], [ 2, 1, 0, 0, 1, 2 ], [ 2, 2, 2, 1, 1, 0 ], [ 2, 1, 2, 2, 2, 1 ] ];12597120
[ [ 0, 2, 2, 2, 1, 1 ], [ 0, 0, 1, 0, 0, 0 ], [ 0, 1, 2, 0, 0, 1 ], [ 0, 1, 0, 0, 2, 2 ], [ 1, 1, 0, 0, 2, 1 ], [ 0, 1, 0, 0, 0, 0 ] ];1399680
[ [ 2, 2, 1, 1, 1, 0 ], [ 0, 2, 0, 1, 1, 2 ], [ 2, 2, 2, 0, 1, 2 ], [ 2, 2, 0, 0, 1, 0 ], [ 1, 0, 2, 2, 2, 2 ], [ 1, 0, 0, 0, 0, 2 ] ];4199040
[ [ 0, 1, 1, 1, 2, 2 ], [ 2, 0, 2, 2, 2, 2 ], [ 2, 2, 2, 2, 2, 0 ], [ 1, 1, 0, 0, 0, 2 ], [ 2, 0, 2, 0, 2, 1 ], [ 0, 0, 2, 2, 0, 0 ] ];4199040
[ [ 0, 1, 0, 1, 0, 0 ], [ 2, 2, 0, 2, 1, 2 ], [ 2, 0, 1, 0, 2, 1 ], [ 0, 1, 0, 0, 2, 2 ], [ 1, 0, 2, 0, 2, 1 ], [ 0, 1, 0, 2, 2, 2 ] ];1399680
[ [ 0, 1, 0, 1, 0, 1 ], [ 1, 2, 2, 1, 2, 0 ], [ 2, 0, 2, 0, 2, 0 ], [ 2, 0, 0, 0, 1, 2 ], [ 2, 0, 2, 2, 2, 1 ], [ 2, 1, 1, 1, 0, 1 ] ];2099520
[ [ 1, 0, 1, 0, 0, 1 ], [ 1, 1, 0, 1, 1, 1 ], [ 1, 0, 2, 0, 0, 0 ], [ 2, 1, 0, 0, 1, 2 ], [ 0, 2, 2, 2, 1, 1 ], [ 2, 0, 0, 0, 0, 2 ] ];4199040
[ [ 1, 1, 2, 2, 1, 1 ], [ 0, 1, 0, 0, 0, 0 ], [ 0, 0, 2, 0, 2, 0 ], [ 0, 1, 2, 2, 1, 0 ], [ 0, 2, 0, 0, 2, 0 ], [ 0, 0, 2, 1, 0, 2 ] ];233280
[ [ 2, 0, 1, 0, 1, 2 ], [ 2, 2, 0, 2, 0, 1 ], [ 1, 0, 2, 0, 0, 0 ], [ 0, 1, 0, 0, 2, 2 ], [ 1, 1, 2, 1, 2, 1 ], [ 2, 1, 0, 1, 1, 2 ] ];2099520
[ [ 1, 2, 2, 2, 2, 1 ], [ 2, 0, 0, 1, 0, 0 ], [ 0, 1, 2, 0, 0, 0 ], [ 0, 1, 2, 2, 1, 0 ], [ 1, 1, 2, 2, 1, 1 ], [ 2, 1, 2, 1, 0, 1 ] ];699840
[ [ 2, 1, 1, 0, 1, 1 ], [ 2, 2, 1, 1, 0, 1 ], [ 0, 2, 1, 0, 0, 2 ], [ 1, 1, 0, 0, 0, 2 ], [ 0, 1, 1, 1, 2, 2 ], [ 2, 2, 1, 1, 0, 0 ] ];1399680
[ [ 2, 0, 0, 0, 1, 0 ], [ 2, 2, 2, 0, 1, 0 ], [ 0, 0, 1, 0, 0, 0 ], [ 1, 2, 0, 1, 2, 2 ], [ 0, 0, 2, 0, 2, 0 ], [ 0, 2, 1, 0, 1, 2 ] ];1399680
[ [ 0, 1, 0, 2, 0, 1 ], [ 2, 2, 2, 0, 2, 2 ], [ 0, 2, 0, 0, 0, 1 ], [ 2, 0, 0, 1, 1, 2 ], [ 1, 0, 2, 1, 1, 1 ], [ 2, 1, 1, 0, 2, 0 ] ];699840
[ [ 2, 0, 2, 0, 1, 0 ], [ 0, 2, 0, 0, 0, 0 ], [ 0, 2, 2, 0, 0, 2 ], [ 0, 0, 2, 2, 0, 2 ], [ 0, 1, 0, 1, 1, 2 ], [ 0, 1, 0, 0, 0, 1 ] ];233280
[ [ 0, 1, 2, 0, 0, 1 ], [ 2, 2, 2, 0, 0, 0 ], [ 2, 0, 0, 2, 2, 2 ], [ 2, 1, 2, 1, 0, 0 ], [ 0, 2, 0, 1, 2, 0 ], [ 1, 1, 1, 0, 2, 2 ] ];699840
[ [ 2, 1, 1, 1, 1, 1 ], [ 2, 1, 0, 2, 1, 0 ], [ 0, 0, 2, 0, 2, 1 ], [ 1, 1, 0, 0, 0, 2 ], [ 0, 2, 2, 2, 1, 0 ], [ 1, 0, 0, 1, 1, 1 ] ];699840
[ [ 1, 0, 2, 0, 0, 2 ], [ 1, 1, 0, 0, 0, 0 ], [ 0, 0, 2, 0, 0, 1 ], [ 2, 2, 0, 2, 0, 0 ], [ 1, 1, 0, 2, 1, 0 ], [ 0, 0, 0, 0, 0, 1 ] ];174960
[ [ 0, 0, 0, 1, 2, 0 ], [ 0, 1, 1, 1, 1, 1 ], [ 1, 2, 2, 0, 1, 1 ], [ 2, 1, 0, 2, 0, 0 ], [ 1, 2, 0, 2, 1, 0 ], [ 0, 1, 1, 1, 2, 2 ] ];524880
[ [ 1, 0, 1, 2, 2, 2 ], [ 0, 1, 0, 0, 0, 0 ], [ 0, 1, 2, 0, 0, 0 ], [ 0, 1, 0, 2, 1, 1 ], [ 0, 1, 1, 0, 1, 0 ], [ 0, 0, 0, 0, 1, 1 ] ];38880
[ [ 2, 0, 2, 2, 1, 2 ], [ 2, 2, 0, 0, 0, 0 ], [ 1, 1, 1, 0, 0, 0 ], [ 2, 2, 0, 1, 0, 0 ], [ 1, 1, 0, 0, 1, 0 ], [ 1, 1, 0, 0, 0, 1 ] ];19440
[ [ 0, 0, 0, 1, 2, 0 ], [ 2, 2, 1, 1, 1, 1 ], [ 1, 2, 2, 0, 1, 1 ], [ 0, 1, 0, 2, 1, 0 ], [ 0, 2, 0, 2, 0, 0 ], [ 0, 2, 1, 1, 0, 2 ] ];233280
[ [ 0, 0, 0, 1, 2, 0 ], [ 0, 0, 1, 0, 0, 1 ], [ 0, 2, 2, 0, 0, 1 ], [ 2, 1, 0, 2, 2, 0 ], [ 1, 2, 0, 2, 2, 0 ], [ 0, 2, 1, 0, 0, 2 ] ];6480
[ [ 1, 0, 0, 0, 0, 2 ], [ 1, 1, 0, 0, 0, 1 ], [ 0, 0, 1, 0, 0, 1 ], [ 0, 0, 0, 1, 0, 2 ], [ 2, 1, 2, 2, 2, 0 ], [ 0, 0, 0, 0, 0, 2 ] ];87480
[ [ 0, 1, 0, 1, 2, 1 ], [ 0, 0, 1, 0, 0, 1 ], [ 0, 2, 2, 0, 0, 1 ], [ 2, 2, 0, 2, 2, 2 ], [ 1, 0, 0, 2, 2, 0 ], [ 0, 2, 1, 0, 0, 2 ] ];77760
[ [ 2, 0, 2, 2, 0, 2 ], [ 0, 2, 0, 0, 0, 0 ], [ 0, 1, 1, 0, 0, 0 ], [ 0, 2, 0, 1, 0, 0 ], [ 0, 1, 0, 0, 1, 0 ], [ 0, 1, 0, 0, 1, 1 ] ];3240
[ [ 1, 0, 1, 0, 0, 1 ], [ 2, 0, 2, 0, 2, 2 ], [ 0, 0, 1, 0, 0, 0 ], [ 2, 1, 0, 1, 2, 0 ], [ 1, 2, 0, 0, 2, 0 ], [ 2, 2, 2, 0, 2, 0 ] ];9720
[ [ 1, 0, 1, 1, 2, 2 ], [ 0, 1, 0, 0, 0, 0 ], [ 0, 2, 1, 0, 0, 1 ], [ 0, 1, 0, 1, 0, 2 ], [ 0, 2, 2, 2, 2, 1 ], [ 0, 2, 0, 0, 0, 2 ] ];3240
[ [ 2, 0, 1, 0, 0, 1 ], [ 2, 2, 0, 0, 0, 0 ], [ 0, 0, 1, 0, 0, 2 ], [ 1, 1, 0, 1, 0, 0 ], [ 2, 2, 0, 1, 2, 0 ], [ 0, 0, 0, 0, 0, 2 ] ];174960
[ [ 0, 0, 0, 2, 1, 0 ], [ 0, 2, 2, 2, 2, 2 ], [ 2, 1, 1, 0, 2, 2 ], [ 1, 2, 0, 1, 0, 0 ], [ 2, 1, 0, 1, 2, 0 ], [ 0, 2, 2, 2, 1, 1 ] ];524880
[ [ 2, 0, 2, 1, 1, 1 ], [ 0, 2, 0, 0, 0, 0 ], [ 0, 2, 1, 0, 0, 0 ], [ 0, 2, 0, 1, 2, 2 ], [ 0, 2, 2, 0, 2, 0 ], [ 0, 0, 0, 0, 2, 2 ] ];38880
[ [ 1, 0, 1, 1, 2, 1 ], [ 1, 1, 0, 0, 0, 0 ], [ 2, 2, 2, 0, 0, 0 ], [ 1, 1, 0, 2, 0, 0 ], [ 2, 2, 0, 0, 2, 0 ], [ 2, 2, 0, 0, 0, 2 ] ];19440
[ [ 0, 0, 0, 2, 1, 0 ], [ 1, 1, 2, 2, 2, 2 ], [ 2, 1, 1, 0, 2, 2 ], [ 0, 2, 0, 1, 2, 0 ], [ 0, 1, 0, 1, 0, 0 ], [ 0, 1, 2, 2, 0, 1 ] ];233280
[ [ 0, 0, 0, 2, 1, 0 ], [ 0, 0, 2, 0, 0, 2 ], [ 0, 1, 1, 0, 0, 2 ], [ 1, 2, 0, 1, 1, 0 ], [ 2, 1, 0, 1, 1, 0 ], [ 0, 1, 2, 0, 0, 1 ] ];6480
[ [ 2, 0, 0, 0, 0, 1 ], [ 2, 2, 0, 0, 0, 2 ], [ 0, 0, 2, 0, 0, 2 ], [ 0, 0, 0, 2, 0, 1 ], [ 1, 2, 1, 1, 1, 0 ], [ 0, 0, 0, 0, 0, 1 ] ];87480
[ [ 0, 2, 0, 2, 1, 2 ], [ 0, 0, 2, 0, 0, 2 ], [ 0, 1, 1, 0, 0, 2 ], [ 1, 1, 0, 1, 1, 1 ], [ 2, 0, 0, 1, 1, 0 ], [ 0, 1, 2, 0, 0, 1 ] ];77760
[ [ 1, 0, 1, 1, 0, 1 ], [ 0, 1, 0, 0, 0, 0 ], [ 0, 2, 2, 0, 0, 0 ], [ 0, 1, 0, 2, 0, 0 ], [ 0, 2, 0, 0, 2, 0 ], [ 0, 2, 0, 0, 2, 2 ] ];3240
[ [ 2, 0, 2, 0, 0, 2 ], [ 1, 0, 1, 0, 1, 1 ], [ 0, 0, 2, 0, 0, 0 ], [ 1, 2, 0, 2, 1, 0 ], [ 2, 1, 0, 0, 1, 0 ], [ 1, 1, 1, 0, 1, 0 ] ];9720
[ [ 2, 0, 2, 2, 1, 1 ], [ 0, 2, 0, 0, 0, 0 ], [ 0, 1, 2, 0, 0, 2 ], [ 0, 2, 0, 2, 0, 1 ], [ 0, 1, 1, 1, 1, 2 ], [ 0, 1, 0, 0, 0, 1 ] ];3240
[ [ 1, 0, 2, 0, 0, 2 ], [ 2, 1, 1, 0, 0, 1 ], [ 0, 0, 2, 0, 0, 1 ], [ 0, 2, 0, 2, 0, 0 ], [ 0, 1, 0, 2, 1, 0 ], [ 0, 0, 0, 0, 0, 1 ] ];174960
[ [ 1, 0, 1, 1, 1, 1 ], [ 0, 0, 1, 1, 0, 1 ], [ 1, 2, 2, 0, 1, 1 ], [ 2, 0, 0, 2, 2, 0 ], [ 1, 0, 0, 2, 2, 0 ], [ 2, 2, 0, 1, 1, 1 ] ];524880
[ [ 1, 0, 1, 2, 0, 2 ], [ 0, 1, 0, 0, 0, 0 ], [ 0, 1, 2, 0, 0, 0 ], [ 0, 1, 0, 2, 0, 1 ], [ 0, 1, 1, 0, 1, 0 ], [ 0, 2, 2, 0, 2, 1 ] ];38880
[ [ 2, 0, 2, 2, 1, 2 ], [ 1, 2, 1, 1, 2, 1 ], [ 0, 1, 1, 0, 0, 0 ], [ 0, 2, 0, 1, 0, 0 ], [ 0, 1, 0, 0, 1, 0 ], [ 0, 1, 0, 0, 0, 1 ] ];19440
[ [ 2, 0, 1, 1, 2, 1 ], [ 1, 0, 0, 1, 0, 0 ], [ 1, 2, 2, 0, 1, 1 ], [ 2, 0, 0, 2, 2, 0 ], [ 1, 0, 0, 2, 2, 0 ], [ 2, 2, 2, 1, 0, 0 ] ];233280
[ [ 0, 0, 1, 1, 2, 1 ], [ 0, 0, 1, 0, 0, 1 ], [ 0, 2, 2, 0, 0, 1 ], [ 2, 0, 0, 2, 2, 0 ], [ 1, 0, 0, 2, 2, 0 ], [ 0, 2, 1, 0, 0, 2 ] ];6480
[ [ 1, 0, 0, 0, 0, 2 ], [ 2, 1, 0, 0, 0, 2 ], [ 0, 0, 1, 0, 0, 1 ], [ 0, 0, 0, 1, 0, 2 ], [ 1, 1, 2, 2, 2, 0 ], [ 0, 0, 0, 0, 0, 2 ] ];87480
[ [ 0, 2, 2, 1, 2, 0 ], [ 0, 0, 1, 0, 0, 1 ], [ 0, 2, 2, 0, 0, 1 ], [ 2, 0, 0, 2, 2, 0 ], [ 1, 2, 2, 2, 2, 0 ], [ 0, 2, 1, 0, 0, 2 ] ];77760
[ [ 2, 0, 2, 2, 1, 2 ], [ 0, 2, 0, 0, 0, 0 ], [ 0, 1, 1, 0, 0, 0 ], [ 0, 2, 0, 1, 0, 0 ], [ 0, 1, 0, 0, 1, 0 ], [ 0, 0, 0, 0, 2, 1 ] ];3240
[ [ 0, 0, 1, 0, 2, 1 ], [ 1, 1, 1, 0, 1, 1 ], [ 0, 0, 1, 0, 0, 0 ], [ 1, 1, 0, 1, 1, 0 ], [ 2, 2, 0, 0, 0, 0 ], [ 1, 0, 1, 0, 1, 2 ] ];9720
[ [ 1, 0, 1, 1, 2, 1 ], [ 0, 1, 0, 0, 0, 0 ], [ 0, 2, 1, 0, 0, 1 ], [ 0, 1, 0, 1, 0, 2 ], [ 0, 1, 2, 2, 2, 2 ], [ 0, 2, 0, 0, 0, 2 ] ];3240
[ [ 2, 0, 1, 0, 0, 1 ], [ 1, 2, 2, 0, 0, 2 ], [ 0, 0, 1, 0, 0, 2 ], [ 0, 1, 0, 1, 0, 0 ], [ 0, 2, 0, 1, 2, 0 ], [ 0, 0, 0, 0, 0, 2 ] ];174960
[ [ 2, 0, 2, 2, 2, 2 ], [ 0, 0, 2, 2, 0, 2 ], [ 2, 1, 1, 0, 2, 2 ], [ 1, 0, 0, 1, 1, 0 ], [ 2, 0, 0, 1, 1, 0 ], [ 1, 1, 0, 2, 2, 2 ] ];524880
[ [ 2, 0, 2, 1, 0, 1 ], [ 0, 2, 0, 0, 0, 0 ], [ 0, 2, 1, 0, 0, 0 ], [ 0, 2, 0, 1, 0, 2 ], [ 0, 2, 2, 0, 2, 0 ], [ 0, 1, 1, 0, 1, 2 ] ];38880
[ [ 1, 0, 1, 1, 2, 1 ], [ 2, 1, 2, 2, 1, 2 ], [ 0, 2, 2, 0, 0, 0 ], [ 0, 1, 0, 2, 0, 0 ], [ 0, 2, 0, 0, 2, 0 ], [ 0, 2, 0, 0, 0, 2 ] ];19440
[ [ 1, 0, 2, 2, 1, 2 ], [ 2, 0, 0, 2, 0, 0 ], [ 2, 1, 1, 0, 2, 2 ], [ 1, 0, 0, 1, 1, 0 ], [ 2, 0, 0, 1, 1, 0 ], [ 1, 1, 1, 2, 0, 0 ] ];233280
[ [ 0, 0, 2, 2, 1, 2 ], [ 0, 0, 2, 0, 0, 2 ], [ 0, 1, 1, 0, 0, 2 ], [ 1, 0, 0, 1, 1, 0 ], [ 2, 0, 0, 1, 1, 0 ], [ 0, 1, 2, 0, 0, 1 ] ];6480
[ [ 2, 0, 0, 0, 0, 1 ], [ 1, 2, 0, 0, 0, 1 ], [ 0, 0, 2, 0, 0, 2 ], [ 0, 0, 0, 2, 0, 1 ], [ 2, 2, 1, 1, 1, 0 ], [ 0, 0, 0, 0, 0, 1 ] ];87480
[ [ 0, 1, 1, 2, 1, 0 ], [ 0, 0, 2, 0, 0, 2 ], [ 0, 1, 1, 0, 0, 2 ], [ 1, 0, 0, 1, 1, 0 ], [ 2, 1, 1, 1, 1, 0 ], [ 0, 1, 2, 0, 0, 1 ] ];77760
[ [ 1, 0, 1, 1, 2, 1 ], [ 0, 1, 0, 0, 0, 0 ], [ 0, 2, 2, 0, 0, 0 ], [ 0, 1, 0, 2, 0, 0 ], [ 0, 2, 0, 0, 2, 0 ], [ 0, 0, 0, 0, 1, 2 ] ];3240
[ [ 0, 0, 2, 0, 1, 2 ], [ 2, 2, 2, 0, 2, 2 ], [ 0, 0, 2, 0, 0, 0 ], [ 2, 2, 0, 2, 2, 0 ], [ 1, 1, 0, 0, 0, 0 ], [ 2, 0, 2, 0, 2, 1 ] ];9720
[ [ 2, 0, 2, 2, 1, 2 ], [ 0, 2, 0, 0, 0, 0 ], [ 0, 1, 2, 0, 0, 2 ], [ 0, 2, 0, 2, 0, 1 ], [ 0, 2, 1, 1, 1, 1 ], [ 0, 1, 0, 0, 0, 1 ] ];3240
