[ [ 1, 0, 0, 0, 0, 0, 0, 0 ], [ 0, 1, 0, 0, 0, 0, 0, 0 ], [ 0, 0, 1, 0, 0, 0, 0, 0 ], [ 0, 0, 0, 1, 0, 0, 0, 0 ], [ 0, 0, 0, 0, 1, 0, 0, 0 ], [ 0, 0, 0, 0, 0, 1, 0, 0 ], [ 0, 0, 0, 0, 0, 0, 1, 0 ], [ 0, 0, 0, 0, 0, 0, 0, 1 ] ];1
[ [ 1, 1, 0, 0, 0, 0, 0, 0 ], [ 0, 1, 0, 0, 0, 0, 0, 0 ], [ 0, 0, 1, 0, 0, 0, 0, 0 ], [ 0, 0, 0, 1, 0, 0, 0, 0 ], [ 0, 0, 0, 0, 1, 0, 0, 0 ], [ 0, 0, 0, 0, 0, 1, 0, 0 ], [ 0, 0, 0, 0, 0, 0, 1, 0 ], [ 0, 0, 0, 0, 0, 0, 0, 1 ] ];1
[ [ 1, 2, 0, 0, 0, 0, 0, 0 ], [ 0, 1, 0, 0, 0, 0, 0, 0 ], [ 0, 0, 1, 0, 0, 0, 0, 0 ], [ 0, 0, 0, 1, 0, 0, 0, 0 ], [ 0, 0, 0, 0, 1, 0, 0, 0 ], [ 0, 0, 0, 0, 0, 1, 0, 0 ], [ 0, 0, 0, 0, 0, 0, 1, 0 ], [ 0, 0, 0, 0, 0, 0, 0, 1 ] ];1
[ [ 1, 0, 2, 0, 0, 0, 0, 0 ], [ 0, 1, 0, 0, 0, 0, 0, 0 ], [ 0, 0, 1, 0, 0, 0, 0, 0 ], [ 0, 1, 0, 1, 0, 0, 0, 0 ], [ 0, 0, 0, 0, 1, 0, 0, 0 ], [ 0, 0, 0, 0, 0, 1, 0, 0 ], [ 0, 0, 0, 0, 0, 0, 1, 0 ], [ 0, 0, 0, 0, 0, 0, 0, 1 ] ];2184
[ [ 1, 0, 0, 0, 0, 0, 0, 0 ], [ 0, 1, 0, 0, 0, 0, 0, 0 ], [ 0, 0, 2, 0, 0, 0, 0, 0 ], [ 0, 0, 0, 2, 0, 0, 0, 0 ], [ 0, 0, 0, 0, 2, 0, 0, 0 ], [ 0, 0, 0, 0, 0, 2, 0, 0 ], [ 0, 0, 0, 0, 0, 0, 2, 0 ], [ 0, 0, 0, 0, 0, 0, 0, 2 ] ];729
[ [ 1, 1, 0, 0, 0, 0, 0, 0 ], [ 0, 1, 0, 0, 0, 0, 0, 0 ], [ 0, 0, 2, 0, 0, 0, 0, 0 ], [ 0, 0, 0, 2, 0, 0, 0, 0 ], [ 0, 0, 0, 0, 2, 0, 0, 0 ], [ 0, 0, 0, 0, 0, 2, 0, 0 ], [ 0, 0, 0, 0, 0, 0, 2, 0 ], [ 0, 0, 0, 0, 0, 0, 0, 2 ] ];729
[ [ 1, 2, 0, 0, 0, 0, 0, 0 ], [ 0, 1, 0, 0, 0, 0, 0, 0 ], [ 0, 0, 2, 0, 0, 0, 0, 0 ], [ 0, 0, 0, 2, 0, 0, 0, 0 ], [ 0, 0, 0, 0, 2, 0, 0, 0 ], [ 0, 0, 0, 0, 0, 2, 0, 0 ], [ 0, 0, 0, 0, 0, 0, 2, 0 ], [ 0, 0, 0, 0, 0, 0, 0, 2 ] ];729
[ [ 1, 2, 2, 1, 0, 2, 2, 0 ], [ 0, 1, 0, 0, 0, 0, 0, 0 ], [ 0, 1, 1, 0, 2, 1, 2, 2 ], [ 0, 1, 0, 1, 1, 2, 1, 1 ], [ 0, 1, 2, 2, 2, 0, 2, 2 ], [ 0, 2, 2, 2, 0, 2, 1, 1 ], [ 0, 1, 1, 1, 1, 1, 1, 0 ], [ 0, 0, 2, 2, 2, 2, 0, 1 ] ];15921360
[ [ 1, 1, 0, 0, 0, 0, 0, 0 ], [ 0, 1, 0, 0, 0, 0, 0, 0 ], [ 0, 0, 1, 0, 2, 1, 2, 2 ], [ 0, 0, 0, 1, 1, 2, 1, 1 ], [ 0, 0, 2, 2, 2, 0, 2, 2 ], [ 0, 0, 2, 2, 0, 2, 1, 1 ], [ 0, 0, 1, 1, 1, 1, 1, 0 ], [ 0, 0, 2, 2, 2, 2, 0, 1 ] ];66339
[ [ 1, 2, 0, 0, 0, 0, 0, 0 ], [ 0, 1, 0, 0, 0, 0, 0, 0 ], [ 0, 0, 1, 0, 2, 1, 2, 2 ], [ 0, 0, 0, 1, 1, 2, 1, 1 ], [ 0, 0, 2, 2, 2, 0, 2, 2 ], [ 0, 0, 2, 2, 0, 2, 1, 1 ], [ 0, 0, 1, 1, 1, 1, 1, 0 ], [ 0, 0, 2, 2, 2, 2, 0, 1 ] ];66339
[ [ 1, 0, 0, 0, 0, 0, 0, 0 ], [ 0, 1, 0, 0, 0, 0, 0, 0 ], [ 0, 0, 1, 0, 2, 1, 2, 2 ], [ 0, 0, 0, 1, 1, 2, 1, 1 ], [ 0, 0, 2, 2, 2, 0, 2, 2 ], [ 0, 0, 2, 2, 0, 2, 1, 1 ], [ 0, 0, 1, 1, 1, 1, 1, 0 ], [ 0, 0, 2, 2, 2, 2, 0, 1 ] ];66339
[ [ 1, 2, 1, 2, 0, 1, 1, 0 ], [ 0, 1, 0, 0, 0, 0, 0, 0 ], [ 0, 1, 2, 0, 1, 2, 1, 1 ], [ 0, 1, 0, 2, 2, 1, 2, 2 ], [ 0, 1, 1, 1, 1, 0, 1, 1 ], [ 0, 2, 1, 1, 0, 1, 2, 2 ], [ 0, 1, 2, 2, 2, 2, 2, 0 ], [ 0, 0, 1, 1, 1, 1, 0, 2 ] ];14329224
[ [ 1, 1, 0, 2, 0, 1, 1, 0 ], [ 0, 1, 0, 0, 0, 0, 0, 0 ], [ 0, 1, 2, 0, 1, 2, 1, 1 ], [ 0, 0, 0, 2, 2, 1, 2, 2 ], [ 0, 2, 1, 1, 1, 0, 1, 1 ], [ 0, 0, 1, 1, 0, 1, 2, 2 ], [ 0, 0, 2, 2, 2, 2, 2, 0 ], [ 0, 1, 1, 1, 1, 1, 0, 2 ] ];597051
[ [ 1, 2, 0, 2, 0, 1, 1, 0 ], [ 0, 1, 0, 0, 0, 0, 0, 0 ], [ 0, 1, 2, 0, 1, 2, 1, 1 ], [ 0, 0, 0, 2, 2, 1, 2, 2 ], [ 0, 2, 1, 1, 1, 0, 1, 1 ], [ 0, 0, 1, 1, 0, 1, 2, 2 ], [ 0, 0, 2, 2, 2, 2, 2, 0 ], [ 0, 1, 1, 1, 1, 1, 0, 2 ] ];597051
[ [ 1, 0, 0, 2, 0, 1, 1, 0 ], [ 0, 1, 0, 0, 0, 0, 0, 0 ], [ 0, 1, 2, 0, 1, 2, 1, 1 ], [ 0, 0, 0, 2, 2, 1, 2, 2 ], [ 0, 2, 1, 1, 1, 0, 1, 1 ], [ 0, 0, 1, 1, 0, 1, 2, 2 ], [ 0, 0, 2, 2, 2, 2, 2, 0 ], [ 0, 1, 1, 1, 1, 1, 0, 2 ] ];597051
[ [ 1, 0, 0, 2, 2, 0, 2, 2 ], [ 0, 1, 0, 0, 0, 0, 0, 0 ], [ 0, 0, 0, 2, 0, 0, 0, 0 ], [ 0, 2, 1, 2, 0, 0, 0, 0 ], [ 0, 1, 0, 0, 0, 2, 0, 2 ], [ 0, 0, 0, 0, 1, 2, 0, 1 ], [ 0, 0, 0, 0, 2, 2, 1, 2 ], [ 0, 1, 0, 0, 0, 0, 0, 1 ] ];21228480
[ [ 1, 2, 2, 2, 2, 0, 2, 2 ], [ 0, 1, 0, 0, 0, 0, 0, 0 ], [ 0, 2, 0, 2, 0, 0, 0, 0 ], [ 0, 1, 1, 2, 0, 0, 0, 0 ], [ 0, 1, 0, 0, 0, 2, 0, 2 ], [ 0, 0, 0, 0, 1, 2, 0, 1 ], [ 0, 0, 0, 0, 2, 2, 1, 2 ], [ 0, 1, 0, 0, 0, 0, 0, 1 ] ];21228480
[ [ 1, 2, 2, 2, 1, 0, 2, 2 ], [ 0, 1, 0, 0, 0, 0, 0, 0 ], [ 0, 2, 0, 2, 0, 0, 0, 0 ], [ 0, 1, 1, 2, 0, 0, 0, 0 ], [ 0, 0, 0, 0, 0, 2, 0, 2 ], [ 0, 2, 0, 0, 1, 2, 0, 1 ], [ 0, 2, 0, 0, 2, 2, 1, 2 ], [ 0, 1, 0, 0, 0, 0, 0, 1 ] ];4717440
[ [ 1, 1, 2, 2, 2, 2, 0, 2 ], [ 0, 1, 0, 0, 0, 0, 0, 0 ], [ 0, 2, 0, 2, 0, 0, 0, 0 ], [ 0, 1, 1, 2, 0, 0, 0, 0 ], [ 0, 2, 0, 0, 0, 2, 0, 2 ], [ 0, 1, 0, 0, 1, 2, 0, 1 ], [ 0, 2, 0, 0, 2, 2, 1, 2 ], [ 0, 0, 0, 0, 0, 0, 0, 1 ] ];196560
[ [ 1, 2, 2, 2, 2, 2, 0, 2 ], [ 0, 1, 0, 0, 0, 0, 0, 0 ], [ 0, 2, 0, 2, 0, 0, 0, 0 ], [ 0, 1, 1, 2, 0, 0, 0, 0 ], [ 0, 2, 0, 0, 0, 2, 0, 2 ], [ 0, 1, 0, 0, 1, 2, 0, 1 ], [ 0, 2, 0, 0, 2, 2, 1, 2 ], [ 0, 0, 0, 0, 0, 0, 0, 1 ] ];196560
[ [ 1, 0, 2, 2, 2, 2, 0, 2 ], [ 0, 1, 0, 0, 0, 0, 0, 0 ], [ 0, 2, 0, 2, 0, 0, 0, 0 ], [ 0, 1, 1, 2, 0, 0, 0, 0 ], [ 0, 2, 0, 0, 0, 2, 0, 2 ], [ 0, 1, 0, 0, 1, 2, 0, 1 ], [ 0, 2, 0, 0, 2, 2, 1, 2 ], [ 0, 0, 0, 0, 0, 0, 0, 1 ] ];196560
[ [ 1, 0, 0, 1, 1, 0, 1, 1 ], [ 0, 1, 0, 0, 0, 0, 0, 0 ], [ 0, 0, 0, 1, 0, 0, 0, 0 ], [ 0, 2, 2, 1, 0, 0, 0, 0 ], [ 0, 1, 0, 0, 0, 1, 0, 1 ], [ 0, 0, 0, 0, 2, 1, 0, 2 ], [ 0, 0, 0, 0, 1, 1, 2, 1 ], [ 0, 1, 0, 0, 0, 0, 0, 2 ] ];15921360
[ [ 1, 1, 0, 1, 1, 0, 1, 1 ], [ 0, 1, 0, 0, 0, 0, 0, 0 ], [ 0, 0, 0, 1, 0, 0, 0, 0 ], [ 0, 2, 2, 1, 0, 0, 0, 0 ], [ 0, 1, 0, 0, 0, 1, 0, 1 ], [ 0, 0, 0, 0, 2, 1, 0, 2 ], [ 0, 0, 0, 0, 1, 1, 2, 1 ], [ 0, 1, 0, 0, 0, 0, 0, 2 ] ];15921360
[ [ 1, 2, 0, 1, 1, 0, 1, 1 ], [ 0, 1, 0, 0, 0, 0, 0, 0 ], [ 0, 0, 0, 1, 0, 0, 0, 0 ], [ 0, 2, 2, 1, 0, 0, 0, 0 ], [ 0, 1, 0, 0, 0, 1, 0, 1 ], [ 0, 0, 0, 0, 2, 1, 0, 2 ], [ 0, 0, 0, 0, 1, 1, 2, 1 ], [ 0, 1, 0, 0, 0, 0, 0, 2 ] ];15921360
[ [ 1, 1, 1, 2, 2, 0, 0, 0 ], [ 0, 1, 0, 0, 0, 0, 0, 0 ], [ 0, 1, 2, 1, 2, 1, 2, 2 ], [ 0, 0, 2, 0, 1, 2, 1, 1 ], [ 0, 0, 2, 2, 0, 1, 2, 0 ], [ 0, 0, 2, 2, 2, 1, 1, 0 ], [ 0, 0, 1, 1, 2, 2, 1, 1 ], [ 0, 1, 2, 2, 2, 2, 0, 1 ] ];1719506880
[ [ 1, 2, 2, 2, 2, 0, 0, 0 ], [ 0, 1, 0, 0, 0, 0, 0, 0 ], [ 0, 0, 2, 1, 2, 1, 2, 2 ], [ 0, 0, 2, 0, 1, 2, 1, 1 ], [ 0, 1, 2, 2, 0, 1, 2, 0 ], [ 0, 1, 2, 2, 2, 1, 1, 0 ], [ 0, 2, 1, 1, 2, 2, 1, 1 ], [ 0, 2, 2, 2, 2, 2, 0, 1 ] ];1719506880
[ [ 1, 2, 2, 2, 0, 0, 0, 0 ], [ 0, 1, 0, 0, 0, 0, 0, 0 ], [ 0, 2, 2, 1, 2, 1, 2, 2 ], [ 0, 1, 2, 0, 1, 2, 1, 1 ], [ 0, 0, 2, 2, 0, 1, 2, 0 ], [ 0, 0, 2, 2, 2, 1, 1, 0 ], [ 0, 0, 1, 1, 2, 2, 1, 1 ], [ 0, 0, 2, 2, 2, 2, 0, 1 ] ];143292240
[ [ 1, 0, 2, 2, 0, 0, 0, 0 ], [ 0, 1, 0, 0, 0, 0, 0, 0 ], [ 0, 2, 2, 1, 2, 1, 2, 2 ], [ 0, 1, 2, 0, 1, 2, 1, 1 ], [ 0, 0, 2, 2, 0, 1, 2, 0 ], [ 0, 0, 2, 2, 2, 1, 1, 0 ], [ 0, 0, 1, 1, 2, 2, 1, 1 ], [ 0, 0, 2, 2, 2, 2, 0, 1 ] ];143292240
[ [ 1, 1, 2, 2, 0, 0, 0, 0 ], [ 0, 1, 0, 0, 0, 0, 0, 0 ], [ 0, 2, 2, 1, 2, 1, 2, 2 ], [ 0, 1, 2, 0, 1, 2, 1, 1 ], [ 0, 0, 2, 2, 0, 1, 2, 0 ], [ 0, 0, 2, 2, 2, 1, 1, 0 ], [ 0, 0, 1, 1, 2, 2, 1, 1 ], [ 0, 0, 2, 2, 2, 2, 0, 1 ] ];143292240
[ [ 1, 1, 2, 1, 1, 0, 0, 0 ], [ 0, 1, 0, 0, 0, 0, 0, 0 ], [ 0, 1, 1, 2, 1, 2, 1, 1 ], [ 0, 0, 1, 0, 2, 1, 2, 2 ], [ 0, 0, 1, 1, 0, 2, 1, 0 ], [ 0, 0, 1, 1, 1, 2, 2, 0 ], [ 0, 0, 2, 2, 1, 1, 2, 2 ], [ 0, 1, 1, 1, 1, 1, 0, 2 ] ];3439013760
[ [ 1, 2, 1, 1, 0, 0, 0, 0 ], [ 0, 1, 0, 0, 0, 0, 0, 0 ], [ 0, 2, 1, 2, 1, 2, 1, 1 ], [ 0, 1, 1, 0, 2, 1, 2, 2 ], [ 0, 0, 1, 1, 0, 2, 1, 0 ], [ 0, 0, 1, 1, 1, 2, 2, 0 ], [ 0, 0, 2, 2, 1, 1, 2, 2 ], [ 0, 0, 1, 1, 1, 1, 0, 2 ] ];143292240
[ [ 1, 0, 1, 1, 0, 0, 0, 0 ], [ 0, 1, 0, 0, 0, 0, 0, 0 ], [ 0, 2, 1, 2, 1, 2, 1, 1 ], [ 0, 1, 1, 0, 2, 1, 2, 2 ], [ 0, 0, 1, 1, 0, 2, 1, 0 ], [ 0, 0, 1, 1, 1, 2, 2, 0 ], [ 0, 0, 2, 2, 1, 1, 2, 2 ], [ 0, 0, 1, 1, 1, 1, 0, 2 ] ];143292240
[ [ 1, 1, 1, 1, 0, 0, 0, 0 ], [ 0, 1, 0, 0, 0, 0, 0, 0 ], [ 0, 2, 1, 2, 1, 2, 1, 1 ], [ 0, 1, 1, 0, 2, 1, 2, 2 ], [ 0, 0, 1, 1, 0, 2, 1, 0 ], [ 0, 0, 1, 1, 1, 2, 2, 0 ], [ 0, 0, 2, 2, 1, 1, 2, 2 ], [ 0, 0, 1, 1, 1, 1, 0, 2 ] ];143292240
[ [ 1, 2, 0, 0, 1, 2, 1, 1 ], [ 0, 1, 0, 0, 0, 0, 0, 0 ], [ 0, 2, 0, 2, 1, 0, 2, 2 ], [ 0, 1, 1, 2, 2, 0, 1, 1 ], [ 0, 2, 0, 0, 1, 0, 0, 0 ], [ 0, 1, 2, 2, 1, 1, 2, 2 ], [ 0, 0, 2, 2, 1, 0, 0, 2 ], [ 0, 0, 1, 1, 2, 0, 1, 2 ] ];530712
[ [ 1, 2, 1, 0, 1, 2, 1, 1 ], [ 0, 1, 0, 0, 0, 0, 0, 0 ], [ 0, 0, 0, 2, 1, 0, 2, 2 ], [ 0, 2, 1, 2, 2, 0, 1, 1 ], [ 0, 2, 0, 0, 1, 0, 0, 0 ], [ 0, 2, 2, 2, 1, 1, 2, 2 ], [ 0, 1, 2, 2, 1, 0, 0, 2 ], [ 0, 2, 1, 1, 2, 0, 1, 2 ] ];262080
[ [ 1, 0, 1, 1, 2, 0, 1, 1 ], [ 0, 1, 0, 0, 0, 0, 0, 0 ], [ 0, 1, 0, 2, 1, 0, 2, 2 ], [ 0, 2, 1, 2, 2, 0, 1, 1 ], [ 0, 0, 0, 0, 1, 0, 0, 0 ], [ 0, 1, 2, 2, 1, 1, 2, 2 ], [ 0, 1, 2, 2, 1, 0, 0, 2 ], [ 0, 2, 1, 1, 2, 0, 1, 2 ] ];1092
[ [ 1, 1, 1, 1, 2, 0, 1, 1 ], [ 0, 1, 0, 0, 0, 0, 0, 0 ], [ 0, 1, 0, 2, 1, 0, 2, 2 ], [ 0, 2, 1, 2, 2, 0, 1, 1 ], [ 0, 0, 0, 0, 1, 0, 0, 0 ], [ 0, 1, 2, 2, 1, 1, 2, 2 ], [ 0, 1, 2, 2, 1, 0, 0, 2 ], [ 0, 2, 1, 1, 2, 0, 1, 2 ] ];1092
[ [ 1, 2, 1, 1, 2, 0, 1, 1 ], [ 0, 1, 0, 0, 0, 0, 0, 0 ], [ 0, 1, 0, 2, 1, 0, 2, 2 ], [ 0, 2, 1, 2, 2, 0, 1, 1 ], [ 0, 0, 0, 0, 1, 0, 0, 0 ], [ 0, 1, 2, 2, 1, 1, 2, 2 ], [ 0, 1, 2, 2, 1, 0, 0, 2 ], [ 0, 2, 1, 1, 2, 0, 1, 2 ] ];1092
[ [ 1, 2, 0, 0, 2, 1, 2, 2 ], [ 0, 1, 0, 0, 0, 0, 0, 0 ], [ 0, 2, 0, 1, 2, 0, 1, 1 ], [ 0, 1, 2, 1, 1, 0, 2, 2 ], [ 0, 2, 0, 0, 2, 0, 0, 0 ], [ 0, 1, 1, 1, 2, 2, 1, 1 ], [ 0, 0, 1, 1, 2, 0, 0, 1 ], [ 0, 0, 2, 2, 1, 0, 2, 1 ] ];265356
[ [ 1, 0, 0, 0, 2, 1, 2, 2 ], [ 0, 1, 0, 0, 0, 0, 0, 0 ], [ 0, 2, 0, 1, 2, 0, 1, 1 ], [ 0, 1, 2, 1, 1, 0, 2, 2 ], [ 0, 2, 0, 0, 2, 0, 0, 0 ], [ 0, 1, 1, 1, 2, 2, 1, 1 ], [ 0, 0, 1, 1, 2, 0, 0, 1 ], [ 0, 0, 2, 2, 1, 0, 2, 1 ] ];265356
[ [ 1, 1, 0, 0, 2, 1, 2, 2 ], [ 0, 1, 0, 0, 0, 0, 0, 0 ], [ 0, 2, 0, 1, 2, 0, 1, 1 ], [ 0, 1, 2, 1, 1, 0, 2, 2 ], [ 0, 2, 0, 0, 2, 0, 0, 0 ], [ 0, 1, 1, 1, 2, 2, 1, 1 ], [ 0, 0, 1, 1, 2, 0, 0, 1 ], [ 0, 0, 2, 2, 1, 0, 2, 1 ] ];265356
[ [ 1, 2, 2, 0, 0, 1, 2, 0 ], [ 0, 1, 0, 0, 0, 0, 0, 0 ], [ 0, 1, 2, 1, 2, 0, 1, 1 ], [ 0, 0, 2, 0, 1, 0, 2, 2 ], [ 0, 1, 0, 0, 1, 0, 0, 0 ], [ 0, 1, 1, 1, 2, 1, 1, 1 ], [ 0, 1, 1, 1, 2, 0, 2, 1 ], [ 0, 0, 2, 2, 1, 0, 2, 0 ] ];530712
[ [ 1, 2, 0, 0, 0, 1, 2, 0 ], [ 0, 1, 0, 0, 0, 0, 0, 0 ], [ 0, 0, 2, 1, 2, 0, 1, 1 ], [ 0, 0, 2, 0, 1, 0, 2, 2 ], [ 0, 1, 0, 0, 1, 0, 0, 0 ], [ 0, 0, 1, 1, 2, 1, 1, 1 ], [ 0, 0, 1, 1, 2, 0, 2, 1 ], [ 0, 1, 2, 2, 1, 0, 2, 0 ] ];262080
[ [ 1, 2, 0, 0, 0, 0, 0, 0 ], [ 0, 1, 0, 0, 0, 0, 0, 0 ], [ 0, 0, 2, 1, 2, 0, 1, 1 ], [ 0, 0, 2, 0, 1, 0, 2, 2 ], [ 0, 0, 0, 0, 1, 0, 0, 0 ], [ 0, 0, 1, 1, 2, 1, 1, 1 ], [ 0, 0, 1, 1, 2, 0, 2, 1 ], [ 0, 0, 2, 2, 1, 0, 2, 0 ] ];1092
[ [ 1, 0, 0, 0, 0, 0, 0, 0 ], [ 0, 1, 0, 0, 0, 0, 0, 0 ], [ 0, 0, 2, 1, 2, 0, 1, 1 ], [ 0, 0, 2, 0, 1, 0, 2, 2 ], [ 0, 0, 0, 0, 1, 0, 0, 0 ], [ 0, 0, 1, 1, 2, 1, 1, 1 ], [ 0, 0, 1, 1, 2, 0, 2, 1 ], [ 0, 0, 2, 2, 1, 0, 2, 0 ] ];1092
[ [ 1, 1, 0, 0, 0, 0, 0, 0 ], [ 0, 1, 0, 0, 0, 0, 0, 0 ], [ 0, 0, 2, 1, 2, 0, 1, 1 ], [ 0, 0, 2, 0, 1, 0, 2, 2 ], [ 0, 0, 0, 0, 1, 0, 0, 0 ], [ 0, 0, 1, 1, 2, 1, 1, 1 ], [ 0, 0, 1, 1, 2, 0, 2, 1 ], [ 0, 0, 2, 2, 1, 0, 2, 0 ] ];1092
[ [ 1, 2, 1, 0, 0, 2, 1, 0 ], [ 0, 1, 0, 0, 0, 0, 0, 0 ], [ 0, 1, 1, 2, 1, 0, 2, 2 ], [ 0, 0, 1, 0, 2, 0, 1, 1 ], [ 0, 1, 0, 0, 2, 0, 0, 0 ], [ 0, 1, 2, 2, 1, 2, 2, 2 ], [ 0, 1, 2, 2, 1, 0, 1, 2 ], [ 0, 0, 1, 1, 2, 0, 1, 0 ] ];265356
[ [ 1, 0, 1, 0, 0, 2, 1, 0 ], [ 0, 1, 0, 0, 0, 0, 0, 0 ], [ 0, 1, 1, 2, 1, 0, 2, 2 ], [ 0, 0, 1, 0, 2, 0, 1, 1 ], [ 0, 1, 0, 0, 2, 0, 0, 0 ], [ 0, 1, 2, 2, 1, 2, 2, 2 ], [ 0, 1, 2, 2, 1, 0, 1, 2 ], [ 0, 0, 1, 1, 2, 0, 1, 0 ] ];265356
[ [ 1, 1, 1, 0, 0, 2, 1, 0 ], [ 0, 1, 0, 0, 0, 0, 0, 0 ], [ 0, 1, 1, 2, 1, 0, 2, 2 ], [ 0, 0, 1, 0, 2, 0, 1, 1 ], [ 0, 1, 0, 0, 2, 0, 0, 0 ], [ 0, 1, 2, 2, 1, 2, 2, 2 ], [ 0, 1, 2, 2, 1, 0, 1, 2 ], [ 0, 0, 1, 1, 2, 0, 1, 0 ] ];265356
[ [ 1, 0, 0, 0, 2, 1, 1, 1 ], [ 0, 1, 0, 0, 0, 0, 0, 0 ], [ 0, 0, 1, 1, 1, 2, 2, 2 ], [ 0, 1, 2, 2, 0, 2, 1, 2 ], [ 0, 2, 0, 1, 1, 1, 0, 0 ], [ 0, 1, 2, 1, 0, 0, 0, 2 ], [ 0, 2, 2, 0, 2, 1, 2, 0 ], [ 0, 0, 0, 0, 2, 2, 0, 1 ] ];2901667860
[ [ 1, 1, 0, 0, 2, 1, 1, 1 ], [ 0, 1, 0, 0, 0, 0, 0, 0 ], [ 0, 0, 1, 1, 1, 2, 2, 2 ], [ 0, 1, 2, 2, 0, 2, 1, 2 ], [ 0, 2, 0, 1, 1, 1, 0, 0 ], [ 0, 1, 2, 1, 0, 0, 0, 2 ], [ 0, 2, 2, 0, 2, 1, 2, 0 ], [ 0, 0, 0, 0, 2, 2, 0, 1 ] ];2901667860
[ [ 1, 2, 0, 0, 2, 1, 1, 1 ], [ 0, 1, 0, 0, 0, 0, 0, 0 ], [ 0, 0, 1, 1, 1, 2, 2, 2 ], [ 0, 1, 2, 2, 0, 2, 1, 2 ], [ 0, 2, 0, 1, 1, 1, 0, 0 ], [ 0, 1, 2, 1, 0, 0, 0, 2 ], [ 0, 2, 2, 0, 2, 1, 2, 0 ], [ 0, 0, 0, 0, 2, 2, 0, 1 ] ];2901667860
[ [ 1, 0, 0, 0, 1, 2, 2, 2 ], [ 0, 1, 0, 0, 0, 0, 0, 0 ], [ 0, 0, 2, 2, 2, 1, 1, 1 ], [ 0, 1, 1, 1, 0, 1, 2, 1 ], [ 0, 2, 0, 2, 2, 2, 0, 0 ], [ 0, 1, 1, 2, 0, 0, 0, 1 ], [ 0, 2, 1, 0, 1, 2, 1, 0 ], [ 0, 0, 0, 0, 1, 1, 0, 2 ] ];7737780960
[ [ 1, 0, 1, 0, 1, 2, 2, 2 ], [ 0, 1, 0, 0, 0, 0, 0, 0 ], [ 0, 1, 2, 2, 2, 1, 1, 1 ], [ 0, 0, 1, 1, 0, 1, 2, 1 ], [ 0, 0, 0, 2, 2, 2, 0, 0 ], [ 0, 2, 1, 2, 0, 0, 0, 1 ], [ 0, 2, 1, 0, 1, 2, 1, 0 ], [ 0, 0, 0, 0, 1, 1, 0, 2 ] ];322407540
[ [ 1, 1, 1, 0, 1, 2, 2, 2 ], [ 0, 1, 0, 0, 0, 0, 0, 0 ], [ 0, 1, 2, 2, 2, 1, 1, 1 ], [ 0, 0, 1, 1, 0, 1, 2, 1 ], [ 0, 0, 0, 2, 2, 2, 0, 0 ], [ 0, 2, 1, 2, 0, 0, 0, 1 ], [ 0, 2, 1, 0, 1, 2, 1, 0 ], [ 0, 0, 0, 0, 1, 1, 0, 2 ] ];322407540
[ [ 1, 2, 1, 0, 1, 2, 2, 2 ], [ 0, 1, 0, 0, 0, 0, 0, 0 ], [ 0, 1, 2, 2, 2, 1, 1, 1 ], [ 0, 0, 1, 1, 0, 1, 2, 1 ], [ 0, 0, 0, 2, 2, 2, 0, 0 ], [ 0, 2, 1, 2, 0, 0, 0, 1 ], [ 0, 2, 1, 0, 1, 2, 1, 0 ], [ 0, 0, 0, 0, 1, 1, 0, 2 ] ];322407540
[ [ 1, 2, 0, 2, 0, 0, 0, 2 ], [ 0, 1, 0, 0, 0, 0, 0, 0 ], [ 0, 2, 0, 2, 0, 1, 1, 1 ], [ 0, 0, 1, 2, 0, 2, 2, 2 ], [ 0, 2, 2, 2, 2, 0, 2, 2 ], [ 0, 2, 1, 1, 1, 2, 0, 0 ], [ 0, 0, 0, 0, 2, 1, 0, 2 ], [ 0, 2, 0, 0, 1, 2, 1, 2 ] ];63685440
[ [ 1, 2, 1, 1, 0, 2, 2, 2 ], [ 0, 1, 0, 0, 0, 0, 0, 0 ], [ 0, 1, 0, 2, 0, 1, 1, 1 ], [ 0, 2, 1, 2, 0, 2, 2, 2 ], [ 0, 1, 2, 2, 2, 0, 2, 2 ], [ 0, 2, 1, 1, 1, 2, 0, 0 ], [ 0, 0, 0, 0, 2, 1, 0, 2 ], [ 0, 0, 0, 0, 1, 2, 1, 2 ] ];265356
[ [ 1, 0, 1, 1, 0, 2, 2, 2 ], [ 0, 1, 0, 0, 0, 0, 0, 0 ], [ 0, 1, 0, 2, 0, 1, 1, 1 ], [ 0, 2, 1, 2, 0, 2, 2, 2 ], [ 0, 1, 2, 2, 2, 0, 2, 2 ], [ 0, 2, 1, 1, 1, 2, 0, 0 ], [ 0, 0, 0, 0, 2, 1, 0, 2 ], [ 0, 0, 0, 0, 1, 2, 1, 2 ] ];265356
[ [ 1, 1, 1, 1, 0, 2, 2, 2 ], [ 0, 1, 0, 0, 0, 0, 0, 0 ], [ 0, 1, 0, 2, 0, 1, 1, 1 ], [ 0, 2, 1, 2, 0, 2, 2, 2 ], [ 0, 1, 2, 2, 2, 0, 2, 2 ], [ 0, 2, 1, 1, 1, 2, 0, 0 ], [ 0, 0, 0, 0, 2, 1, 0, 2 ], [ 0, 0, 0, 0, 1, 2, 1, 2 ] ];265356
[ [ 1, 2, 0, 1, 0, 0, 0, 1 ], [ 0, 1, 0, 0, 0, 0, 0, 0 ], [ 0, 2, 0, 1, 0, 2, 2, 2 ], [ 0, 0, 2, 1, 0, 1, 1, 1 ], [ 0, 2, 1, 1, 1, 0, 1, 1 ], [ 0, 2, 2, 2, 2, 1, 0, 0 ], [ 0, 0, 0, 0, 1, 2, 0, 1 ], [ 0, 2, 0, 0, 2, 1, 2, 1 ] ];42987672
[ [ 1, 0, 2, 1, 0, 0, 0, 1 ], [ 0, 1, 0, 0, 0, 0, 0, 0 ], [ 0, 0, 0, 1, 0, 2, 2, 2 ], [ 0, 1, 2, 1, 0, 1, 1, 1 ], [ 0, 0, 1, 1, 1, 0, 1, 1 ], [ 0, 1, 2, 2, 2, 1, 0, 0 ], [ 0, 0, 0, 0, 1, 2, 0, 1 ], [ 0, 2, 0, 0, 2, 1, 2, 1 ] ];7164612
[ [ 1, 1, 2, 1, 0, 0, 0, 1 ], [ 0, 1, 0, 0, 0, 0, 0, 0 ], [ 0, 0, 0, 1, 0, 2, 2, 2 ], [ 0, 1, 2, 1, 0, 1, 1, 1 ], [ 0, 0, 1, 1, 1, 0, 1, 1 ], [ 0, 1, 2, 2, 2, 1, 0, 0 ], [ 0, 0, 0, 0, 1, 2, 0, 1 ], [ 0, 2, 0, 0, 2, 1, 2, 1 ] ];7164612
[ [ 1, 2, 2, 1, 0, 0, 0, 1 ], [ 0, 1, 0, 0, 0, 0, 0, 0 ], [ 0, 0, 0, 1, 0, 2, 2, 2 ], [ 0, 1, 2, 1, 0, 1, 1, 1 ], [ 0, 0, 1, 1, 1, 0, 1, 1 ], [ 0, 1, 2, 2, 2, 1, 0, 0 ], [ 0, 0, 0, 0, 1, 2, 0, 1 ], [ 0, 2, 0, 0, 2, 1, 2, 1 ] ];7164612
[ [ 1, 2, 1, 2, 0, 0, 0, 2 ], [ 0, 1, 0, 0, 0, 0, 0, 0 ], [ 0, 0, 1, 2, 2, 2, 0, 0 ], [ 0, 2, 1, 0, 1, 1, 0, 0 ], [ 0, 0, 1, 1, 1, 0, 1, 1 ], [ 0, 2, 0, 0, 1, 1, 1, 1 ], [ 0, 0, 1, 1, 0, 2, 1, 2 ], [ 0, 1, 2, 2, 0, 1, 1, 0 ] ];7164612
[ [ 1, 0, 1, 2, 0, 0, 0, 2 ], [ 0, 1, 0, 0, 0, 0, 0, 0 ], [ 0, 0, 1, 2, 2, 2, 0, 0 ], [ 0, 2, 1, 0, 1, 1, 0, 0 ], [ 0, 0, 1, 1, 1, 0, 1, 1 ], [ 0, 2, 0, 0, 1, 1, 1, 1 ], [ 0, 0, 1, 1, 0, 2, 1, 2 ], [ 0, 1, 2, 2, 0, 1, 1, 0 ] ];7164612
[ [ 1, 1, 1, 2, 0, 0, 0, 2 ], [ 0, 1, 0, 0, 0, 0, 0, 0 ], [ 0, 0, 1, 2, 2, 2, 0, 0 ], [ 0, 2, 1, 0, 1, 1, 0, 0 ], [ 0, 0, 1, 1, 1, 0, 1, 1 ], [ 0, 2, 0, 0, 1, 1, 1, 1 ], [ 0, 0, 1, 1, 0, 2, 1, 2 ], [ 0, 1, 2, 2, 0, 1, 1, 0 ] ];7164612
[ [ 1, 1, 0, 2, 0, 0, 0, 2 ], [ 0, 1, 0, 0, 0, 0, 0, 0 ], [ 0, 2, 1, 2, 2, 2, 0, 0 ], [ 0, 2, 1, 0, 1, 1, 0, 0 ], [ 0, 1, 1, 1, 1, 0, 1, 1 ], [ 0, 2, 0, 0, 1, 1, 1, 1 ], [ 0, 1, 1, 1, 0, 2, 1, 2 ], [ 0, 0, 2, 2, 0, 1, 1, 0 ] ];42987672
[ [ 1, 2, 2, 1, 0, 0, 0, 1 ], [ 0, 1, 0, 0, 0, 0, 0, 0 ], [ 0, 0, 2, 1, 1, 1, 0, 0 ], [ 0, 2, 2, 0, 2, 2, 0, 0 ], [ 0, 0, 2, 2, 2, 0, 2, 2 ], [ 0, 2, 0, 0, 2, 2, 2, 2 ], [ 0, 0, 2, 2, 0, 1, 2, 1 ], [ 0, 1, 1, 1, 0, 2, 2, 0 ] ];63685440
[ [ 1, 2, 2, 2, 0, 1, 1, 1 ], [ 0, 1, 0, 0, 0, 0, 0, 0 ], [ 0, 0, 2, 1, 1, 1, 0, 0 ], [ 0, 0, 2, 0, 2, 2, 0, 0 ], [ 0, 2, 2, 2, 2, 0, 2, 2 ], [ 0, 2, 0, 0, 2, 2, 2, 2 ], [ 0, 1, 2, 2, 0, 1, 2, 1 ], [ 0, 2, 1, 1, 0, 2, 2, 0 ] ];265356
[ [ 1, 0, 2, 2, 0, 1, 1, 1 ], [ 0, 1, 0, 0, 0, 0, 0, 0 ], [ 0, 0, 2, 1, 1, 1, 0, 0 ], [ 0, 0, 2, 0, 2, 2, 0, 0 ], [ 0, 2, 2, 2, 2, 0, 2, 2 ], [ 0, 2, 0, 0, 2, 2, 2, 2 ], [ 0, 1, 2, 2, 0, 1, 2, 1 ], [ 0, 2, 1, 1, 0, 2, 2, 0 ] ];265356
[ [ 1, 1, 2, 2, 0, 1, 1, 1 ], [ 0, 1, 0, 0, 0, 0, 0, 0 ], [ 0, 0, 2, 1, 1, 1, 0, 0 ], [ 0, 0, 2, 0, 2, 2, 0, 0 ], [ 0, 2, 2, 2, 2, 0, 2, 2 ], [ 0, 2, 0, 0, 2, 2, 2, 2 ], [ 0, 1, 2, 2, 0, 1, 2, 1 ], [ 0, 2, 1, 1, 0, 2, 2, 0 ] ];265356
[ [ 1, 0, 1, 2, 2, 2, 1, 0 ], [ 0, 1, 0, 0, 0, 0, 0, 0 ], [ 0, 2, 0, 0, 0, 1, 2, 2 ], [ 0, 0, 0, 0, 1, 0, 1, 2 ], [ 0, 0, 1, 2, 0, 1, 1, 1 ], [ 0, 1, 2, 1, 1, 2, 1, 0 ], [ 0, 1, 0, 1, 2, 0, 1, 2 ], [ 0, 1, 2, 2, 2, 0, 1, 2 ] ];23213342880
[ [ 1, 1, 2, 2, 2, 2, 1, 0 ], [ 0, 1, 0, 0, 0, 0, 0, 0 ], [ 0, 2, 0, 0, 0, 1, 2, 2 ], [ 0, 0, 0, 0, 1, 0, 1, 2 ], [ 0, 1, 1, 2, 0, 1, 1, 1 ], [ 0, 0, 2, 1, 1, 2, 1, 0 ], [ 0, 0, 0, 1, 2, 0, 1, 2 ], [ 0, 2, 2, 2, 2, 0, 1, 2 ] ];3868890480
[ [ 1, 2, 2, 2, 2, 2, 1, 0 ], [ 0, 1, 0, 0, 0, 0, 0, 0 ], [ 0, 2, 0, 0, 0, 1, 2, 2 ], [ 0, 0, 0, 0, 1, 0, 1, 2 ], [ 0, 1, 1, 2, 0, 1, 1, 1 ], [ 0, 0, 2, 1, 1, 2, 1, 0 ], [ 0, 0, 0, 1, 2, 0, 1, 2 ], [ 0, 2, 2, 2, 2, 0, 1, 2 ] ];3868890480
[ [ 1, 0, 2, 2, 2, 2, 1, 0 ], [ 0, 1, 0, 0, 0, 0, 0, 0 ], [ 0, 2, 0, 0, 0, 1, 2, 2 ], [ 0, 0, 0, 0, 1, 0, 1, 2 ], [ 0, 1, 1, 2, 0, 1, 1, 1 ], [ 0, 0, 2, 1, 1, 2, 1, 0 ], [ 0, 0, 0, 1, 2, 0, 1, 2 ], [ 0, 2, 2, 2, 2, 0, 1, 2 ] ];3868890480
[ [ 1, 0, 2, 1, 1, 1, 2, 0 ], [ 0, 1, 0, 0, 0, 0, 0, 0 ], [ 0, 2, 0, 0, 0, 2, 1, 1 ], [ 0, 0, 0, 0, 2, 0, 2, 1 ], [ 0, 0, 2, 1, 0, 2, 2, 2 ], [ 0, 1, 1, 2, 2, 1, 2, 0 ], [ 0, 1, 0, 2, 1, 0, 2, 1 ], [ 0, 1, 1, 1, 1, 0, 2, 1 ] ];11606671440
[ [ 1, 1, 2, 1, 1, 1, 2, 0 ], [ 0, 1, 0, 0, 0, 0, 0, 0 ], [ 0, 2, 0, 0, 0, 2, 1, 1 ], [ 0, 0, 0, 0, 2, 0, 2, 1 ], [ 0, 0, 2, 1, 0, 2, 2, 2 ], [ 0, 1, 1, 2, 2, 1, 2, 0 ], [ 0, 1, 0, 2, 1, 0, 2, 1 ], [ 0, 1, 1, 1, 1, 0, 2, 1 ] ];11606671440
[ [ 1, 2, 2, 1, 1, 1, 2, 0 ], [ 0, 1, 0, 0, 0, 0, 0, 0 ], [ 0, 2, 0, 0, 0, 2, 1, 1 ], [ 0, 0, 0, 0, 2, 0, 2, 1 ], [ 0, 0, 2, 1, 0, 2, 2, 2 ], [ 0, 1, 1, 2, 2, 1, 2, 0 ], [ 0, 1, 0, 2, 1, 0, 2, 1 ], [ 0, 1, 1, 1, 1, 0, 2, 1 ] ];11606671440
[ [ 1, 0, 2, 0, 0, 0, 2, 0 ], [ 0, 1, 0, 0, 0, 0, 0, 0 ], [ 0, 0, 2, 2, 1, 1, 1, 1 ], [ 0, 1, 1, 1, 0, 0, 2, 0 ], [ 0, 0, 1, 2, 0, 1, 1, 1 ], [ 0, 2, 1, 0, 2, 2, 0, 2 ], [ 0, 1, 2, 0, 0, 0, 0, 1 ], [ 0, 0, 0, 0, 1, 0, 2, 0 ] ];23213342880
[ [ 1, 0, 1, 0, 0, 0, 2, 0 ], [ 0, 1, 0, 0, 0, 0, 0, 0 ], [ 0, 2, 2, 2, 1, 1, 1, 1 ], [ 0, 2, 1, 1, 0, 0, 2, 0 ], [ 0, 2, 1, 2, 0, 1, 1, 1 ], [ 0, 2, 1, 0, 2, 2, 0, 2 ], [ 0, 1, 2, 0, 0, 0, 0, 1 ], [ 0, 0, 0, 0, 1, 0, 2, 0 ] ];3868890480
[ [ 1, 1, 1, 0, 0, 0, 2, 0 ], [ 0, 1, 0, 0, 0, 0, 0, 0 ], [ 0, 2, 2, 2, 1, 1, 1, 1 ], [ 0, 2, 1, 1, 0, 0, 2, 0 ], [ 0, 2, 1, 2, 0, 1, 1, 1 ], [ 0, 2, 1, 0, 2, 2, 0, 2 ], [ 0, 1, 2, 0, 0, 0, 0, 1 ], [ 0, 0, 0, 0, 1, 0, 2, 0 ] ];3868890480
[ [ 1, 2, 1, 0, 0, 0, 2, 0 ], [ 0, 1, 0, 0, 0, 0, 0, 0 ], [ 0, 2, 2, 2, 1, 1, 1, 1 ], [ 0, 2, 1, 1, 0, 0, 2, 0 ], [ 0, 2, 1, 2, 0, 1, 1, 1 ], [ 0, 2, 1, 0, 2, 2, 0, 2 ], [ 0, 1, 2, 0, 0, 0, 0, 1 ], [ 0, 0, 0, 0, 1, 0, 2, 0 ] ];3868890480
[ [ 1, 0, 1, 0, 0, 0, 1, 0 ], [ 0, 1, 0, 0, 0, 0, 0, 0 ], [ 0, 0, 1, 1, 2, 2, 2, 2 ], [ 0, 1, 2, 2, 0, 0, 1, 0 ], [ 0, 0, 2, 1, 0, 2, 2, 2 ], [ 0, 2, 2, 0, 1, 1, 0, 1 ], [ 0, 1, 1, 0, 0, 0, 0, 2 ], [ 0, 0, 0, 0, 2, 0, 1, 0 ] ];11606671440
[ [ 1, 1, 1, 0, 0, 0, 1, 0 ], [ 0, 1, 0, 0, 0, 0, 0, 0 ], [ 0, 0, 1, 1, 2, 2, 2, 2 ], [ 0, 1, 2, 2, 0, 0, 1, 0 ], [ 0, 0, 2, 1, 0, 2, 2, 2 ], [ 0, 2, 2, 0, 1, 1, 0, 1 ], [ 0, 1, 1, 0, 0, 0, 0, 2 ], [ 0, 0, 0, 0, 2, 0, 1, 0 ] ];11606671440
[ [ 1, 2, 1, 0, 0, 0, 1, 0 ], [ 0, 1, 0, 0, 0, 0, 0, 0 ], [ 0, 0, 1, 1, 2, 2, 2, 2 ], [ 0, 1, 2, 2, 0, 0, 1, 0 ], [ 0, 0, 2, 1, 0, 2, 2, 2 ], [ 0, 2, 2, 0, 1, 1, 0, 1 ], [ 0, 1, 1, 0, 0, 0, 0, 2 ], [ 0, 0, 0, 0, 2, 0, 1, 0 ] ];11606671440
[ [ 1, 0, 1, 1, 0, 0, 2, 0 ], [ 0, 1, 0, 0, 0, 0, 0, 0 ], [ 0, 0, 2, 2, 0, 0, 1, 0 ], [ 0, 1, 1, 0, 0, 1, 0, 0 ], [ 0, 0, 2, 0, 0, 1, 1, 1 ], [ 0, 0, 0, 0, 0, 2, 2, 0 ], [ 0, 0, 0, 0, 0, 1, 0, 0 ], [ 0, 0, 0, 2, 2, 2, 1, 2 ] ];254741760
[ [ 1, 2, 2, 1, 0, 0, 2, 0 ], [ 0, 1, 0, 0, 0, 0, 0, 0 ], [ 0, 1, 2, 2, 0, 0, 1, 0 ], [ 0, 1, 1, 0, 0, 1, 0, 0 ], [ 0, 0, 2, 0, 0, 1, 1, 1 ], [ 0, 0, 0, 0, 0, 2, 2, 0 ], [ 0, 0, 0, 0, 0, 1, 0, 0 ], [ 0, 1, 0, 2, 2, 2, 1, 2 ] ];7076160
[ [ 1, 0, 2, 1, 0, 0, 2, 0 ], [ 0, 1, 0, 0, 0, 0, 0, 0 ], [ 0, 1, 2, 2, 0, 0, 1, 0 ], [ 0, 1, 1, 0, 0, 1, 0, 0 ], [ 0, 0, 2, 0, 0, 1, 1, 1 ], [ 0, 0, 0, 0, 0, 2, 2, 0 ], [ 0, 0, 0, 0, 0, 1, 0, 0 ], [ 0, 1, 0, 2, 2, 2, 1, 2 ] ];7076160
[ [ 1, 1, 2, 1, 0, 0, 2, 0 ], [ 0, 1, 0, 0, 0, 0, 0, 0 ], [ 0, 1, 2, 2, 0, 0, 1, 0 ], [ 0, 1, 1, 0, 0, 1, 0, 0 ], [ 0, 0, 2, 0, 0, 1, 1, 1 ], [ 0, 0, 0, 0, 0, 2, 2, 0 ], [ 0, 0, 0, 0, 0, 1, 0, 0 ], [ 0, 1, 0, 2, 2, 2, 1, 2 ] ];7076160
[ [ 1, 2, 0, 0, 0, 0, 2, 0 ], [ 0, 1, 0, 0, 0, 0, 0, 0 ], [ 0, 0, 2, 2, 0, 0, 1, 0 ], [ 0, 0, 1, 0, 0, 1, 0, 0 ], [ 0, 1, 2, 0, 0, 1, 1, 1 ], [ 0, 0, 0, 0, 0, 2, 2, 0 ], [ 0, 0, 0, 0, 0, 1, 0, 0 ], [ 0, 2, 0, 2, 2, 2, 1, 2 ] ];169827840
[ [ 1, 2, 2, 1, 2, 0, 2, 0 ], [ 0, 1, 0, 0, 0, 0, 0, 0 ], [ 0, 1, 2, 2, 0, 0, 1, 0 ], [ 0, 2, 1, 0, 0, 1, 0, 0 ], [ 0, 1, 2, 0, 0, 1, 1, 1 ], [ 0, 2, 0, 0, 0, 2, 2, 0 ], [ 0, 1, 0, 0, 0, 1, 0, 0 ], [ 0, 0, 0, 2, 2, 2, 1, 2 ] ];127370880
[ [ 1, 0, 2, 2, 0, 0, 1, 0 ], [ 0, 1, 0, 0, 0, 0, 0, 0 ], [ 0, 0, 1, 1, 0, 0, 2, 0 ], [ 0, 1, 2, 0, 0, 2, 0, 0 ], [ 0, 0, 1, 0, 0, 2, 2, 2 ], [ 0, 0, 0, 0, 0, 1, 1, 0 ], [ 0, 0, 0, 0, 0, 2, 0, 0 ], [ 0, 0, 0, 1, 1, 1, 2, 1 ] ];191056320
[ [ 1, 1, 2, 2, 0, 0, 1, 0 ], [ 0, 1, 0, 0, 0, 0, 0, 0 ], [ 0, 0, 1, 1, 0, 0, 2, 0 ], [ 0, 1, 2, 0, 0, 2, 0, 0 ], [ 0, 0, 1, 0, 0, 2, 2, 2 ], [ 0, 0, 0, 0, 0, 1, 1, 0 ], [ 0, 0, 0, 0, 0, 2, 0, 0 ], [ 0, 0, 0, 1, 1, 1, 2, 1 ] ];191056320
[ [ 1, 2, 2, 2, 0, 0, 1, 0 ], [ 0, 1, 0, 0, 0, 0, 0, 0 ], [ 0, 0, 1, 1, 0, 0, 2, 0 ], [ 0, 1, 2, 0, 0, 2, 0, 0 ], [ 0, 0, 1, 0, 0, 2, 2, 2 ], [ 0, 0, 0, 0, 0, 1, 1, 0 ], [ 0, 0, 0, 0, 0, 2, 0, 0 ], [ 0, 0, 0, 1, 1, 1, 2, 1 ] ];191056320
[ [ 1, 2, 2, 1, 1, 1, 2, 2 ], [ 0, 1, 0, 0, 0, 0, 0, 0 ], [ 0, 1, 0, 2, 0, 0, 1, 0 ], [ 0, 1, 1, 1, 0, 1, 0, 0 ], [ 0, 2, 2, 0, 1, 1, 1, 1 ], [ 0, 1, 0, 0, 0, 0, 2, 0 ], [ 0, 1, 0, 0, 0, 1, 1, 0 ], [ 0, 1, 0, 2, 2, 2, 1, 0 ] ];191056320
[ [ 1, 0, 2, 1, 1, 1, 2, 2 ], [ 0, 1, 0, 0, 0, 0, 0, 0 ], [ 0, 1, 0, 2, 0, 0, 1, 0 ], [ 0, 1, 1, 1, 0, 1, 0, 0 ], [ 0, 2, 2, 0, 1, 1, 1, 1 ], [ 0, 1, 0, 0, 0, 0, 2, 0 ], [ 0, 1, 0, 0, 0, 1, 1, 0 ], [ 0, 1, 0, 2, 2, 2, 1, 0 ] ];191056320
[ [ 1, 1, 2, 1, 1, 1, 2, 2 ], [ 0, 1, 0, 0, 0, 0, 0, 0 ], [ 0, 1, 0, 2, 0, 0, 1, 0 ], [ 0, 1, 1, 1, 0, 1, 0, 0 ], [ 0, 2, 2, 0, 1, 1, 1, 1 ], [ 0, 1, 0, 0, 0, 0, 2, 0 ], [ 0, 1, 0, 0, 0, 1, 1, 0 ], [ 0, 1, 0, 2, 2, 2, 1, 0 ] ];191056320
[ [ 1, 2, 1, 2, 2, 2, 1, 1 ], [ 0, 1, 0, 0, 0, 0, 0, 0 ], [ 0, 1, 0, 1, 0, 0, 2, 0 ], [ 0, 1, 2, 2, 0, 2, 0, 0 ], [ 0, 2, 1, 0, 2, 2, 2, 2 ], [ 0, 1, 0, 0, 0, 0, 1, 0 ], [ 0, 1, 0, 0, 0, 2, 2, 0 ], [ 0, 1, 0, 1, 1, 1, 2, 0 ] ];254741760
[ [ 1, 1, 0, 2, 2, 2, 1, 1 ], [ 0, 1, 0, 0, 0, 0, 0, 0 ], [ 0, 2, 0, 1, 0, 0, 2, 0 ], [ 0, 0, 2, 2, 0, 2, 0, 0 ], [ 0, 2, 1, 0, 2, 2, 2, 2 ], [ 0, 1, 0, 0, 0, 0, 1, 0 ], [ 0, 1, 0, 0, 0, 2, 2, 0 ], [ 0, 2, 0, 1, 1, 1, 2, 0 ] ];7076160
[ [ 1, 2, 0, 2, 2, 2, 1, 1 ], [ 0, 1, 0, 0, 0, 0, 0, 0 ], [ 0, 2, 0, 1, 0, 0, 2, 0 ], [ 0, 0, 2, 2, 0, 2, 0, 0 ], [ 0, 2, 1, 0, 2, 2, 2, 2 ], [ 0, 1, 0, 0, 0, 0, 1, 0 ], [ 0, 1, 0, 0, 0, 2, 2, 0 ], [ 0, 2, 0, 1, 1, 1, 2, 0 ] ];7076160
[ [ 1, 0, 0, 2, 2, 2, 1, 1 ], [ 0, 1, 0, 0, 0, 0, 0, 0 ], [ 0, 2, 0, 1, 0, 0, 2, 0 ], [ 0, 0, 2, 2, 0, 2, 0, 0 ], [ 0, 2, 1, 0, 2, 2, 2, 2 ], [ 0, 1, 0, 0, 0, 0, 1, 0 ], [ 0, 1, 0, 0, 0, 2, 2, 0 ], [ 0, 2, 0, 1, 1, 1, 2, 0 ] ];7076160
[ [ 1, 1, 1, 1, 2, 2, 1, 1 ], [ 0, 1, 0, 0, 0, 0, 0, 0 ], [ 0, 1, 0, 1, 0, 0, 2, 0 ], [ 0, 2, 2, 2, 0, 2, 0, 0 ], [ 0, 1, 1, 0, 2, 2, 2, 2 ], [ 0, 1, 0, 0, 0, 0, 1, 0 ], [ 0, 1, 0, 0, 0, 2, 2, 0 ], [ 0, 1, 0, 1, 1, 1, 2, 0 ] ];169827840
[ [ 1, 0, 0, 2, 1, 2, 1, 1 ], [ 0, 1, 0, 0, 0, 0, 0, 0 ], [ 0, 2, 0, 1, 0, 0, 2, 0 ], [ 0, 2, 2, 2, 0, 2, 0, 0 ], [ 0, 1, 1, 0, 2, 2, 2, 2 ], [ 0, 1, 0, 0, 0, 0, 1, 0 ], [ 0, 0, 0, 0, 0, 2, 2, 0 ], [ 0, 0, 0, 1, 1, 1, 2, 0 ] ];127370880
[ [ 1, 0, 1, 0, 0, 2, 0, 2 ], [ 0, 1, 0, 0, 0, 0, 0, 0 ], [ 0, 0, 1, 0, 0, 2, 0, 2 ], [ 0, 2, 0, 0, 0, 2, 1, 1 ], [ 0, 0, 0, 1, 0, 1, 2, 2 ], [ 0, 0, 2, 2, 2, 2, 2, 0 ], [ 0, 0, 0, 0, 1, 0, 2, 1 ], [ 0, 0, 0, 2, 1, 0, 0, 2 ] ];10317041280
[ [ 1, 0, 0, 0, 0, 2, 0, 2 ], [ 0, 1, 0, 0, 0, 0, 0, 0 ], [ 0, 0, 1, 0, 0, 2, 0, 2 ], [ 0, 2, 0, 0, 0, 2, 1, 1 ], [ 0, 1, 0, 1, 0, 1, 2, 2 ], [ 0, 2, 2, 2, 2, 2, 2, 0 ], [ 0, 0, 0, 0, 1, 0, 2, 1 ], [ 0, 2, 0, 2, 1, 0, 0, 2 ] ];1719506880
[ [ 1, 1, 0, 0, 0, 2, 0, 2 ], [ 0, 1, 0, 0, 0, 0, 0, 0 ], [ 0, 0, 1, 0, 0, 2, 0, 2 ], [ 0, 2, 0, 0, 0, 2, 1, 1 ], [ 0, 1, 0, 1, 0, 1, 2, 2 ], [ 0, 2, 2, 2, 2, 2, 2, 0 ], [ 0, 0, 0, 0, 1, 0, 2, 1 ], [ 0, 2, 0, 2, 1, 0, 0, 2 ] ];1719506880
[ [ 1, 2, 0, 0, 0, 2, 0, 2 ], [ 0, 1, 0, 0, 0, 0, 0, 0 ], [ 0, 0, 1, 0, 0, 2, 0, 2 ], [ 0, 2, 0, 0, 0, 2, 1, 1 ], [ 0, 1, 0, 1, 0, 1, 2, 2 ], [ 0, 2, 2, 2, 2, 2, 2, 0 ], [ 0, 0, 0, 0, 1, 0, 2, 1 ], [ 0, 2, 0, 2, 1, 0, 0, 2 ] ];1719506880
[ [ 1, 0, 2, 0, 0, 1, 0, 1 ], [ 0, 1, 0, 0, 0, 0, 0, 0 ], [ 0, 0, 2, 0, 0, 1, 0, 1 ], [ 0, 2, 0, 0, 0, 1, 2, 2 ], [ 0, 0, 0, 2, 0, 2, 1, 1 ], [ 0, 0, 1, 1, 1, 1, 1, 0 ], [ 0, 0, 0, 0, 2, 0, 1, 2 ], [ 0, 0, 0, 1, 2, 0, 0, 1 ] ];6878027520
[ [ 1, 0, 1, 0, 0, 1, 0, 1 ], [ 0, 1, 0, 0, 0, 0, 0, 0 ], [ 0, 0, 2, 0, 0, 1, 0, 1 ], [ 0, 2, 0, 0, 0, 1, 2, 2 ], [ 0, 2, 0, 2, 0, 2, 1, 1 ], [ 0, 1, 1, 1, 1, 1, 1, 0 ], [ 0, 0, 0, 0, 2, 0, 1, 2 ], [ 0, 1, 0, 1, 2, 0, 0, 1 ] ];573168960
[ [ 1, 1, 1, 0, 0, 1, 0, 1 ], [ 0, 1, 0, 0, 0, 0, 0, 0 ], [ 0, 0, 2, 0, 0, 1, 0, 1 ], [ 0, 2, 0, 0, 0, 1, 2, 2 ], [ 0, 2, 0, 2, 0, 2, 1, 1 ], [ 0, 1, 1, 1, 1, 1, 1, 0 ], [ 0, 0, 0, 0, 2, 0, 1, 2 ], [ 0, 1, 0, 1, 2, 0, 0, 1 ] ];573168960
[ [ 1, 2, 1, 0, 0, 1, 0, 1 ], [ 0, 1, 0, 0, 0, 0, 0, 0 ], [ 0, 0, 2, 0, 0, 1, 0, 1 ], [ 0, 2, 0, 0, 0, 1, 2, 2 ], [ 0, 2, 0, 2, 0, 2, 1, 1 ], [ 0, 1, 1, 1, 1, 1, 1, 0 ], [ 0, 0, 0, 0, 2, 0, 1, 2 ], [ 0, 1, 0, 1, 2, 0, 0, 1 ] ];573168960
[ [ 1, 1, 2, 2, 0, 1, 0, 1 ], [ 0, 1, 0, 0, 0, 0, 0, 0 ], [ 0, 1, 2, 0, 0, 1, 0, 1 ], [ 0, 2, 0, 0, 0, 1, 2, 2 ], [ 0, 0, 0, 2, 0, 2, 1, 1 ], [ 0, 2, 1, 1, 1, 1, 1, 0 ], [ 0, 0, 0, 0, 2, 0, 1, 2 ], [ 0, 0, 0, 1, 2, 0, 0, 1 ] ];6878027520
[ [ 1, 2, 2, 1, 1, 2, 1, 1 ], [ 0, 1, 0, 0, 0, 0, 0, 0 ], [ 0, 1, 0, 0, 2, 2, 2, 0 ], [ 0, 0, 0, 1, 1, 0, 0, 0 ], [ 0, 2, 2, 1, 2, 2, 0, 0 ], [ 0, 0, 0, 0, 1, 0, 2, 1 ], [ 0, 1, 1, 1, 0, 1, 2, 2 ], [ 0, 0, 2, 0, 1, 2, 0, 2 ] ];1719506880
[ [ 1, 0, 2, 1, 1, 2, 1, 1 ], [ 0, 1, 0, 0, 0, 0, 0, 0 ], [ 0, 1, 0, 0, 2, 2, 2, 0 ], [ 0, 0, 0, 1, 1, 0, 0, 0 ], [ 0, 2, 2, 1, 2, 2, 0, 0 ], [ 0, 0, 0, 0, 1, 0, 2, 1 ], [ 0, 1, 1, 1, 0, 1, 2, 2 ], [ 0, 0, 2, 0, 1, 2, 0, 2 ] ];1719506880
[ [ 1, 1, 2, 1, 1, 2, 1, 1 ], [ 0, 1, 0, 0, 0, 0, 0, 0 ], [ 0, 1, 0, 0, 2, 2, 2, 0 ], [ 0, 0, 0, 1, 1, 0, 0, 0 ], [ 0, 2, 2, 1, 2, 2, 0, 0 ], [ 0, 0, 0, 0, 1, 0, 2, 1 ], [ 0, 1, 1, 1, 0, 1, 2, 2 ], [ 0, 0, 2, 0, 1, 2, 0, 2 ] ];1719506880
[ [ 1, 0, 1, 1, 1, 2, 1, 1 ], [ 0, 1, 0, 0, 0, 0, 0, 0 ], [ 0, 1, 0, 0, 2, 2, 2, 0 ], [ 0, 1, 0, 1, 1, 0, 0, 0 ], [ 0, 0, 2, 1, 2, 2, 0, 0 ], [ 0, 0, 0, 0, 1, 0, 2, 1 ], [ 0, 2, 1, 1, 0, 1, 2, 2 ], [ 0, 0, 2, 0, 1, 2, 0, 2 ] ];10317041280
[ [ 1, 2, 1, 2, 2, 1, 2, 2 ], [ 0, 1, 0, 0, 0, 0, 0, 0 ], [ 0, 1, 0, 0, 1, 1, 1, 0 ], [ 0, 0, 0, 2, 2, 0, 0, 0 ], [ 0, 2, 1, 2, 1, 1, 0, 0 ], [ 0, 0, 0, 0, 2, 0, 1, 2 ], [ 0, 1, 2, 2, 0, 2, 1, 1 ], [ 0, 0, 1, 0, 2, 1, 0, 1 ] ];6878027520
[ [ 1, 1, 0, 2, 2, 1, 2, 2 ], [ 0, 1, 0, 0, 0, 0, 0, 0 ], [ 0, 1, 0, 0, 1, 1, 1, 0 ], [ 0, 2, 0, 2, 2, 0, 0, 0 ], [ 0, 1, 1, 2, 1, 1, 0, 0 ], [ 0, 0, 0, 0, 2, 0, 1, 2 ], [ 0, 0, 2, 2, 0, 2, 1, 1 ], [ 0, 0, 1, 0, 2, 1, 0, 1 ] ];6878027520
[ [ 1, 0, 0, 0, 2, 1, 2, 2 ], [ 0, 1, 0, 0, 0, 0, 0, 0 ], [ 0, 1, 0, 0, 1, 1, 1, 0 ], [ 0, 2, 0, 2, 2, 0, 0, 0 ], [ 0, 2, 1, 2, 1, 1, 0, 0 ], [ 0, 0, 0, 0, 2, 0, 1, 2 ], [ 0, 2, 2, 2, 0, 2, 1, 1 ], [ 0, 1, 1, 0, 2, 1, 0, 1 ] ];573168960
[ [ 1, 1, 0, 0, 2, 1, 2, 2 ], [ 0, 1, 0, 0, 0, 0, 0, 0 ], [ 0, 1, 0, 0, 1, 1, 1, 0 ], [ 0, 2, 0, 2, 2, 0, 0, 0 ], [ 0, 2, 1, 2, 1, 1, 0, 0 ], [ 0, 0, 0, 0, 2, 0, 1, 2 ], [ 0, 2, 2, 2, 0, 2, 1, 1 ], [ 0, 1, 1, 0, 2, 1, 0, 1 ] ];573168960
[ [ 1, 2, 0, 0, 2, 1, 2, 2 ], [ 0, 1, 0, 0, 0, 0, 0, 0 ], [ 0, 1, 0, 0, 1, 1, 1, 0 ], [ 0, 2, 0, 2, 2, 0, 0, 0 ], [ 0, 2, 1, 2, 1, 1, 0, 0 ], [ 0, 0, 0, 0, 2, 0, 1, 2 ], [ 0, 2, 2, 2, 0, 2, 1, 1 ], [ 0, 1, 1, 0, 2, 1, 0, 1 ] ];573168960
[ [ 1, 0, 0, 2, 0, 0, 2, 1 ], [ 0, 1, 0, 0, 0, 0, 0, 0 ], [ 0, 2, 2, 0, 1, 0, 2, 2 ], [ 0, 0, 0, 2, 1, 2, 2, 1 ], [ 0, 1, 0, 0, 0, 1, 0, 1 ], [ 0, 0, 2, 2, 1, 2, 1, 1 ], [ 0, 0, 2, 1, 0, 0, 0, 2 ], [ 0, 1, 1, 2, 2, 2, 1, 1 ] ];92853371520
[ [ 1, 1, 0, 2, 0, 0, 2, 1 ], [ 0, 1, 0, 0, 0, 0, 0, 0 ], [ 0, 2, 2, 0, 1, 0, 2, 2 ], [ 0, 0, 0, 2, 1, 2, 2, 1 ], [ 0, 1, 0, 0, 0, 1, 0, 1 ], [ 0, 0, 2, 2, 1, 2, 1, 1 ], [ 0, 0, 2, 1, 0, 0, 0, 2 ], [ 0, 1, 1, 2, 2, 2, 1, 1 ] ];92853371520
[ [ 1, 2, 0, 2, 0, 0, 2, 1 ], [ 0, 1, 0, 0, 0, 0, 0, 0 ], [ 0, 2, 2, 0, 1, 0, 2, 2 ], [ 0, 0, 0, 2, 1, 2, 2, 1 ], [ 0, 1, 0, 0, 0, 1, 0, 1 ], [ 0, 0, 2, 2, 1, 2, 1, 1 ], [ 0, 0, 2, 1, 0, 0, 0, 2 ], [ 0, 1, 1, 2, 2, 2, 1, 1 ] ];92853371520
[ [ 1, 0, 0, 1, 0, 0, 1, 2 ], [ 0, 1, 0, 0, 0, 0, 0, 0 ], [ 0, 2, 1, 0, 2, 0, 1, 1 ], [ 0, 0, 0, 1, 2, 1, 1, 2 ], [ 0, 1, 0, 0, 0, 2, 0, 2 ], [ 0, 0, 1, 1, 2, 1, 2, 2 ], [ 0, 0, 1, 2, 0, 0, 0, 1 ], [ 0, 1, 2, 1, 1, 1, 2, 2 ] ];185706743040
[ [ 1, 1, 2, 1, 0, 0, 1, 2 ], [ 0, 1, 0, 0, 0, 0, 0, 0 ], [ 0, 2, 1, 0, 2, 0, 1, 1 ], [ 0, 1, 0, 1, 2, 1, 1, 2 ], [ 0, 1, 0, 0, 0, 2, 0, 2 ], [ 0, 1, 1, 1, 2, 1, 2, 2 ], [ 0, 2, 1, 2, 0, 0, 0, 1 ], [ 0, 2, 2, 1, 1, 1, 2, 2 ] ];30951123840
[ [ 1, 2, 2, 1, 0, 0, 1, 2 ], [ 0, 1, 0, 0, 0, 0, 0, 0 ], [ 0, 2, 1, 0, 2, 0, 1, 1 ], [ 0, 1, 0, 1, 2, 1, 1, 2 ], [ 0, 1, 0, 0, 0, 2, 0, 2 ], [ 0, 1, 1, 1, 2, 1, 2, 2 ], [ 0, 2, 1, 2, 0, 0, 0, 1 ], [ 0, 2, 2, 1, 1, 1, 2, 2 ] ];30951123840
[ [ 1, 0, 2, 1, 0, 0, 1, 2 ], [ 0, 1, 0, 0, 0, 0, 0, 0 ], [ 0, 2, 1, 0, 2, 0, 1, 1 ], [ 0, 1, 0, 1, 2, 1, 1, 2 ], [ 0, 1, 0, 0, 0, 2, 0, 2 ], [ 0, 1, 1, 1, 2, 1, 2, 2 ], [ 0, 2, 1, 2, 0, 0, 0, 1 ], [ 0, 2, 2, 1, 1, 1, 2, 2 ] ];30951123840
[ [ 1, 2, 0, 0, 1, 2, 2, 2 ], [ 0, 1, 0, 0, 0, 0, 0, 0 ], [ 0, 2, 0, 1, 2, 2, 1, 1 ], [ 0, 1, 2, 1, 1, 1, 0, 0 ], [ 0, 1, 0, 1, 1, 2, 0, 1 ], [ 0, 2, 1, 0, 1, 2, 1, 0 ], [ 0, 0, 1, 1, 2, 1, 2, 2 ], [ 0, 2, 1, 2, 1, 1, 1, 2 ] ];185706743040
[ [ 1, 2, 1, 0, 1, 2, 2, 2 ], [ 0, 1, 0, 0, 0, 0, 0, 0 ], [ 0, 1, 0, 1, 2, 2, 1, 1 ], [ 0, 0, 2, 1, 1, 1, 0, 0 ], [ 0, 0, 0, 1, 1, 2, 0, 1 ], [ 0, 2, 1, 0, 1, 2, 1, 0 ], [ 0, 2, 1, 1, 2, 1, 2, 2 ], [ 0, 0, 1, 2, 1, 1, 1, 2 ] ];30951123840
[ [ 1, 0, 1, 0, 1, 2, 2, 2 ], [ 0, 1, 0, 0, 0, 0, 0, 0 ], [ 0, 1, 0, 1, 2, 2, 1, 1 ], [ 0, 0, 2, 1, 1, 1, 0, 0 ], [ 0, 0, 0, 1, 1, 2, 0, 1 ], [ 0, 2, 1, 0, 1, 2, 1, 0 ], [ 0, 2, 1, 1, 2, 1, 2, 2 ], [ 0, 0, 1, 2, 1, 1, 1, 2 ] ];30951123840
[ [ 1, 1, 1, 0, 1, 2, 2, 2 ], [ 0, 1, 0, 0, 0, 0, 0, 0 ], [ 0, 1, 0, 1, 2, 2, 1, 1 ], [ 0, 0, 2, 1, 1, 1, 0, 0 ], [ 0, 0, 0, 1, 1, 2, 0, 1 ], [ 0, 2, 1, 0, 1, 2, 1, 0 ], [ 0, 2, 1, 1, 2, 1, 2, 2 ], [ 0, 0, 1, 2, 1, 1, 1, 2 ] ];30951123840
[ [ 1, 2, 0, 0, 2, 1, 1, 1 ], [ 0, 1, 0, 0, 0, 0, 0, 0 ], [ 0, 2, 0, 2, 1, 1, 2, 2 ], [ 0, 1, 1, 2, 2, 2, 0, 0 ], [ 0, 1, 0, 2, 2, 1, 0, 2 ], [ 0, 2, 2, 0, 2, 1, 2, 0 ], [ 0, 0, 2, 2, 1, 2, 1, 1 ], [ 0, 2, 2, 1, 2, 2, 2, 1 ] ];92853371520
[ [ 1, 0, 0, 0, 2, 1, 1, 1 ], [ 0, 1, 0, 0, 0, 0, 0, 0 ], [ 0, 2, 0, 2, 1, 1, 2, 2 ], [ 0, 1, 1, 2, 2, 2, 0, 0 ], [ 0, 1, 0, 2, 2, 1, 0, 2 ], [ 0, 2, 2, 0, 2, 1, 2, 0 ], [ 0, 0, 2, 2, 1, 2, 1, 1 ], [ 0, 2, 2, 1, 2, 2, 2, 1 ] ];92853371520
[ [ 1, 1, 0, 0, 2, 1, 1, 1 ], [ 0, 1, 0, 0, 0, 0, 0, 0 ], [ 0, 2, 0, 2, 1, 1, 2, 2 ], [ 0, 1, 1, 2, 2, 2, 0, 0 ], [ 0, 1, 0, 2, 2, 1, 0, 2 ], [ 0, 2, 2, 0, 2, 1, 2, 0 ], [ 0, 0, 2, 2, 1, 2, 1, 1 ], [ 0, 2, 2, 1, 2, 2, 2, 1 ] ];92853371520
[ [ 1, 2, 0, 1, 2, 1, 2, 0 ], [ 0, 1, 0, 0, 0, 0, 0, 0 ], [ 0, 0, 2, 1, 2, 1, 1, 1 ], [ 0, 0, 2, 0, 1, 2, 1, 1 ], [ 0, 2, 0, 2, 2, 1, 0, 2 ], [ 0, 1, 1, 2, 0, 1, 1, 2 ], [ 0, 2, 1, 1, 2, 2, 0, 0 ], [ 0, 2, 0, 2, 1, 2, 0, 2 ] ];23213342880
[ [ 1, 0, 0, 1, 2, 1, 2, 0 ], [ 0, 1, 0, 0, 0, 0, 0, 0 ], [ 0, 0, 2, 1, 2, 1, 1, 1 ], [ 0, 0, 2, 0, 1, 2, 1, 1 ], [ 0, 2, 0, 2, 2, 1, 0, 2 ], [ 0, 1, 1, 2, 0, 1, 1, 2 ], [ 0, 2, 1, 1, 2, 2, 0, 0 ], [ 0, 2, 0, 2, 1, 2, 0, 2 ] ];23213342880
[ [ 1, 1, 0, 1, 2, 1, 2, 0 ], [ 0, 1, 0, 0, 0, 0, 0, 0 ], [ 0, 0, 2, 1, 2, 1, 1, 1 ], [ 0, 0, 2, 0, 1, 2, 1, 1 ], [ 0, 2, 0, 2, 2, 1, 0, 2 ], [ 0, 1, 1, 2, 0, 1, 1, 2 ], [ 0, 2, 1, 1, 2, 2, 0, 0 ], [ 0, 2, 0, 2, 1, 2, 0, 2 ] ];23213342880
[ [ 1, 2, 0, 2, 1, 2, 1, 0 ], [ 0, 1, 0, 0, 0, 0, 0, 0 ], [ 0, 0, 1, 2, 1, 2, 2, 2 ], [ 0, 0, 1, 0, 2, 1, 2, 2 ], [ 0, 2, 0, 1, 1, 2, 0, 1 ], [ 0, 1, 2, 1, 0, 2, 2, 1 ], [ 0, 2, 2, 2, 1, 1, 0, 0 ], [ 0, 2, 0, 1, 2, 1, 0, 1 ] ];61902247680
[ [ 1, 2, 2, 2, 2, 2, 1, 0 ], [ 0, 1, 0, 0, 0, 0, 0, 0 ], [ 0, 0, 1, 2, 1, 2, 2, 2 ], [ 0, 2, 1, 0, 2, 1, 2, 2 ], [ 0, 1, 0, 1, 1, 2, 0, 1 ], [ 0, 0, 2, 1, 0, 2, 2, 1 ], [ 0, 0, 2, 2, 1, 1, 0, 0 ], [ 0, 2, 0, 1, 2, 1, 0, 1 ] ];2579260320
[ [ 1, 0, 2, 2, 2, 2, 1, 0 ], [ 0, 1, 0, 0, 0, 0, 0, 0 ], [ 0, 0, 1, 2, 1, 2, 2, 2 ], [ 0, 2, 1, 0, 2, 1, 2, 2 ], [ 0, 1, 0, 1, 1, 2, 0, 1 ], [ 0, 0, 2, 1, 0, 2, 2, 1 ], [ 0, 0, 2, 2, 1, 1, 0, 0 ], [ 0, 2, 0, 1, 2, 1, 0, 1 ] ];2579260320
[ [ 1, 1, 2, 2, 2, 2, 1, 0 ], [ 0, 1, 0, 0, 0, 0, 0, 0 ], [ 0, 0, 1, 2, 1, 2, 2, 2 ], [ 0, 2, 1, 0, 2, 1, 2, 2 ], [ 0, 1, 0, 1, 1, 2, 0, 1 ], [ 0, 0, 2, 1, 0, 2, 2, 1 ], [ 0, 0, 2, 2, 1, 1, 0, 0 ], [ 0, 2, 0, 1, 2, 1, 0, 1 ] ];2579260320
[ [ 1, 2, 1, 2, 0, 0, 2, 0 ], [ 0, 1, 0, 0, 0, 0, 0, 0 ], [ 0, 1, 0, 1, 2, 1, 0, 2 ], [ 0, 1, 2, 1, 0, 1, 1, 1 ], [ 0, 2, 1, 2, 2, 0, 0, 2 ], [ 0, 2, 2, 1, 2, 2, 0, 2 ], [ 0, 1, 0, 0, 0, 1, 1, 1 ], [ 0, 1, 0, 1, 2, 0, 2, 2 ] ];429876720
[ [ 1, 1, 0, 2, 0, 0, 2, 0 ], [ 0, 1, 0, 0, 0, 0, 0, 0 ], [ 0, 2, 0, 1, 2, 1, 0, 2 ], [ 0, 2, 2, 1, 0, 1, 1, 1 ], [ 0, 1, 1, 2, 2, 0, 0, 2 ], [ 0, 0, 2, 1, 2, 2, 0, 2 ], [ 0, 1, 0, 0, 0, 1, 1, 1 ], [ 0, 2, 0, 1, 2, 0, 2, 2 ] ];191056320
[ [ 1, 0, 1, 0, 0, 0, 2, 0 ], [ 0, 1, 0, 0, 0, 0, 0, 0 ], [ 0, 1, 0, 1, 2, 1, 0, 2 ], [ 0, 0, 2, 1, 0, 1, 1, 1 ], [ 0, 0, 1, 2, 2, 0, 0, 2 ], [ 0, 1, 2, 1, 2, 2, 0, 2 ], [ 0, 1, 0, 0, 0, 1, 1, 1 ], [ 0, 1, 0, 1, 2, 0, 2, 2 ] ];7960680
[ [ 1, 1, 1, 0, 0, 0, 2, 0 ], [ 0, 1, 0, 0, 0, 0, 0, 0 ], [ 0, 1, 0, 1, 2, 1, 0, 2 ], [ 0, 0, 2, 1, 0, 1, 1, 1 ], [ 0, 0, 1, 2, 2, 0, 0, 2 ], [ 0, 1, 2, 1, 2, 2, 0, 2 ], [ 0, 1, 0, 0, 0, 1, 1, 1 ], [ 0, 1, 0, 1, 2, 0, 2, 2 ] ];7960680
[ [ 1, 2, 1, 0, 0, 0, 2, 0 ], [ 0, 1, 0, 0, 0, 0, 0, 0 ], [ 0, 1, 0, 1, 2, 1, 0, 2 ], [ 0, 0, 2, 1, 0, 1, 1, 1 ], [ 0, 0, 1, 2, 2, 0, 0, 2 ], [ 0, 1, 2, 1, 2, 2, 0, 2 ], [ 0, 1, 0, 0, 0, 1, 1, 1 ], [ 0, 1, 0, 1, 2, 0, 2, 2 ] ];7960680
[ [ 1, 2, 2, 1, 0, 0, 1, 0 ], [ 0, 1, 0, 0, 0, 0, 0, 0 ], [ 0, 1, 0, 2, 1, 2, 0, 1 ], [ 0, 1, 1, 2, 0, 2, 2, 2 ], [ 0, 2, 2, 1, 1, 0, 0, 1 ], [ 0, 2, 1, 2, 1, 1, 0, 1 ], [ 0, 1, 0, 0, 0, 2, 2, 2 ], [ 0, 1, 0, 2, 1, 0, 1, 1 ] ];573168960
[ [ 1, 0, 1, 1, 0, 0, 1, 0 ], [ 0, 1, 0, 0, 0, 0, 0, 0 ], [ 0, 0, 0, 2, 1, 2, 0, 1 ], [ 0, 0, 1, 2, 0, 2, 2, 2 ], [ 0, 0, 2, 1, 1, 0, 0, 1 ], [ 0, 1, 1, 2, 1, 1, 0, 1 ], [ 0, 1, 0, 0, 0, 2, 2, 2 ], [ 0, 0, 0, 2, 1, 0, 1, 1 ] ];23882040
[ [ 1, 1, 1, 1, 0, 0, 1, 0 ], [ 0, 1, 0, 0, 0, 0, 0, 0 ], [ 0, 0, 0, 2, 1, 2, 0, 1 ], [ 0, 0, 1, 2, 0, 2, 2, 2 ], [ 0, 0, 2, 1, 1, 0, 0, 1 ], [ 0, 1, 1, 2, 1, 1, 0, 1 ], [ 0, 1, 0, 0, 0, 2, 2, 2 ], [ 0, 0, 0, 2, 1, 0, 1, 1 ] ];23882040
[ [ 1, 2, 1, 1, 0, 0, 1, 0 ], [ 0, 1, 0, 0, 0, 0, 0, 0 ], [ 0, 0, 0, 2, 1, 2, 0, 1 ], [ 0, 0, 1, 2, 0, 2, 2, 2 ], [ 0, 0, 2, 1, 1, 0, 0, 1 ], [ 0, 1, 1, 2, 1, 1, 0, 1 ], [ 0, 1, 0, 0, 0, 2, 2, 2 ], [ 0, 0, 0, 2, 1, 0, 1, 1 ] ];23882040
[ [ 1, 0, 1, 2, 1, 1, 1, 2 ], [ 0, 1, 0, 0, 0, 0, 0, 0 ], [ 0, 2, 1, 2, 1, 1, 1, 0 ], [ 0, 2, 1, 0, 1, 1, 0, 0 ], [ 0, 0, 1, 2, 2, 0, 0, 2 ], [ 0, 2, 0, 2, 1, 2, 1, 0 ], [ 0, 1, 1, 1, 2, 1, 2, 2 ], [ 0, 2, 2, 0, 0, 0, 1, 1 ] ];429876720
[ [ 1, 1, 2, 2, 1, 1, 1, 2 ], [ 0, 1, 0, 0, 0, 0, 0, 0 ], [ 0, 0, 1, 2, 1, 1, 1, 0 ], [ 0, 2, 1, 0, 1, 1, 0, 0 ], [ 0, 1, 1, 2, 2, 0, 0, 2 ], [ 0, 0, 0, 2, 1, 2, 1, 0 ], [ 0, 0, 1, 1, 2, 1, 2, 2 ], [ 0, 2, 2, 0, 0, 0, 1, 1 ] ];191056320
[ [ 1, 2, 1, 1, 2, 1, 1, 2 ], [ 0, 1, 0, 0, 0, 0, 0, 0 ], [ 0, 0, 1, 2, 1, 1, 1, 0 ], [ 0, 0, 1, 0, 1, 1, 0, 0 ], [ 0, 2, 1, 2, 2, 0, 0, 2 ], [ 0, 0, 0, 2, 1, 2, 1, 0 ], [ 0, 2, 1, 1, 2, 1, 2, 2 ], [ 0, 0, 2, 0, 0, 0, 1, 1 ] ];7960680
[ [ 1, 0, 1, 1, 2, 1, 1, 2 ], [ 0, 1, 0, 0, 0, 0, 0, 0 ], [ 0, 0, 1, 2, 1, 1, 1, 0 ], [ 0, 0, 1, 0, 1, 1, 0, 0 ], [ 0, 2, 1, 2, 2, 0, 0, 2 ], [ 0, 0, 0, 2, 1, 2, 1, 0 ], [ 0, 2, 1, 1, 2, 1, 2, 2 ], [ 0, 0, 2, 0, 0, 0, 1, 1 ] ];7960680
[ [ 1, 1, 1, 1, 2, 1, 1, 2 ], [ 0, 1, 0, 0, 0, 0, 0, 0 ], [ 0, 0, 1, 2, 1, 1, 1, 0 ], [ 0, 0, 1, 0, 1, 1, 0, 0 ], [ 0, 2, 1, 2, 2, 0, 0, 2 ], [ 0, 0, 0, 2, 1, 2, 1, 0 ], [ 0, 2, 1, 1, 2, 1, 2, 2 ], [ 0, 0, 2, 0, 0, 0, 1, 1 ] ];7960680
[ [ 1, 0, 2, 1, 2, 2, 2, 1 ], [ 0, 1, 0, 0, 0, 0, 0, 0 ], [ 0, 2, 2, 1, 2, 2, 2, 0 ], [ 0, 2, 2, 0, 2, 2, 0, 0 ], [ 0, 0, 2, 1, 1, 0, 0, 1 ], [ 0, 2, 0, 1, 2, 1, 2, 0 ], [ 0, 1, 2, 2, 1, 2, 1, 1 ], [ 0, 2, 1, 0, 0, 0, 2, 2 ] ];573168960
[ [ 1, 0, 0, 2, 2, 2, 2, 1 ], [ 0, 1, 0, 0, 0, 0, 0, 0 ], [ 0, 0, 2, 1, 2, 2, 2, 0 ], [ 0, 1, 2, 0, 2, 2, 0, 0 ], [ 0, 1, 2, 1, 1, 0, 0, 1 ], [ 0, 1, 0, 1, 2, 1, 2, 0 ], [ 0, 1, 2, 2, 1, 2, 1, 1 ], [ 0, 0, 1, 0, 0, 0, 2, 2 ] ];23882040
[ [ 1, 1, 0, 2, 2, 2, 2, 1 ], [ 0, 1, 0, 0, 0, 0, 0, 0 ], [ 0, 0, 2, 1, 2, 2, 2, 0 ], [ 0, 1, 2, 0, 2, 2, 0, 0 ], [ 0, 1, 2, 1, 1, 0, 0, 1 ], [ 0, 1, 0, 1, 2, 1, 2, 0 ], [ 0, 1, 2, 2, 1, 2, 1, 1 ], [ 0, 0, 1, 0, 0, 0, 2, 2 ] ];23882040
[ [ 1, 2, 0, 2, 2, 2, 2, 1 ], [ 0, 1, 0, 0, 0, 0, 0, 0 ], [ 0, 0, 2, 1, 2, 2, 2, 0 ], [ 0, 1, 2, 0, 2, 2, 0, 0 ], [ 0, 1, 2, 1, 1, 0, 0, 1 ], [ 0, 1, 0, 1, 2, 1, 2, 0 ], [ 0, 1, 2, 2, 1, 2, 1, 1 ], [ 0, 0, 1, 0, 0, 0, 2, 2 ] ];23882040
[ [ 1, 2, 0, 1, 0, 0, 0, 2 ], [ 0, 1, 0, 0, 0, 0, 0, 0 ], [ 0, 1, 1, 1, 1, 0, 0, 2 ], [ 0, 1, 2, 0, 2, 2, 1, 0 ], [ 0, 1, 2, 0, 0, 1, 1, 1 ], [ 0, 1, 2, 0, 1, 1, 1, 0 ], [ 0, 2, 2, 2, 0, 0, 0, 2 ], [ 0, 0, 1, 1, 2, 2, 1, 1 ] ];7737780960
[ [ 1, 2, 0, 1, 1, 0, 0, 2 ], [ 0, 1, 0, 0, 0, 0, 0, 0 ], [ 0, 1, 1, 1, 1, 0, 0, 2 ], [ 0, 2, 2, 0, 2, 2, 1, 0 ], [ 0, 0, 2, 0, 0, 1, 1, 1 ], [ 0, 0, 2, 0, 1, 1, 1, 0 ], [ 0, 2, 2, 2, 0, 0, 0, 2 ], [ 0, 1, 1, 1, 2, 2, 1, 1 ] ];322407540
[ [ 1, 0, 0, 1, 1, 0, 0, 2 ], [ 0, 1, 0, 0, 0, 0, 0, 0 ], [ 0, 1, 1, 1, 1, 0, 0, 2 ], [ 0, 2, 2, 0, 2, 2, 1, 0 ], [ 0, 0, 2, 0, 0, 1, 1, 1 ], [ 0, 0, 2, 0, 1, 1, 1, 0 ], [ 0, 2, 2, 2, 0, 0, 0, 2 ], [ 0, 1, 1, 1, 2, 2, 1, 1 ] ];322407540
[ [ 1, 1, 0, 1, 1, 0, 0, 2 ], [ 0, 1, 0, 0, 0, 0, 0, 0 ], [ 0, 1, 1, 1, 1, 0, 0, 2 ], [ 0, 2, 2, 0, 2, 2, 1, 0 ], [ 0, 0, 2, 0, 0, 1, 1, 1 ], [ 0, 0, 2, 0, 1, 1, 1, 0 ], [ 0, 2, 2, 2, 0, 0, 0, 2 ], [ 0, 1, 1, 1, 2, 2, 1, 1 ] ];322407540
[ [ 1, 1, 0, 1, 1, 0, 0, 0 ], [ 0, 1, 0, 0, 0, 0, 0, 0 ], [ 0, 0, 1, 2, 0, 1, 1, 2 ], [ 0, 1, 2, 2, 1, 1, 2, 2 ], [ 0, 0, 2, 2, 2, 2, 2, 2 ], [ 0, 2, 1, 1, 1, 2, 2, 0 ], [ 0, 2, 0, 0, 1, 1, 2, 2 ], [ 0, 0, 1, 2, 1, 1, 1, 0 ] ];15475561920
[ [ 1, 2, 0, 1, 1, 0, 0, 0 ], [ 0, 1, 0, 0, 0, 0, 0, 0 ], [ 0, 0, 1, 2, 0, 1, 1, 2 ], [ 0, 1, 2, 2, 1, 1, 2, 2 ], [ 0, 0, 2, 2, 2, 2, 2, 2 ], [ 0, 2, 1, 1, 1, 2, 2, 0 ], [ 0, 2, 0, 0, 1, 1, 2, 2 ], [ 0, 0, 1, 2, 1, 1, 1, 0 ] ];15475561920
[ [ 1, 0, 0, 1, 1, 0, 0, 0 ], [ 0, 1, 0, 0, 0, 0, 0, 0 ], [ 0, 0, 1, 2, 0, 1, 1, 2 ], [ 0, 1, 2, 2, 1, 1, 2, 2 ], [ 0, 0, 2, 2, 2, 2, 2, 2 ], [ 0, 2, 1, 1, 1, 2, 2, 0 ], [ 0, 2, 0, 0, 1, 1, 2, 2 ], [ 0, 0, 1, 2, 1, 1, 1, 0 ] ];15475561920
[ [ 1, 2, 2, 1, 1, 0, 0, 0 ], [ 0, 1, 0, 0, 0, 0, 0, 0 ], [ 0, 2, 1, 2, 0, 1, 1, 2 ], [ 0, 0, 2, 2, 1, 1, 2, 2 ], [ 0, 2, 2, 2, 2, 2, 2, 2 ], [ 0, 0, 1, 1, 1, 2, 2, 0 ], [ 0, 2, 0, 0, 1, 1, 2, 2 ], [ 0, 2, 1, 2, 1, 1, 1, 0 ] ];92853371520
[ [ 1, 0, 0, 2, 1, 2, 1, 2 ], [ 0, 1, 0, 0, 0, 0, 0, 0 ], [ 0, 0, 0, 0, 2, 0, 0, 1 ], [ 0, 1, 1, 0, 1, 2, 0, 1 ], [ 0, 2, 1, 2, 2, 1, 2, 1 ], [ 0, 2, 1, 0, 0, 0, 0, 0 ], [ 0, 0, 0, 0, 2, 2, 1, 1 ], [ 0, 1, 1, 0, 1, 1, 2, 0 ] ];92853371520
[ [ 1, 0, 0, 0, 1, 2, 1, 2 ], [ 0, 1, 0, 0, 0, 0, 0, 0 ], [ 0, 0, 0, 0, 2, 0, 0, 1 ], [ 0, 2, 1, 0, 1, 2, 0, 1 ], [ 0, 0, 1, 2, 2, 1, 2, 1 ], [ 0, 0, 1, 0, 0, 0, 0, 0 ], [ 0, 0, 0, 0, 2, 2, 1, 1 ], [ 0, 2, 1, 0, 1, 1, 2, 0 ] ];15475561920
[ [ 1, 1, 0, 0, 1, 2, 1, 2 ], [ 0, 1, 0, 0, 0, 0, 0, 0 ], [ 0, 0, 0, 0, 2, 0, 0, 1 ], [ 0, 2, 1, 0, 1, 2, 0, 1 ], [ 0, 0, 1, 2, 2, 1, 2, 1 ], [ 0, 0, 1, 0, 0, 0, 0, 0 ], [ 0, 0, 0, 0, 2, 2, 1, 1 ], [ 0, 2, 1, 0, 1, 1, 2, 0 ] ];15475561920
[ [ 1, 2, 0, 0, 1, 2, 1, 2 ], [ 0, 1, 0, 0, 0, 0, 0, 0 ], [ 0, 0, 0, 0, 2, 0, 0, 1 ], [ 0, 2, 1, 0, 1, 2, 0, 1 ], [ 0, 0, 1, 2, 2, 1, 2, 1 ], [ 0, 0, 1, 0, 0, 0, 0, 0 ], [ 0, 0, 0, 0, 2, 2, 1, 1 ], [ 0, 2, 1, 0, 1, 1, 2, 0 ] ];15475561920
[ [ 1, 0, 2, 1, 2, 2, 2, 1 ], [ 0, 1, 0, 0, 0, 0, 0, 0 ], [ 0, 1, 0, 2, 2, 1, 1, 2 ], [ 0, 0, 2, 2, 1, 0, 1, 2 ], [ 0, 1, 1, 1, 1, 0, 0, 0 ], [ 0, 1, 0, 1, 1, 0, 0, 1 ], [ 0, 0, 1, 2, 1, 2, 1, 1 ], [ 0, 2, 2, 2, 2, 0, 1, 2 ] ];13756055040
[ [ 1, 0, 1, 1, 1, 2, 2, 1 ], [ 0, 1, 0, 0, 0, 0, 0, 0 ], [ 0, 1, 0, 2, 2, 1, 1, 2 ], [ 0, 2, 2, 2, 1, 0, 1, 2 ], [ 0, 2, 1, 1, 1, 0, 0, 0 ], [ 0, 2, 0, 1, 1, 0, 0, 1 ], [ 0, 1, 1, 2, 1, 2, 1, 1 ], [ 0, 1, 2, 2, 2, 0, 1, 2 ] ];764225280
[ [ 1, 1, 1, 1, 1, 2, 2, 1 ], [ 0, 1, 0, 0, 0, 0, 0, 0 ], [ 0, 1, 0, 2, 2, 1, 1, 2 ], [ 0, 2, 2, 2, 1, 0, 1, 2 ], [ 0, 2, 1, 1, 1, 0, 0, 0 ], [ 0, 2, 0, 1, 1, 0, 0, 1 ], [ 0, 1, 1, 2, 1, 2, 1, 1 ], [ 0, 1, 2, 2, 2, 0, 1, 2 ] ];764225280
[ [ 1, 2, 1, 1, 1, 2, 2, 1 ], [ 0, 1, 0, 0, 0, 0, 0, 0 ], [ 0, 1, 0, 2, 2, 1, 1, 2 ], [ 0, 2, 2, 2, 1, 0, 1, 2 ], [ 0, 2, 1, 1, 1, 0, 0, 0 ], [ 0, 2, 0, 1, 1, 0, 0, 1 ], [ 0, 1, 1, 2, 1, 2, 1, 1 ], [ 0, 1, 2, 2, 2, 0, 1, 2 ] ];764225280
[ [ 1, 1, 0, 1, 1, 2, 2, 1 ], [ 0, 1, 0, 0, 0, 0, 0, 0 ], [ 0, 0, 0, 2, 2, 1, 1, 2 ], [ 0, 1, 2, 2, 1, 0, 1, 2 ], [ 0, 0, 1, 1, 1, 0, 0, 0 ], [ 0, 0, 0, 1, 1, 0, 0, 1 ], [ 0, 0, 1, 2, 1, 2, 1, 1 ], [ 0, 0, 2, 2, 2, 0, 1, 2 ] ];4585351680
[ [ 1, 0, 1, 2, 1, 1, 1, 2 ], [ 0, 1, 0, 0, 0, 0, 0, 0 ], [ 0, 1, 0, 1, 1, 2, 2, 1 ], [ 0, 0, 1, 1, 2, 0, 2, 1 ], [ 0, 1, 2, 2, 2, 0, 0, 0 ], [ 0, 1, 0, 2, 2, 0, 0, 2 ], [ 0, 0, 2, 1, 2, 1, 2, 2 ], [ 0, 2, 1, 1, 1, 0, 2, 1 ] ];6878027520
[ [ 1, 1, 1, 2, 1, 1, 1, 2 ], [ 0, 1, 0, 0, 0, 0, 0, 0 ], [ 0, 1, 0, 1, 1, 2, 2, 1 ], [ 0, 0, 1, 1, 2, 0, 2, 1 ], [ 0, 1, 2, 2, 2, 0, 0, 0 ], [ 0, 1, 0, 2, 2, 0, 0, 2 ], [ 0, 0, 2, 1, 2, 1, 2, 2 ], [ 0, 2, 1, 1, 1, 0, 2, 1 ] ];6878027520
[ [ 1, 2, 1, 2, 1, 1, 1, 2 ], [ 0, 1, 0, 0, 0, 0, 0, 0 ], [ 0, 1, 0, 1, 1, 2, 2, 1 ], [ 0, 0, 1, 1, 2, 0, 2, 1 ], [ 0, 1, 2, 2, 2, 0, 0, 0 ], [ 0, 1, 0, 2, 2, 0, 0, 2 ], [ 0, 0, 2, 1, 2, 1, 2, 2 ], [ 0, 2, 1, 1, 1, 0, 2, 1 ] ];6878027520
[ [ 1, 1, 0, 1, 1, 0, 2, 2 ], [ 0, 1, 0, 0, 0, 0, 0, 0 ], [ 0, 2, 2, 1, 1, 2, 2, 1 ], [ 0, 0, 1, 0, 0, 1, 1, 1 ], [ 0, 1, 0, 2, 1, 1, 2, 1 ], [ 0, 1, 2, 2, 1, 0, 2, 1 ], [ 0, 2, 2, 1, 1, 0, 2, 2 ], [ 0, 1, 2, 1, 1, 1, 1, 1 ] ];4585351680
[ [ 1, 0, 1, 1, 1, 0, 2, 2 ], [ 0, 1, 0, 0, 0, 0, 0, 0 ], [ 0, 1, 2, 1, 1, 2, 2, 1 ], [ 0, 0, 1, 0, 0, 1, 1, 1 ], [ 0, 2, 0, 2, 1, 1, 2, 1 ], [ 0, 2, 2, 2, 1, 0, 2, 1 ], [ 0, 1, 2, 1, 1, 0, 2, 2 ], [ 0, 0, 2, 1, 1, 1, 1, 1 ] ];764225280
[ [ 1, 1, 1, 1, 1, 0, 2, 2 ], [ 0, 1, 0, 0, 0, 0, 0, 0 ], [ 0, 1, 2, 1, 1, 2, 2, 1 ], [ 0, 0, 1, 0, 0, 1, 1, 1 ], [ 0, 2, 0, 2, 1, 1, 2, 1 ], [ 0, 2, 2, 2, 1, 0, 2, 1 ], [ 0, 1, 2, 1, 1, 0, 2, 2 ], [ 0, 0, 2, 1, 1, 1, 1, 1 ] ];764225280
[ [ 1, 2, 1, 1, 1, 0, 2, 2 ], [ 0, 1, 0, 0, 0, 0, 0, 0 ], [ 0, 1, 2, 1, 1, 2, 2, 1 ], [ 0, 0, 1, 0, 0, 1, 1, 1 ], [ 0, 2, 0, 2, 1, 1, 2, 1 ], [ 0, 2, 2, 2, 1, 0, 2, 1 ], [ 0, 1, 2, 1, 1, 0, 2, 2 ], [ 0, 0, 2, 1, 1, 1, 1, 1 ] ];764225280
[ [ 1, 2, 2, 1, 0, 0, 2, 2 ], [ 0, 1, 0, 0, 0, 0, 0, 0 ], [ 0, 2, 2, 1, 1, 2, 2, 1 ], [ 0, 1, 1, 0, 0, 1, 1, 1 ], [ 0, 1, 0, 2, 1, 1, 2, 1 ], [ 0, 0, 2, 2, 1, 0, 2, 1 ], [ 0, 0, 2, 1, 1, 0, 2, 2 ], [ 0, 0, 2, 1, 1, 1, 1, 1 ] ];13756055040
[ [ 1, 1, 0, 2, 2, 0, 1, 1 ], [ 0, 1, 0, 0, 0, 0, 0, 0 ], [ 0, 2, 1, 2, 2, 1, 1, 2 ], [ 0, 0, 2, 0, 0, 2, 2, 2 ], [ 0, 1, 0, 1, 2, 2, 1, 2 ], [ 0, 1, 1, 1, 2, 0, 1, 2 ], [ 0, 2, 1, 2, 2, 0, 1, 1 ], [ 0, 1, 1, 2, 2, 2, 2, 2 ] ];6878027520
[ [ 1, 2, 0, 2, 2, 0, 1, 1 ], [ 0, 1, 0, 0, 0, 0, 0, 0 ], [ 0, 2, 1, 2, 2, 1, 1, 2 ], [ 0, 0, 2, 0, 0, 2, 2, 2 ], [ 0, 1, 0, 1, 2, 2, 1, 2 ], [ 0, 1, 1, 1, 2, 0, 1, 2 ], [ 0, 2, 1, 2, 2, 0, 1, 1 ], [ 0, 1, 1, 2, 2, 2, 2, 2 ] ];6878027520
[ [ 1, 0, 0, 2, 2, 0, 1, 1 ], [ 0, 1, 0, 0, 0, 0, 0, 0 ], [ 0, 2, 1, 2, 2, 1, 1, 2 ], [ 0, 0, 2, 0, 0, 2, 2, 2 ], [ 0, 1, 0, 1, 2, 2, 1, 2 ], [ 0, 1, 1, 1, 2, 0, 1, 2 ], [ 0, 2, 1, 2, 2, 0, 1, 1 ], [ 0, 1, 1, 2, 2, 2, 2, 2 ] ];6878027520
[ [ 1, 1, 1, 1, 2, 2, 2, 1 ], [ 0, 1, 0, 0, 0, 0, 0, 0 ], [ 0, 1, 2, 0, 1, 1, 2, 0 ], [ 0, 0, 2, 2, 2, 1, 2, 2 ], [ 0, 0, 1, 1, 1, 1, 1, 2 ], [ 0, 0, 0, 2, 0, 1, 2, 2 ], [ 0, 2, 1, 0, 2, 0, 2, 1 ], [ 0, 0, 1, 1, 0, 2, 0, 1 ] ];1719506880
[ [ 1, 2, 1, 1, 2, 2, 2, 1 ], [ 0, 1, 0, 0, 0, 0, 0, 0 ], [ 0, 1, 2, 0, 1, 1, 2, 0 ], [ 0, 0, 2, 2, 2, 1, 2, 2 ], [ 0, 0, 1, 1, 1, 1, 1, 2 ], [ 0, 0, 0, 2, 0, 1, 2, 2 ], [ 0, 2, 1, 0, 2, 0, 2, 1 ], [ 0, 0, 1, 1, 0, 2, 0, 1 ] ];1719506880
[ [ 1, 0, 1, 1, 2, 2, 2, 1 ], [ 0, 1, 0, 0, 0, 0, 0, 0 ], [ 0, 1, 2, 0, 1, 1, 2, 0 ], [ 0, 0, 2, 2, 2, 1, 2, 2 ], [ 0, 0, 1, 1, 1, 1, 1, 2 ], [ 0, 0, 0, 2, 0, 1, 2, 2 ], [ 0, 2, 1, 0, 2, 0, 2, 1 ], [ 0, 0, 1, 1, 0, 2, 0, 1 ] ];1719506880
[ [ 1, 1, 2, 2, 1, 1, 1, 2 ], [ 0, 1, 0, 0, 0, 0, 0, 0 ], [ 0, 1, 1, 0, 2, 2, 1, 0 ], [ 0, 0, 1, 1, 1, 2, 1, 1 ], [ 0, 0, 2, 2, 2, 2, 2, 1 ], [ 0, 0, 0, 1, 0, 2, 1, 1 ], [ 0, 2, 2, 0, 1, 0, 1, 2 ], [ 0, 0, 2, 2, 0, 1, 0, 2 ] ];3439013760
[ [ 1, 1, 0, 2, 2, 1, 1, 2 ], [ 0, 1, 0, 0, 0, 0, 0, 0 ], [ 0, 2, 1, 0, 2, 2, 1, 0 ], [ 0, 0, 1, 1, 1, 2, 1, 1 ], [ 0, 2, 2, 2, 2, 2, 2, 1 ], [ 0, 0, 0, 1, 0, 2, 1, 1 ], [ 0, 2, 2, 0, 1, 0, 1, 2 ], [ 0, 0, 2, 2, 0, 1, 0, 2 ] ];1528450560
[ [ 1, 0, 1, 1, 2, 1, 1, 2 ], [ 0, 1, 0, 0, 0, 0, 0, 0 ], [ 0, 1, 1, 0, 2, 2, 1, 0 ], [ 0, 1, 1, 1, 1, 2, 1, 1 ], [ 0, 1, 2, 2, 2, 2, 2, 1 ], [ 0, 2, 0, 1, 0, 2, 1, 1 ], [ 0, 0, 2, 0, 1, 0, 1, 2 ], [ 0, 2, 2, 2, 0, 1, 0, 2 ] ];63685440
[ [ 1, 1, 1, 1, 2, 1, 1, 2 ], [ 0, 1, 0, 0, 0, 0, 0, 0 ], [ 0, 1, 1, 0, 2, 2, 1, 0 ], [ 0, 1, 1, 1, 1, 2, 1, 1 ], [ 0, 1, 2, 2, 2, 2, 2, 1 ], [ 0, 2, 0, 1, 0, 2, 1, 1 ], [ 0, 0, 2, 0, 1, 0, 1, 2 ], [ 0, 2, 2, 2, 0, 1, 0, 2 ] ];63685440
[ [ 1, 2, 1, 1, 2, 1, 1, 2 ], [ 0, 1, 0, 0, 0, 0, 0, 0 ], [ 0, 1, 1, 0, 2, 2, 1, 0 ], [ 0, 1, 1, 1, 1, 2, 1, 1 ], [ 0, 1, 2, 2, 2, 2, 2, 1 ], [ 0, 2, 0, 1, 0, 2, 1, 1 ], [ 0, 0, 2, 0, 1, 0, 1, 2 ], [ 0, 2, 2, 2, 0, 1, 0, 2 ] ];63685440
[ [ 1, 0, 0, 1, 1, 0, 0, 2 ], [ 0, 1, 0, 0, 0, 0, 0, 0 ], [ 0, 2, 2, 0, 2, 2, 1, 0 ], [ 0, 1, 1, 2, 0, 1, 2, 1 ], [ 0, 0, 1, 2, 0, 1, 0, 0 ], [ 0, 0, 1, 1, 1, 2, 2, 2 ], [ 0, 0, 2, 0, 2, 1, 1, 2 ], [ 0, 0, 1, 2, 0, 0, 1, 2 ] ];1719506880
[ [ 1, 1, 0, 1, 1, 0, 0, 2 ], [ 0, 1, 0, 0, 0, 0, 0, 0 ], [ 0, 2, 2, 0, 2, 2, 1, 0 ], [ 0, 1, 1, 2, 0, 1, 2, 1 ], [ 0, 0, 1, 2, 0, 1, 0, 0 ], [ 0, 0, 1, 1, 1, 2, 2, 2 ], [ 0, 0, 2, 0, 2, 1, 1, 2 ], [ 0, 0, 1, 2, 0, 0, 1, 2 ] ];1719506880
[ [ 1, 2, 0, 1, 1, 0, 0, 2 ], [ 0, 1, 0, 0, 0, 0, 0, 0 ], [ 0, 2, 2, 0, 2, 2, 1, 0 ], [ 0, 1, 1, 2, 0, 1, 2, 1 ], [ 0, 0, 1, 2, 0, 1, 0, 0 ], [ 0, 0, 1, 1, 1, 2, 2, 2 ], [ 0, 0, 2, 0, 2, 1, 1, 2 ], [ 0, 0, 1, 2, 0, 0, 1, 2 ] ];1719506880
[ [ 1, 0, 0, 2, 2, 0, 0, 1 ], [ 0, 1, 0, 0, 0, 0, 0, 0 ], [ 0, 2, 1, 0, 1, 1, 2, 0 ], [ 0, 1, 2, 1, 0, 2, 1, 2 ], [ 0, 0, 2, 1, 0, 2, 0, 0 ], [ 0, 0, 2, 2, 2, 1, 1, 1 ], [ 0, 0, 1, 0, 1, 2, 2, 1 ], [ 0, 0, 2, 1, 0, 0, 2, 1 ] ];1528450560
[ [ 1, 0, 1, 0, 2, 0, 0, 1 ], [ 0, 1, 0, 0, 0, 0, 0, 0 ], [ 0, 0, 1, 0, 1, 1, 2, 0 ], [ 0, 2, 2, 1, 0, 2, 1, 2 ], [ 0, 1, 2, 1, 0, 2, 0, 0 ], [ 0, 0, 2, 2, 2, 1, 1, 1 ], [ 0, 1, 1, 0, 1, 2, 2, 1 ], [ 0, 1, 2, 1, 0, 0, 2, 1 ] ];63685440
[ [ 1, 1, 1, 0, 2, 0, 0, 1 ], [ 0, 1, 0, 0, 0, 0, 0, 0 ], [ 0, 0, 1, 0, 1, 1, 2, 0 ], [ 0, 2, 2, 1, 0, 2, 1, 2 ], [ 0, 1, 2, 1, 0, 2, 0, 0 ], [ 0, 0, 2, 2, 2, 1, 1, 1 ], [ 0, 1, 1, 0, 1, 2, 2, 1 ], [ 0, 1, 2, 1, 0, 0, 2, 1 ] ];63685440
[ [ 1, 2, 1, 0, 2, 0, 0, 1 ], [ 0, 1, 0, 0, 0, 0, 0, 0 ], [ 0, 0, 1, 0, 1, 1, 2, 0 ], [ 0, 2, 2, 1, 0, 2, 1, 2 ], [ 0, 1, 2, 1, 0, 2, 0, 0 ], [ 0, 0, 2, 2, 2, 1, 1, 1 ], [ 0, 1, 1, 0, 1, 2, 2, 1 ], [ 0, 1, 2, 1, 0, 0, 2, 1 ] ];63685440
[ [ 1, 2, 2, 2, 1, 0, 0, 1 ], [ 0, 1, 0, 0, 0, 0, 0, 0 ], [ 0, 0, 1, 0, 1, 1, 2, 0 ], [ 0, 1, 2, 1, 0, 2, 1, 2 ], [ 0, 0, 2, 1, 0, 2, 0, 0 ], [ 0, 0, 2, 2, 2, 1, 1, 1 ], [ 0, 2, 1, 0, 1, 2, 2, 1 ], [ 0, 1, 2, 1, 0, 0, 2, 1 ] ];3439013760
[ [ 1, 0, 2, 2, 1, 2, 2, 1 ], [ 0, 1, 0, 0, 0, 0, 0, 0 ], [ 0, 2, 0, 0, 2, 0, 0, 1 ], [ 0, 0, 2, 0, 2, 2, 0, 0 ], [ 0, 0, 2, 2, 2, 0, 0, 2 ], [ 0, 2, 0, 0, 1, 1, 2, 2 ], [ 0, 2, 2, 2, 2, 0, 0, 1 ], [ 0, 2, 0, 2, 1, 2, 1, 2 ] ];5158520640
[ [ 1, 1, 2, 2, 1, 2, 2, 1 ], [ 0, 1, 0, 0, 0, 0, 0, 0 ], [ 0, 2, 0, 0, 2, 0, 0, 1 ], [ 0, 0, 2, 0, 2, 2, 0, 0 ], [ 0, 0, 2, 2, 2, 0, 0, 2 ], [ 0, 2, 0, 0, 1, 1, 2, 2 ], [ 0, 2, 2, 2, 2, 0, 0, 1 ], [ 0, 2, 0, 2, 1, 2, 1, 2 ] ];5158520640
[ [ 1, 2, 2, 2, 1, 2, 2, 1 ], [ 0, 1, 0, 0, 0, 0, 0, 0 ], [ 0, 2, 0, 0, 2, 0, 0, 1 ], [ 0, 0, 2, 0, 2, 2, 0, 0 ], [ 0, 0, 2, 2, 2, 0, 0, 2 ], [ 0, 2, 0, 0, 1, 1, 2, 2 ], [ 0, 2, 2, 2, 2, 0, 0, 1 ], [ 0, 2, 0, 2, 1, 2, 1, 2 ] ];5158520640
[ [ 1, 1, 1, 2, 0, 2, 2, 1 ], [ 0, 1, 0, 0, 0, 0, 0, 0 ], [ 0, 2, 0, 0, 2, 0, 0, 1 ], [ 0, 2, 2, 0, 2, 2, 0, 0 ], [ 0, 2, 2, 2, 2, 0, 0, 2 ], [ 0, 0, 0, 0, 1, 1, 2, 2 ], [ 0, 1, 2, 2, 2, 0, 0, 1 ], [ 0, 0, 0, 2, 1, 2, 1, 2 ] ];30951123840
[ [ 1, 0, 1, 1, 2, 1, 1, 2 ], [ 0, 1, 0, 0, 0, 0, 0, 0 ], [ 0, 2, 0, 0, 1, 0, 0, 2 ], [ 0, 0, 1, 0, 1, 1, 0, 0 ], [ 0, 0, 1, 1, 1, 0, 0, 1 ], [ 0, 2, 0, 0, 2, 2, 1, 1 ], [ 0, 2, 1, 1, 1, 0, 0, 2 ], [ 0, 2, 0, 1, 2, 1, 2, 1 ] ];1719506880
[ [ 1, 1, 1, 1, 2, 1, 1, 2 ], [ 0, 1, 0, 0, 0, 0, 0, 0 ], [ 0, 2, 0, 0, 1, 0, 0, 2 ], [ 0, 0, 1, 0, 1, 1, 0, 0 ], [ 0, 0, 1, 1, 1, 0, 0, 1 ], [ 0, 2, 0, 0, 2, 2, 1, 1 ], [ 0, 2, 1, 1, 1, 0, 0, 2 ], [ 0, 2, 0, 1, 2, 1, 2, 1 ] ];1719506880
[ [ 1, 2, 1, 1, 2, 1, 1, 2 ], [ 0, 1, 0, 0, 0, 0, 0, 0 ], [ 0, 2, 0, 0, 1, 0, 0, 2 ], [ 0, 0, 1, 0, 1, 1, 0, 0 ], [ 0, 0, 1, 1, 1, 0, 0, 1 ], [ 0, 2, 0, 0, 2, 2, 1, 1 ], [ 0, 2, 1, 1, 1, 0, 0, 2 ], [ 0, 2, 0, 1, 2, 1, 2, 1 ] ];1719506880
[ [ 1, 1, 0, 1, 2, 1, 1, 2 ], [ 0, 1, 0, 0, 0, 0, 0, 0 ], [ 0, 2, 0, 0, 1, 0, 0, 2 ], [ 0, 0, 1, 0, 1, 1, 0, 0 ], [ 0, 1, 1, 1, 1, 0, 0, 1 ], [ 0, 2, 0, 0, 2, 2, 1, 1 ], [ 0, 0, 1, 1, 1, 0, 0, 2 ], [ 0, 0, 0, 1, 2, 1, 2, 1 ] ];41268165120
[ [ 1, 0, 1, 1, 2, 0, 2, 0 ], [ 0, 1, 0, 0, 0, 0, 0, 0 ], [ 0, 2, 0, 0, 0, 1, 2, 1 ], [ 0, 2, 1, 0, 0, 2, 0, 2 ], [ 0, 1, 2, 0, 0, 2, 0, 0 ], [ 0, 1, 1, 2, 0, 0, 1, 2 ], [ 0, 1, 0, 2, 2, 1, 2, 2 ], [ 0, 2, 0, 0, 0, 2, 0, 0 ] ];30951123840
[ [ 1, 2, 2, 1, 0, 0, 2, 0 ], [ 0, 1, 0, 0, 0, 0, 0, 0 ], [ 0, 1, 0, 0, 0, 1, 2, 1 ], [ 0, 0, 1, 0, 0, 2, 0, 2 ], [ 0, 2, 2, 0, 0, 2, 0, 0 ], [ 0, 2, 1, 2, 0, 0, 1, 2 ], [ 0, 1, 0, 2, 2, 1, 2, 2 ], [ 0, 0, 0, 0, 0, 2, 0, 0 ] ];5158520640
[ [ 1, 0, 2, 1, 0, 0, 2, 0 ], [ 0, 1, 0, 0, 0, 0, 0, 0 ], [ 0, 1, 0, 0, 0, 1, 2, 1 ], [ 0, 0, 1, 0, 0, 2, 0, 2 ], [ 0, 2, 2, 0, 0, 2, 0, 0 ], [ 0, 2, 1, 2, 0, 0, 1, 2 ], [ 0, 1, 0, 2, 2, 1, 2, 2 ], [ 0, 0, 0, 0, 0, 2, 0, 0 ] ];5158520640
[ [ 1, 1, 2, 1, 0, 0, 2, 0 ], [ 0, 1, 0, 0, 0, 0, 0, 0 ], [ 0, 1, 0, 0, 0, 1, 2, 1 ], [ 0, 0, 1, 0, 0, 2, 0, 2 ], [ 0, 2, 2, 0, 0, 2, 0, 0 ], [ 0, 2, 1, 2, 0, 0, 1, 2 ], [ 0, 1, 0, 2, 2, 1, 2, 2 ], [ 0, 0, 0, 0, 0, 2, 0, 0 ] ];5158520640
[ [ 1, 0, 2, 2, 1, 0, 1, 0 ], [ 0, 1, 0, 0, 0, 0, 0, 0 ], [ 0, 2, 0, 0, 0, 2, 1, 2 ], [ 0, 2, 2, 0, 0, 1, 0, 1 ], [ 0, 1, 1, 0, 0, 1, 0, 0 ], [ 0, 1, 2, 1, 0, 0, 2, 1 ], [ 0, 1, 0, 1, 1, 2, 1, 1 ], [ 0, 2, 0, 0, 0, 1, 0, 0 ] ];41268165120
[ [ 1, 2, 1, 0, 1, 0, 1, 0 ], [ 0, 1, 0, 0, 0, 0, 0, 0 ], [ 0, 2, 0, 0, 0, 2, 1, 2 ], [ 0, 1, 2, 0, 0, 1, 0, 1 ], [ 0, 2, 1, 0, 0, 1, 0, 0 ], [ 0, 1, 2, 1, 0, 0, 2, 1 ], [ 0, 2, 0, 1, 1, 2, 1, 1 ], [ 0, 2, 0, 0, 0, 1, 0, 0 ] ];1719506880
[ [ 1, 0, 1, 0, 1, 0, 1, 0 ], [ 0, 1, 0, 0, 0, 0, 0, 0 ], [ 0, 2, 0, 0, 0, 2, 1, 2 ], [ 0, 1, 2, 0, 0, 1, 0, 1 ], [ 0, 2, 1, 0, 0, 1, 0, 0 ], [ 0, 1, 2, 1, 0, 0, 2, 1 ], [ 0, 2, 0, 1, 1, 2, 1, 1 ], [ 0, 2, 0, 0, 0, 1, 0, 0 ] ];1719506880
[ [ 1, 1, 1, 0, 1, 0, 1, 0 ], [ 0, 1, 0, 0, 0, 0, 0, 0 ], [ 0, 2, 0, 0, 0, 2, 1, 2 ], [ 0, 1, 2, 0, 0, 1, 0, 1 ], [ 0, 2, 1, 0, 0, 1, 0, 0 ], [ 0, 1, 2, 1, 0, 0, 2, 1 ], [ 0, 2, 0, 1, 1, 2, 1, 1 ], [ 0, 2, 0, 0, 0, 1, 0, 0 ] ];1719506880
[ [ 1, 2, 1, 2, 0, 1, 2, 0 ], [ 0, 1, 0, 0, 0, 0, 0, 0 ], [ 0, 0, 0, 2, 2, 2, 0, 0 ], [ 0, 1, 0, 1, 0, 2, 0, 2 ], [ 0, 1, 0, 2, 1, 1, 2, 2 ], [ 0, 0, 1, 1, 0, 1, 1, 2 ], [ 0, 2, 1, 0, 2, 0, 2, 1 ], [ 0, 1, 2, 0, 2, 1, 0, 1 ] ];6878027520
[ [ 1, 0, 1, 2, 0, 1, 2, 0 ], [ 0, 1, 0, 0, 0, 0, 0, 0 ], [ 0, 0, 0, 2, 2, 2, 0, 0 ], [ 0, 1, 0, 1, 0, 2, 0, 2 ], [ 0, 1, 0, 2, 1, 1, 2, 2 ], [ 0, 0, 1, 1, 0, 1, 1, 2 ], [ 0, 2, 1, 0, 2, 0, 2, 1 ], [ 0, 1, 2, 0, 2, 1, 0, 1 ] ];6878027520
[ [ 1, 1, 1, 2, 0, 1, 2, 0 ], [ 0, 1, 0, 0, 0, 0, 0, 0 ], [ 0, 0, 0, 2, 2, 2, 0, 0 ], [ 0, 1, 0, 1, 0, 2, 0, 2 ], [ 0, 1, 0, 2, 1, 1, 2, 2 ], [ 0, 0, 1, 1, 0, 1, 1, 2 ], [ 0, 2, 1, 0, 2, 0, 2, 1 ], [ 0, 1, 2, 0, 2, 1, 0, 1 ] ];6878027520
[ [ 1, 2, 2, 1, 0, 2, 1, 0 ], [ 0, 1, 0, 0, 0, 0, 0, 0 ], [ 0, 0, 0, 1, 1, 1, 0, 0 ], [ 0, 1, 0, 2, 0, 1, 0, 1 ], [ 0, 1, 0, 1, 2, 2, 1, 1 ], [ 0, 0, 2, 2, 0, 2, 2, 1 ], [ 0, 2, 2, 0, 1, 0, 1, 2 ], [ 0, 1, 1, 0, 1, 2, 0, 2 ] ];13756055040
[ [ 1, 2, 1, 1, 2, 2, 1, 0 ], [ 0, 1, 0, 0, 0, 0, 0, 0 ], [ 0, 2, 0, 1, 1, 1, 0, 0 ], [ 0, 1, 0, 2, 0, 1, 0, 1 ], [ 0, 1, 0, 1, 2, 2, 1, 1 ], [ 0, 1, 2, 2, 0, 2, 2, 1 ], [ 0, 2, 2, 0, 1, 0, 1, 2 ], [ 0, 0, 1, 0, 1, 2, 0, 2 ] ];4585351680
[ [ 1, 1, 2, 1, 2, 2, 1, 0 ], [ 0, 1, 0, 0, 0, 0, 0, 0 ], [ 0, 1, 0, 1, 1, 1, 0, 0 ], [ 0, 2, 0, 2, 0, 1, 0, 1 ], [ 0, 0, 0, 1, 2, 2, 1, 1 ], [ 0, 2, 2, 2, 0, 2, 2, 1 ], [ 0, 2, 2, 0, 1, 0, 1, 2 ], [ 0, 0, 1, 0, 1, 2, 0, 2 ] ];764225280
[ [ 1, 2, 2, 1, 2, 2, 1, 0 ], [ 0, 1, 0, 0, 0, 0, 0, 0 ], [ 0, 1, 0, 1, 1, 1, 0, 0 ], [ 0, 2, 0, 2, 0, 1, 0, 1 ], [ 0, 0, 0, 1, 2, 2, 1, 1 ], [ 0, 2, 2, 2, 0, 2, 2, 1 ], [ 0, 2, 2, 0, 1, 0, 1, 2 ], [ 0, 0, 1, 0, 1, 2, 0, 2 ] ];764225280
[ [ 1, 0, 2, 1, 2, 2, 1, 0 ], [ 0, 1, 0, 0, 0, 0, 0, 0 ], [ 0, 1, 0, 1, 1, 1, 0, 0 ], [ 0, 2, 0, 2, 0, 1, 0, 1 ], [ 0, 0, 0, 1, 2, 2, 1, 1 ], [ 0, 2, 2, 2, 0, 2, 2, 1 ], [ 0, 2, 2, 0, 1, 0, 1, 2 ], [ 0, 0, 1, 0, 1, 2, 0, 2 ] ];764225280
[ [ 1, 1, 1, 2, 0, 1, 0, 2 ], [ 0, 1, 0, 0, 0, 0, 0, 0 ], [ 0, 2, 1, 1, 1, 1, 0, 0 ], [ 0, 1, 0, 0, 2, 0, 1, 1 ], [ 0, 1, 2, 1, 0, 1, 2, 0 ], [ 0, 2, 0, 2, 1, 2, 0, 2 ], [ 0, 2, 2, 0, 2, 1, 1, 2 ], [ 0, 0, 0, 0, 1, 1, 1, 2 ] ];6878027520
[ [ 1, 2, 1, 2, 0, 1, 0, 2 ], [ 0, 1, 0, 0, 0, 0, 0, 0 ], [ 0, 2, 1, 1, 1, 1, 0, 0 ], [ 0, 1, 0, 0, 2, 0, 1, 1 ], [ 0, 1, 2, 1, 0, 1, 2, 0 ], [ 0, 2, 0, 2, 1, 2, 0, 2 ], [ 0, 2, 2, 0, 2, 1, 1, 2 ], [ 0, 0, 0, 0, 1, 1, 1, 2 ] ];6878027520
[ [ 1, 0, 1, 2, 0, 1, 0, 2 ], [ 0, 1, 0, 0, 0, 0, 0, 0 ], [ 0, 2, 1, 1, 1, 1, 0, 0 ], [ 0, 1, 0, 0, 2, 0, 1, 1 ], [ 0, 1, 2, 1, 0, 1, 2, 0 ], [ 0, 2, 0, 2, 1, 2, 0, 2 ], [ 0, 2, 2, 0, 2, 1, 1, 2 ], [ 0, 0, 0, 0, 1, 1, 1, 2 ] ];6878027520
[ [ 1, 1, 2, 1, 0, 2, 0, 1 ], [ 0, 1, 0, 0, 0, 0, 0, 0 ], [ 0, 2, 2, 2, 2, 2, 0, 0 ], [ 0, 1, 0, 0, 1, 0, 2, 2 ], [ 0, 1, 1, 2, 0, 2, 1, 0 ], [ 0, 2, 0, 1, 2, 1, 0, 1 ], [ 0, 2, 1, 0, 1, 2, 2, 1 ], [ 0, 0, 0, 0, 2, 2, 2, 1 ] ];13756055040
[ [ 1, 1, 0, 1, 1, 2, 0, 1 ], [ 0, 1, 0, 0, 0, 0, 0, 0 ], [ 0, 1, 2, 2, 2, 2, 0, 0 ], [ 0, 1, 0, 0, 1, 0, 2, 2 ], [ 0, 0, 1, 2, 0, 2, 1, 0 ], [ 0, 0, 0, 1, 2, 1, 0, 1 ], [ 0, 0, 1, 0, 1, 2, 2, 1 ], [ 0, 1, 0, 0, 2, 2, 2, 1 ] ];764225280
[ [ 1, 2, 0, 1, 1, 2, 0, 1 ], [ 0, 1, 0, 0, 0, 0, 0, 0 ], [ 0, 1, 2, 2, 2, 2, 0, 0 ], [ 0, 1, 0, 0, 1, 0, 2, 2 ], [ 0, 0, 1, 2, 0, 2, 1, 0 ], [ 0, 0, 0, 1, 2, 1, 0, 1 ], [ 0, 0, 1, 0, 1, 2, 2, 1 ], [ 0, 1, 0, 0, 2, 2, 2, 1 ] ];764225280
[ [ 1, 0, 0, 1, 1, 2, 0, 1 ], [ 0, 1, 0, 0, 0, 0, 0, 0 ], [ 0, 1, 2, 2, 2, 2, 0, 0 ], [ 0, 1, 0, 0, 1, 0, 2, 2 ], [ 0, 0, 1, 2, 0, 2, 1, 0 ], [ 0, 0, 0, 1, 2, 1, 0, 1 ], [ 0, 0, 1, 0, 1, 2, 2, 1 ], [ 0, 1, 0, 0, 2, 2, 2, 1 ] ];764225280
[ [ 1, 2, 2, 1, 1, 2, 0, 1 ], [ 0, 1, 0, 0, 0, 0, 0, 0 ], [ 0, 0, 2, 2, 2, 2, 0, 0 ], [ 0, 1, 0, 0, 1, 0, 2, 2 ], [ 0, 2, 1, 2, 0, 2, 1, 0 ], [ 0, 1, 0, 1, 2, 1, 0, 1 ], [ 0, 0, 1, 0, 1, 2, 2, 1 ], [ 0, 1, 0, 0, 2, 2, 2, 1 ] ];4585351680
[ [ 1, 2, 0, 2, 0, 2, 0, 0 ], [ 0, 1, 0, 0, 0, 0, 0, 0 ], [ 0, 0, 1, 2, 2, 1, 1, 2 ], [ 0, 2, 2, 2, 2, 2, 1, 0 ], [ 0, 1, 0, 2, 2, 1, 0, 1 ], [ 0, 1, 1, 2, 1, 1, 1, 1 ], [ 0, 1, 1, 1, 1, 0, 0, 2 ], [ 0, 0, 1, 0, 2, 1, 1, 1 ] ];123804495360
[ [ 1, 1, 2, 2, 0, 2, 0, 0 ], [ 0, 1, 0, 0, 0, 0, 0, 0 ], [ 0, 2, 1, 2, 2, 1, 1, 2 ], [ 0, 1, 2, 2, 2, 2, 1, 0 ], [ 0, 0, 0, 2, 2, 1, 0, 1 ], [ 0, 0, 1, 2, 1, 1, 1, 1 ], [ 0, 2, 1, 1, 1, 0, 0, 2 ], [ 0, 0, 1, 0, 2, 1, 1, 1 ] ];20634082560
[ [ 1, 2, 2, 2, 0, 2, 0, 0 ], [ 0, 1, 0, 0, 0, 0, 0, 0 ], [ 0, 2, 1, 2, 2, 1, 1, 2 ], [ 0, 1, 2, 2, 2, 2, 1, 0 ], [ 0, 0, 0, 2, 2, 1, 0, 1 ], [ 0, 0, 1, 2, 1, 1, 1, 1 ], [ 0, 2, 1, 1, 1, 0, 0, 2 ], [ 0, 0, 1, 0, 2, 1, 1, 1 ] ];20634082560
[ [ 1, 0, 2, 2, 0, 2, 0, 0 ], [ 0, 1, 0, 0, 0, 0, 0, 0 ], [ 0, 2, 1, 2, 2, 1, 1, 2 ], [ 0, 1, 2, 2, 2, 2, 1, 0 ], [ 0, 0, 0, 2, 2, 1, 0, 1 ], [ 0, 0, 1, 2, 1, 1, 1, 1 ], [ 0, 2, 1, 1, 1, 0, 0, 2 ], [ 0, 0, 1, 0, 2, 1, 1, 1 ] ];20634082560
[ [ 1, 2, 0, 1, 0, 1, 0, 0 ], [ 0, 1, 0, 0, 0, 0, 0, 0 ], [ 0, 0, 2, 1, 1, 2, 2, 1 ], [ 0, 2, 1, 1, 1, 1, 2, 0 ], [ 0, 1, 0, 1, 1, 2, 0, 2 ], [ 0, 1, 2, 1, 2, 2, 2, 2 ], [ 0, 1, 2, 2, 2, 0, 0, 1 ], [ 0, 0, 2, 0, 1, 2, 2, 2 ] ];123804495360
[ [ 1, 0, 1, 1, 1, 1, 0, 0 ], [ 0, 1, 0, 0, 0, 0, 0, 0 ], [ 0, 0, 2, 1, 1, 2, 2, 1 ], [ 0, 0, 1, 1, 1, 1, 2, 0 ], [ 0, 1, 0, 1, 1, 2, 0, 2 ], [ 0, 1, 2, 1, 2, 2, 2, 2 ], [ 0, 2, 2, 2, 2, 0, 0, 1 ], [ 0, 1, 2, 0, 1, 2, 2, 2 ] ];20634082560
[ [ 1, 1, 1, 1, 1, 1, 0, 0 ], [ 0, 1, 0, 0, 0, 0, 0, 0 ], [ 0, 0, 2, 1, 1, 2, 2, 1 ], [ 0, 0, 1, 1, 1, 1, 2, 0 ], [ 0, 1, 0, 1, 1, 2, 0, 2 ], [ 0, 1, 2, 1, 2, 2, 2, 2 ], [ 0, 2, 2, 2, 2, 0, 0, 1 ], [ 0, 1, 2, 0, 1, 2, 2, 2 ] ];20634082560
[ [ 1, 2, 1, 1, 1, 1, 0, 0 ], [ 0, 1, 0, 0, 0, 0, 0, 0 ], [ 0, 0, 2, 1, 1, 2, 2, 1 ], [ 0, 0, 1, 1, 1, 1, 2, 0 ], [ 0, 1, 0, 1, 1, 2, 0, 2 ], [ 0, 1, 2, 1, 2, 2, 2, 2 ], [ 0, 2, 2, 2, 2, 0, 0, 1 ], [ 0, 1, 2, 0, 1, 2, 2, 2 ] ];20634082560
[ [ 1, 2, 1, 1, 1, 1, 0, 0 ], [ 0, 1, 0, 0, 0, 0, 0, 0 ], [ 0, 2, 2, 1, 2, 1, 0, 2 ], [ 0, 2, 1, 1, 2, 0, 2, 1 ], [ 0, 2, 2, 2, 2, 0, 0, 0 ], [ 0, 2, 1, 2, 1, 1, 2, 1 ], [ 0, 1, 0, 1, 1, 2, 1, 1 ], [ 0, 0, 2, 1, 0, 1, 1, 0 ] ];123804495360
[ [ 1, 1, 2, 1, 1, 1, 0, 0 ], [ 0, 1, 0, 0, 0, 0, 0, 0 ], [ 0, 1, 2, 1, 2, 1, 0, 2 ], [ 0, 1, 1, 1, 2, 0, 2, 1 ], [ 0, 0, 2, 2, 2, 0, 0, 0 ], [ 0, 0, 1, 2, 1, 1, 2, 1 ], [ 0, 0, 0, 1, 1, 2, 1, 1 ], [ 0, 2, 2, 1, 0, 1, 1, 0 ] ];20634082560
[ [ 1, 2, 2, 1, 1, 1, 0, 0 ], [ 0, 1, 0, 0, 0, 0, 0, 0 ], [ 0, 1, 2, 1, 2, 1, 0, 2 ], [ 0, 1, 1, 1, 2, 0, 2, 1 ], [ 0, 0, 2, 2, 2, 0, 0, 0 ], [ 0, 0, 1, 2, 1, 1, 2, 1 ], [ 0, 0, 0, 1, 1, 2, 1, 1 ], [ 0, 2, 2, 1, 0, 1, 1, 0 ] ];20634082560
[ [ 1, 0, 2, 1, 1, 1, 0, 0 ], [ 0, 1, 0, 0, 0, 0, 0, 0 ], [ 0, 1, 2, 1, 2, 1, 0, 2 ], [ 0, 1, 1, 1, 2, 0, 2, 1 ], [ 0, 0, 2, 2, 2, 0, 0, 0 ], [ 0, 0, 1, 2, 1, 1, 2, 1 ], [ 0, 0, 0, 1, 1, 2, 1, 1 ], [ 0, 2, 2, 1, 0, 1, 1, 0 ] ];20634082560
[ [ 1, 2, 2, 2, 2, 2, 0, 0 ], [ 0, 1, 0, 0, 0, 0, 0, 0 ], [ 0, 2, 1, 2, 1, 2, 0, 1 ], [ 0, 2, 2, 2, 1, 0, 1, 2 ], [ 0, 2, 1, 1, 1, 0, 0, 0 ], [ 0, 2, 2, 1, 2, 2, 1, 2 ], [ 0, 1, 0, 2, 2, 1, 2, 2 ], [ 0, 0, 1, 2, 0, 2, 2, 0 ] ];20634082560
[ [ 1, 0, 2, 2, 2, 2, 0, 0 ], [ 0, 1, 0, 0, 0, 0, 0, 0 ], [ 0, 2, 1, 2, 1, 2, 0, 1 ], [ 0, 2, 2, 2, 1, 0, 1, 2 ], [ 0, 2, 1, 1, 1, 0, 0, 0 ], [ 0, 2, 2, 1, 2, 2, 1, 2 ], [ 0, 1, 0, 2, 2, 1, 2, 2 ], [ 0, 0, 1, 2, 0, 2, 2, 0 ] ];20634082560
[ [ 1, 1, 2, 2, 2, 2, 0, 0 ], [ 0, 1, 0, 0, 0, 0, 0, 0 ], [ 0, 2, 1, 2, 1, 2, 0, 1 ], [ 0, 2, 2, 2, 1, 0, 1, 2 ], [ 0, 2, 1, 1, 1, 0, 0, 0 ], [ 0, 2, 2, 1, 2, 2, 1, 2 ], [ 0, 1, 0, 2, 2, 1, 2, 2 ], [ 0, 0, 1, 2, 0, 2, 2, 0 ] ];20634082560
[ [ 1, 0, 1, 2, 1, 2, 0, 0 ], [ 0, 1, 0, 0, 0, 0, 0, 0 ], [ 0, 0, 1, 2, 1, 2, 0, 1 ], [ 0, 1, 2, 2, 1, 0, 1, 2 ], [ 0, 0, 1, 1, 1, 0, 0, 0 ], [ 0, 2, 2, 1, 2, 2, 1, 2 ], [ 0, 1, 0, 2, 2, 1, 2, 2 ], [ 0, 1, 1, 2, 0, 2, 2, 0 ] ];123804495360
[ [ 1, 2, 0, 0, 2, 1, 1, 1 ], [ 0, 1, 0, 0, 0, 0, 0, 0 ], [ 0, 0, 0, 2, 2, 0, 2, 1 ], [ 0, 0, 2, 0, 1, 2, 1, 1 ], [ 0, 2, 0, 2, 0, 2, 2, 2 ], [ 0, 0, 0, 1, 0, 2, 1, 0 ], [ 0, 2, 1, 2, 2, 0, 2, 2 ], [ 0, 1, 2, 0, 2, 0, 2, 0 ] ];20634082560
[ [ 1, 0, 0, 0, 2, 1, 1, 1 ], [ 0, 1, 0, 0, 0, 0, 0, 0 ], [ 0, 0, 0, 2, 2, 0, 2, 1 ], [ 0, 0, 2, 0, 1, 2, 1, 1 ], [ 0, 2, 0, 2, 0, 2, 2, 2 ], [ 0, 0, 0, 1, 0, 2, 1, 0 ], [ 0, 2, 1, 2, 2, 0, 2, 2 ], [ 0, 1, 2, 0, 2, 0, 2, 0 ] ];20634082560
[ [ 1, 1, 0, 0, 2, 1, 1, 1 ], [ 0, 1, 0, 0, 0, 0, 0, 0 ], [ 0, 0, 0, 2, 2, 0, 2, 1 ], [ 0, 0, 2, 0, 1, 2, 1, 1 ], [ 0, 2, 0, 2, 0, 2, 2, 2 ], [ 0, 0, 0, 1, 0, 2, 1, 0 ], [ 0, 2, 1, 2, 2, 0, 2, 2 ], [ 0, 1, 2, 0, 2, 0, 2, 0 ] ];20634082560
[ [ 1, 2, 2, 0, 2, 1, 1, 1 ], [ 0, 1, 0, 0, 0, 0, 0, 0 ], [ 0, 2, 0, 2, 2, 0, 2, 1 ], [ 0, 0, 2, 0, 1, 2, 1, 1 ], [ 0, 1, 0, 2, 0, 2, 2, 2 ], [ 0, 1, 0, 1, 0, 2, 1, 0 ], [ 0, 1, 1, 2, 2, 0, 2, 2 ], [ 0, 1, 2, 0, 2, 0, 2, 0 ] ];123804495360
[ [ 1, 2, 0, 0, 1, 2, 2, 2 ], [ 0, 1, 0, 0, 0, 0, 0, 0 ], [ 0, 0, 0, 1, 1, 0, 1, 2 ], [ 0, 0, 1, 0, 2, 1, 2, 2 ], [ 0, 2, 0, 1, 0, 1, 1, 1 ], [ 0, 0, 0, 2, 0, 1, 2, 0 ], [ 0, 2, 2, 1, 1, 0, 1, 1 ], [ 0, 1, 1, 0, 1, 0, 1, 0 ] ];123804495360
[ [ 1, 2, 1, 0, 1, 2, 2, 2 ], [ 0, 1, 0, 0, 0, 0, 0, 0 ], [ 0, 2, 0, 1, 1, 0, 1, 2 ], [ 0, 0, 1, 0, 2, 1, 2, 2 ], [ 0, 1, 0, 1, 0, 1, 1, 1 ], [ 0, 1, 0, 2, 0, 1, 2, 0 ], [ 0, 1, 2, 1, 1, 0, 1, 1 ], [ 0, 1, 1, 0, 1, 0, 1, 0 ] ];20634082560
[ [ 1, 0, 1, 0, 1, 2, 2, 2 ], [ 0, 1, 0, 0, 0, 0, 0, 0 ], [ 0, 2, 0, 1, 1, 0, 1, 2 ], [ 0, 0, 1, 0, 2, 1, 2, 2 ], [ 0, 1, 0, 1, 0, 1, 1, 1 ], [ 0, 1, 0, 2, 0, 1, 2, 0 ], [ 0, 1, 2, 1, 1, 0, 1, 1 ], [ 0, 1, 1, 0, 1, 0, 1, 0 ] ];20634082560
[ [ 1, 1, 1, 0, 1, 2, 2, 2 ], [ 0, 1, 0, 0, 0, 0, 0, 0 ], [ 0, 2, 0, 1, 1, 0, 1, 2 ], [ 0, 0, 1, 0, 2, 1, 2, 2 ], [ 0, 1, 0, 1, 0, 1, 1, 1 ], [ 0, 1, 0, 2, 0, 1, 2, 0 ], [ 0, 1, 2, 1, 1, 0, 1, 1 ], [ 0, 1, 1, 0, 1, 0, 1, 0 ] ];20634082560
[ [ 1, 2, 2, 1, 0, 2, 2, 2 ], [ 0, 1, 0, 0, 0, 0, 0, 0 ], [ 0, 1, 1, 2, 0, 1, 1, 2 ], [ 0, 1, 0, 2, 1, 0, 0, 0 ], [ 0, 0, 2, 0, 2, 1, 0, 0 ], [ 0, 2, 0, 0, 2, 0, 2, 0 ], [ 0, 1, 2, 0, 2, 1, 1, 2 ], [ 0, 0, 1, 1, 0, 2, 0, 1 ] ];123804495360
[ [ 1, 1, 0, 1, 0, 2, 2, 2 ], [ 0, 1, 0, 0, 0, 0, 0, 0 ], [ 0, 2, 1, 2, 0, 1, 1, 2 ], [ 0, 2, 0, 2, 1, 0, 0, 0 ], [ 0, 0, 2, 0, 2, 1, 0, 0 ], [ 0, 2, 0, 0, 2, 0, 2, 0 ], [ 0, 1, 2, 0, 2, 1, 1, 2 ], [ 0, 2, 1, 1, 0, 2, 0, 1 ] ];20634082560
[ [ 1, 2, 0, 1, 0, 2, 2, 2 ], [ 0, 1, 0, 0, 0, 0, 0, 0 ], [ 0, 2, 1, 2, 0, 1, 1, 2 ], [ 0, 2, 0, 2, 1, 0, 0, 0 ], [ 0, 0, 2, 0, 2, 1, 0, 0 ], [ 0, 2, 0, 0, 2, 0, 2, 0 ], [ 0, 1, 2, 0, 2, 1, 1, 2 ], [ 0, 2, 1, 1, 0, 2, 0, 1 ] ];20634082560
[ [ 1, 0, 0, 1, 0, 2, 2, 2 ], [ 0, 1, 0, 0, 0, 0, 0, 0 ], [ 0, 2, 1, 2, 0, 1, 1, 2 ], [ 0, 2, 0, 2, 1, 0, 0, 0 ], [ 0, 0, 2, 0, 2, 1, 0, 0 ], [ 0, 2, 0, 0, 2, 0, 2, 0 ], [ 0, 1, 2, 0, 2, 1, 1, 2 ], [ 0, 2, 1, 1, 0, 2, 0, 1 ] ];20634082560
[ [ 1, 2, 1, 2, 0, 1, 1, 1 ], [ 0, 1, 0, 0, 0, 0, 0, 0 ], [ 0, 1, 2, 1, 0, 2, 2, 1 ], [ 0, 1, 0, 1, 2, 0, 0, 0 ], [ 0, 0, 1, 0, 1, 2, 0, 0 ], [ 0, 2, 0, 0, 1, 0, 1, 0 ], [ 0, 1, 1, 0, 1, 2, 2, 1 ], [ 0, 0, 2, 2, 0, 1, 0, 2 ] ];20634082560
[ [ 1, 0, 1, 2, 0, 1, 1, 1 ], [ 0, 1, 0, 0, 0, 0, 0, 0 ], [ 0, 1, 2, 1, 0, 2, 2, 1 ], [ 0, 1, 0, 1, 2, 0, 0, 0 ], [ 0, 0, 1, 0, 1, 2, 0, 0 ], [ 0, 2, 0, 0, 1, 0, 1, 0 ], [ 0, 1, 1, 0, 1, 2, 2, 1 ], [ 0, 0, 2, 2, 0, 1, 0, 2 ] ];20634082560
[ [ 1, 1, 1, 2, 0, 1, 1, 1 ], [ 0, 1, 0, 0, 0, 0, 0, 0 ], [ 0, 1, 2, 1, 0, 2, 2, 1 ], [ 0, 1, 0, 1, 2, 0, 0, 0 ], [ 0, 0, 1, 0, 1, 2, 0, 0 ], [ 0, 2, 0, 0, 1, 0, 1, 0 ], [ 0, 1, 1, 0, 1, 2, 2, 1 ], [ 0, 0, 2, 2, 0, 1, 0, 2 ] ];20634082560
[ [ 1, 1, 0, 2, 0, 1, 1, 1 ], [ 0, 1, 0, 0, 0, 0, 0, 0 ], [ 0, 2, 2, 1, 0, 2, 2, 1 ], [ 0, 2, 0, 1, 2, 0, 0, 0 ], [ 0, 0, 1, 0, 1, 2, 0, 0 ], [ 0, 2, 0, 0, 1, 0, 1, 0 ], [ 0, 1, 1, 0, 1, 2, 2, 1 ], [ 0, 2, 2, 2, 0, 1, 0, 2 ] ];123804495360
[ [ 1, 0, 1, 1, 1, 2, 0, 2 ], [ 0, 1, 0, 0, 0, 0, 0, 0 ], [ 0, 0, 2, 1, 0, 1, 0, 1 ], [ 0, 0, 2, 1, 1, 2, 1, 1 ], [ 0, 2, 1, 0, 2, 0, 0, 2 ], [ 0, 1, 0, 2, 0, 2, 1, 1 ], [ 0, 1, 1, 2, 1, 1, 2, 0 ], [ 0, 1, 0, 2, 1, 2, 0, 2 ] ];1719506880
[ [ 1, 0, 0, 1, 0, 2, 0, 2 ], [ 0, 1, 0, 0, 0, 0, 0, 0 ], [ 0, 2, 2, 1, 0, 1, 0, 1 ], [ 0, 0, 2, 1, 1, 2, 1, 1 ], [ 0, 2, 1, 0, 2, 0, 0, 2 ], [ 0, 2, 0, 2, 0, 2, 1, 1 ], [ 0, 1, 1, 2, 1, 1, 2, 0 ], [ 0, 2, 0, 2, 1, 2, 0, 2 ] ];764225280
[ [ 1, 2, 2, 2, 0, 2, 0, 2 ], [ 0, 1, 0, 0, 0, 0, 0, 0 ], [ 0, 2, 2, 1, 0, 1, 0, 1 ], [ 0, 0, 2, 1, 1, 2, 1, 1 ], [ 0, 0, 1, 0, 2, 0, 0, 2 ], [ 0, 1, 0, 2, 0, 2, 1, 1 ], [ 0, 1, 1, 2, 1, 1, 2, 0 ], [ 0, 1, 0, 2, 1, 2, 0, 2 ] ];31842720
[ [ 1, 0, 2, 2, 0, 2, 0, 2 ], [ 0, 1, 0, 0, 0, 0, 0, 0 ], [ 0, 2, 2, 1, 0, 1, 0, 1 ], [ 0, 0, 2, 1, 1, 2, 1, 1 ], [ 0, 0, 1, 0, 2, 0, 0, 2 ], [ 0, 1, 0, 2, 0, 2, 1, 1 ], [ 0, 1, 1, 2, 1, 1, 2, 0 ], [ 0, 1, 0, 2, 1, 2, 0, 2 ] ];31842720
[ [ 1, 1, 2, 2, 0, 2, 0, 2 ], [ 0, 1, 0, 0, 0, 0, 0, 0 ], [ 0, 2, 2, 1, 0, 1, 0, 1 ], [ 0, 0, 2, 1, 1, 2, 1, 1 ], [ 0, 0, 1, 0, 2, 0, 0, 2 ], [ 0, 1, 0, 2, 0, 2, 1, 1 ], [ 0, 1, 1, 2, 1, 1, 2, 0 ], [ 0, 1, 0, 2, 1, 2, 0, 2 ] ];31842720
[ [ 1, 0, 2, 2, 2, 1, 0, 1 ], [ 0, 1, 0, 0, 0, 0, 0, 0 ], [ 0, 0, 1, 2, 0, 2, 0, 2 ], [ 0, 0, 1, 2, 2, 1, 2, 2 ], [ 0, 2, 2, 0, 1, 0, 0, 1 ], [ 0, 1, 0, 1, 0, 1, 2, 2 ], [ 0, 1, 2, 1, 2, 2, 1, 0 ], [ 0, 1, 0, 1, 2, 1, 0, 1 ] ];1719506880
[ [ 1, 2, 1, 2, 2, 1, 0, 1 ], [ 0, 1, 0, 0, 0, 0, 0, 0 ], [ 0, 2, 1, 2, 0, 2, 0, 2 ], [ 0, 2, 1, 2, 2, 1, 2, 2 ], [ 0, 2, 2, 0, 1, 0, 0, 1 ], [ 0, 2, 0, 1, 0, 1, 2, 2 ], [ 0, 2, 2, 1, 2, 2, 1, 0 ], [ 0, 2, 0, 1, 2, 1, 0, 1 ] ];286584480
[ [ 1, 0, 1, 2, 2, 1, 0, 1 ], [ 0, 1, 0, 0, 0, 0, 0, 0 ], [ 0, 2, 1, 2, 0, 2, 0, 2 ], [ 0, 2, 1, 2, 2, 1, 2, 2 ], [ 0, 2, 2, 0, 1, 0, 0, 1 ], [ 0, 2, 0, 1, 0, 1, 2, 2 ], [ 0, 2, 2, 1, 2, 2, 1, 0 ], [ 0, 2, 0, 1, 2, 1, 0, 1 ] ];286584480
[ [ 1, 1, 1, 2, 2, 1, 0, 1 ], [ 0, 1, 0, 0, 0, 0, 0, 0 ], [ 0, 2, 1, 2, 0, 2, 0, 2 ], [ 0, 2, 1, 2, 2, 1, 2, 2 ], [ 0, 2, 2, 0, 1, 0, 0, 1 ], [ 0, 2, 0, 1, 0, 1, 2, 2 ], [ 0, 2, 2, 1, 2, 2, 1, 0 ], [ 0, 2, 0, 1, 2, 1, 0, 1 ] ];286584480
[ [ 1, 0, 1, 0, 0, 1, 2, 2 ], [ 0, 1, 0, 0, 0, 0, 0, 0 ], [ 0, 2, 1, 2, 2, 0, 2, 1 ], [ 0, 2, 1, 2, 0, 1, 0, 1 ], [ 0, 0, 2, 2, 2, 0, 2, 2 ], [ 0, 2, 2, 0, 0, 2, 2, 1 ], [ 0, 0, 1, 2, 1, 1, 2, 0 ], [ 0, 1, 2, 0, 2, 0, 0, 2 ] ];1719506880
[ [ 1, 1, 0, 0, 2, 1, 2, 2 ], [ 0, 1, 0, 0, 0, 0, 0, 0 ], [ 0, 1, 1, 2, 2, 0, 2, 1 ], [ 0, 2, 1, 2, 0, 1, 0, 1 ], [ 0, 2, 2, 2, 2, 0, 2, 2 ], [ 0, 1, 2, 0, 0, 2, 2, 1 ], [ 0, 0, 1, 2, 1, 1, 2, 0 ], [ 0, 1, 2, 0, 2, 0, 0, 2 ] ];764225280
[ [ 1, 1, 1, 0, 2, 1, 2, 2 ], [ 0, 1, 0, 0, 0, 0, 0, 0 ], [ 0, 2, 1, 2, 2, 0, 2, 1 ], [ 0, 0, 1, 2, 0, 1, 0, 1 ], [ 0, 0, 2, 2, 2, 0, 2, 2 ], [ 0, 1, 2, 0, 0, 2, 2, 1 ], [ 0, 1, 1, 2, 1, 1, 2, 0 ], [ 0, 1, 2, 0, 2, 0, 0, 2 ] ];31842720
[ [ 1, 2, 1, 0, 2, 1, 2, 2 ], [ 0, 1, 0, 0, 0, 0, 0, 0 ], [ 0, 2, 1, 2, 2, 0, 2, 1 ], [ 0, 0, 1, 2, 0, 1, 0, 1 ], [ 0, 0, 2, 2, 2, 0, 2, 2 ], [ 0, 1, 2, 0, 0, 2, 2, 1 ], [ 0, 1, 1, 2, 1, 1, 2, 0 ], [ 0, 1, 2, 0, 2, 0, 0, 2 ] ];31842720
[ [ 1, 0, 1, 0, 2, 1, 2, 2 ], [ 0, 1, 0, 0, 0, 0, 0, 0 ], [ 0, 2, 1, 2, 2, 0, 2, 1 ], [ 0, 0, 1, 2, 0, 1, 0, 1 ], [ 0, 0, 2, 2, 2, 0, 2, 2 ], [ 0, 1, 2, 0, 0, 2, 2, 1 ], [ 0, 1, 1, 2, 1, 1, 2, 0 ], [ 0, 1, 2, 0, 2, 0, 0, 2 ] ];31842720
[ [ 1, 0, 2, 0, 0, 2, 1, 1 ], [ 0, 1, 0, 0, 0, 0, 0, 0 ], [ 0, 2, 2, 1, 1, 0, 1, 2 ], [ 0, 2, 2, 1, 0, 2, 0, 2 ], [ 0, 0, 1, 1, 1, 0, 1, 1 ], [ 0, 2, 1, 0, 0, 1, 1, 2 ], [ 0, 0, 2, 1, 2, 2, 1, 0 ], [ 0, 1, 1, 0, 1, 0, 0, 1 ] ];1719506880
[ [ 1, 0, 0, 0, 0, 2, 1, 1 ], [ 0, 1, 0, 0, 0, 0, 0, 0 ], [ 0, 1, 2, 1, 1, 0, 1, 2 ], [ 0, 1, 2, 1, 0, 2, 0, 2 ], [ 0, 2, 1, 1, 1, 0, 1, 1 ], [ 0, 2, 1, 0, 0, 1, 1, 2 ], [ 0, 2, 2, 1, 2, 2, 1, 0 ], [ 0, 1, 1, 0, 1, 0, 0, 1 ] ];286584480
[ [ 1, 1, 0, 0, 0, 2, 1, 1 ], [ 0, 1, 0, 0, 0, 0, 0, 0 ], [ 0, 1, 2, 1, 1, 0, 1, 2 ], [ 0, 1, 2, 1, 0, 2, 0, 2 ], [ 0, 2, 1, 1, 1, 0, 1, 1 ], [ 0, 2, 1, 0, 0, 1, 1, 2 ], [ 0, 2, 2, 1, 2, 2, 1, 0 ], [ 0, 1, 1, 0, 1, 0, 0, 1 ] ];286584480
[ [ 1, 2, 0, 0, 0, 2, 1, 1 ], [ 0, 1, 0, 0, 0, 0, 0, 0 ], [ 0, 1, 2, 1, 1, 0, 1, 2 ], [ 0, 1, 2, 1, 0, 2, 0, 2 ], [ 0, 2, 1, 1, 1, 0, 1, 1 ], [ 0, 2, 1, 0, 0, 1, 1, 2 ], [ 0, 2, 2, 1, 2, 2, 1, 0 ], [ 0, 1, 1, 0, 1, 0, 0, 1 ] ];286584480
[ [ 1, 0, 2, 0, 0, 0, 0, 2 ], [ 0, 1, 0, 0, 0, 0, 0, 0 ], [ 0, 0, 2, 1, 1, 1, 1, 1 ], [ 0, 1, 0, 0, 0, 1, 2, 2 ], [ 0, 1, 0, 0, 0, 0, 2, 2 ], [ 0, 2, 1, 0, 1, 0, 1, 0 ], [ 0, 1, 1, 2, 0, 0, 1, 1 ], [ 0, 2, 2, 2, 0, 1, 0, 0 ] ];23213342880
[ [ 1, 2, 2, 1, 0, 0, 0, 2 ], [ 0, 1, 0, 0, 0, 0, 0, 0 ], [ 0, 2, 2, 1, 1, 1, 1, 1 ], [ 0, 1, 0, 0, 0, 1, 2, 2 ], [ 0, 1, 0, 0, 0, 0, 2, 2 ], [ 0, 0, 1, 0, 1, 0, 1, 0 ], [ 0, 2, 1, 2, 0, 0, 1, 1 ], [ 0, 1, 2, 2, 0, 1, 0, 0 ] ];3868890480
[ [ 1, 0, 2, 1, 0, 0, 0, 2 ], [ 0, 1, 0, 0, 0, 0, 0, 0 ], [ 0, 2, 2, 1, 1, 1, 1, 1 ], [ 0, 1, 0, 0, 0, 1, 2, 2 ], [ 0, 1, 0, 0, 0, 0, 2, 2 ], [ 0, 0, 1, 0, 1, 0, 1, 0 ], [ 0, 2, 1, 2, 0, 0, 1, 1 ], [ 0, 1, 2, 2, 0, 1, 0, 0 ] ];3868890480
[ [ 1, 1, 2, 1, 0, 0, 0, 2 ], [ 0, 1, 0, 0, 0, 0, 0, 0 ], [ 0, 2, 2, 1, 1, 1, 1, 1 ], [ 0, 1, 0, 0, 0, 1, 2, 2 ], [ 0, 1, 0, 0, 0, 0, 2, 2 ], [ 0, 0, 1, 0, 1, 0, 1, 0 ], [ 0, 2, 1, 2, 0, 0, 1, 1 ], [ 0, 1, 2, 2, 0, 1, 0, 0 ] ];3868890480
[ [ 1, 0, 1, 0, 0, 0, 0, 1 ], [ 0, 1, 0, 0, 0, 0, 0, 0 ], [ 0, 0, 1, 2, 2, 2, 2, 2 ], [ 0, 1, 0, 0, 0, 2, 1, 1 ], [ 0, 1, 0, 0, 0, 0, 1, 1 ], [ 0, 2, 2, 0, 2, 0, 2, 0 ], [ 0, 1, 2, 1, 0, 0, 2, 2 ], [ 0, 2, 1, 1, 0, 2, 0, 0 ] ];30951123840
[ [ 1, 0, 2, 1, 0, 0, 0, 1 ], [ 0, 1, 0, 0, 0, 0, 0, 0 ], [ 0, 2, 1, 2, 2, 2, 2, 2 ], [ 0, 1, 0, 0, 0, 2, 1, 1 ], [ 0, 1, 0, 0, 0, 0, 1, 1 ], [ 0, 1, 2, 0, 2, 0, 2, 0 ], [ 0, 2, 2, 1, 0, 0, 2, 2 ], [ 0, 2, 1, 1, 0, 2, 0, 0 ] ];1289630160
[ [ 1, 1, 2, 1, 0, 0, 0, 1 ], [ 0, 1, 0, 0, 0, 0, 0, 0 ], [ 0, 2, 1, 2, 2, 2, 2, 2 ], [ 0, 1, 0, 0, 0, 2, 1, 1 ], [ 0, 1, 0, 0, 0, 0, 1, 1 ], [ 0, 1, 2, 0, 2, 0, 2, 0 ], [ 0, 2, 2, 1, 0, 0, 2, 2 ], [ 0, 2, 1, 1, 0, 2, 0, 0 ] ];1289630160
[ [ 1, 2, 2, 1, 0, 0, 0, 1 ], [ 0, 1, 0, 0, 0, 0, 0, 0 ], [ 0, 2, 1, 2, 2, 2, 2, 2 ], [ 0, 1, 0, 0, 0, 2, 1, 1 ], [ 0, 1, 0, 0, 0, 0, 1, 1 ], [ 0, 1, 2, 0, 2, 0, 2, 0 ], [ 0, 2, 2, 1, 0, 0, 2, 2 ], [ 0, 2, 1, 1, 0, 2, 0, 0 ] ];1289630160
[ [ 1, 1, 1, 0, 2, 0, 1, 0 ], [ 0, 1, 0, 0, 0, 0, 0, 0 ], [ 0, 2, 2, 1, 1, 1, 1, 1 ], [ 0, 1, 2, 0, 1, 0, 1, 2 ], [ 0, 2, 1, 0, 2, 1, 0, 2 ], [ 0, 1, 2, 0, 0, 1, 2, 0 ], [ 0, 0, 1, 2, 0, 0, 1, 1 ], [ 0, 1, 1, 2, 1, 0, 2, 0 ] ];23213342880
[ [ 1, 0, 1, 2, 2, 0, 1, 0 ], [ 0, 1, 0, 0, 0, 0, 0, 0 ], [ 0, 0, 2, 1, 1, 1, 1, 1 ], [ 0, 2, 2, 0, 1, 0, 1, 2 ], [ 0, 1, 1, 0, 2, 1, 0, 2 ], [ 0, 2, 2, 0, 0, 1, 2, 0 ], [ 0, 2, 1, 2, 0, 0, 1, 1 ], [ 0, 0, 1, 2, 1, 0, 2, 0 ] ];3868890480
[ [ 1, 1, 1, 2, 2, 0, 1, 0 ], [ 0, 1, 0, 0, 0, 0, 0, 0 ], [ 0, 0, 2, 1, 1, 1, 1, 1 ], [ 0, 2, 2, 0, 1, 0, 1, 2 ], [ 0, 1, 1, 0, 2, 1, 0, 2 ], [ 0, 2, 2, 0, 0, 1, 2, 0 ], [ 0, 2, 1, 2, 0, 0, 1, 1 ], [ 0, 0, 1, 2, 1, 0, 2, 0 ] ];3868890480
[ [ 1, 2, 1, 2, 2, 0, 1, 0 ], [ 0, 1, 0, 0, 0, 0, 0, 0 ], [ 0, 0, 2, 1, 1, 1, 1, 1 ], [ 0, 2, 2, 0, 1, 0, 1, 2 ], [ 0, 1, 1, 0, 2, 1, 0, 2 ], [ 0, 2, 2, 0, 0, 1, 2, 0 ], [ 0, 2, 1, 2, 0, 0, 1, 1 ], [ 0, 0, 1, 2, 1, 0, 2, 0 ] ];3868890480
[ [ 1, 1, 2, 0, 1, 0, 2, 0 ], [ 0, 1, 0, 0, 0, 0, 0, 0 ], [ 0, 2, 1, 2, 2, 2, 2, 2 ], [ 0, 1, 1, 0, 2, 0, 2, 1 ], [ 0, 2, 2, 0, 1, 2, 0, 1 ], [ 0, 1, 1, 0, 0, 2, 1, 0 ], [ 0, 0, 2, 1, 0, 0, 2, 2 ], [ 0, 1, 2, 1, 2, 0, 1, 0 ] ];30951123840
[ [ 1, 0, 2, 1, 1, 0, 2, 0 ], [ 0, 1, 0, 0, 0, 0, 0, 0 ], [ 0, 0, 1, 2, 2, 2, 2, 2 ], [ 0, 2, 1, 0, 2, 0, 2, 1 ], [ 0, 1, 2, 0, 1, 2, 0, 1 ], [ 0, 2, 1, 0, 0, 2, 1, 0 ], [ 0, 2, 2, 1, 0, 0, 2, 2 ], [ 0, 0, 2, 1, 2, 0, 1, 0 ] ];1289630160
[ [ 1, 1, 2, 1, 1, 0, 2, 0 ], [ 0, 1, 0, 0, 0, 0, 0, 0 ], [ 0, 0, 1, 2, 2, 2, 2, 2 ], [ 0, 2, 1, 0, 2, 0, 2, 1 ], [ 0, 1, 2, 0, 1, 2, 0, 1 ], [ 0, 2, 1, 0, 0, 2, 1, 0 ], [ 0, 2, 2, 1, 0, 0, 2, 2 ], [ 0, 0, 2, 1, 2, 0, 1, 0 ] ];1289630160
[ [ 1, 2, 2, 1, 1, 0, 2, 0 ], [ 0, 1, 0, 0, 0, 0, 0, 0 ], [ 0, 0, 1, 2, 2, 2, 2, 2 ], [ 0, 2, 1, 0, 2, 0, 2, 1 ], [ 0, 1, 2, 0, 1, 2, 0, 1 ], [ 0, 2, 1, 0, 0, 2, 1, 0 ], [ 0, 2, 2, 1, 0, 0, 2, 2 ], [ 0, 0, 2, 1, 2, 0, 1, 0 ] ];1289630160
[ [ 1, 0, 1, 1, 0, 0, 1, 1 ], [ 0, 1, 0, 0, 0, 0, 0, 0 ], [ 0, 0, 0, 0, 0, 2, 2, 2 ], [ 0, 1, 2, 1, 1, 0, 2, 2 ], [ 0, 1, 0, 2, 0, 2, 1, 1 ], [ 0, 1, 1, 0, 0, 1, 2, 2 ], [ 0, 1, 1, 2, 1, 1, 2, 0 ], [ 0, 2, 2, 1, 2, 2, 0, 2 ] ];31842720
[ [ 1, 1, 1, 1, 0, 0, 1, 1 ], [ 0, 1, 0, 0, 0, 0, 0, 0 ], [ 0, 0, 0, 0, 0, 2, 2, 2 ], [ 0, 1, 2, 1, 1, 0, 2, 2 ], [ 0, 1, 0, 2, 0, 2, 1, 1 ], [ 0, 1, 1, 0, 0, 1, 2, 2 ], [ 0, 1, 1, 2, 1, 1, 2, 0 ], [ 0, 2, 2, 1, 2, 2, 0, 2 ] ];31842720
[ [ 1, 2, 1, 1, 0, 0, 1, 1 ], [ 0, 1, 0, 0, 0, 0, 0, 0 ], [ 0, 0, 0, 0, 0, 2, 2, 2 ], [ 0, 1, 2, 1, 1, 0, 2, 2 ], [ 0, 1, 0, 2, 0, 2, 1, 1 ], [ 0, 1, 1, 0, 0, 1, 2, 2 ], [ 0, 1, 1, 2, 1, 1, 2, 0 ], [ 0, 2, 2, 1, 2, 2, 0, 2 ] ];31842720
[ [ 1, 0, 2, 2, 0, 0, 2, 2 ], [ 0, 1, 0, 0, 0, 0, 0, 0 ], [ 0, 0, 0, 0, 0, 1, 1, 1 ], [ 0, 1, 1, 2, 2, 0, 1, 1 ], [ 0, 1, 0, 1, 0, 1, 2, 2 ], [ 0, 1, 2, 0, 0, 2, 1, 1 ], [ 0, 1, 2, 1, 2, 2, 1, 0 ], [ 0, 2, 1, 2, 1, 1, 0, 1 ] ];21228480
[ [ 1, 2, 1, 2, 0, 0, 2, 2 ], [ 0, 1, 0, 0, 0, 0, 0, 0 ], [ 0, 0, 0, 0, 0, 1, 1, 1 ], [ 0, 0, 1, 2, 2, 0, 1, 1 ], [ 0, 2, 0, 1, 0, 1, 2, 2 ], [ 0, 1, 2, 0, 0, 2, 1, 1 ], [ 0, 2, 2, 1, 2, 2, 1, 0 ], [ 0, 1, 1, 2, 1, 1, 0, 1 ] ];42456960
[ [ 1, 1, 0, 2, 0, 0, 2, 2 ], [ 0, 1, 0, 0, 0, 0, 0, 0 ], [ 0, 0, 0, 0, 0, 1, 1, 1 ], [ 0, 2, 1, 2, 2, 0, 1, 1 ], [ 0, 0, 0, 1, 0, 1, 2, 2 ], [ 0, 1, 2, 0, 0, 2, 1, 1 ], [ 0, 0, 2, 1, 2, 2, 1, 0 ], [ 0, 0, 1, 2, 1, 1, 0, 1 ] ];21228480
[ [ 1, 2, 0, 0, 0, 0, 2, 2 ], [ 0, 1, 0, 0, 0, 0, 0, 0 ], [ 0, 0, 0, 0, 0, 1, 1, 1 ], [ 0, 0, 1, 2, 2, 0, 1, 1 ], [ 0, 0, 0, 1, 0, 1, 2, 2 ], [ 0, 0, 2, 0, 0, 2, 1, 1 ], [ 0, 2, 2, 1, 2, 2, 1, 0 ], [ 0, 1, 1, 2, 1, 1, 0, 1 ] ];9434880
[ [ 1, 0, 2, 2, 1, 0, 2, 2 ], [ 0, 1, 0, 0, 0, 0, 0, 0 ], [ 0, 2, 0, 0, 0, 1, 1, 1 ], [ 0, 1, 1, 2, 2, 0, 1, 1 ], [ 0, 0, 0, 1, 0, 1, 2, 2 ], [ 0, 2, 2, 0, 0, 2, 1, 1 ], [ 0, 2, 2, 1, 2, 2, 1, 0 ], [ 0, 1, 1, 2, 1, 1, 0, 1 ] ];393120
[ [ 1, 1, 2, 2, 1, 0, 2, 2 ], [ 0, 1, 0, 0, 0, 0, 0, 0 ], [ 0, 2, 0, 0, 0, 1, 1, 1 ], [ 0, 1, 1, 2, 2, 0, 1, 1 ], [ 0, 0, 0, 1, 0, 1, 2, 2 ], [ 0, 2, 2, 0, 0, 2, 1, 1 ], [ 0, 2, 2, 1, 2, 2, 1, 0 ], [ 0, 1, 1, 2, 1, 1, 0, 1 ] ];393120
[ [ 1, 2, 2, 2, 1, 0, 2, 2 ], [ 0, 1, 0, 0, 0, 0, 0, 0 ], [ 0, 2, 0, 0, 0, 1, 1, 1 ], [ 0, 1, 1, 2, 2, 0, 1, 1 ], [ 0, 0, 0, 1, 0, 1, 2, 2 ], [ 0, 2, 2, 0, 0, 2, 1, 1 ], [ 0, 2, 2, 1, 2, 2, 1, 0 ], [ 0, 1, 1, 2, 1, 1, 0, 1 ] ];393120
[ [ 1, 0, 1, 0, 0, 0, 1, 1 ], [ 0, 1, 0, 0, 0, 0, 0, 0 ], [ 0, 0, 1, 0, 0, 0, 0, 0 ], [ 0, 1, 2, 1, 1, 2, 2, 0 ], [ 0, 0, 2, 0, 1, 1, 0, 0 ], [ 0, 2, 0, 0, 1, 2, 2, 0 ], [ 0, 1, 0, 0, 0, 0, 1, 0 ], [ 0, 0, 0, 0, 2, 2, 1, 1 ] ];95528160
[ [ 1, 1, 0, 0, 2, 2, 1, 0 ], [ 0, 1, 0, 0, 0, 0, 0, 0 ], [ 0, 0, 1, 0, 0, 0, 0, 0 ], [ 0, 1, 2, 1, 1, 2, 2, 0 ], [ 0, 0, 2, 0, 1, 1, 0, 0 ], [ 0, 1, 0, 0, 1, 2, 2, 0 ], [ 0, 0, 0, 0, 0, 0, 1, 0 ], [ 0, 2, 0, 0, 2, 2, 1, 1 ] ];398034
[ [ 1, 2, 0, 0, 2, 2, 1, 0 ], [ 0, 1, 0, 0, 0, 0, 0, 0 ], [ 0, 0, 1, 0, 0, 0, 0, 0 ], [ 0, 1, 2, 1, 1, 2, 2, 0 ], [ 0, 0, 2, 0, 1, 1, 0, 0 ], [ 0, 1, 0, 0, 1, 2, 2, 0 ], [ 0, 0, 0, 0, 0, 0, 1, 0 ], [ 0, 2, 0, 0, 2, 2, 1, 1 ] ];398034
[ [ 1, 0, 0, 0, 2, 2, 1, 0 ], [ 0, 1, 0, 0, 0, 0, 0, 0 ], [ 0, 0, 1, 0, 0, 0, 0, 0 ], [ 0, 1, 2, 1, 1, 2, 2, 0 ], [ 0, 0, 2, 0, 1, 1, 0, 0 ], [ 0, 1, 0, 0, 1, 2, 2, 0 ], [ 0, 0, 0, 0, 0, 0, 1, 0 ], [ 0, 2, 0, 0, 2, 2, 1, 1 ] ];398034
[ [ 1, 0, 2, 0, 0, 0, 2, 2 ], [ 0, 1, 0, 0, 0, 0, 0, 0 ], [ 0, 0, 2, 0, 0, 0, 0, 0 ], [ 0, 1, 1, 2, 2, 1, 1, 0 ], [ 0, 0, 1, 0, 2, 2, 0, 0 ], [ 0, 2, 0, 0, 2, 1, 1, 0 ], [ 0, 1, 0, 0, 0, 0, 2, 0 ], [ 0, 0, 0, 0, 1, 1, 2, 2 ] ];32240754
[ [ 1, 1, 2, 0, 0, 0, 2, 2 ], [ 0, 1, 0, 0, 0, 0, 0, 0 ], [ 0, 0, 2, 0, 0, 0, 0, 0 ], [ 0, 1, 1, 2, 2, 1, 1, 0 ], [ 0, 0, 1, 0, 2, 2, 0, 0 ], [ 0, 2, 0, 0, 2, 1, 1, 0 ], [ 0, 1, 0, 0, 0, 0, 2, 0 ], [ 0, 0, 0, 0, 1, 1, 2, 2 ] ];32240754
[ [ 1, 2, 2, 0, 0, 0, 2, 2 ], [ 0, 1, 0, 0, 0, 0, 0, 0 ], [ 0, 0, 2, 0, 0, 0, 0, 0 ], [ 0, 1, 1, 2, 2, 1, 1, 0 ], [ 0, 0, 1, 0, 2, 2, 0, 0 ], [ 0, 2, 0, 0, 2, 1, 1, 0 ], [ 0, 1, 0, 0, 0, 0, 2, 0 ], [ 0, 0, 0, 0, 1, 1, 2, 2 ] ];32240754
[ [ 1, 1, 0, 0, 1, 2, 0, 0 ], [ 0, 1, 0, 0, 0, 0, 0, 0 ], [ 0, 2, 1, 0, 0, 1, 1, 1 ], [ 0, 0, 1, 0, 1, 2, 2, 1 ], [ 0, 2, 2, 1, 0, 1, 0, 2 ], [ 0, 1, 0, 0, 0, 2, 1, 1 ], [ 0, 2, 2, 1, 2, 2, 2, 0 ], [ 0, 0, 0, 2, 1, 2, 0, 2 ] ];6878027520
[ [ 1, 0, 1, 1, 2, 2, 0, 0 ], [ 0, 1, 0, 0, 0, 0, 0, 0 ], [ 0, 2, 1, 0, 0, 1, 1, 1 ], [ 0, 2, 1, 0, 1, 2, 2, 1 ], [ 0, 2, 2, 1, 0, 1, 0, 2 ], [ 0, 2, 0, 0, 0, 2, 1, 1 ], [ 0, 1, 2, 1, 2, 2, 2, 0 ], [ 0, 2, 0, 2, 1, 2, 0, 2 ] ];286584480
[ [ 1, 1, 1, 1, 2, 2, 0, 0 ], [ 0, 1, 0, 0, 0, 0, 0, 0 ], [ 0, 2, 1, 0, 0, 1, 1, 1 ], [ 0, 2, 1, 0, 1, 2, 2, 1 ], [ 0, 2, 2, 1, 0, 1, 0, 2 ], [ 0, 2, 0, 0, 0, 2, 1, 1 ], [ 0, 1, 2, 1, 2, 2, 2, 0 ], [ 0, 2, 0, 2, 1, 2, 0, 2 ] ];286584480
[ [ 1, 2, 1, 1, 2, 2, 0, 0 ], [ 0, 1, 0, 0, 0, 0, 0, 0 ], [ 0, 2, 1, 0, 0, 1, 1, 1 ], [ 0, 2, 1, 0, 1, 2, 2, 1 ], [ 0, 2, 2, 1, 0, 1, 0, 2 ], [ 0, 2, 0, 0, 0, 2, 1, 1 ], [ 0, 1, 2, 1, 2, 2, 2, 0 ], [ 0, 2, 0, 2, 1, 2, 0, 2 ] ];286584480
[ [ 1, 1, 0, 0, 2, 1, 0, 0 ], [ 0, 1, 0, 0, 0, 0, 0, 0 ], [ 0, 2, 2, 0, 0, 2, 2, 2 ], [ 0, 0, 2, 0, 2, 1, 1, 2 ], [ 0, 2, 1, 2, 0, 2, 0, 1 ], [ 0, 1, 0, 0, 0, 1, 2, 2 ], [ 0, 2, 1, 2, 1, 1, 1, 0 ], [ 0, 0, 0, 1, 2, 1, 0, 1 ] ];1719506880
[ [ 1, 1, 2, 0, 2, 1, 0, 0 ], [ 0, 1, 0, 0, 0, 0, 0, 0 ], [ 0, 2, 2, 0, 0, 2, 2, 2 ], [ 0, 0, 2, 0, 2, 1, 1, 2 ], [ 0, 1, 1, 2, 0, 2, 0, 1 ], [ 0, 1, 0, 0, 0, 1, 2, 2 ], [ 0, 1, 1, 2, 1, 1, 1, 0 ], [ 0, 1, 0, 1, 2, 1, 0, 1 ] ];1719506880
[ [ 1, 1, 1, 0, 2, 1, 0, 0 ], [ 0, 1, 0, 0, 0, 0, 0, 0 ], [ 0, 2, 2, 0, 0, 2, 2, 2 ], [ 0, 0, 2, 0, 2, 1, 1, 2 ], [ 0, 0, 1, 2, 0, 2, 0, 1 ], [ 0, 1, 0, 0, 0, 1, 2, 2 ], [ 0, 0, 1, 2, 1, 1, 1, 0 ], [ 0, 2, 0, 1, 2, 1, 0, 1 ] ];3439013760
[ [ 1, 1, 0, 1, 2, 1, 0, 0 ], [ 0, 1, 0, 0, 0, 0, 0, 0 ], [ 0, 1, 2, 0, 0, 2, 2, 2 ], [ 0, 2, 2, 0, 2, 1, 1, 2 ], [ 0, 0, 1, 2, 0, 2, 0, 1 ], [ 0, 1, 0, 0, 0, 1, 2, 2 ], [ 0, 0, 1, 2, 1, 1, 1, 0 ], [ 0, 0, 0, 1, 2, 1, 0, 1 ] ];286584480
[ [ 1, 2, 0, 1, 2, 1, 0, 0 ], [ 0, 1, 0, 0, 0, 0, 0, 0 ], [ 0, 1, 2, 0, 0, 2, 2, 2 ], [ 0, 2, 2, 0, 2, 1, 1, 2 ], [ 0, 0, 1, 2, 0, 2, 0, 1 ], [ 0, 1, 0, 0, 0, 1, 2, 2 ], [ 0, 0, 1, 2, 1, 1, 1, 0 ], [ 0, 0, 0, 1, 2, 1, 0, 1 ] ];286584480
[ [ 1, 0, 0, 1, 2, 1, 0, 0 ], [ 0, 1, 0, 0, 0, 0, 0, 0 ], [ 0, 1, 2, 0, 0, 2, 2, 2 ], [ 0, 2, 2, 0, 2, 1, 1, 2 ], [ 0, 0, 1, 2, 0, 2, 0, 1 ], [ 0, 1, 0, 0, 0, 1, 2, 2 ], [ 0, 0, 1, 2, 1, 1, 1, 0 ], [ 0, 0, 0, 1, 2, 1, 0, 1 ] ];286584480
[ [ 1, 2, 1, 1, 2, 0, 1, 0 ], [ 0, 1, 0, 0, 0, 0, 0, 0 ], [ 0, 0, 0, 0, 0, 2, 2, 2 ], [ 0, 2, 1, 1, 1, 1, 2, 2 ], [ 0, 1, 1, 2, 2, 0, 2, 1 ], [ 0, 1, 2, 0, 1, 1, 1, 2 ], [ 0, 0, 1, 2, 1, 1, 2, 0 ], [ 0, 0, 1, 1, 1, 2, 1, 2 ] ];15475561920
[ [ 1, 0, 1, 1, 2, 0, 1, 0 ], [ 0, 1, 0, 0, 0, 0, 0, 0 ], [ 0, 0, 0, 0, 0, 2, 2, 2 ], [ 0, 2, 1, 1, 1, 1, 2, 2 ], [ 0, 1, 1, 2, 2, 0, 2, 1 ], [ 0, 1, 2, 0, 1, 1, 1, 2 ], [ 0, 0, 1, 2, 1, 1, 2, 0 ], [ 0, 0, 1, 1, 1, 2, 1, 2 ] ];15475561920
[ [ 1, 1, 1, 1, 2, 0, 1, 0 ], [ 0, 1, 0, 0, 0, 0, 0, 0 ], [ 0, 0, 0, 0, 0, 2, 2, 2 ], [ 0, 2, 1, 1, 1, 1, 2, 2 ], [ 0, 1, 1, 2, 2, 0, 2, 1 ], [ 0, 1, 2, 0, 1, 1, 1, 2 ], [ 0, 0, 1, 2, 1, 1, 2, 0 ], [ 0, 0, 1, 1, 1, 2, 1, 2 ] ];15475561920
[ [ 1, 2, 2, 2, 1, 0, 2, 0 ], [ 0, 1, 0, 0, 0, 0, 0, 0 ], [ 0, 0, 0, 0, 0, 1, 1, 1 ], [ 0, 2, 2, 2, 2, 2, 1, 1 ], [ 0, 1, 2, 1, 1, 0, 1, 2 ], [ 0, 1, 1, 0, 2, 2, 2, 1 ], [ 0, 0, 2, 1, 2, 2, 1, 0 ], [ 0, 0, 2, 2, 2, 1, 2, 1 ] ];20634082560
[ [ 1, 1, 1, 2, 1, 0, 2, 0 ], [ 0, 1, 0, 0, 0, 0, 0, 0 ], [ 0, 0, 0, 0, 0, 1, 1, 1 ], [ 0, 1, 2, 2, 2, 2, 1, 1 ], [ 0, 2, 2, 1, 1, 0, 1, 2 ], [ 0, 1, 1, 0, 2, 2, 2, 1 ], [ 0, 1, 2, 1, 2, 2, 1, 0 ], [ 0, 2, 2, 2, 2, 1, 2, 1 ] ];10317041280
[ [ 1, 0, 0, 2, 1, 0, 2, 0 ], [ 0, 1, 0, 0, 0, 0, 0, 0 ], [ 0, 0, 0, 0, 0, 1, 1, 1 ], [ 0, 0, 2, 2, 2, 2, 1, 1 ], [ 0, 0, 2, 1, 1, 0, 1, 2 ], [ 0, 1, 1, 0, 2, 2, 2, 1 ], [ 0, 2, 2, 1, 2, 2, 1, 0 ], [ 0, 1, 2, 2, 2, 1, 2, 1 ] ];10317041280
[ [ 1, 1, 1, 0, 1, 0, 2, 0 ], [ 0, 1, 0, 0, 0, 0, 0, 0 ], [ 0, 0, 0, 0, 0, 1, 1, 1 ], [ 0, 0, 2, 2, 2, 2, 1, 1 ], [ 0, 1, 2, 1, 1, 0, 1, 2 ], [ 0, 2, 1, 0, 2, 2, 2, 1 ], [ 0, 0, 2, 1, 2, 2, 1, 0 ], [ 0, 1, 2, 2, 2, 1, 2, 1 ] ];1719506880
[ [ 1, 2, 1, 0, 1, 0, 2, 0 ], [ 0, 1, 0, 0, 0, 0, 0, 0 ], [ 0, 0, 0, 0, 0, 1, 1, 1 ], [ 0, 0, 2, 2, 2, 2, 1, 1 ], [ 0, 1, 2, 1, 1, 0, 1, 2 ], [ 0, 2, 1, 0, 2, 2, 2, 1 ], [ 0, 0, 2, 1, 2, 2, 1, 0 ], [ 0, 1, 2, 2, 2, 1, 2, 1 ] ];1719506880
[ [ 1, 0, 1, 0, 1, 0, 2, 0 ], [ 0, 1, 0, 0, 0, 0, 0, 0 ], [ 0, 0, 0, 0, 0, 1, 1, 1 ], [ 0, 0, 2, 2, 2, 2, 1, 1 ], [ 0, 1, 2, 1, 1, 0, 1, 2 ], [ 0, 2, 1, 0, 2, 2, 2, 1 ], [ 0, 0, 2, 1, 2, 2, 1, 0 ], [ 0, 1, 2, 2, 2, 1, 2, 1 ] ];1719506880
[ [ 1, 1, 2, 1, 2, 0, 2, 1 ], [ 0, 1, 0, 0, 0, 0, 0, 0 ], [ 0, 0, 0, 0, 1, 2, 0, 1 ], [ 0, 2, 2, 0, 2, 1, 2, 0 ], [ 0, 1, 0, 1, 0, 1, 1, 1 ], [ 0, 2, 0, 1, 2, 2, 1, 1 ], [ 0, 1, 0, 1, 2, 1, 0, 2 ], [ 0, 2, 2, 1, 0, 0, 0, 2 ] ];1146337920
[ [ 1, 2, 1, 1, 2, 0, 2, 1 ], [ 0, 1, 0, 0, 0, 0, 0, 0 ], [ 0, 0, 0, 0, 1, 2, 0, 1 ], [ 0, 2, 2, 0, 2, 1, 2, 0 ], [ 0, 2, 0, 1, 0, 1, 1, 1 ], [ 0, 0, 0, 1, 2, 2, 1, 1 ], [ 0, 2, 0, 1, 2, 1, 0, 2 ], [ 0, 0, 2, 1, 0, 0, 0, 2 ] ];2579260320
[ [ 1, 1, 1, 2, 0, 0, 2, 1 ], [ 0, 1, 0, 0, 0, 0, 0, 0 ], [ 0, 1, 0, 0, 1, 2, 0, 1 ], [ 0, 0, 2, 0, 2, 1, 2, 0 ], [ 0, 1, 0, 1, 0, 1, 1, 1 ], [ 0, 1, 0, 1, 2, 2, 1, 1 ], [ 0, 1, 0, 1, 2, 1, 0, 2 ], [ 0, 2, 2, 1, 0, 0, 0, 2 ] ];47764080
[ [ 1, 2, 1, 2, 0, 0, 2, 1 ], [ 0, 1, 0, 0, 0, 0, 0, 0 ], [ 0, 1, 0, 0, 1, 2, 0, 1 ], [ 0, 0, 2, 0, 2, 1, 2, 0 ], [ 0, 1, 0, 1, 0, 1, 1, 1 ], [ 0, 1, 0, 1, 2, 2, 1, 1 ], [ 0, 1, 0, 1, 2, 1, 0, 2 ], [ 0, 2, 2, 1, 0, 0, 0, 2 ] ];47764080
[ [ 1, 0, 1, 2, 0, 0, 2, 1 ], [ 0, 1, 0, 0, 0, 0, 0, 0 ], [ 0, 1, 0, 0, 1, 2, 0, 1 ], [ 0, 0, 2, 0, 2, 1, 2, 0 ], [ 0, 1, 0, 1, 0, 1, 1, 1 ], [ 0, 1, 0, 1, 2, 2, 1, 1 ], [ 0, 1, 0, 1, 2, 1, 0, 2 ], [ 0, 2, 2, 1, 0, 0, 0, 2 ] ];47764080
[ [ 1, 1, 1, 2, 1, 0, 1, 2 ], [ 0, 1, 0, 0, 0, 0, 0, 0 ], [ 0, 0, 0, 0, 2, 1, 0, 2 ], [ 0, 2, 1, 0, 1, 2, 1, 0 ], [ 0, 1, 0, 2, 0, 2, 2, 2 ], [ 0, 2, 0, 2, 1, 1, 2, 2 ], [ 0, 1, 0, 2, 1, 2, 0, 1 ], [ 0, 2, 1, 2, 0, 0, 0, 1 ] ];1289630160
[ [ 1, 2, 1, 2, 1, 0, 1, 2 ], [ 0, 1, 0, 0, 0, 0, 0, 0 ], [ 0, 0, 0, 0, 2, 1, 0, 2 ], [ 0, 2, 1, 0, 1, 2, 1, 0 ], [ 0, 1, 0, 2, 0, 2, 2, 2 ], [ 0, 2, 0, 2, 1, 1, 2, 2 ], [ 0, 1, 0, 2, 1, 2, 0, 1 ], [ 0, 2, 1, 2, 0, 0, 0, 1 ] ];1289630160
[ [ 1, 0, 1, 2, 1, 0, 1, 2 ], [ 0, 1, 0, 0, 0, 0, 0, 0 ], [ 0, 0, 0, 0, 2, 1, 0, 2 ], [ 0, 2, 1, 0, 1, 2, 1, 0 ], [ 0, 1, 0, 2, 0, 2, 2, 2 ], [ 0, 2, 0, 2, 1, 1, 2, 2 ], [ 0, 1, 0, 2, 1, 2, 0, 1 ], [ 0, 2, 1, 2, 0, 0, 0, 1 ] ];1289630160
[ [ 1, 1, 1, 1, 2, 2, 2, 1 ], [ 0, 1, 0, 0, 0, 0, 0, 0 ], [ 0, 0, 0, 2, 2, 1, 1, 2 ], [ 0, 0, 2, 0, 2, 1, 2, 0 ], [ 0, 0, 0, 0, 1, 0, 2, 2 ], [ 0, 2, 0, 0, 0, 1, 2, 2 ], [ 0, 2, 0, 2, 1, 2, 2, 1 ], [ 0, 1, 2, 0, 1, 2, 1, 0 ] ];2579260320
[ [ 1, 2, 0, 1, 2, 2, 2, 1 ], [ 0, 1, 0, 0, 0, 0, 0, 0 ], [ 0, 2, 0, 2, 2, 1, 1, 2 ], [ 0, 0, 2, 0, 2, 1, 2, 0 ], [ 0, 0, 0, 0, 1, 0, 2, 2 ], [ 0, 2, 0, 0, 0, 1, 2, 2 ], [ 0, 1, 0, 2, 1, 2, 2, 1 ], [ 0, 1, 2, 0, 1, 2, 1, 0 ] ];1146337920
[ [ 1, 0, 1, 1, 1, 2, 2, 1 ], [ 0, 1, 0, 0, 0, 0, 0, 0 ], [ 0, 1, 0, 2, 2, 1, 1, 2 ], [ 0, 1, 2, 0, 2, 1, 2, 0 ], [ 0, 0, 0, 0, 1, 0, 2, 2 ], [ 0, 0, 0, 0, 0, 1, 2, 2 ], [ 0, 1, 0, 2, 1, 2, 2, 1 ], [ 0, 0, 2, 0, 1, 2, 1, 0 ] ];47764080
[ [ 1, 1, 1, 1, 1, 2, 2, 1 ], [ 0, 1, 0, 0, 0, 0, 0, 0 ], [ 0, 1, 0, 2, 2, 1, 1, 2 ], [ 0, 1, 2, 0, 2, 1, 2, 0 ], [ 0, 0, 0, 0, 1, 0, 2, 2 ], [ 0, 0, 0, 0, 0, 1, 2, 2 ], [ 0, 1, 0, 2, 1, 2, 2, 1 ], [ 0, 0, 2, 0, 1, 2, 1, 0 ] ];47764080
[ [ 1, 2, 1, 1, 1, 2, 2, 1 ], [ 0, 1, 0, 0, 0, 0, 0, 0 ], [ 0, 1, 0, 2, 2, 1, 1, 2 ], [ 0, 1, 2, 0, 2, 1, 2, 0 ], [ 0, 0, 0, 0, 1, 0, 2, 2 ], [ 0, 0, 0, 0, 0, 1, 2, 2 ], [ 0, 1, 0, 2, 1, 2, 2, 1 ], [ 0, 0, 2, 0, 1, 2, 1, 0 ] ];47764080
[ [ 1, 1, 2, 2, 1, 1, 1, 2 ], [ 0, 1, 0, 0, 0, 0, 0, 0 ], [ 0, 0, 0, 1, 1, 2, 2, 1 ], [ 0, 0, 1, 0, 1, 2, 1, 0 ], [ 0, 0, 0, 0, 2, 0, 1, 1 ], [ 0, 2, 0, 0, 0, 2, 1, 1 ], [ 0, 2, 0, 1, 2, 1, 1, 2 ], [ 0, 1, 1, 0, 2, 1, 2, 0 ] ];1289630160
[ [ 1, 2, 2, 2, 1, 1, 1, 2 ], [ 0, 1, 0, 0, 0, 0, 0, 0 ], [ 0, 0, 0, 1, 1, 2, 2, 1 ], [ 0, 0, 1, 0, 1, 2, 1, 0 ], [ 0, 0, 0, 0, 2, 0, 1, 1 ], [ 0, 2, 0, 0, 0, 2, 1, 1 ], [ 0, 2, 0, 1, 2, 1, 1, 2 ], [ 0, 1, 1, 0, 2, 1, 2, 0 ] ];1289630160
[ [ 1, 0, 2, 2, 1, 1, 1, 2 ], [ 0, 1, 0, 0, 0, 0, 0, 0 ], [ 0, 0, 0, 1, 1, 2, 2, 1 ], [ 0, 0, 1, 0, 1, 2, 1, 0 ], [ 0, 0, 0, 0, 2, 0, 1, 1 ], [ 0, 2, 0, 0, 0, 2, 1, 1 ], [ 0, 2, 0, 1, 2, 1, 1, 2 ], [ 0, 1, 1, 0, 2, 1, 2, 0 ] ];1289630160
[ [ 1, 0, 2, 2, 2, 1, 1, 1 ], [ 0, 1, 0, 0, 0, 0, 0, 0 ], [ 0, 2, 0, 0, 0, 1, 2, 1 ], [ 0, 0, 2, 1, 1, 0, 2, 2 ], [ 0, 1, 2, 2, 0, 1, 0, 0 ], [ 0, 0, 2, 2, 2, 2, 0, 1 ], [ 0, 2, 1, 1, 0, 1, 2, 1 ], [ 0, 0, 1, 2, 2, 1, 0, 1 ] ];3439013760
[ [ 1, 1, 2, 2, 2, 1, 1, 1 ], [ 0, 1, 0, 0, 0, 0, 0, 0 ], [ 0, 2, 0, 0, 0, 1, 2, 1 ], [ 0, 0, 2, 1, 1, 0, 2, 2 ], [ 0, 1, 2, 2, 0, 1, 0, 0 ], [ 0, 0, 2, 2, 2, 2, 0, 1 ], [ 0, 2, 1, 1, 0, 1, 2, 1 ], [ 0, 0, 1, 2, 2, 1, 0, 1 ] ];3439013760
[ [ 1, 2, 2, 2, 2, 1, 1, 1 ], [ 0, 1, 0, 0, 0, 0, 0, 0 ], [ 0, 2, 0, 0, 0, 1, 2, 1 ], [ 0, 0, 2, 1, 1, 0, 2, 2 ], [ 0, 1, 2, 2, 0, 1, 0, 0 ], [ 0, 0, 2, 2, 2, 2, 0, 1 ], [ 0, 2, 1, 1, 0, 1, 2, 1 ], [ 0, 0, 1, 2, 2, 1, 0, 1 ] ];3439013760
[ [ 1, 0, 1, 1, 1, 2, 2, 2 ], [ 0, 1, 0, 0, 0, 0, 0, 0 ], [ 0, 2, 0, 0, 0, 2, 1, 2 ], [ 0, 0, 1, 2, 2, 0, 1, 1 ], [ 0, 1, 1, 1, 0, 2, 0, 0 ], [ 0, 0, 1, 1, 1, 1, 0, 2 ], [ 0, 2, 2, 2, 0, 2, 1, 2 ], [ 0, 0, 2, 1, 1, 2, 0, 2 ] ];9170703360
[ [ 1, 1, 2, 1, 0, 2, 2, 2 ], [ 0, 1, 0, 0, 0, 0, 0, 0 ], [ 0, 1, 0, 0, 0, 2, 1, 2 ], [ 0, 1, 1, 2, 2, 0, 1, 1 ], [ 0, 2, 1, 1, 0, 2, 0, 0 ], [ 0, 0, 1, 1, 1, 1, 0, 2 ], [ 0, 2, 2, 2, 0, 2, 1, 2 ], [ 0, 1, 2, 1, 1, 2, 0, 2 ] ];382112640
[ [ 1, 2, 2, 1, 0, 2, 2, 2 ], [ 0, 1, 0, 0, 0, 0, 0, 0 ], [ 0, 1, 0, 0, 0, 2, 1, 2 ], [ 0, 1, 1, 2, 2, 0, 1, 1 ], [ 0, 2, 1, 1, 0, 2, 0, 0 ], [ 0, 0, 1, 1, 1, 1, 0, 2 ], [ 0, 2, 2, 2, 0, 2, 1, 2 ], [ 0, 1, 2, 1, 1, 2, 0, 2 ] ];382112640
[ [ 1, 0, 2, 1, 0, 2, 2, 2 ], [ 0, 1, 0, 0, 0, 0, 0, 0 ], [ 0, 1, 0, 0, 0, 2, 1, 2 ], [ 0, 1, 1, 2, 2, 0, 1, 1 ], [ 0, 2, 1, 1, 0, 2, 0, 0 ], [ 0, 0, 1, 1, 1, 1, 0, 2 ], [ 0, 2, 2, 2, 0, 2, 1, 2 ], [ 0, 1, 2, 1, 1, 2, 0, 2 ] ];382112640
[ [ 1, 0, 2, 0, 1, 0, 1, 0 ], [ 0, 1, 0, 0, 0, 0, 0, 0 ], [ 0, 0, 1, 1, 1, 1, 0, 0 ], [ 0, 1, 0, 1, 0, 0, 2, 0 ], [ 0, 2, 2, 0, 1, 0, 2, 1 ], [ 0, 1, 0, 1, 1, 0, 1, 0 ], [ 0, 2, 2, 1, 0, 1, 2, 1 ], [ 0, 2, 0, 2, 2, 0, 1, 0 ] ];92853371520
[ [ 1, 1, 2, 0, 1, 0, 1, 0 ], [ 0, 1, 0, 0, 0, 0, 0, 0 ], [ 0, 0, 1, 1, 1, 1, 0, 0 ], [ 0, 1, 0, 1, 0, 0, 2, 0 ], [ 0, 2, 2, 0, 1, 0, 2, 1 ], [ 0, 1, 0, 1, 1, 0, 1, 0 ], [ 0, 2, 2, 1, 0, 1, 2, 1 ], [ 0, 2, 0, 2, 2, 0, 1, 0 ] ];92853371520
[ [ 1, 2, 2, 0, 1, 0, 1, 0 ], [ 0, 1, 0, 0, 0, 0, 0, 0 ], [ 0, 0, 1, 1, 1, 1, 0, 0 ], [ 0, 1, 0, 1, 0, 0, 2, 0 ], [ 0, 2, 2, 0, 1, 0, 2, 1 ], [ 0, 1, 0, 1, 1, 0, 1, 0 ], [ 0, 2, 2, 1, 0, 1, 2, 1 ], [ 0, 2, 0, 2, 2, 0, 1, 0 ] ];92853371520
[ [ 1, 0, 1, 0, 2, 0, 2, 0 ], [ 0, 1, 0, 0, 0, 0, 0, 0 ], [ 0, 0, 2, 2, 2, 2, 0, 0 ], [ 0, 1, 0, 2, 0, 0, 1, 0 ], [ 0, 2, 1, 0, 2, 0, 1, 2 ], [ 0, 1, 0, 2, 2, 0, 2, 0 ], [ 0, 2, 1, 2, 0, 2, 1, 2 ], [ 0, 2, 0, 1, 1, 0, 2, 0 ] ];185706743040
[ [ 1, 0, 2, 0, 0, 0, 2, 0 ], [ 0, 1, 0, 0, 0, 0, 0, 0 ], [ 0, 2, 2, 2, 2, 2, 0, 0 ], [ 0, 2, 0, 2, 0, 0, 1, 0 ], [ 0, 2, 1, 0, 2, 0, 1, 2 ], [ 0, 2, 0, 2, 2, 0, 2, 0 ], [ 0, 1, 1, 2, 0, 2, 1, 2 ], [ 0, 1, 0, 1, 1, 0, 2, 0 ] ];30951123840
[ [ 1, 1, 2, 0, 0, 0, 2, 0 ], [ 0, 1, 0, 0, 0, 0, 0, 0 ], [ 0, 2, 2, 2, 2, 2, 0, 0 ], [ 0, 2, 0, 2, 0, 0, 1, 0 ], [ 0, 2, 1, 0, 2, 0, 1, 2 ], [ 0, 2, 0, 2, 2, 0, 2, 0 ], [ 0, 1, 1, 2, 0, 2, 1, 2 ], [ 0, 1, 0, 1, 1, 0, 2, 0 ] ];30951123840
[ [ 1, 2, 2, 0, 0, 0, 2, 0 ], [ 0, 1, 0, 0, 0, 0, 0, 0 ], [ 0, 2, 2, 2, 2, 2, 0, 0 ], [ 0, 2, 0, 2, 0, 0, 1, 0 ], [ 0, 2, 1, 0, 2, 0, 1, 2 ], [ 0, 2, 0, 2, 2, 0, 2, 0 ], [ 0, 1, 1, 2, 0, 2, 1, 2 ], [ 0, 1, 0, 1, 1, 0, 2, 0 ] ];30951123840
[ [ 1, 2, 0, 0, 0, 0, 0, 2 ], [ 0, 1, 0, 0, 0, 0, 0, 0 ], [ 0, 1, 2, 2, 0, 0, 2, 0 ], [ 0, 2, 2, 2, 1, 0, 1, 2 ], [ 0, 0, 1, 1, 1, 0, 0, 0 ], [ 0, 1, 1, 1, 0, 1, 2, 0 ], [ 0, 0, 2, 2, 0, 0, 0, 0 ], [ 0, 0, 0, 2, 1, 1, 0, 1 ] ];185706743040
[ [ 1, 2, 1, 0, 1, 0, 0, 2 ], [ 0, 1, 0, 0, 0, 0, 0, 0 ], [ 0, 2, 2, 2, 0, 0, 2, 0 ], [ 0, 0, 2, 2, 1, 0, 1, 2 ], [ 0, 2, 1, 1, 1, 0, 0, 0 ], [ 0, 2, 1, 1, 0, 1, 2, 0 ], [ 0, 1, 2, 2, 0, 0, 0, 0 ], [ 0, 0, 0, 2, 1, 1, 0, 1 ] ];30951123840
[ [ 1, 0, 1, 0, 1, 0, 0, 2 ], [ 0, 1, 0, 0, 0, 0, 0, 0 ], [ 0, 2, 2, 2, 0, 0, 2, 0 ], [ 0, 0, 2, 2, 1, 0, 1, 2 ], [ 0, 2, 1, 1, 1, 0, 0, 0 ], [ 0, 2, 1, 1, 0, 1, 2, 0 ], [ 0, 1, 2, 2, 0, 0, 0, 0 ], [ 0, 0, 0, 2, 1, 1, 0, 1 ] ];30951123840
[ [ 1, 1, 1, 0, 1, 0, 0, 2 ], [ 0, 1, 0, 0, 0, 0, 0, 0 ], [ 0, 2, 2, 2, 0, 0, 2, 0 ], [ 0, 0, 2, 2, 1, 0, 1, 2 ], [ 0, 2, 1, 1, 1, 0, 0, 0 ], [ 0, 2, 1, 1, 0, 1, 2, 0 ], [ 0, 1, 2, 2, 0, 0, 0, 0 ], [ 0, 0, 0, 2, 1, 1, 0, 1 ] ];30951123840
[ [ 1, 2, 0, 0, 0, 0, 0, 1 ], [ 0, 1, 0, 0, 0, 0, 0, 0 ], [ 0, 1, 1, 1, 0, 0, 1, 0 ], [ 0, 2, 1, 1, 2, 0, 2, 1 ], [ 0, 0, 2, 2, 2, 0, 0, 0 ], [ 0, 1, 2, 2, 0, 2, 1, 0 ], [ 0, 0, 1, 1, 0, 0, 0, 0 ], [ 0, 0, 0, 1, 2, 2, 0, 2 ] ];92853371520
[ [ 1, 0, 0, 0, 0, 0, 0, 1 ], [ 0, 1, 0, 0, 0, 0, 0, 0 ], [ 0, 1, 1, 1, 0, 0, 1, 0 ], [ 0, 2, 1, 1, 2, 0, 2, 1 ], [ 0, 0, 2, 2, 2, 0, 0, 0 ], [ 0, 1, 2, 2, 0, 2, 1, 0 ], [ 0, 0, 1, 1, 0, 0, 0, 0 ], [ 0, 0, 0, 1, 2, 2, 0, 2 ] ];92853371520
[ [ 1, 1, 0, 0, 0, 0, 0, 1 ], [ 0, 1, 0, 0, 0, 0, 0, 0 ], [ 0, 1, 1, 1, 0, 0, 1, 0 ], [ 0, 2, 1, 1, 2, 0, 2, 1 ], [ 0, 0, 2, 2, 2, 0, 0, 0 ], [ 0, 1, 2, 2, 0, 2, 1, 0 ], [ 0, 0, 1, 1, 0, 0, 0, 0 ], [ 0, 0, 0, 1, 2, 2, 0, 2 ] ];92853371520
[ [ 1, 1, 2, 1, 2, 2, 2, 2 ], [ 0, 1, 0, 0, 0, 0, 0, 0 ], [ 0, 0, 0, 2, 0, 0, 1, 2 ], [ 0, 2, 0, 0, 0, 1, 0, 1 ], [ 0, 1, 2, 0, 2, 2, 1, 0 ], [ 0, 2, 0, 0, 1, 1, 2, 1 ], [ 0, 1, 2, 2, 2, 0, 1, 0 ], [ 0, 0, 0, 2, 2, 2, 1, 2 ] ];276349320
[ [ 1, 2, 2, 1, 2, 2, 2, 2 ], [ 0, 1, 0, 0, 0, 0, 0, 0 ], [ 0, 0, 0, 2, 0, 0, 1, 2 ], [ 0, 2, 0, 0, 0, 1, 0, 1 ], [ 0, 1, 2, 0, 2, 2, 1, 0 ], [ 0, 2, 0, 0, 1, 1, 2, 1 ], [ 0, 1, 2, 2, 2, 0, 1, 0 ], [ 0, 0, 0, 2, 2, 2, 1, 2 ] ];276349320
[ [ 1, 0, 2, 1, 2, 2, 2, 2 ], [ 0, 1, 0, 0, 0, 0, 0, 0 ], [ 0, 0, 0, 2, 0, 0, 1, 2 ], [ 0, 2, 0, 0, 0, 1, 0, 1 ], [ 0, 1, 2, 0, 2, 2, 1, 0 ], [ 0, 2, 0, 0, 1, 1, 2, 1 ], [ 0, 1, 2, 2, 2, 0, 1, 0 ], [ 0, 0, 0, 2, 2, 2, 1, 2 ] ];276349320
[ [ 1, 2, 0, 2, 2, 1, 0, 1 ], [ 0, 1, 0, 0, 0, 0, 0, 0 ], [ 0, 1, 1, 2, 0, 2, 0, 1 ], [ 0, 1, 1, 2, 1, 1, 0, 1 ], [ 0, 1, 2, 0, 1, 2, 0, 2 ], [ 0, 2, 2, 0, 2, 1, 1, 0 ], [ 0, 0, 1, 1, 2, 1, 1, 1 ], [ 0, 1, 0, 1, 0, 0, 1, 1 ] ];34820014320
[ [ 1, 0, 0, 2, 2, 1, 0, 1 ], [ 0, 1, 0, 0, 0, 0, 0, 0 ], [ 0, 1, 1, 2, 0, 2, 0, 1 ], [ 0, 1, 1, 2, 1, 1, 0, 1 ], [ 0, 1, 2, 0, 1, 2, 0, 2 ], [ 0, 2, 2, 0, 2, 1, 1, 0 ], [ 0, 0, 1, 1, 2, 1, 1, 1 ], [ 0, 1, 0, 1, 0, 0, 1, 1 ] ];34820014320
[ [ 1, 1, 0, 2, 2, 1, 0, 1 ], [ 0, 1, 0, 0, 0, 0, 0, 0 ], [ 0, 1, 1, 2, 0, 2, 0, 1 ], [ 0, 1, 1, 2, 1, 1, 0, 1 ], [ 0, 1, 2, 0, 1, 2, 0, 2 ], [ 0, 2, 2, 0, 2, 1, 1, 0 ], [ 0, 0, 1, 1, 2, 1, 1, 1 ], [ 0, 1, 0, 1, 0, 0, 1, 1 ] ];34820014320
[ [ 1, 2, 0, 1, 1, 2, 0, 2 ], [ 0, 1, 0, 0, 0, 0, 0, 0 ], [ 0, 1, 2, 1, 0, 1, 0, 2 ], [ 0, 1, 2, 1, 2, 2, 0, 2 ], [ 0, 1, 1, 0, 2, 1, 0, 1 ], [ 0, 2, 1, 0, 1, 2, 2, 0 ], [ 0, 0, 2, 2, 1, 2, 2, 2 ], [ 0, 1, 0, 2, 0, 0, 2, 2 ] ];92853371520
[ [ 1, 2, 2, 0, 1, 2, 0, 2 ], [ 0, 1, 0, 0, 0, 0, 0, 0 ], [ 0, 0, 2, 1, 0, 1, 0, 2 ], [ 0, 0, 2, 1, 2, 2, 0, 2 ], [ 0, 0, 1, 0, 2, 1, 0, 1 ], [ 0, 1, 1, 0, 1, 2, 2, 0 ], [ 0, 0, 2, 2, 1, 2, 2, 2 ], [ 0, 0, 0, 2, 0, 0, 2, 2 ] ];3868890480
[ [ 1, 0, 2, 0, 1, 2, 0, 2 ], [ 0, 1, 0, 0, 0, 0, 0, 0 ], [ 0, 0, 2, 1, 0, 1, 0, 2 ], [ 0, 0, 2, 1, 2, 2, 0, 2 ], [ 0, 0, 1, 0, 2, 1, 0, 1 ], [ 0, 1, 1, 0, 1, 2, 2, 0 ], [ 0, 0, 2, 2, 1, 2, 2, 2 ], [ 0, 0, 0, 2, 0, 0, 2, 2 ] ];3868890480
[ [ 1, 1, 2, 0, 1, 2, 0, 2 ], [ 0, 1, 0, 0, 0, 0, 0, 0 ], [ 0, 0, 2, 1, 0, 1, 0, 2 ], [ 0, 0, 2, 1, 2, 2, 0, 2 ], [ 0, 0, 1, 0, 2, 1, 0, 1 ], [ 0, 1, 1, 0, 1, 2, 2, 0 ], [ 0, 0, 2, 2, 1, 2, 2, 2 ], [ 0, 0, 0, 2, 0, 0, 2, 2 ] ];3868890480
[ [ 1, 0, 0, 0, 2, 0, 1, 1 ], [ 0, 1, 0, 0, 0, 0, 0, 0 ], [ 0, 1, 2, 1, 0, 2, 2, 0 ], [ 0, 0, 2, 2, 2, 1, 2, 0 ], [ 0, 0, 2, 0, 1, 2, 0, 2 ], [ 0, 2, 2, 1, 0, 1, 1, 0 ], [ 0, 1, 2, 1, 0, 1, 0, 0 ], [ 0, 0, 2, 1, 2, 0, 2, 2 ] ];46426685760
[ [ 1, 1, 0, 0, 2, 0, 1, 1 ], [ 0, 1, 0, 0, 0, 0, 0, 0 ], [ 0, 1, 2, 1, 0, 2, 2, 0 ], [ 0, 0, 2, 2, 2, 1, 2, 0 ], [ 0, 0, 2, 0, 1, 2, 0, 2 ], [ 0, 2, 2, 1, 0, 1, 1, 0 ], [ 0, 1, 2, 1, 0, 1, 0, 0 ], [ 0, 0, 2, 1, 2, 0, 2, 2 ] ];46426685760
[ [ 1, 2, 0, 0, 2, 0, 1, 1 ], [ 0, 1, 0, 0, 0, 0, 0, 0 ], [ 0, 1, 2, 1, 0, 2, 2, 0 ], [ 0, 0, 2, 2, 2, 1, 2, 0 ], [ 0, 0, 2, 0, 1, 2, 0, 2 ], [ 0, 2, 2, 1, 0, 1, 1, 0 ], [ 0, 1, 2, 1, 0, 1, 0, 0 ], [ 0, 0, 2, 1, 2, 0, 2, 2 ] ];46426685760
[ [ 1, 0, 2, 0, 2, 0, 1, 1 ], [ 0, 1, 0, 0, 0, 0, 0, 0 ], [ 0, 2, 2, 1, 0, 2, 2, 0 ], [ 0, 2, 2, 2, 2, 1, 2, 0 ], [ 0, 0, 2, 0, 1, 2, 0, 2 ], [ 0, 0, 2, 1, 0, 1, 1, 0 ], [ 0, 2, 2, 1, 0, 1, 0, 0 ], [ 0, 1, 2, 1, 2, 0, 2, 2 ] ];278560114560
[ [ 1, 0, 0, 0, 1, 0, 2, 2 ], [ 0, 1, 0, 0, 0, 0, 0, 0 ], [ 0, 1, 1, 2, 0, 1, 1, 0 ], [ 0, 0, 1, 1, 1, 2, 1, 0 ], [ 0, 0, 1, 0, 2, 1, 0, 1 ], [ 0, 2, 1, 2, 0, 2, 2, 0 ], [ 0, 1, 1, 2, 0, 2, 0, 0 ], [ 0, 0, 1, 2, 1, 0, 1, 1 ] ];139280057280
[ [ 1, 1, 0, 0, 1, 0, 2, 2 ], [ 0, 1, 0, 0, 0, 0, 0, 0 ], [ 0, 1, 1, 2, 0, 1, 1, 0 ], [ 0, 0, 1, 1, 1, 2, 1, 0 ], [ 0, 0, 1, 0, 2, 1, 0, 1 ], [ 0, 2, 1, 2, 0, 2, 2, 0 ], [ 0, 1, 1, 2, 0, 2, 0, 0 ], [ 0, 0, 1, 2, 1, 0, 1, 1 ] ];139280057280
[ [ 1, 2, 0, 0, 1, 0, 2, 2 ], [ 0, 1, 0, 0, 0, 0, 0, 0 ], [ 0, 1, 1, 2, 0, 1, 1, 0 ], [ 0, 0, 1, 1, 1, 2, 1, 0 ], [ 0, 0, 1, 0, 2, 1, 0, 1 ], [ 0, 2, 1, 2, 0, 2, 2, 0 ], [ 0, 1, 1, 2, 0, 2, 0, 0 ], [ 0, 0, 1, 2, 1, 0, 1, 1 ] ];139280057280
[ [ 1, 2, 0, 2, 0, 0, 2, 1 ], [ 0, 1, 0, 0, 0, 0, 0, 0 ], [ 0, 0, 1, 0, 1, 2, 0, 1 ], [ 0, 0, 0, 0, 1, 1, 1, 2 ], [ 0, 0, 2, 0, 1, 2, 0, 2 ], [ 0, 2, 1, 0, 1, 1, 2, 1 ], [ 0, 1, 0, 2, 2, 1, 2, 2 ], [ 0, 2, 1, 0, 0, 0, 0, 0 ] ];46426685760
[ [ 1, 0, 0, 2, 0, 0, 2, 1 ], [ 0, 1, 0, 0, 0, 0, 0, 0 ], [ 0, 0, 1, 0, 1, 2, 0, 1 ], [ 0, 0, 0, 0, 1, 1, 1, 2 ], [ 0, 0, 2, 0, 1, 2, 0, 2 ], [ 0, 2, 1, 0, 1, 1, 2, 1 ], [ 0, 1, 0, 2, 2, 1, 2, 2 ], [ 0, 2, 1, 0, 0, 0, 0, 0 ] ];46426685760
[ [ 1, 1, 0, 2, 0, 0, 2, 1 ], [ 0, 1, 0, 0, 0, 0, 0, 0 ], [ 0, 0, 1, 0, 1, 2, 0, 1 ], [ 0, 0, 0, 0, 1, 1, 1, 2 ], [ 0, 0, 2, 0, 1, 2, 0, 2 ], [ 0, 2, 1, 0, 1, 1, 2, 1 ], [ 0, 1, 0, 2, 2, 1, 2, 2 ], [ 0, 2, 1, 0, 0, 0, 0, 0 ] ];46426685760
[ [ 1, 1, 2, 2, 0, 0, 2, 1 ], [ 0, 1, 0, 0, 0, 0, 0, 0 ], [ 0, 0, 1, 0, 1, 2, 0, 1 ], [ 0, 0, 0, 0, 1, 1, 1, 2 ], [ 0, 0, 2, 0, 1, 2, 0, 2 ], [ 0, 2, 1, 0, 1, 1, 2, 1 ], [ 0, 0, 0, 2, 2, 1, 2, 2 ], [ 0, 2, 1, 0, 0, 0, 0, 0 ] ];278560114560
[ [ 1, 2, 0, 1, 0, 0, 1, 2 ], [ 0, 1, 0, 0, 0, 0, 0, 0 ], [ 0, 0, 2, 0, 2, 1, 0, 2 ], [ 0, 0, 0, 0, 2, 2, 2, 1 ], [ 0, 0, 1, 0, 2, 1, 0, 1 ], [ 0, 2, 2, 0, 2, 2, 1, 2 ], [ 0, 1, 0, 1, 1, 2, 1, 1 ], [ 0, 2, 2, 0, 0, 0, 0, 0 ] ];139280057280
[ [ 1, 0, 0, 1, 0, 0, 1, 2 ], [ 0, 1, 0, 0, 0, 0, 0, 0 ], [ 0, 0, 2, 0, 2, 1, 0, 2 ], [ 0, 0, 0, 0, 2, 2, 2, 1 ], [ 0, 0, 1, 0, 2, 1, 0, 1 ], [ 0, 2, 2, 0, 2, 2, 1, 2 ], [ 0, 1, 0, 1, 1, 2, 1, 1 ], [ 0, 2, 2, 0, 0, 0, 0, 0 ] ];139280057280
[ [ 1, 1, 0, 1, 0, 0, 1, 2 ], [ 0, 1, 0, 0, 0, 0, 0, 0 ], [ 0, 0, 2, 0, 2, 1, 0, 2 ], [ 0, 0, 0, 0, 2, 2, 2, 1 ], [ 0, 0, 1, 0, 2, 1, 0, 1 ], [ 0, 2, 2, 0, 2, 2, 1, 2 ], [ 0, 1, 0, 1, 1, 2, 1, 1 ], [ 0, 2, 2, 0, 0, 0, 0, 0 ] ];139280057280
[ [ 1, 0, 1, 0, 1, 1, 0, 0 ], [ 0, 1, 0, 0, 0, 0, 0, 0 ], [ 0, 0, 1, 1, 0, 2, 1, 0 ], [ 0, 0, 2, 1, 1, 0, 1, 1 ], [ 0, 0, 0, 1, 2, 1, 0, 0 ], [ 0, 0, 2, 1, 2, 1, 0, 2 ], [ 0, 1, 2, 2, 2, 2, 2, 1 ], [ 0, 2, 2, 1, 2, 2, 1, 2 ] ];257132413440
[ [ 1, 1, 1, 0, 1, 1, 0, 0 ], [ 0, 1, 0, 0, 0, 0, 0, 0 ], [ 0, 0, 1, 1, 0, 2, 1, 0 ], [ 0, 0, 2, 1, 1, 0, 1, 1 ], [ 0, 0, 0, 1, 2, 1, 0, 0 ], [ 0, 0, 2, 1, 2, 1, 0, 2 ], [ 0, 1, 2, 2, 2, 2, 2, 1 ], [ 0, 2, 2, 1, 2, 2, 1, 2 ] ];257132413440
[ [ 1, 2, 1, 0, 1, 1, 0, 0 ], [ 0, 1, 0, 0, 0, 0, 0, 0 ], [ 0, 0, 1, 1, 0, 2, 1, 0 ], [ 0, 0, 2, 1, 1, 0, 1, 1 ], [ 0, 0, 0, 1, 2, 1, 0, 0 ], [ 0, 0, 2, 1, 2, 1, 0, 2 ], [ 0, 1, 2, 2, 2, 2, 2, 1 ], [ 0, 2, 2, 1, 2, 2, 1, 2 ] ];257132413440
[ [ 1, 0, 2, 0, 2, 2, 0, 0 ], [ 0, 1, 0, 0, 0, 0, 0, 0 ], [ 0, 0, 2, 2, 0, 1, 2, 0 ], [ 0, 0, 1, 2, 2, 0, 2, 2 ], [ 0, 0, 0, 2, 1, 2, 0, 0 ], [ 0, 0, 1, 2, 1, 2, 0, 1 ], [ 0, 1, 1, 1, 1, 1, 1, 2 ], [ 0, 2, 1, 2, 1, 1, 2, 1 ] ];257132413440
[ [ 1, 1, 2, 0, 2, 2, 0, 0 ], [ 0, 1, 0, 0, 0, 0, 0, 0 ], [ 0, 0, 2, 2, 0, 1, 2, 0 ], [ 0, 0, 1, 2, 2, 0, 2, 2 ], [ 0, 0, 0, 2, 1, 2, 0, 0 ], [ 0, 0, 1, 2, 1, 2, 0, 1 ], [ 0, 1, 1, 1, 1, 1, 1, 2 ], [ 0, 2, 1, 2, 1, 1, 2, 1 ] ];257132413440
[ [ 1, 2, 2, 0, 2, 2, 0, 0 ], [ 0, 1, 0, 0, 0, 0, 0, 0 ], [ 0, 0, 2, 2, 0, 1, 2, 0 ], [ 0, 0, 1, 2, 2, 0, 2, 2 ], [ 0, 0, 0, 2, 1, 2, 0, 0 ], [ 0, 0, 1, 2, 1, 2, 0, 1 ], [ 0, 1, 1, 1, 1, 1, 1, 2 ], [ 0, 2, 1, 2, 1, 1, 2, 1 ] ];257132413440
[ [ 1, 2, 2, 0, 2, 1, 1, 1 ], [ 0, 1, 0, 0, 0, 0, 0, 0 ], [ 0, 1, 1, 1, 2, 2, 1, 2 ], [ 0, 1, 1, 2, 1, 1, 0, 0 ], [ 0, 1, 1, 0, 0, 2, 1, 2 ], [ 0, 2, 2, 2, 0, 2, 0, 2 ], [ 0, 0, 1, 0, 0, 2, 2, 1 ], [ 0, 1, 2, 1, 1, 1, 1, 0 ] ];257132413440
[ [ 1, 0, 2, 0, 2, 1, 1, 1 ], [ 0, 1, 0, 0, 0, 0, 0, 0 ], [ 0, 1, 1, 1, 2, 2, 1, 2 ], [ 0, 1, 1, 2, 1, 1, 0, 0 ], [ 0, 1, 1, 0, 0, 2, 1, 2 ], [ 0, 2, 2, 2, 0, 2, 0, 2 ], [ 0, 0, 1, 0, 0, 2, 2, 1 ], [ 0, 1, 2, 1, 1, 1, 1, 0 ] ];257132413440
[ [ 1, 1, 2, 0, 2, 1, 1, 1 ], [ 0, 1, 0, 0, 0, 0, 0, 0 ], [ 0, 1, 1, 1, 2, 2, 1, 2 ], [ 0, 1, 1, 2, 1, 1, 0, 0 ], [ 0, 1, 1, 0, 0, 2, 1, 2 ], [ 0, 2, 2, 2, 0, 2, 0, 2 ], [ 0, 0, 1, 0, 0, 2, 2, 1 ], [ 0, 1, 2, 1, 1, 1, 1, 0 ] ];257132413440
[ [ 1, 2, 1, 0, 1, 2, 2, 2 ], [ 0, 1, 0, 0, 0, 0, 0, 0 ], [ 0, 1, 2, 2, 1, 1, 2, 1 ], [ 0, 1, 2, 1, 2, 2, 0, 0 ], [ 0, 1, 2, 0, 0, 1, 2, 1 ], [ 0, 2, 1, 1, 0, 1, 0, 1 ], [ 0, 0, 2, 0, 0, 1, 1, 2 ], [ 0, 1, 1, 2, 2, 2, 2, 0 ] ];257132413440
[ [ 1, 0, 1, 0, 1, 2, 2, 2 ], [ 0, 1, 0, 0, 0, 0, 0, 0 ], [ 0, 1, 2, 2, 1, 1, 2, 1 ], [ 0, 1, 2, 1, 2, 2, 0, 0 ], [ 0, 1, 2, 0, 0, 1, 2, 1 ], [ 0, 2, 1, 1, 0, 1, 0, 1 ], [ 0, 0, 2, 0, 0, 1, 1, 2 ], [ 0, 1, 1, 2, 2, 2, 2, 0 ] ];257132413440
[ [ 1, 1, 1, 0, 1, 2, 2, 2 ], [ 0, 1, 0, 0, 0, 0, 0, 0 ], [ 0, 1, 2, 2, 1, 1, 2, 1 ], [ 0, 1, 2, 1, 2, 2, 0, 0 ], [ 0, 1, 2, 0, 0, 1, 2, 1 ], [ 0, 2, 1, 1, 0, 1, 0, 1 ], [ 0, 0, 2, 0, 0, 1, 1, 2 ], [ 0, 1, 1, 2, 2, 2, 2, 0 ] ];257132413440
[ [ 1, 2, 0, 2, 1, 0, 0, 2 ], [ 0, 1, 0, 0, 0, 0, 0, 0 ], [ 0, 0, 0, 2, 1, 0, 0, 1 ], [ 0, 0, 1, 2, 1, 1, 1, 1 ], [ 0, 1, 0, 1, 0, 1, 1, 2 ], [ 0, 0, 2, 0, 1, 1, 0, 1 ], [ 0, 1, 0, 1, 2, 1, 1, 1 ], [ 0, 2, 1, 1, 1, 1, 2, 0 ] ];74282697216
[ [ 1, 0, 1, 2, 2, 0, 0, 2 ], [ 0, 1, 0, 0, 0, 0, 0, 0 ], [ 0, 1, 0, 2, 1, 0, 0, 1 ], [ 0, 0, 1, 2, 1, 1, 1, 1 ], [ 0, 2, 0, 1, 0, 1, 1, 2 ], [ 0, 2, 2, 0, 1, 1, 0, 1 ], [ 0, 2, 0, 1, 2, 1, 1, 1 ], [ 0, 0, 1, 1, 1, 1, 2, 0 ] ];3095112384
[ [ 1, 1, 1, 2, 2, 0, 0, 2 ], [ 0, 1, 0, 0, 0, 0, 0, 0 ], [ 0, 1, 0, 2, 1, 0, 0, 1 ], [ 0, 0, 1, 2, 1, 1, 1, 1 ], [ 0, 2, 0, 1, 0, 1, 1, 2 ], [ 0, 2, 2, 0, 1, 1, 0, 1 ], [ 0, 2, 0, 1, 2, 1, 1, 1 ], [ 0, 0, 1, 1, 1, 1, 2, 0 ] ];3095112384
[ [ 1, 2, 1, 2, 2, 0, 0, 2 ], [ 0, 1, 0, 0, 0, 0, 0, 0 ], [ 0, 1, 0, 2, 1, 0, 0, 1 ], [ 0, 0, 1, 2, 1, 1, 1, 1 ], [ 0, 2, 0, 1, 0, 1, 1, 2 ], [ 0, 2, 2, 0, 1, 1, 0, 1 ], [ 0, 2, 0, 1, 2, 1, 1, 1 ], [ 0, 0, 1, 1, 1, 1, 2, 0 ] ];3095112384
[ [ 1, 2, 0, 1, 2, 0, 0, 1 ], [ 0, 1, 0, 0, 0, 0, 0, 0 ], [ 0, 0, 0, 1, 2, 0, 0, 2 ], [ 0, 0, 2, 1, 2, 2, 2, 2 ], [ 0, 1, 0, 2, 0, 2, 2, 1 ], [ 0, 0, 1, 0, 2, 2, 0, 2 ], [ 0, 1, 0, 2, 1, 2, 2, 2 ], [ 0, 2, 2, 2, 2, 2, 1, 0 ] ];27856011456
[ [ 1, 0, 0, 1, 2, 0, 0, 1 ], [ 0, 1, 0, 0, 0, 0, 0, 0 ], [ 0, 0, 0, 1, 2, 0, 0, 2 ], [ 0, 0, 2, 1, 2, 2, 2, 2 ], [ 0, 1, 0, 2, 0, 2, 2, 1 ], [ 0, 0, 1, 0, 2, 2, 0, 2 ], [ 0, 1, 0, 2, 1, 2, 2, 2 ], [ 0, 2, 2, 2, 2, 2, 1, 0 ] ];27856011456
[ [ 1, 1, 0, 1, 2, 0, 0, 1 ], [ 0, 1, 0, 0, 0, 0, 0, 0 ], [ 0, 0, 0, 1, 2, 0, 0, 2 ], [ 0, 0, 2, 1, 2, 2, 2, 2 ], [ 0, 1, 0, 2, 0, 2, 2, 1 ], [ 0, 0, 1, 0, 2, 2, 0, 2 ], [ 0, 1, 0, 2, 1, 2, 2, 2 ], [ 0, 2, 2, 2, 2, 2, 1, 0 ] ];27856011456
[ [ 1, 2, 0, 1, 1, 2, 2, 2 ], [ 0, 1, 0, 0, 0, 0, 0, 0 ], [ 0, 0, 0, 0, 1, 0, 0, 1 ], [ 0, 0, 2, 0, 0, 1, 0, 2 ], [ 0, 1, 0, 0, 2, 2, 2, 1 ], [ 0, 1, 1, 1, 1, 2, 2, 2 ], [ 0, 0, 2, 0, 2, 2, 2, 1 ], [ 0, 2, 0, 2, 2, 1, 1, 0 ] ];74282697216
[ [ 1, 1, 2, 1, 2, 2, 2, 2 ], [ 0, 1, 0, 0, 0, 0, 0, 0 ], [ 0, 0, 0, 0, 1, 0, 0, 1 ], [ 0, 2, 2, 0, 0, 1, 0, 2 ], [ 0, 2, 0, 0, 2, 2, 2, 1 ], [ 0, 0, 1, 1, 1, 2, 2, 2 ], [ 0, 1, 2, 0, 2, 2, 2, 1 ], [ 0, 0, 0, 2, 2, 1, 1, 0 ] ];3095112384
[ [ 1, 2, 2, 1, 2, 2, 2, 2 ], [ 0, 1, 0, 0, 0, 0, 0, 0 ], [ 0, 0, 0, 0, 1, 0, 0, 1 ], [ 0, 2, 2, 0, 0, 1, 0, 2 ], [ 0, 2, 0, 0, 2, 2, 2, 1 ], [ 0, 0, 1, 1, 1, 2, 2, 2 ], [ 0, 1, 2, 0, 2, 2, 2, 1 ], [ 0, 0, 0, 2, 2, 1, 1, 0 ] ];3095112384
[ [ 1, 0, 2, 1, 2, 2, 2, 2 ], [ 0, 1, 0, 0, 0, 0, 0, 0 ], [ 0, 0, 0, 0, 1, 0, 0, 1 ], [ 0, 2, 2, 0, 0, 1, 0, 2 ], [ 0, 2, 0, 0, 2, 2, 2, 1 ], [ 0, 0, 1, 1, 1, 2, 2, 2 ], [ 0, 1, 2, 0, 2, 2, 2, 1 ], [ 0, 0, 0, 2, 2, 1, 1, 0 ] ];3095112384
[ [ 1, 2, 0, 2, 2, 1, 1, 1 ], [ 0, 1, 0, 0, 0, 0, 0, 0 ], [ 0, 0, 0, 0, 2, 0, 0, 2 ], [ 0, 0, 1, 0, 0, 2, 0, 1 ], [ 0, 1, 0, 0, 1, 1, 1, 2 ], [ 0, 1, 2, 2, 2, 1, 1, 1 ], [ 0, 0, 1, 0, 1, 1, 1, 2 ], [ 0, 2, 0, 1, 1, 2, 2, 0 ] ];27856011456
[ [ 1, 0, 0, 2, 2, 1, 1, 1 ], [ 0, 1, 0, 0, 0, 0, 0, 0 ], [ 0, 0, 0, 0, 2, 0, 0, 2 ], [ 0, 0, 1, 0, 0, 2, 0, 1 ], [ 0, 1, 0, 0, 1, 1, 1, 2 ], [ 0, 1, 2, 2, 2, 1, 1, 1 ], [ 0, 0, 1, 0, 1, 1, 1, 2 ], [ 0, 2, 0, 1, 1, 2, 2, 0 ] ];27856011456
[ [ 1, 1, 0, 2, 2, 1, 1, 1 ], [ 0, 1, 0, 0, 0, 0, 0, 0 ], [ 0, 0, 0, 0, 2, 0, 0, 2 ], [ 0, 0, 1, 0, 0, 2, 0, 1 ], [ 0, 1, 0, 0, 1, 1, 1, 2 ], [ 0, 1, 2, 2, 2, 1, 1, 1 ], [ 0, 0, 1, 0, 1, 1, 1, 2 ], [ 0, 2, 0, 1, 1, 2, 2, 0 ] ];27856011456
[ [ 1, 0, 2, 1, 0, 0, 2, 0 ], [ 0, 1, 0, 0, 0, 0, 0, 0 ], [ 0, 1, 0, 0, 0, 1, 2, 1 ], [ 0, 0, 2, 0, 1, 0, 0, 1 ], [ 0, 0, 2, 2, 2, 1, 2, 2 ], [ 0, 0, 0, 0, 2, 1, 1, 0 ], [ 0, 1, 1, 0, 1, 2, 2, 0 ], [ 0, 0, 0, 1, 2, 0, 2, 2 ] ];222848091648
[ [ 1, 2, 0, 1, 1, 0, 2, 0 ], [ 0, 1, 0, 0, 0, 0, 0, 0 ], [ 0, 0, 0, 0, 0, 1, 2, 1 ], [ 0, 0, 2, 0, 1, 0, 0, 1 ], [ 0, 0, 2, 2, 2, 1, 2, 2 ], [ 0, 2, 0, 0, 2, 1, 1, 0 ], [ 0, 2, 1, 0, 1, 2, 2, 0 ], [ 0, 2, 0, 1, 2, 0, 2, 2 ] ];37141348608
[ [ 1, 0, 0, 1, 1, 0, 2, 0 ], [ 0, 1, 0, 0, 0, 0, 0, 0 ], [ 0, 0, 0, 0, 0, 1, 2, 1 ], [ 0, 0, 2, 0, 1, 0, 0, 1 ], [ 0, 0, 2, 2, 2, 1, 2, 2 ], [ 0, 2, 0, 0, 2, 1, 1, 0 ], [ 0, 2, 1, 0, 1, 2, 2, 0 ], [ 0, 2, 0, 1, 2, 0, 2, 2 ] ];37141348608
[ [ 1, 1, 0, 1, 1, 0, 2, 0 ], [ 0, 1, 0, 0, 0, 0, 0, 0 ], [ 0, 0, 0, 0, 0, 1, 2, 1 ], [ 0, 0, 2, 0, 1, 0, 0, 1 ], [ 0, 0, 2, 2, 2, 1, 2, 2 ], [ 0, 2, 0, 0, 2, 1, 1, 0 ], [ 0, 2, 1, 0, 1, 2, 2, 0 ], [ 0, 2, 0, 1, 2, 0, 2, 2 ] ];37141348608
[ [ 1, 0, 1, 2, 0, 0, 1, 0 ], [ 0, 1, 0, 0, 0, 0, 0, 0 ], [ 0, 1, 0, 0, 0, 2, 1, 2 ], [ 0, 0, 1, 0, 2, 0, 0, 2 ], [ 0, 0, 1, 1, 1, 2, 1, 1 ], [ 0, 0, 0, 0, 1, 2, 2, 0 ], [ 0, 1, 2, 0, 2, 1, 1, 0 ], [ 0, 0, 0, 2, 1, 0, 1, 1 ] ];111424045824
[ [ 1, 1, 1, 2, 0, 0, 1, 0 ], [ 0, 1, 0, 0, 0, 0, 0, 0 ], [ 0, 1, 0, 0, 0, 2, 1, 2 ], [ 0, 0, 1, 0, 2, 0, 0, 2 ], [ 0, 0, 1, 1, 1, 2, 1, 1 ], [ 0, 0, 0, 0, 1, 2, 2, 0 ], [ 0, 1, 2, 0, 2, 1, 1, 0 ], [ 0, 0, 0, 2, 1, 0, 1, 1 ] ];111424045824
[ [ 1, 2, 1, 2, 0, 0, 1, 0 ], [ 0, 1, 0, 0, 0, 0, 0, 0 ], [ 0, 1, 0, 0, 0, 2, 1, 2 ], [ 0, 0, 1, 0, 2, 0, 0, 2 ], [ 0, 0, 1, 1, 1, 2, 1, 1 ], [ 0, 0, 0, 0, 1, 2, 2, 0 ], [ 0, 1, 2, 0, 2, 1, 1, 0 ], [ 0, 0, 0, 2, 1, 0, 1, 1 ] ];111424045824
[ [ 1, 0, 1, 1, 1, 0, 0, 0 ], [ 0, 1, 0, 0, 0, 0, 0, 0 ], [ 0, 2, 0, 0, 0, 1, 2, 1 ], [ 0, 2, 2, 0, 1, 0, 0, 1 ], [ 0, 0, 2, 2, 1, 0, 1, 1 ], [ 0, 1, 0, 0, 0, 2, 2, 1 ], [ 0, 0, 1, 0, 0, 1, 1, 2 ], [ 0, 1, 0, 1, 0, 1, 0, 0 ] ];222848091648
[ [ 1, 1, 0, 1, 0, 0, 0, 0 ], [ 0, 1, 0, 0, 0, 0, 0, 0 ], [ 0, 0, 0, 0, 0, 1, 2, 1 ], [ 0, 2, 2, 0, 1, 0, 0, 1 ], [ 0, 2, 2, 2, 1, 0, 1, 1 ], [ 0, 0, 0, 0, 0, 2, 2, 1 ], [ 0, 1, 1, 0, 0, 1, 1, 2 ], [ 0, 0, 0, 1, 0, 1, 0, 0 ] ];37141348608
[ [ 1, 2, 0, 1, 0, 0, 0, 0 ], [ 0, 1, 0, 0, 0, 0, 0, 0 ], [ 0, 0, 0, 0, 0, 1, 2, 1 ], [ 0, 2, 2, 0, 1, 0, 0, 1 ], [ 0, 2, 2, 2, 1, 0, 1, 1 ], [ 0, 0, 0, 0, 0, 2, 2, 1 ], [ 0, 1, 1, 0, 0, 1, 1, 2 ], [ 0, 0, 0, 1, 0, 1, 0, 0 ] ];37141348608
[ [ 1, 0, 0, 1, 0, 0, 0, 0 ], [ 0, 1, 0, 0, 0, 0, 0, 0 ], [ 0, 0, 0, 0, 0, 1, 2, 1 ], [ 0, 2, 2, 0, 1, 0, 0, 1 ], [ 0, 2, 2, 2, 1, 0, 1, 1 ], [ 0, 0, 0, 0, 0, 2, 2, 1 ], [ 0, 1, 1, 0, 0, 1, 1, 2 ], [ 0, 0, 0, 1, 0, 1, 0, 0 ] ];37141348608
[ [ 1, 0, 2, 2, 2, 0, 0, 0 ], [ 0, 1, 0, 0, 0, 0, 0, 0 ], [ 0, 2, 0, 0, 0, 2, 1, 2 ], [ 0, 2, 1, 0, 2, 0, 0, 2 ], [ 0, 0, 1, 1, 2, 0, 2, 2 ], [ 0, 1, 0, 0, 0, 1, 1, 2 ], [ 0, 0, 2, 0, 0, 2, 2, 1 ], [ 0, 1, 0, 2, 0, 2, 0, 0 ] ];111424045824
[ [ 1, 1, 2, 2, 2, 0, 0, 0 ], [ 0, 1, 0, 0, 0, 0, 0, 0 ], [ 0, 2, 0, 0, 0, 2, 1, 2 ], [ 0, 2, 1, 0, 2, 0, 0, 2 ], [ 0, 0, 1, 1, 2, 0, 2, 2 ], [ 0, 1, 0, 0, 0, 1, 1, 2 ], [ 0, 0, 2, 0, 0, 2, 2, 1 ], [ 0, 1, 0, 2, 0, 2, 0, 0 ] ];111424045824
[ [ 1, 2, 2, 2, 2, 0, 0, 0 ], [ 0, 1, 0, 0, 0, 0, 0, 0 ], [ 0, 2, 0, 0, 0, 2, 1, 2 ], [ 0, 2, 1, 0, 2, 0, 0, 2 ], [ 0, 0, 1, 1, 2, 0, 2, 2 ], [ 0, 1, 0, 0, 0, 1, 1, 2 ], [ 0, 0, 2, 0, 0, 2, 2, 1 ], [ 0, 1, 0, 2, 0, 2, 0, 0 ] ];111424045824
[ [ 1, 1, 0, 0, 1, 0, 1, 1 ], [ 0, 1, 0, 0, 0, 0, 0, 0 ], [ 0, 0, 0, 2, 0, 2, 2, 0 ], [ 0, 2, 1, 2, 1, 1, 1, 1 ], [ 0, 0, 0, 2, 2, 2, 1, 2 ], [ 0, 1, 2, 2, 0, 1, 1, 2 ], [ 0, 0, 0, 2, 2, 0, 2, 2 ], [ 0, 0, 1, 0, 1, 2, 1, 2 ] ];111424045824
[ [ 1, 2, 0, 0, 1, 0, 1, 1 ], [ 0, 1, 0, 0, 0, 0, 0, 0 ], [ 0, 0, 0, 2, 0, 2, 2, 0 ], [ 0, 2, 1, 2, 1, 1, 1, 1 ], [ 0, 0, 0, 2, 2, 2, 1, 2 ], [ 0, 1, 2, 2, 0, 1, 1, 2 ], [ 0, 0, 0, 2, 2, 0, 2, 2 ], [ 0, 0, 1, 0, 1, 2, 1, 2 ] ];111424045824
[ [ 1, 0, 0, 0, 1, 0, 1, 1 ], [ 0, 1, 0, 0, 0, 0, 0, 0 ], [ 0, 0, 0, 2, 0, 2, 2, 0 ], [ 0, 2, 1, 2, 1, 1, 1, 1 ], [ 0, 0, 0, 2, 2, 2, 1, 2 ], [ 0, 1, 2, 2, 0, 1, 1, 2 ], [ 0, 0, 0, 2, 2, 0, 2, 2 ], [ 0, 0, 1, 0, 1, 2, 1, 2 ] ];111424045824
[ [ 1, 1, 0, 0, 2, 0, 2, 2 ], [ 0, 1, 0, 0, 0, 0, 0, 0 ], [ 0, 0, 0, 1, 0, 1, 1, 0 ], [ 0, 2, 2, 1, 2, 2, 2, 2 ], [ 0, 0, 0, 1, 1, 1, 2, 1 ], [ 0, 1, 1, 1, 0, 2, 2, 1 ], [ 0, 0, 0, 1, 1, 0, 1, 1 ], [ 0, 0, 2, 0, 2, 1, 2, 1 ] ];222848091648
[ [ 1, 1, 1, 0, 0, 0, 2, 2 ], [ 0, 1, 0, 0, 0, 0, 0, 0 ], [ 0, 1, 0, 1, 0, 1, 1, 0 ], [ 0, 2, 2, 1, 2, 2, 2, 2 ], [ 0, 1, 0, 1, 1, 1, 2, 1 ], [ 0, 1, 1, 1, 0, 2, 2, 1 ], [ 0, 2, 0, 1, 1, 0, 1, 1 ], [ 0, 2, 2, 0, 2, 1, 2, 1 ] ];37141348608
[ [ 1, 2, 1, 0, 0, 0, 2, 2 ], [ 0, 1, 0, 0, 0, 0, 0, 0 ], [ 0, 1, 0, 1, 0, 1, 1, 0 ], [ 0, 2, 2, 1, 2, 2, 2, 2 ], [ 0, 1, 0, 1, 1, 1, 2, 1 ], [ 0, 1, 1, 1, 0, 2, 2, 1 ], [ 0, 2, 0, 1, 1, 0, 1, 1 ], [ 0, 2, 2, 0, 2, 1, 2, 1 ] ];37141348608
[ [ 1, 0, 1, 0, 0, 0, 2, 2 ], [ 0, 1, 0, 0, 0, 0, 0, 0 ], [ 0, 1, 0, 1, 0, 1, 1, 0 ], [ 0, 2, 2, 1, 2, 2, 2, 2 ], [ 0, 1, 0, 1, 1, 1, 2, 1 ], [ 0, 1, 1, 1, 0, 2, 2, 1 ], [ 0, 2, 0, 1, 1, 0, 1, 1 ], [ 0, 2, 2, 0, 2, 1, 2, 1 ] ];37141348608
[ [ 1, 1, 0, 1, 2, 1, 1, 0 ], [ 0, 1, 0, 0, 0, 0, 0, 0 ], [ 0, 1, 0, 1, 0, 1, 1, 0 ], [ 0, 1, 2, 1, 2, 2, 2, 2 ], [ 0, 0, 0, 1, 0, 0, 1, 0 ], [ 0, 0, 1, 1, 1, 0, 0, 2 ], [ 0, 2, 0, 1, 0, 2, 0, 0 ], [ 0, 2, 2, 0, 0, 2, 0, 2 ] ];222848091648
[ [ 1, 2, 1, 1, 0, 1, 1, 0 ], [ 0, 1, 0, 0, 0, 0, 0, 0 ], [ 0, 2, 0, 1, 0, 1, 1, 0 ], [ 0, 1, 2, 1, 2, 2, 2, 2 ], [ 0, 2, 0, 1, 0, 0, 1, 0 ], [ 0, 2, 1, 1, 1, 0, 0, 2 ], [ 0, 2, 0, 1, 0, 2, 0, 0 ], [ 0, 0, 2, 0, 0, 2, 0, 2 ] ];37141348608
[ [ 1, 0, 1, 1, 0, 1, 1, 0 ], [ 0, 1, 0, 0, 0, 0, 0, 0 ], [ 0, 2, 0, 1, 0, 1, 1, 0 ], [ 0, 1, 2, 1, 2, 2, 2, 2 ], [ 0, 2, 0, 1, 0, 0, 1, 0 ], [ 0, 2, 1, 1, 1, 0, 0, 2 ], [ 0, 2, 0, 1, 0, 2, 0, 0 ], [ 0, 0, 2, 0, 0, 2, 0, 2 ] ];37141348608
[ [ 1, 1, 1, 1, 0, 1, 1, 0 ], [ 0, 1, 0, 0, 0, 0, 0, 0 ], [ 0, 2, 0, 1, 0, 1, 1, 0 ], [ 0, 1, 2, 1, 2, 2, 2, 2 ], [ 0, 2, 0, 1, 0, 0, 1, 0 ], [ 0, 2, 1, 1, 1, 0, 0, 2 ], [ 0, 2, 0, 1, 0, 2, 0, 0 ], [ 0, 0, 2, 0, 0, 2, 0, 2 ] ];37141348608
[ [ 1, 1, 0, 2, 1, 2, 2, 0 ], [ 0, 1, 0, 0, 0, 0, 0, 0 ], [ 0, 1, 0, 2, 0, 2, 2, 0 ], [ 0, 1, 1, 2, 1, 1, 1, 1 ], [ 0, 0, 0, 2, 0, 0, 2, 0 ], [ 0, 0, 2, 2, 2, 0, 0, 1 ], [ 0, 2, 0, 2, 0, 1, 0, 0 ], [ 0, 2, 1, 0, 0, 1, 0, 1 ] ];111424045824
[ [ 1, 2, 0, 2, 1, 2, 2, 0 ], [ 0, 1, 0, 0, 0, 0, 0, 0 ], [ 0, 1, 0, 2, 0, 2, 2, 0 ], [ 0, 1, 1, 2, 1, 1, 1, 1 ], [ 0, 0, 0, 2, 0, 0, 2, 0 ], [ 0, 0, 2, 2, 2, 0, 0, 1 ], [ 0, 2, 0, 2, 0, 1, 0, 0 ], [ 0, 2, 1, 0, 0, 1, 0, 1 ] ];111424045824
[ [ 1, 0, 0, 2, 1, 2, 2, 0 ], [ 0, 1, 0, 0, 0, 0, 0, 0 ], [ 0, 1, 0, 2, 0, 2, 2, 0 ], [ 0, 1, 1, 2, 1, 1, 1, 1 ], [ 0, 0, 0, 2, 0, 0, 2, 0 ], [ 0, 0, 2, 2, 2, 0, 0, 1 ], [ 0, 2, 0, 2, 0, 1, 0, 0 ], [ 0, 2, 1, 0, 0, 1, 0, 1 ] ];111424045824
[ [ 1, 1, 1, 0, 1, 2, 0, 2 ], [ 0, 1, 0, 0, 0, 0, 0, 0 ], [ 0, 1, 1, 2, 0, 0, 0, 0 ], [ 0, 1, 2, 2, 0, 2, 1, 2 ], [ 0, 2, 0, 0, 0, 1, 0, 0 ], [ 0, 2, 0, 0, 2, 2, 0, 1 ], [ 0, 1, 1, 2, 0, 1, 2, 2 ], [ 0, 2, 2, 1, 0, 0, 0, 2 ] ];208920085920
[ [ 1, 2, 1, 0, 1, 2, 0, 2 ], [ 0, 1, 0, 0, 0, 0, 0, 0 ], [ 0, 1, 1, 2, 0, 0, 0, 0 ], [ 0, 1, 2, 2, 0, 2, 1, 2 ], [ 0, 2, 0, 0, 0, 1, 0, 0 ], [ 0, 2, 0, 0, 2, 2, 0, 1 ], [ 0, 1, 1, 2, 0, 1, 2, 2 ], [ 0, 2, 2, 1, 0, 0, 0, 2 ] ];208920085920
[ [ 1, 0, 1, 0, 1, 2, 0, 2 ], [ 0, 1, 0, 0, 0, 0, 0, 0 ], [ 0, 1, 1, 2, 0, 0, 0, 0 ], [ 0, 1, 2, 2, 0, 2, 1, 2 ], [ 0, 2, 0, 0, 0, 1, 0, 0 ], [ 0, 2, 0, 0, 2, 2, 0, 1 ], [ 0, 1, 1, 2, 0, 1, 2, 2 ], [ 0, 2, 2, 1, 0, 0, 0, 2 ] ];208920085920
[ [ 1, 2, 1, 2, 1, 1, 1, 2 ], [ 0, 1, 0, 0, 0, 0, 0, 0 ], [ 0, 0, 1, 1, 0, 1, 2, 1 ], [ 0, 0, 2, 1, 1, 1, 1, 2 ], [ 0, 1, 2, 2, 0, 1, 1, 2 ], [ 0, 1, 0, 1, 1, 2, 2, 1 ], [ 0, 0, 0, 0, 0, 0, 1, 2 ], [ 0, 0, 1, 2, 0, 2, 2, 2 ] ];1719506880
[ [ 1, 0, 2, 2, 1, 1, 1, 2 ], [ 0, 1, 0, 0, 0, 0, 0, 0 ], [ 0, 2, 1, 1, 0, 1, 2, 1 ], [ 0, 2, 2, 1, 1, 1, 1, 2 ], [ 0, 2, 2, 2, 0, 1, 1, 2 ], [ 0, 0, 0, 1, 1, 2, 2, 1 ], [ 0, 0, 0, 0, 0, 0, 1, 2 ], [ 0, 1, 1, 2, 0, 2, 2, 2 ] ];286584480
[ [ 1, 1, 2, 2, 1, 1, 1, 2 ], [ 0, 1, 0, 0, 0, 0, 0, 0 ], [ 0, 2, 1, 1, 0, 1, 2, 1 ], [ 0, 2, 2, 1, 1, 1, 1, 2 ], [ 0, 2, 2, 2, 0, 1, 1, 2 ], [ 0, 0, 0, 1, 1, 2, 2, 1 ], [ 0, 0, 0, 0, 0, 0, 1, 2 ], [ 0, 1, 1, 2, 0, 2, 2, 2 ] ];286584480
[ [ 1, 2, 2, 2, 1, 1, 1, 2 ], [ 0, 1, 0, 0, 0, 0, 0, 0 ], [ 0, 2, 1, 1, 0, 1, 2, 1 ], [ 0, 2, 2, 1, 1, 1, 1, 2 ], [ 0, 2, 2, 2, 0, 1, 1, 2 ], [ 0, 0, 0, 1, 1, 2, 2, 1 ], [ 0, 0, 0, 0, 0, 0, 1, 2 ], [ 0, 1, 1, 2, 0, 2, 2, 2 ] ];286584480
[ [ 1, 2, 2, 1, 2, 2, 2, 1 ], [ 0, 1, 0, 0, 0, 0, 0, 0 ], [ 0, 0, 2, 2, 0, 2, 1, 2 ], [ 0, 0, 1, 2, 2, 2, 2, 1 ], [ 0, 1, 1, 1, 0, 2, 2, 1 ], [ 0, 1, 0, 2, 2, 1, 1, 2 ], [ 0, 0, 0, 0, 0, 0, 2, 1 ], [ 0, 0, 2, 1, 0, 1, 1, 1 ] ];764225280
[ [ 1, 0, 1, 1, 2, 2, 2, 1 ], [ 0, 1, 0, 0, 0, 0, 0, 0 ], [ 0, 2, 2, 2, 0, 2, 1, 2 ], [ 0, 2, 1, 2, 2, 2, 2, 1 ], [ 0, 2, 1, 1, 0, 2, 2, 1 ], [ 0, 0, 0, 2, 2, 1, 1, 2 ], [ 0, 0, 0, 0, 0, 0, 2, 1 ], [ 0, 1, 2, 1, 0, 1, 1, 1 ] ];31842720
[ [ 1, 1, 1, 1, 2, 2, 2, 1 ], [ 0, 1, 0, 0, 0, 0, 0, 0 ], [ 0, 2, 2, 2, 0, 2, 1, 2 ], [ 0, 2, 1, 2, 2, 2, 2, 1 ], [ 0, 2, 1, 1, 0, 2, 2, 1 ], [ 0, 0, 0, 2, 2, 1, 1, 2 ], [ 0, 0, 0, 0, 0, 0, 2, 1 ], [ 0, 1, 2, 1, 0, 1, 1, 1 ] ];31842720
[ [ 1, 2, 1, 1, 2, 2, 2, 1 ], [ 0, 1, 0, 0, 0, 0, 0, 0 ], [ 0, 2, 2, 2, 0, 2, 1, 2 ], [ 0, 2, 1, 2, 2, 2, 2, 1 ], [ 0, 2, 1, 1, 0, 2, 2, 1 ], [ 0, 0, 0, 2, 2, 1, 1, 2 ], [ 0, 0, 0, 0, 0, 0, 2, 1 ], [ 0, 1, 2, 1, 0, 1, 1, 1 ] ];31842720
[ [ 1, 0, 2, 0, 2, 2, 2, 1 ], [ 0, 1, 0, 0, 0, 0, 0, 0 ], [ 0, 1, 2, 2, 0, 2, 1, 2 ], [ 0, 2, 1, 2, 2, 2, 2, 1 ], [ 0, 0, 1, 1, 0, 2, 2, 1 ], [ 0, 1, 0, 2, 2, 1, 1, 2 ], [ 0, 0, 0, 0, 0, 0, 2, 1 ], [ 0, 1, 2, 1, 0, 1, 1, 1 ] ];1719506880
[ [ 1, 2, 0, 2, 0, 0, 2, 2 ], [ 0, 1, 0, 0, 0, 0, 0, 0 ], [ 0, 0, 1, 2, 1, 1, 2, 0 ], [ 0, 0, 1, 1, 0, 2, 2, 0 ], [ 0, 0, 1, 2, 2, 2, 2, 0 ], [ 0, 1, 2, 0, 2, 0, 0, 0 ], [ 0, 0, 2, 2, 1, 1, 2, 1 ], [ 0, 1, 2, 2, 1, 1, 1, 1 ] ];1719506880
[ [ 1, 1, 2, 2, 0, 0, 2, 2 ], [ 0, 1, 0, 0, 0, 0, 0, 0 ], [ 0, 2, 1, 2, 1, 1, 2, 0 ], [ 0, 1, 1, 1, 0, 2, 2, 0 ], [ 0, 2, 1, 2, 2, 2, 2, 0 ], [ 0, 1, 2, 0, 2, 0, 0, 0 ], [ 0, 2, 2, 2, 1, 1, 2, 1 ], [ 0, 0, 2, 2, 1, 1, 1, 1 ] ];286584480
[ [ 1, 2, 2, 2, 0, 0, 2, 2 ], [ 0, 1, 0, 0, 0, 0, 0, 0 ], [ 0, 2, 1, 2, 1, 1, 2, 0 ], [ 0, 1, 1, 1, 0, 2, 2, 0 ], [ 0, 2, 1, 2, 2, 2, 2, 0 ], [ 0, 1, 2, 0, 2, 0, 0, 0 ], [ 0, 2, 2, 2, 1, 1, 2, 1 ], [ 0, 0, 2, 2, 1, 1, 1, 1 ] ];286584480
[ [ 1, 0, 2, 2, 0, 0, 2, 2 ], [ 0, 1, 0, 0, 0, 0, 0, 0 ], [ 0, 2, 1, 2, 1, 1, 2, 0 ], [ 0, 1, 1, 1, 0, 2, 2, 0 ], [ 0, 2, 1, 2, 2, 2, 2, 0 ], [ 0, 1, 2, 0, 2, 0, 0, 0 ], [ 0, 2, 2, 2, 1, 1, 2, 1 ], [ 0, 0, 2, 2, 1, 1, 1, 1 ] ];286584480
[ [ 1, 2, 0, 1, 0, 0, 1, 1 ], [ 0, 1, 0, 0, 0, 0, 0, 0 ], [ 0, 0, 2, 1, 2, 2, 1, 0 ], [ 0, 0, 2, 2, 0, 1, 1, 0 ], [ 0, 0, 2, 1, 1, 1, 1, 0 ], [ 0, 1, 1, 0, 1, 0, 0, 0 ], [ 0, 0, 1, 1, 2, 2, 1, 2 ], [ 0, 1, 1, 1, 2, 2, 2, 2 ] ];1719506880
[ [ 1, 2, 0, 0, 0, 0, 1, 1 ], [ 0, 1, 0, 0, 0, 0, 0, 0 ], [ 0, 1, 2, 1, 2, 2, 1, 0 ], [ 0, 1, 2, 2, 0, 1, 1, 0 ], [ 0, 1, 2, 1, 1, 1, 1, 0 ], [ 0, 0, 1, 0, 1, 0, 0, 0 ], [ 0, 2, 1, 1, 2, 2, 1, 2 ], [ 0, 0, 1, 1, 2, 2, 2, 2 ] ];31842720
[ [ 1, 0, 0, 0, 0, 0, 1, 1 ], [ 0, 1, 0, 0, 0, 0, 0, 0 ], [ 0, 1, 2, 1, 2, 2, 1, 0 ], [ 0, 1, 2, 2, 0, 1, 1, 0 ], [ 0, 1, 2, 1, 1, 1, 1, 0 ], [ 0, 0, 1, 0, 1, 0, 0, 0 ], [ 0, 2, 1, 1, 2, 2, 1, 2 ], [ 0, 0, 1, 1, 2, 2, 2, 2 ] ];31842720
[ [ 1, 1, 0, 0, 0, 0, 1, 1 ], [ 0, 1, 0, 0, 0, 0, 0, 0 ], [ 0, 1, 2, 1, 2, 2, 1, 0 ], [ 0, 1, 2, 2, 0, 1, 1, 0 ], [ 0, 1, 2, 1, 1, 1, 1, 0 ], [ 0, 0, 1, 0, 1, 0, 0, 0 ], [ 0, 2, 1, 1, 2, 2, 1, 2 ], [ 0, 0, 1, 1, 2, 2, 2, 2 ] ];31842720
[ [ 1, 2, 2, 0, 0, 0, 1, 1 ], [ 0, 1, 0, 0, 0, 0, 0, 0 ], [ 0, 2, 2, 1, 2, 2, 1, 0 ], [ 0, 0, 2, 2, 0, 1, 1, 0 ], [ 0, 2, 2, 1, 1, 1, 1, 0 ], [ 0, 0, 1, 0, 1, 0, 0, 0 ], [ 0, 0, 1, 1, 2, 2, 1, 2 ], [ 0, 1, 1, 1, 2, 2, 2, 2 ] ];764225280
[ [ 1, 0, 1, 1, 2, 1, 1, 0 ], [ 0, 1, 0, 0, 0, 0, 0, 0 ], [ 0, 2, 1, 1, 0, 0, 0, 1 ], [ 0, 2, 0, 0, 0, 1, 2, 2 ], [ 0, 2, 2, 1, 0, 0, 2, 2 ], [ 0, 2, 2, 1, 1, 1, 2, 1 ], [ 0, 0, 1, 1, 2, 2, 0, 1 ], [ 0, 0, 2, 0, 2, 1, 1, 2 ] ];10317041280
[ [ 1, 2, 2, 1, 2, 1, 1, 0 ], [ 0, 1, 0, 0, 0, 0, 0, 0 ], [ 0, 1, 1, 1, 0, 0, 0, 1 ], [ 0, 2, 0, 0, 0, 1, 2, 2 ], [ 0, 1, 2, 1, 0, 0, 2, 2 ], [ 0, 1, 2, 1, 1, 1, 2, 1 ], [ 0, 2, 1, 1, 2, 2, 0, 1 ], [ 0, 0, 2, 0, 2, 1, 1, 2 ] ];10317041280
[ [ 1, 2, 2, 2, 2, 1, 1, 0 ], [ 0, 1, 0, 0, 0, 0, 0, 0 ], [ 0, 2, 1, 1, 0, 0, 0, 1 ], [ 0, 2, 0, 0, 0, 1, 2, 2 ], [ 0, 0, 2, 1, 0, 0, 2, 2 ], [ 0, 0, 2, 1, 1, 1, 2, 1 ], [ 0, 0, 1, 1, 2, 2, 0, 1 ], [ 0, 2, 2, 0, 2, 1, 1, 2 ] ];859753440
[ [ 1, 0, 2, 2, 2, 1, 1, 0 ], [ 0, 1, 0, 0, 0, 0, 0, 0 ], [ 0, 2, 1, 1, 0, 0, 0, 1 ], [ 0, 2, 0, 0, 0, 1, 2, 2 ], [ 0, 0, 2, 1, 0, 0, 2, 2 ], [ 0, 0, 2, 1, 1, 1, 2, 1 ], [ 0, 0, 1, 1, 2, 2, 0, 1 ], [ 0, 2, 2, 0, 2, 1, 1, 2 ] ];859753440
[ [ 1, 1, 2, 2, 2, 1, 1, 0 ], [ 0, 1, 0, 0, 0, 0, 0, 0 ], [ 0, 2, 1, 1, 0, 0, 0, 1 ], [ 0, 2, 0, 0, 0, 1, 2, 2 ], [ 0, 0, 2, 1, 0, 0, 2, 2 ], [ 0, 0, 2, 1, 1, 1, 2, 1 ], [ 0, 0, 1, 1, 2, 2, 0, 1 ], [ 0, 2, 2, 0, 2, 1, 1, 2 ] ];859753440
[ [ 1, 0, 2, 2, 1, 2, 2, 0 ], [ 0, 1, 0, 0, 0, 0, 0, 0 ], [ 0, 2, 2, 2, 0, 0, 0, 2 ], [ 0, 2, 0, 0, 0, 2, 1, 1 ], [ 0, 2, 1, 2, 0, 0, 1, 1 ], [ 0, 2, 1, 2, 2, 2, 1, 2 ], [ 0, 0, 2, 2, 1, 1, 0, 2 ], [ 0, 0, 1, 0, 1, 2, 2, 1 ] ];7737780960
[ [ 1, 1, 2, 2, 1, 2, 2, 0 ], [ 0, 1, 0, 0, 0, 0, 0, 0 ], [ 0, 2, 2, 2, 0, 0, 0, 2 ], [ 0, 2, 0, 0, 0, 2, 1, 1 ], [ 0, 2, 1, 2, 0, 0, 1, 1 ], [ 0, 2, 1, 2, 2, 2, 1, 2 ], [ 0, 0, 2, 2, 1, 1, 0, 2 ], [ 0, 0, 1, 0, 1, 2, 2, 1 ] ];7737780960
[ [ 1, 2, 2, 2, 1, 2, 2, 0 ], [ 0, 1, 0, 0, 0, 0, 0, 0 ], [ 0, 2, 2, 2, 0, 0, 0, 2 ], [ 0, 2, 0, 0, 0, 2, 1, 1 ], [ 0, 2, 1, 2, 0, 0, 1, 1 ], [ 0, 2, 1, 2, 2, 2, 1, 2 ], [ 0, 0, 2, 2, 1, 1, 0, 2 ], [ 0, 0, 1, 0, 1, 2, 2, 1 ] ];7737780960
[ [ 1, 0, 2, 0, 2, 1, 1, 2 ], [ 0, 1, 0, 0, 0, 0, 0, 0 ], [ 0, 2, 1, 2, 1, 0, 2, 2 ], [ 0, 1, 2, 2, 0, 2, 2, 1 ], [ 0, 1, 0, 0, 2, 1, 2, 0 ], [ 0, 1, 2, 1, 1, 1, 2, 0 ], [ 0, 1, 0, 1, 2, 2, 2, 2 ], [ 0, 0, 0, 0, 1, 0, 2, 2 ] ];20634082560
[ [ 1, 1, 2, 2, 2, 1, 1, 2 ], [ 0, 1, 0, 0, 0, 0, 0, 0 ], [ 0, 1, 1, 2, 1, 0, 2, 2 ], [ 0, 2, 2, 2, 0, 2, 2, 1 ], [ 0, 1, 0, 0, 2, 1, 2, 0 ], [ 0, 2, 2, 1, 1, 1, 2, 0 ], [ 0, 1, 0, 1, 2, 2, 2, 2 ], [ 0, 0, 0, 0, 1, 0, 2, 2 ] ];3439013760
[ [ 1, 2, 2, 2, 2, 1, 1, 2 ], [ 0, 1, 0, 0, 0, 0, 0, 0 ], [ 0, 1, 1, 2, 1, 0, 2, 2 ], [ 0, 2, 2, 2, 0, 2, 2, 1 ], [ 0, 1, 0, 0, 2, 1, 2, 0 ], [ 0, 2, 2, 1, 1, 1, 2, 0 ], [ 0, 1, 0, 1, 2, 2, 2, 2 ], [ 0, 0, 0, 0, 1, 0, 2, 2 ] ];3439013760
[ [ 1, 0, 2, 2, 2, 1, 1, 2 ], [ 0, 1, 0, 0, 0, 0, 0, 0 ], [ 0, 1, 1, 2, 1, 0, 2, 2 ], [ 0, 2, 2, 2, 0, 2, 2, 1 ], [ 0, 1, 0, 0, 2, 1, 2, 0 ], [ 0, 2, 2, 1, 1, 1, 2, 0 ], [ 0, 1, 0, 1, 2, 2, 2, 2 ], [ 0, 0, 0, 0, 1, 0, 2, 2 ] ];3439013760
[ [ 1, 0, 1, 0, 1, 2, 2, 1 ], [ 0, 1, 0, 0, 0, 0, 0, 0 ], [ 0, 2, 2, 1, 2, 0, 1, 1 ], [ 0, 1, 1, 1, 0, 1, 1, 2 ], [ 0, 1, 0, 0, 1, 2, 1, 0 ], [ 0, 1, 1, 2, 2, 2, 1, 0 ], [ 0, 1, 0, 2, 1, 1, 1, 1 ], [ 0, 0, 0, 0, 2, 0, 1, 1 ] ];13756055040
[ [ 1, 0, 2, 0, 1, 2, 2, 1 ], [ 0, 1, 0, 0, 0, 0, 0, 0 ], [ 0, 1, 2, 1, 2, 0, 1, 1 ], [ 0, 0, 1, 1, 0, 1, 1, 2 ], [ 0, 1, 0, 0, 1, 2, 1, 0 ], [ 0, 2, 1, 2, 2, 2, 1, 0 ], [ 0, 2, 0, 2, 1, 1, 1, 1 ], [ 0, 0, 0, 0, 2, 0, 1, 1 ] ];6878027520
[ [ 1, 2, 1, 2, 1, 2, 2, 1 ], [ 0, 1, 0, 0, 0, 0, 0, 0 ], [ 0, 0, 2, 1, 2, 0, 1, 1 ], [ 0, 0, 1, 1, 0, 1, 1, 2 ], [ 0, 1, 0, 0, 1, 2, 1, 0 ], [ 0, 0, 1, 2, 2, 2, 1, 0 ], [ 0, 1, 0, 2, 1, 1, 1, 1 ], [ 0, 0, 0, 0, 2, 0, 1, 1 ] ];6878027520
[ [ 1, 1, 0, 2, 1, 2, 2, 1 ], [ 0, 1, 0, 0, 0, 0, 0, 0 ], [ 0, 1, 2, 1, 2, 0, 1, 1 ], [ 0, 1, 1, 1, 0, 1, 1, 2 ], [ 0, 1, 0, 0, 1, 2, 1, 0 ], [ 0, 2, 1, 2, 2, 2, 1, 0 ], [ 0, 0, 0, 2, 1, 1, 1, 1 ], [ 0, 0, 0, 0, 2, 0, 1, 1 ] ];1146337920
[ [ 1, 2, 0, 2, 1, 2, 2, 1 ], [ 0, 1, 0, 0, 0, 0, 0, 0 ], [ 0, 1, 2, 1, 2, 0, 1, 1 ], [ 0, 1, 1, 1, 0, 1, 1, 2 ], [ 0, 1, 0, 0, 1, 2, 1, 0 ], [ 0, 2, 1, 2, 2, 2, 1, 0 ], [ 0, 0, 0, 2, 1, 1, 1, 1 ], [ 0, 0, 0, 0, 2, 0, 1, 1 ] ];1146337920
[ [ 1, 0, 0, 2, 1, 2, 2, 1 ], [ 0, 1, 0, 0, 0, 0, 0, 0 ], [ 0, 1, 2, 1, 2, 0, 1, 1 ], [ 0, 1, 1, 1, 0, 1, 1, 2 ], [ 0, 1, 0, 0, 1, 2, 1, 0 ], [ 0, 2, 1, 2, 2, 2, 1, 0 ], [ 0, 0, 0, 2, 1, 1, 1, 1 ], [ 0, 0, 0, 0, 2, 0, 1, 1 ] ];1146337920
[ [ 1, 1, 2, 0, 2, 0, 1, 2 ], [ 0, 1, 0, 0, 0, 0, 0, 0 ], [ 0, 1, 1, 2, 2, 0, 0, 1 ], [ 0, 2, 2, 2, 2, 0, 0, 0 ], [ 0, 2, 1, 0, 2, 1, 0, 2 ], [ 0, 1, 0, 2, 1, 1, 1, 1 ], [ 0, 2, 2, 2, 0, 0, 1, 2 ], [ 0, 2, 2, 1, 2, 1, 2, 1 ] ];13756055040
[ [ 1, 1, 1, 0, 2, 0, 1, 2 ], [ 0, 1, 0, 0, 0, 0, 0, 0 ], [ 0, 0, 1, 2, 2, 0, 0, 1 ], [ 0, 1, 2, 2, 2, 0, 0, 0 ], [ 0, 2, 1, 0, 2, 1, 0, 2 ], [ 0, 0, 0, 2, 1, 1, 1, 1 ], [ 0, 1, 2, 2, 0, 0, 1, 2 ], [ 0, 0, 2, 1, 2, 1, 2, 1 ] ];6878027520
[ [ 1, 2, 2, 2, 2, 0, 1, 2 ], [ 0, 1, 0, 0, 0, 0, 0, 0 ], [ 0, 0, 1, 2, 2, 0, 0, 1 ], [ 0, 0, 2, 2, 2, 0, 0, 0 ], [ 0, 1, 1, 0, 2, 1, 0, 2 ], [ 0, 1, 0, 2, 1, 1, 1, 1 ], [ 0, 0, 2, 2, 0, 0, 1, 2 ], [ 0, 0, 2, 1, 2, 1, 2, 1 ] ];1146337920
[ [ 1, 0, 2, 2, 2, 0, 1, 2 ], [ 0, 1, 0, 0, 0, 0, 0, 0 ], [ 0, 0, 1, 2, 2, 0, 0, 1 ], [ 0, 0, 2, 2, 2, 0, 0, 0 ], [ 0, 1, 1, 0, 2, 1, 0, 2 ], [ 0, 1, 0, 2, 1, 1, 1, 1 ], [ 0, 0, 2, 2, 0, 0, 1, 2 ], [ 0, 0, 2, 1, 2, 1, 2, 1 ] ];1146337920
[ [ 1, 1, 2, 2, 2, 0, 1, 2 ], [ 0, 1, 0, 0, 0, 0, 0, 0 ], [ 0, 0, 1, 2, 2, 0, 0, 1 ], [ 0, 0, 2, 2, 2, 0, 0, 0 ], [ 0, 1, 1, 0, 2, 1, 0, 2 ], [ 0, 1, 0, 2, 1, 1, 1, 1 ], [ 0, 0, 2, 2, 0, 0, 1, 2 ], [ 0, 0, 2, 1, 2, 1, 2, 1 ] ];1146337920
[ [ 1, 1, 1, 2, 2, 0, 1, 2 ], [ 0, 1, 0, 0, 0, 0, 0, 0 ], [ 0, 2, 1, 2, 2, 0, 0, 1 ], [ 0, 2, 2, 2, 2, 0, 0, 0 ], [ 0, 1, 1, 0, 2, 1, 0, 2 ], [ 0, 0, 0, 2, 1, 1, 1, 1 ], [ 0, 2, 2, 2, 0, 0, 1, 2 ], [ 0, 1, 2, 1, 2, 1, 2, 1 ] ];6878027520
[ [ 1, 1, 1, 0, 1, 0, 2, 1 ], [ 0, 1, 0, 0, 0, 0, 0, 0 ], [ 0, 1, 2, 1, 1, 0, 0, 2 ], [ 0, 2, 1, 1, 1, 0, 0, 0 ], [ 0, 2, 2, 0, 1, 2, 0, 1 ], [ 0, 1, 0, 1, 2, 2, 2, 2 ], [ 0, 2, 1, 1, 0, 0, 2, 1 ], [ 0, 2, 1, 2, 1, 2, 1, 2 ] ];3439013760
[ [ 1, 2, 1, 0, 1, 0, 2, 1 ], [ 0, 1, 0, 0, 0, 0, 0, 0 ], [ 0, 1, 2, 1, 1, 0, 0, 2 ], [ 0, 2, 1, 1, 1, 0, 0, 0 ], [ 0, 2, 2, 0, 1, 2, 0, 1 ], [ 0, 1, 0, 1, 2, 2, 2, 2 ], [ 0, 2, 1, 1, 0, 0, 2, 1 ], [ 0, 2, 1, 2, 1, 2, 1, 2 ] ];3439013760
[ [ 1, 0, 1, 0, 1, 0, 2, 1 ], [ 0, 1, 0, 0, 0, 0, 0, 0 ], [ 0, 1, 2, 1, 1, 0, 0, 2 ], [ 0, 2, 1, 1, 1, 0, 0, 0 ], [ 0, 2, 2, 0, 1, 2, 0, 1 ], [ 0, 1, 0, 1, 2, 2, 2, 2 ], [ 0, 2, 1, 1, 0, 0, 2, 1 ], [ 0, 2, 1, 2, 1, 2, 1, 2 ] ];3439013760
[ [ 1, 0, 1, 2, 1, 0, 2, 1 ], [ 0, 1, 0, 0, 0, 0, 0, 0 ], [ 0, 2, 2, 1, 1, 0, 0, 2 ], [ 0, 1, 1, 1, 1, 0, 0, 0 ], [ 0, 0, 2, 0, 1, 2, 0, 1 ], [ 0, 1, 0, 1, 2, 2, 2, 2 ], [ 0, 1, 1, 1, 0, 0, 2, 1 ], [ 0, 1, 1, 2, 1, 2, 1, 2 ] ];20634082560
[ [ 1, 2, 2, 0, 1, 1, 1, 0 ], [ 0, 1, 0, 0, 0, 0, 0, 0 ], [ 0, 0, 1, 0, 0, 1, 0, 2 ], [ 0, 1, 1, 1, 2, 2, 2, 0 ], [ 0, 2, 2, 2, 1, 1, 2, 0 ], [ 0, 0, 0, 2, 1, 2, 2, 1 ], [ 0, 2, 2, 2, 2, 2, 0, 0 ], [ 0, 1, 1, 2, 2, 0, 0, 0 ] ];238765812480
[ [ 1, 0, 2, 0, 1, 1, 1, 0 ], [ 0, 1, 0, 0, 0, 0, 0, 0 ], [ 0, 0, 1, 0, 0, 1, 0, 2 ], [ 0, 1, 1, 1, 2, 2, 2, 0 ], [ 0, 2, 2, 2, 1, 1, 2, 0 ], [ 0, 0, 0, 2, 1, 2, 2, 1 ], [ 0, 2, 2, 2, 2, 2, 0, 0 ], [ 0, 1, 1, 2, 2, 0, 0, 0 ] ];238765812480
[ [ 1, 1, 2, 0, 1, 1, 1, 0 ], [ 0, 1, 0, 0, 0, 0, 0, 0 ], [ 0, 0, 1, 0, 0, 1, 0, 2 ], [ 0, 1, 1, 1, 2, 2, 2, 0 ], [ 0, 2, 2, 2, 1, 1, 2, 0 ], [ 0, 0, 0, 2, 1, 2, 2, 1 ], [ 0, 2, 2, 2, 2, 2, 0, 0 ], [ 0, 1, 1, 2, 2, 0, 0, 0 ] ];238765812480
[ [ 1, 2, 1, 0, 2, 2, 2, 0 ], [ 0, 1, 0, 0, 0, 0, 0, 0 ], [ 0, 0, 2, 0, 0, 2, 0, 1 ], [ 0, 1, 2, 2, 1, 1, 1, 0 ], [ 0, 2, 1, 1, 2, 2, 1, 0 ], [ 0, 0, 0, 1, 2, 1, 1, 2 ], [ 0, 2, 1, 1, 1, 1, 0, 0 ], [ 0, 1, 2, 1, 1, 0, 0, 0 ] ];238765812480
[ [ 1, 0, 1, 0, 2, 2, 2, 0 ], [ 0, 1, 0, 0, 0, 0, 0, 0 ], [ 0, 0, 2, 0, 0, 2, 0, 1 ], [ 0, 1, 2, 2, 1, 1, 1, 0 ], [ 0, 2, 1, 1, 2, 2, 1, 0 ], [ 0, 0, 0, 1, 2, 1, 1, 2 ], [ 0, 2, 1, 1, 1, 1, 0, 0 ], [ 0, 1, 2, 1, 1, 0, 0, 0 ] ];238765812480
[ [ 1, 1, 1, 0, 2, 2, 2, 0 ], [ 0, 1, 0, 0, 0, 0, 0, 0 ], [ 0, 0, 2, 0, 0, 2, 0, 1 ], [ 0, 1, 2, 2, 1, 1, 1, 0 ], [ 0, 2, 1, 1, 2, 2, 1, 0 ], [ 0, 0, 0, 1, 2, 1, 1, 2 ], [ 0, 2, 1, 1, 1, 1, 0, 0 ], [ 0, 1, 2, 1, 1, 0, 0, 0 ] ];238765812480
[ [ 1, 1, 0, 2, 2, 0, 0, 2 ], [ 0, 1, 0, 0, 0, 0, 0, 0 ], [ 0, 0, 1, 0, 2, 2, 1, 2 ], [ 0, 0, 1, 0, 1, 2, 1, 1 ], [ 0, 1, 2, 0, 0, 1, 1, 0 ], [ 0, 1, 2, 0, 1, 2, 2, 2 ], [ 0, 2, 1, 2, 1, 2, 2, 0 ], [ 0, 0, 0, 1, 2, 1, 1, 0 ] ];238765812480
[ [ 1, 2, 0, 2, 2, 0, 0, 2 ], [ 0, 1, 0, 0, 0, 0, 0, 0 ], [ 0, 0, 1, 0, 2, 2, 1, 2 ], [ 0, 0, 1, 0, 1, 2, 1, 1 ], [ 0, 1, 2, 0, 0, 1, 1, 0 ], [ 0, 1, 2, 0, 1, 2, 2, 2 ], [ 0, 2, 1, 2, 1, 2, 2, 0 ], [ 0, 0, 0, 1, 2, 1, 1, 0 ] ];238765812480
[ [ 1, 0, 0, 2, 2, 0, 0, 2 ], [ 0, 1, 0, 0, 0, 0, 0, 0 ], [ 0, 0, 1, 0, 2, 2, 1, 2 ], [ 0, 0, 1, 0, 1, 2, 1, 1 ], [ 0, 1, 2, 0, 0, 1, 1, 0 ], [ 0, 1, 2, 0, 1, 2, 2, 2 ], [ 0, 2, 1, 2, 1, 2, 2, 0 ], [ 0, 0, 0, 1, 2, 1, 1, 0 ] ];238765812480
[ [ 1, 1, 0, 1, 1, 0, 0, 1 ], [ 0, 1, 0, 0, 0, 0, 0, 0 ], [ 0, 0, 2, 0, 1, 1, 2, 1 ], [ 0, 0, 2, 0, 2, 1, 2, 2 ], [ 0, 1, 1, 0, 0, 2, 2, 0 ], [ 0, 1, 1, 0, 2, 1, 1, 1 ], [ 0, 2, 2, 1, 2, 1, 1, 0 ], [ 0, 0, 0, 2, 1, 2, 2, 0 ] ];238765812480
[ [ 1, 2, 0, 1, 1, 0, 0, 1 ], [ 0, 1, 0, 0, 0, 0, 0, 0 ], [ 0, 0, 2, 0, 1, 1, 2, 1 ], [ 0, 0, 2, 0, 2, 1, 2, 2 ], [ 0, 1, 1, 0, 0, 2, 2, 0 ], [ 0, 1, 1, 0, 2, 1, 1, 1 ], [ 0, 2, 2, 1, 2, 1, 1, 0 ], [ 0, 0, 0, 2, 1, 2, 2, 0 ] ];238765812480
[ [ 1, 0, 0, 1, 1, 0, 0, 1 ], [ 0, 1, 0, 0, 0, 0, 0, 0 ], [ 0, 0, 2, 0, 1, 1, 2, 1 ], [ 0, 0, 2, 0, 2, 1, 2, 2 ], [ 0, 1, 1, 0, 0, 2, 2, 0 ], [ 0, 1, 1, 0, 2, 1, 1, 1 ], [ 0, 2, 2, 1, 2, 1, 1, 0 ], [ 0, 0, 0, 2, 1, 2, 2, 0 ] ];238765812480
[ [ 1, 2, 2, 1, 2, 0, 1, 0 ], [ 0, 1, 0, 0, 0, 0, 0, 0 ], [ 0, 0, 2, 0, 2, 0, 0, 2 ], [ 0, 1, 2, 1, 1, 2, 1, 1 ], [ 0, 1, 0, 2, 1, 2, 1, 0 ], [ 0, 1, 1, 1, 2, 0, 1, 1 ], [ 0, 0, 0, 2, 0, 2, 1, 1 ], [ 0, 2, 1, 0, 1, 1, 1, 0 ] ];167136068736
[ [ 1, 0, 2, 1, 2, 0, 1, 0 ], [ 0, 1, 0, 0, 0, 0, 0, 0 ], [ 0, 0, 2, 0, 2, 0, 0, 2 ], [ 0, 1, 2, 1, 1, 2, 1, 1 ], [ 0, 1, 0, 2, 1, 2, 1, 0 ], [ 0, 1, 1, 1, 2, 0, 1, 1 ], [ 0, 0, 0, 2, 0, 2, 1, 1 ], [ 0, 2, 1, 0, 1, 1, 1, 0 ] ];167136068736
[ [ 1, 1, 2, 1, 2, 0, 1, 0 ], [ 0, 1, 0, 0, 0, 0, 0, 0 ], [ 0, 0, 2, 0, 2, 0, 0, 2 ], [ 0, 1, 2, 1, 1, 2, 1, 1 ], [ 0, 1, 0, 2, 1, 2, 1, 0 ], [ 0, 1, 1, 1, 2, 0, 1, 1 ], [ 0, 0, 0, 2, 0, 2, 1, 1 ], [ 0, 2, 1, 0, 1, 1, 1, 0 ] ];167136068736
[ [ 1, 2, 1, 2, 1, 0, 2, 0 ], [ 0, 1, 0, 0, 0, 0, 0, 0 ], [ 0, 0, 1, 0, 1, 0, 0, 1 ], [ 0, 1, 1, 2, 2, 1, 2, 2 ], [ 0, 1, 0, 1, 2, 1, 2, 0 ], [ 0, 1, 2, 2, 1, 0, 2, 2 ], [ 0, 0, 0, 1, 0, 1, 2, 2 ], [ 0, 2, 2, 0, 2, 2, 2, 0 ] ];167136068736
[ [ 1, 0, 1, 2, 1, 0, 2, 0 ], [ 0, 1, 0, 0, 0, 0, 0, 0 ], [ 0, 0, 1, 0, 1, 0, 0, 1 ], [ 0, 1, 1, 2, 2, 1, 2, 2 ], [ 0, 1, 0, 1, 2, 1, 2, 0 ], [ 0, 1, 2, 2, 1, 0, 2, 2 ], [ 0, 0, 0, 1, 0, 1, 2, 2 ], [ 0, 2, 2, 0, 2, 2, 2, 0 ] ];167136068736
[ [ 1, 1, 1, 2, 1, 0, 2, 0 ], [ 0, 1, 0, 0, 0, 0, 0, 0 ], [ 0, 0, 1, 0, 1, 0, 0, 1 ], [ 0, 1, 1, 2, 2, 1, 2, 2 ], [ 0, 1, 0, 1, 2, 1, 2, 0 ], [ 0, 1, 2, 2, 1, 0, 2, 2 ], [ 0, 0, 0, 1, 0, 1, 2, 2 ], [ 0, 2, 2, 0, 2, 2, 2, 0 ] ];167136068736
[ [ 1, 1, 0, 0, 2, 0, 1, 1 ], [ 0, 1, 0, 0, 0, 0, 0, 0 ], [ 0, 0, 0, 2, 1, 1, 2, 0 ], [ 0, 1, 2, 2, 1, 1, 1, 1 ], [ 0, 1, 2, 2, 1, 1, 2, 2 ], [ 0, 2, 1, 0, 2, 0, 1, 2 ], [ 0, 0, 2, 2, 0, 0, 2, 2 ], [ 0, 0, 2, 1, 1, 0, 1, 1 ] ];185706743040
[ [ 1, 2, 0, 0, 2, 0, 1, 1 ], [ 0, 1, 0, 0, 0, 0, 0, 0 ], [ 0, 0, 0, 2, 1, 1, 2, 0 ], [ 0, 1, 2, 2, 1, 1, 1, 1 ], [ 0, 1, 2, 2, 1, 1, 2, 2 ], [ 0, 2, 1, 0, 2, 0, 1, 2 ], [ 0, 0, 2, 2, 0, 0, 2, 2 ], [ 0, 0, 2, 1, 1, 0, 1, 1 ] ];185706743040
[ [ 1, 0, 0, 0, 2, 0, 1, 1 ], [ 0, 1, 0, 0, 0, 0, 0, 0 ], [ 0, 0, 0, 2, 1, 1, 2, 0 ], [ 0, 1, 2, 2, 1, 1, 1, 1 ], [ 0, 1, 2, 2, 1, 1, 2, 2 ], [ 0, 2, 1, 0, 2, 0, 1, 2 ], [ 0, 0, 2, 2, 0, 0, 2, 2 ], [ 0, 0, 2, 1, 1, 0, 1, 1 ] ];185706743040
[ [ 1, 1, 1, 0, 2, 1, 2, 0 ], [ 0, 1, 0, 0, 0, 0, 0, 0 ], [ 0, 1, 2, 2, 0, 1, 0, 2 ], [ 0, 1, 1, 1, 2, 2, 0, 1 ], [ 0, 1, 2, 0, 1, 0, 2, 0 ], [ 0, 0, 2, 0, 1, 0, 2, 2 ], [ 0, 0, 0, 1, 2, 0, 0, 2 ], [ 0, 2, 2, 1, 1, 0, 0, 2 ] ];15475561920
[ [ 1, 2, 1, 0, 2, 1, 2, 0 ], [ 0, 1, 0, 0, 0, 0, 0, 0 ], [ 0, 1, 2, 2, 0, 1, 0, 2 ], [ 0, 1, 1, 1, 2, 2, 0, 1 ], [ 0, 1, 2, 0, 1, 0, 2, 0 ], [ 0, 0, 2, 0, 1, 0, 2, 2 ], [ 0, 0, 0, 1, 2, 0, 0, 2 ], [ 0, 2, 2, 1, 1, 0, 0, 2 ] ];15475561920
[ [ 1, 0, 1, 0, 2, 1, 2, 0 ], [ 0, 1, 0, 0, 0, 0, 0, 0 ], [ 0, 1, 2, 2, 0, 1, 0, 2 ], [ 0, 1, 1, 1, 2, 2, 0, 1 ], [ 0, 1, 2, 0, 1, 0, 2, 0 ], [ 0, 0, 2, 0, 1, 0, 2, 2 ], [ 0, 0, 0, 1, 2, 0, 0, 2 ], [ 0, 2, 2, 1, 1, 0, 0, 2 ] ];15475561920
[ [ 1, 2, 1, 0, 1, 2, 0, 2 ], [ 0, 1, 0, 0, 0, 0, 0, 0 ], [ 0, 0, 1, 0, 2, 1, 0, 1 ], [ 0, 0, 2, 2, 1, 2, 1, 1 ], [ 0, 0, 2, 0, 1, 2, 0, 1 ], [ 0, 2, 2, 2, 1, 0, 1, 0 ], [ 0, 2, 2, 2, 0, 2, 0, 1 ], [ 0, 0, 1, 0, 0, 0, 0, 2 ] ];92853371520
[ [ 1, 2, 0, 0, 1, 2, 0, 2 ], [ 0, 1, 0, 0, 0, 0, 0, 0 ], [ 0, 0, 1, 0, 2, 1, 0, 1 ], [ 0, 2, 2, 2, 1, 2, 1, 1 ], [ 0, 0, 2, 0, 1, 2, 0, 1 ], [ 0, 1, 2, 2, 1, 0, 1, 0 ], [ 0, 1, 2, 2, 0, 2, 0, 1 ], [ 0, 0, 1, 0, 0, 0, 0, 2 ] ];15475561920
[ [ 1, 0, 0, 0, 1, 2, 0, 2 ], [ 0, 1, 0, 0, 0, 0, 0, 0 ], [ 0, 0, 1, 0, 2, 1, 0, 1 ], [ 0, 2, 2, 2, 1, 2, 1, 1 ], [ 0, 0, 2, 0, 1, 2, 0, 1 ], [ 0, 1, 2, 2, 1, 0, 1, 0 ], [ 0, 1, 2, 2, 0, 2, 0, 1 ], [ 0, 0, 1, 0, 0, 0, 0, 2 ] ];15475561920
[ [ 1, 1, 0, 0, 1, 2, 0, 2 ], [ 0, 1, 0, 0, 0, 0, 0, 0 ], [ 0, 0, 1, 0, 2, 1, 0, 1 ], [ 0, 2, 2, 2, 1, 2, 1, 1 ], [ 0, 0, 2, 0, 1, 2, 0, 1 ], [ 0, 1, 2, 2, 1, 0, 1, 0 ], [ 0, 1, 2, 2, 0, 2, 0, 1 ], [ 0, 0, 1, 0, 0, 0, 0, 2 ] ];15475561920
[ [ 1, 2, 2, 0, 2, 1, 0, 1 ], [ 0, 1, 0, 0, 0, 0, 0, 0 ], [ 0, 0, 2, 0, 1, 2, 0, 2 ], [ 0, 0, 1, 1, 2, 1, 2, 2 ], [ 0, 0, 1, 0, 2, 1, 0, 2 ], [ 0, 2, 1, 1, 2, 0, 2, 0 ], [ 0, 2, 1, 1, 0, 1, 0, 2 ], [ 0, 0, 2, 0, 0, 0, 0, 1 ] ];15475561920
[ [ 1, 0, 2, 0, 2, 1, 0, 1 ], [ 0, 1, 0, 0, 0, 0, 0, 0 ], [ 0, 0, 2, 0, 1, 2, 0, 2 ], [ 0, 0, 1, 1, 2, 1, 2, 2 ], [ 0, 0, 1, 0, 2, 1, 0, 2 ], [ 0, 2, 1, 1, 2, 0, 2, 0 ], [ 0, 2, 1, 1, 0, 1, 0, 2 ], [ 0, 0, 2, 0, 0, 0, 0, 1 ] ];15475561920
[ [ 1, 1, 2, 0, 2, 1, 0, 1 ], [ 0, 1, 0, 0, 0, 0, 0, 0 ], [ 0, 0, 2, 0, 1, 2, 0, 2 ], [ 0, 0, 1, 1, 2, 1, 2, 2 ], [ 0, 0, 1, 0, 2, 1, 0, 2 ], [ 0, 2, 1, 1, 2, 0, 2, 0 ], [ 0, 2, 1, 1, 0, 1, 0, 2 ], [ 0, 0, 2, 0, 0, 0, 0, 1 ] ];15475561920
[ [ 1, 0, 2, 2, 2, 1, 0, 1 ], [ 0, 1, 0, 0, 0, 0, 0, 0 ], [ 0, 1, 2, 0, 1, 2, 0, 2 ], [ 0, 2, 1, 1, 2, 1, 2, 2 ], [ 0, 2, 1, 0, 2, 1, 0, 2 ], [ 0, 1, 1, 1, 2, 0, 2, 0 ], [ 0, 1, 1, 1, 0, 1, 0, 2 ], [ 0, 1, 2, 0, 0, 0, 0, 1 ] ];92853371520
[ [ 1, 1, 1, 2, 1, 1, 0, 0 ], [ 0, 1, 0, 0, 0, 0, 0, 0 ], [ 0, 1, 0, 0, 1, 0, 0, 0 ], [ 0, 1, 1, 2, 2, 1, 0, 0 ], [ 0, 0, 0, 2, 2, 0, 0, 0 ], [ 0, 0, 1, 0, 1, 0, 2, 0 ], [ 0, 0, 0, 0, 0, 0, 1, 0 ], [ 0, 0, 0, 1, 1, 0, 0, 1 ] ];41268165120
[ [ 1, 2, 1, 2, 1, 1, 0, 0 ], [ 0, 1, 0, 0, 0, 0, 0, 0 ], [ 0, 1, 0, 0, 1, 0, 0, 0 ], [ 0, 1, 1, 2, 2, 1, 0, 0 ], [ 0, 0, 0, 2, 2, 0, 0, 0 ], [ 0, 0, 1, 0, 1, 0, 2, 0 ], [ 0, 0, 0, 0, 0, 0, 1, 0 ], [ 0, 0, 0, 1, 1, 0, 0, 1 ] ];41268165120
[ [ 1, 0, 1, 2, 1, 1, 0, 0 ], [ 0, 1, 0, 0, 0, 0, 0, 0 ], [ 0, 1, 0, 0, 1, 0, 0, 0 ], [ 0, 1, 1, 2, 2, 1, 0, 0 ], [ 0, 0, 0, 2, 2, 0, 0, 0 ], [ 0, 0, 1, 0, 1, 0, 2, 0 ], [ 0, 0, 0, 0, 0, 0, 1, 0 ], [ 0, 0, 0, 1, 1, 0, 0, 1 ] ];41268165120
[ [ 1, 2, 0, 2, 1, 0, 0, 2 ], [ 0, 1, 0, 0, 0, 0, 0, 0 ], [ 0, 0, 0, 0, 1, 0, 0, 0 ], [ 0, 1, 1, 2, 2, 1, 0, 0 ], [ 0, 0, 0, 2, 2, 0, 0, 0 ], [ 0, 0, 1, 0, 1, 0, 2, 0 ], [ 0, 2, 0, 0, 0, 0, 1, 0 ], [ 0, 0, 0, 1, 1, 0, 0, 1 ] ];247608990720
[ [ 1, 1, 2, 1, 2, 2, 0, 0 ], [ 0, 1, 0, 0, 0, 0, 0, 0 ], [ 0, 1, 0, 0, 2, 0, 0, 0 ], [ 0, 1, 2, 1, 1, 2, 0, 0 ], [ 0, 0, 0, 1, 1, 0, 0, 0 ], [ 0, 0, 2, 0, 2, 0, 1, 0 ], [ 0, 0, 0, 0, 0, 0, 2, 0 ], [ 0, 0, 0, 2, 2, 0, 0, 2 ] ];123804495360
[ [ 1, 2, 2, 1, 2, 2, 0, 0 ], [ 0, 1, 0, 0, 0, 0, 0, 0 ], [ 0, 1, 0, 0, 2, 0, 0, 0 ], [ 0, 1, 2, 1, 1, 2, 0, 0 ], [ 0, 0, 0, 1, 1, 0, 0, 0 ], [ 0, 0, 2, 0, 2, 0, 1, 0 ], [ 0, 0, 0, 0, 0, 0, 2, 0 ], [ 0, 0, 0, 2, 2, 0, 0, 2 ] ];123804495360
[ [ 1, 0, 2, 1, 2, 2, 0, 0 ], [ 0, 1, 0, 0, 0, 0, 0, 0 ], [ 0, 1, 0, 0, 2, 0, 0, 0 ], [ 0, 1, 2, 1, 1, 2, 0, 0 ], [ 0, 0, 0, 1, 1, 0, 0, 0 ], [ 0, 0, 2, 0, 2, 0, 1, 0 ], [ 0, 0, 0, 0, 0, 0, 2, 0 ], [ 0, 0, 0, 2, 2, 0, 0, 2 ] ];123804495360
[ [ 1, 2, 2, 0, 1, 2, 0, 2 ], [ 0, 1, 0, 0, 0, 0, 0, 0 ], [ 0, 0, 0, 2, 2, 0, 0, 0 ], [ 0, 0, 0, 2, 1, 2, 2, 0 ], [ 0, 1, 2, 2, 2, 2, 0, 0 ], [ 0, 0, 0, 2, 0, 0, 2, 0 ], [ 0, 2, 0, 0, 0, 0, 1, 0 ], [ 0, 2, 1, 2, 2, 1, 0, 1 ] ];247608990720
[ [ 1, 0, 0, 0, 1, 0, 0, 0 ], [ 0, 1, 0, 0, 0, 0, 0, 0 ], [ 0, 0, 0, 2, 2, 0, 0, 0 ], [ 0, 1, 0, 2, 1, 2, 2, 0 ], [ 0, 1, 2, 2, 2, 2, 0, 0 ], [ 0, 0, 0, 2, 0, 0, 2, 0 ], [ 0, 0, 0, 0, 0, 0, 1, 0 ], [ 0, 2, 1, 2, 2, 1, 0, 1 ] ];41268165120
[ [ 1, 1, 0, 0, 1, 0, 0, 0 ], [ 0, 1, 0, 0, 0, 0, 0, 0 ], [ 0, 0, 0, 2, 2, 0, 0, 0 ], [ 0, 1, 0, 2, 1, 2, 2, 0 ], [ 0, 1, 2, 2, 2, 2, 0, 0 ], [ 0, 0, 0, 2, 0, 0, 2, 0 ], [ 0, 0, 0, 0, 0, 0, 1, 0 ], [ 0, 2, 1, 2, 2, 1, 0, 1 ] ];41268165120
[ [ 1, 2, 0, 0, 1, 0, 0, 0 ], [ 0, 1, 0, 0, 0, 0, 0, 0 ], [ 0, 0, 0, 2, 2, 0, 0, 0 ], [ 0, 1, 0, 2, 1, 2, 2, 0 ], [ 0, 1, 2, 2, 2, 2, 0, 0 ], [ 0, 0, 0, 2, 0, 0, 2, 0 ], [ 0, 0, 0, 0, 0, 0, 1, 0 ], [ 0, 2, 1, 2, 2, 1, 0, 1 ] ];41268165120
[ [ 1, 2, 1, 0, 2, 1, 0, 1 ], [ 0, 1, 0, 0, 0, 0, 0, 0 ], [ 0, 0, 0, 1, 1, 0, 0, 0 ], [ 0, 0, 0, 1, 2, 1, 1, 0 ], [ 0, 1, 1, 1, 1, 1, 0, 0 ], [ 0, 0, 0, 1, 0, 0, 1, 0 ], [ 0, 2, 0, 0, 0, 0, 2, 0 ], [ 0, 2, 2, 1, 1, 2, 0, 2 ] ];123804495360
[ [ 1, 0, 1, 0, 2, 1, 0, 1 ], [ 0, 1, 0, 0, 0, 0, 0, 0 ], [ 0, 0, 0, 1, 1, 0, 0, 0 ], [ 0, 0, 0, 1, 2, 1, 1, 0 ], [ 0, 1, 1, 1, 1, 1, 0, 0 ], [ 0, 0, 0, 1, 0, 0, 1, 0 ], [ 0, 2, 0, 0, 0, 0, 2, 0 ], [ 0, 2, 2, 1, 1, 2, 0, 2 ] ];123804495360
[ [ 1, 1, 1, 0, 2, 1, 0, 1 ], [ 0, 1, 0, 0, 0, 0, 0, 0 ], [ 0, 0, 0, 1, 1, 0, 0, 0 ], [ 0, 0, 0, 1, 2, 1, 1, 0 ], [ 0, 1, 1, 1, 1, 1, 0, 0 ], [ 0, 0, 0, 1, 0, 0, 1, 0 ], [ 0, 2, 0, 0, 0, 0, 2, 0 ], [ 0, 2, 2, 1, 1, 2, 0, 2 ] ];123804495360
