BASISCHECK n=5 [ [ 0, 1, 0, 0, 0, 0, 0, 0, 0, 0 ], 
  [ 2, 0, 0, 0, 0, 0, 0, 0, 0, 0 ], [ 0, 0, 0, 1, 0, 0, 0, 0, 0, 0 ], 
  [ 0, 0, 2, 0, 0, 0, 0, 0, 0, 0 ], [ 0, 0, 0, 0, 0, 1, 0, 0, 0, 0 ], 
  [ 0, 0, 0, 0, 2, 0, 0, 0, 0, 0 ], [ 0, 0, 0, 0, 0, 0, 0, 1, 0, 0 ], 
  [ 0, 0, 0, 0, 0, 0, 2, 0, 0, 0 ], [ 0, 0, 0, 0, 0, 0, 0, 0, 0, 1 ], 
  [ 0, 0, 0, 0, 0, 0, 0, 0, 2, 0 ] ]
n=5 |PSp|=76457792934119864313446400 classes=940
CLASS n=5 order=1 size=1 fixed=-1 real=true M=
[ [ 1, 0, 0, 0, 0, 0, 0, 0, 0, 0 ], [ 0, 1, 0, 0, 0, 0, 0, 0, 0, 0 ], 
  [ 0, 0, 1, 0, 0, 0, 0, 0, 0, 0 ], [ 0, 0, 0, 1, 0, 0, 0, 0, 0, 0 ], 
  [ 0, 0, 0, 0, 1, 0, 0, 0, 0, 0 ], [ 0, 0, 0, 0, 0, 1, 0, 0, 0, 0 ], 
  [ 0, 0, 0, 0, 0, 0, 1, 0, 0, 0 ], [ 0, 0, 0, 0, 0, 0, 0, 1, 0, 0 ], 
  [ 0, 0, 0, 0, 0, 0, 0, 0, 1, 0 ], [ 0, 0, 0, 0, 0, 0, 0, 0, 0, 1 ] ]
CLASS n=5 order=61 size=626703220771474297651200 fixed=-1 real=true M=
[ [ 1, 0, 2, 1, 2, 2, 1, 2, 2, 0 ], [ 2, 0, 0, 0, 1, 0, 1, 1, 2, 2 ], 
  [ 2, 0, 2, 1, 2, 0, 2, 2, 0, 0 ], [ 2, 0, 1, 1, 0, 1, 1, 0, 1, 1 ], 
  [ 0, 2, 2, 0, 2, 1, 2, 0, 0, 0 ], [ 0, 0, 0, 0, 1, 0, 1, 1, 0, 0 ], 
  [ 0, 0, 2, 1, 2, 0, 0, 0, 2, 2 ], [ 0, 0, 1, 2, 0, 2, 1, 2, 1, 1 ], 
  [ 2, 0, 0, 0, 1, 0, 1, 1, 0, 0 ], [ 0, 2, 0, 1, 2, 1, 0, 2, 0, 1 ] ]
CLASS n=5 order=61 size=626703220771474297651200 fixed=-1 real=true M=
[ [ 2, 2, 2, 1, 1, 2, 1, 0, 2, 2 ], [ 2, 2, 1, 0, 1, 0, 2, 2, 2, 0 ], 
  [ 1, 0, 2, 2, 1, 0, 0, 0, 2, 0 ], [ 0, 2, 1, 1, 2, 1, 2, 0, 0, 2 ], 
  [ 0, 1, 1, 1, 2, 0, 1, 0, 2, 1 ], [ 2, 1, 2, 2, 1, 0, 0, 2, 1, 1 ], 
  [ 1, 1, 1, 1, 2, 2, 2, 2, 2, 0 ], [ 1, 2, 0, 0, 1, 1, 2, 2, 0, 0 ], 
  [ 1, 1, 1, 2, 2, 2, 2, 1, 0, 2 ], [ 2, 2, 0, 2, 1, 2, 2, 1, 0, 2 ] ]
CLASS n=5 order=61 size=626703220771474297651200 fixed=-1 real=true M=
[ [ 2, 0, 0, 0, 0, 1, 1, 2, 1, 2 ], [ 1, 2, 2, 0, 2, 1, 1, 2, 0, 2 ], 
  [ 2, 2, 1, 1, 1, 2, 1, 2, 0, 0 ], [ 2, 2, 1, 2, 1, 1, 2, 2, 2, 0 ], 
  [ 0, 0, 2, 0, 1, 2, 0, 2, 1, 1 ], [ 2, 2, 0, 2, 0, 2, 0, 2, 1, 2 ], 
  [ 2, 0, 2, 0, 0, 0, 2, 1, 1, 2 ], [ 1, 1, 1, 1, 0, 1, 0, 2, 1, 1 ], 
  [ 0, 2, 0, 1, 2, 0, 1, 1, 2, 0 ], [ 1, 0, 0, 2, 1, 1, 1, 0, 2, 1 ] ]
CLASS n=5 order=61 size=626703220771474297651200 fixed=-1 real=true M=
[ [ 1, 1, 2, 0, 2, 1, 0, 1, 0, 1 ], [ 0, 2, 0, 1, 2, 2, 1, 2, 1, 1 ], 
  [ 1, 2, 0, 1, 0, 2, 2, 0, 2, 1 ], [ 0, 2, 2, 0, 2, 2, 2, 2, 2, 0 ], 
  [ 0, 0, 2, 0, 0, 1, 0, 0, 2, 2 ], [ 2, 2, 1, 1, 0, 0, 0, 1, 2, 0 ], 
  [ 2, 0, 1, 1, 2, 2, 2, 0, 0, 0 ], [ 0, 0, 2, 2, 2, 1, 2, 0, 2, 1 ], 
  [ 2, 2, 1, 0, 2, 0, 0, 2, 1, 2 ], [ 0, 0, 2, 2, 2, 1, 1, 1, 0, 2 ] ]
CLASS n=5 order=61 size=626703220771474297651200 fixed=-1 real=true M=
[ [ 1, 1, 1, 2, 2, 1, 1, 1, 2, 1 ], [ 0, 2, 1, 2, 0, 0, 0, 1, 0, 2 ], 
  [ 2, 0, 1, 0, 2, 1, 1, 1, 1, 1 ], [ 2, 1, 1, 2, 2, 1, 1, 2, 2, 1 ], 
  [ 2, 1, 1, 1, 0, 0, 1, 2, 0, 2 ], [ 1, 0, 2, 1, 1, 1, 0, 1, 2, 2 ], 
  [ 1, 2, 0, 2, 1, 1, 2, 0, 2, 0 ], [ 2, 0, 0, 2, 2, 1, 0, 1, 2, 2 ], 
  [ 2, 0, 0, 0, 2, 0, 0, 1, 1, 2 ], [ 1, 1, 1, 2, 0, 1, 1, 0, 0, 1 ] ]
CLASS n=5 order=61 size=626703220771474297651200 fixed=-1 real=true M=
[ [ 0, 2, 2, 1, 1, 1, 2, 0, 1, 1 ], [ 2, 1, 1, 2, 0, 2, 1, 1, 1, 2 ], 
  [ 0, 2, 2, 2, 0, 2, 0, 1, 0, 0 ], [ 2, 1, 1, 2, 2, 1, 2, 0, 2, 1 ], 
  [ 0, 2, 2, 1, 2, 2, 0, 0, 0, 0 ], [ 2, 1, 2, 2, 0, 0, 2, 0, 1, 0 ], 
  [ 2, 1, 0, 0, 1, 0, 0, 2, 1, 2 ], [ 0, 0, 0, 1, 2, 1, 1, 2, 2, 0 ], 
  [ 2, 1, 1, 0, 2, 0, 2, 1, 1, 0 ], [ 0, 2, 0, 0, 1, 1, 1, 2, 2, 1 ] ]
CLASS n=5 order=2 size=74032324732080 fixed=-1 real=true M=
[ [ 1, 1, 2, 2, 2, 1, 0, 0, 1, 1 ], [ 0, 2, 1, 1, 1, 0, 2, 1, 2, 2 ], 
  [ 2, 2, 0, 1, 0, 0, 0, 2, 2, 0 ], [ 1, 1, 2, 0, 0, 0, 0, 1, 2, 0 ], 
  [ 0, 1, 0, 0, 1, 1, 1, 2, 2, 0 ], [ 1, 1, 0, 0, 2, 2, 0, 2, 2, 0 ], 
  [ 2, 0, 2, 2, 1, 2, 1, 1, 2, 1 ], [ 2, 0, 0, 0, 0, 2, 1, 2, 2, 0 ], 
  [ 1, 1, 0, 0, 0, 0, 0, 1, 0, 0 ], [ 2, 2, 2, 1, 2, 1, 2, 1, 1, 0 ] ]
CLASS n=5 order=122 size=626703220771474297651200 fixed=-1 real=true M=
[ [ 0, 0, 1, 2, 0, 2, 2, 0, 0, 1 ], [ 2, 2, 1, 1, 0, 0, 0, 1, 0, 1 ], 
  [ 0, 2, 0, 0, 2, 2, 1, 2, 0, 2 ], [ 1, 2, 0, 0, 2, 2, 1, 1, 1, 1 ], 
  [ 1, 0, 0, 1, 2, 0, 0, 1, 2, 1 ], [ 1, 2, 2, 1, 2, 1, 2, 0, 2, 0 ], 
  [ 0, 1, 2, 0, 0, 0, 1, 0, 2, 2 ], [ 2, 0, 1, 2, 2, 2, 2, 1, 1, 0 ], 
  [ 0, 0, 1, 1, 2, 2, 2, 0, 1, 0 ], [ 2, 2, 2, 2, 1, 2, 0, 2, 0, 1 ] ]
CLASS n=5 order=122 size=626703220771474297651200 fixed=-1 real=true M=
[ [ 2, 2, 1, 0, 0, 1, 0, 0, 2, 1 ], [ 2, 0, 2, 2, 2, 2, 2, 1, 0, 1 ], 
  [ 2, 1, 2, 1, 2, 0, 0, 2, 0, 0 ], [ 2, 1, 0, 0, 2, 2, 0, 0, 2, 0 ], 
  [ 2, 2, 0, 2, 2, 1, 1, 2, 0, 0 ], [ 2, 2, 0, 0, 2, 0, 1, 2, 0, 1 ], 
  [ 1, 1, 0, 1, 1, 0, 0, 1, 1, 2 ], [ 0, 0, 0, 2, 2, 1, 0, 0, 2, 1 ], 
  [ 2, 0, 2, 1, 0, 2, 1, 0, 1, 2 ], [ 1, 1, 2, 2, 0, 0, 0, 1, 1, 1 ] ]
CLASS n=5 order=122 size=626703220771474297651200 fixed=-1 real=true M=
[ [ 1, 2, 2, 1, 2, 1, 2, 1, 0, 2 ], [ 1, 2, 0, 2, 2, 2, 2, 0, 0, 1 ], 
  [ 2, 2, 2, 2, 0, 1, 2, 1, 1, 0 ], [ 1, 1, 1, 0, 1, 2, 0, 0, 2, 1 ], 
  [ 2, 1, 2, 1, 0, 1, 2, 2, 2, 2 ], [ 0, 1, 1, 2, 1, 0, 1, 1, 2, 2 ], 
  [ 2, 1, 0, 2, 0, 0, 0, 2, 1, 0 ], [ 2, 1, 1, 2, 1, 0, 2, 1, 1, 1 ], 
  [ 2, 0, 2, 1, 1, 1, 2, 1, 0, 1 ], [ 0, 1, 2, 0, 0, 1, 1, 1, 1, 1 ] ]
CLASS n=5 order=122 size=626703220771474297651200 fixed=-1 real=true M=
[ [ 0, 0, 0, 2, 1, 0, 2, 1, 1, 0 ], [ 0, 1, 2, 2, 2, 2, 1, 0, 1, 1 ], 
  [ 2, 0, 0, 0, 1, 1, 1, 1, 0, 1 ], [ 0, 2, 0, 1, 0, 2, 2, 0, 0, 0 ], 
  [ 0, 0, 0, 1, 1, 2, 2, 1, 0, 1 ], [ 0, 1, 0, 2, 2, 1, 2, 2, 1, 0 ], 
  [ 2, 2, 2, 2, 0, 0, 1, 0, 0, 2 ], [ 0, 2, 1, 2, 1, 0, 2, 0, 1, 1 ], 
  [ 0, 2, 1, 0, 1, 2, 1, 0, 1, 1 ], [ 2, 2, 2, 0, 2, 1, 0, 2, 2, 2 ] ]
CLASS n=5 order=122 size=626703220771474297651200 fixed=-1 real=true M=
[ [ 2, 2, 1, 2, 2, 0, 1, 1, 0, 0 ], [ 1, 1, 1, 1, 1, 1, 1, 1, 2, 0 ], 
  [ 1, 0, 1, 0, 0, 1, 2, 1, 1, 1 ], [ 2, 2, 2, 2, 2, 1, 0, 0, 0, 2 ], 
  [ 1, 1, 2, 0, 1, 1, 2, 1, 0, 0 ], [ 0, 0, 2, 2, 2, 0, 1, 0, 2, 0 ], 
  [ 2, 2, 0, 0, 1, 1, 1, 2, 2, 1 ], [ 0, 1, 1, 2, 1, 2, 0, 0, 2, 0 ], 
  [ 1, 0, 0, 1, 2, 0, 2, 0, 2, 2 ], [ 1, 0, 1, 2, 2, 1, 1, 1, 0, 2 ] ]
CLASS n=5 order=122 size=626703220771474297651200 fixed=-1 real=true M=
[ [ 0, 1, 1, 0, 0, 2, 1, 0, 2, 2 ], [ 0, 2, 0, 1, 0, 2, 0, 1, 1, 2 ], 
  [ 0, 2, 0, 2, 2, 2, 1, 1, 0, 2 ], [ 0, 1, 0, 0, 0, 0, 0, 2, 2, 1 ], 
  [ 1, 0, 1, 1, 1, 1, 1, 2, 0, 0 ], [ 2, 0, 2, 1, 2, 2, 2, 0, 1, 2 ], 
  [ 2, 0, 2, 1, 2, 1, 0, 2, 2, 2 ], [ 1, 2, 2, 1, 2, 1, 1, 2, 1, 2 ], 
  [ 2, 0, 0, 1, 0, 1, 1, 0, 0, 2 ], [ 0, 0, 2, 0, 2, 1, 2, 1, 1, 1 ] ]
CLASS n=5 order=2 size=321650413722 fixed=-1 real=true M=
[ [ 2, 0, 2, 0, 2, 2, 0, 1, 1, 2 ], [ 0, 2, 0, 2, 1, 1, 1, 2, 2, 1 ], 
  [ 2, 0, 2, 0, 1, 2, 0, 2, 2, 2 ], [ 0, 2, 0, 2, 2, 0, 2, 1, 1, 0 ], 
  [ 1, 1, 0, 1, 0, 0, 2, 1, 2, 2 ], [ 2, 2, 1, 1, 0, 0, 2, 0, 0, 2 ], 
  [ 2, 2, 1, 1, 0, 2, 0, 0, 0, 2 ], [ 2, 0, 1, 0, 1, 2, 0, 0, 2, 2 ], 
  [ 1, 1, 0, 1, 2, 1, 2, 1, 0, 0 ], [ 1, 1, 2, 2, 0, 2, 1, 0, 0, 0 ] ]
CLASS n=5 order=3 size=111009896860262400 fixed=-1 real=true M=
[ [ 0, 0, 0, 2, 2, 1, 2, 0, 0, 0 ], [ 2, 1, 0, 1, 1, 1, 2, 0, 1, 1 ], 
  [ 2, 2, 0, 1, 0, 1, 0, 2, 1, 0 ], [ 2, 0, 2, 2, 1, 1, 1, 0, 0, 1 ], 
  [ 2, 0, 0, 1, 1, 0, 0, 2, 0, 2 ], [ 2, 1, 1, 0, 2, 0, 0, 2, 0, 2 ], 
  [ 0, 1, 2, 2, 2, 2, 1, 1, 0, 1 ], [ 0, 1, 1, 0, 0, 2, 2, 2, 1, 0 ], 
  [ 2, 2, 0, 0, 0, 2, 2, 1, 1, 1 ], [ 0, 0, 0, 2, 0, 1, 1, 2, 1, 2 ] ]
CLASS n=5 order=4 size=121931238833735760 fixed=-1 real=true M=
[ [ 1, 1, 0, 1, 1, 1, 0, 2, 2, 1 ], [ 1, 0, 1, 1, 2, 0, 0, 0, 1, 0 ], 
  [ 1, 1, 2, 2, 0, 2, 1, 2, 0, 1 ], [ 1, 2, 0, 2, 1, 2, 1, 2, 2, 1 ], 
  [ 1, 2, 1, 0, 2, 1, 1, 1, 0, 0 ], [ 1, 1, 2, 1, 2, 0, 2, 2, 1, 0 ], 
  [ 2, 1, 2, 0, 1, 0, 1, 2, 2, 1 ], [ 2, 0, 2, 2, 0, 1, 1, 1, 0, 1 ], 
  [ 1, 2, 2, 2, 2, 1, 1, 2, 0, 2 ], [ 2, 2, 1, 2, 1, 2, 1, 1, 2, 2 ] ]
CLASS n=5 order=6 size=728335933300181606400 fixed=-1 real=true M=
[ [ 1, 0, 1, 0, 0, 1, 2, 0, 2, 1 ], [ 2, 2, 1, 2, 1, 2, 0, 0, 1, 1 ], 
  [ 2, 0, 0, 1, 2, 2, 1, 2, 2, 1 ], [ 0, 0, 0, 1, 0, 1, 1, 1, 1, 2 ], 
  [ 0, 2, 0, 1, 0, 0, 0, 1, 2, 0 ], [ 0, 1, 2, 0, 1, 2, 0, 2, 1, 0 ], 
  [ 1, 2, 0, 1, 2, 2, 2, 2, 0, 2 ], [ 2, 1, 0, 2, 2, 0, 2, 2, 2, 0 ], 
  [ 1, 2, 2, 0, 0, 2, 0, 1, 2, 2 ], [ 2, 0, 2, 2, 1, 0, 1, 2, 0, 2 ] ]
CLASS n=5 order=12 size=39330140398209806745600 fixed=-1 real=true M=
[ [ 2, 1, 1, 2, 1, 0, 0, 1, 0, 0 ], [ 1, 2, 1, 0, 0, 0, 0, 0, 1, 0 ], 
  [ 1, 0, 0, 0, 1, 0, 2, 0, 1, 2 ], [ 0, 2, 0, 0, 2, 1, 2, 0, 0, 1 ], 
  [ 0, 1, 0, 0, 0, 1, 0, 0, 2, 2 ], [ 1, 0, 0, 1, 2, 0, 0, 0, 2, 1 ], 
  [ 0, 2, 1, 2, 1, 2, 0, 0, 0, 2 ], [ 2, 0, 2, 2, 2, 2, 1, 1, 0, 2 ], 
  [ 2, 2, 2, 2, 0, 1, 1, 2, 2, 0 ], [ 0, 2, 2, 0, 2, 2, 2, 2, 0, 1 ] ]
CLASS n=5 order=2 size=48426741 fixed=-1 real=true M=
[ [ 1, 0, 2, 1, 1, 1, 2, 2, 1, 2 ], [ 0, 1, 0, 0, 0, 0, 0, 0, 0, 0 ], 
  [ 0, 2, 2, 0, 1, 2, 0, 2, 0, 1 ], [ 0, 2, 0, 2, 2, 0, 2, 1, 1, 0 ], 
  [ 0, 2, 0, 1, 0, 0, 2, 1, 1, 0 ], [ 0, 1, 1, 1, 0, 0, 2, 0, 1, 1 ], 
  [ 0, 1, 1, 1, 0, 2, 0, 0, 1, 1 ], [ 0, 2, 1, 0, 1, 2, 0, 0, 0, 1 ], 
  [ 0, 1, 0, 2, 1, 0, 1, 2, 0, 0 ], [ 0, 1, 2, 0, 2, 1, 0, 1, 0, 0 ] ]
CLASS n=5 order=3 size=55504948430131200 fixed=-1 real=true M=
[ [ 0, 1, 2, 1, 0, 0, 1, 1, 0, 2 ], [ 1, 2, 0, 2, 2, 2, 1, 0, 2, 2 ], 
  [ 1, 1, 0, 2, 0, 2, 0, 1, 2, 0 ], [ 1, 1, 0, 1, 1, 0, 2, 1, 0, 1 ], 
  [ 1, 1, 2, 2, 1, 1, 0, 2, 0, 0 ], [ 1, 0, 1, 0, 0, 1, 0, 2, 0, 0 ], 
  [ 0, 0, 0, 1, 0, 2, 2, 0, 0, 1 ], [ 0, 2, 2, 0, 0, 1, 1, 1, 2, 0 ], 
  [ 1, 0, 1, 0, 1, 0, 1, 1, 2, 0 ], [ 0, 0, 0, 1, 0, 2, 2, 1, 2, 1 ] ]
CLASS n=5 order=6 size=26975404937043763200 fixed=-1 real=false M=
[ [ 2, 0, 1, 1, 1, 2, 0, 2, 2, 0 ], [ 2, 0, 2, 1, 2, 1, 0, 0, 0, 1 ], 
  [ 2, 0, 0, 1, 2, 2, 0, 0, 1, 2 ], [ 0, 1, 2, 2, 2, 0, 2, 0, 2, 0 ], 
  [ 2, 2, 2, 0, 1, 0, 2, 1, 1, 2 ], [ 1, 0, 0, 2, 2, 0, 1, 1, 2, 2 ], 
  [ 0, 2, 2, 1, 1, 0, 2, 1, 0, 0 ], [ 2, 2, 0, 0, 2, 1, 2, 0, 1, 0 ], 
  [ 2, 2, 2, 1, 0, 2, 2, 2, 2, 1 ], [ 1, 2, 1, 2, 1, 2, 1, 2, 1, 0 ] ]
CLASS n=5 order=6 size=26975404937043763200 fixed=-1 real=false M=
[ [ 0, 0, 2, 0, 0, 2, 1, 2, 1, 2 ], [ 2, 1, 0, 1, 1, 1, 2, 0, 1, 1 ], 
  [ 2, 1, 1, 1, 1, 0, 0, 1, 1, 1 ], [ 2, 2, 2, 0, 0, 1, 0, 1, 1, 1 ], 
  [ 2, 2, 0, 2, 0, 0, 2, 0, 1, 2 ], [ 2, 2, 2, 1, 2, 2, 2, 2, 1, 0 ], 
  [ 0, 2, 0, 0, 2, 1, 0, 1, 1, 2 ], [ 0, 0, 2, 0, 1, 1, 2, 1, 1, 1 ], 
  [ 2, 0, 0, 2, 1, 2, 0, 0, 0, 1 ], [ 0, 1, 2, 2, 2, 2, 1, 0, 1, 1 ] ]
CLASS n=5 order=3 size=11420771281920 fixed=-1 real=true M=
[ [ 1, 0, 1, 0, 0, 2, 1, 1, 2, 0 ], [ 0, 0, 1, 1, 2, 1, 0, 2, 1, 1 ], 
  [ 2, 0, 2, 2, 1, 0, 1, 1, 0, 0 ], [ 1, 2, 0, 2, 1, 2, 2, 2, 0, 2 ], 
  [ 2, 2, 1, 0, 2, 0, 1, 2, 0, 2 ], [ 2, 0, 1, 2, 2, 2, 1, 0, 1, 0 ], 
  [ 1, 1, 1, 1, 0, 2, 1, 0, 0, 1 ], [ 0, 2, 2, 2, 1, 2, 0, 0, 2, 2 ], 
  [ 2, 0, 1, 0, 0, 2, 1, 1, 1, 0 ], [ 1, 1, 0, 0, 1, 0, 2, 0, 1, 0 ] ]
CLASS n=5 order=6 size=3371925617130470400 fixed=-1 real=false M=
[ [ 2, 1, 0, 2, 0, 1, 2, 0, 2, 0 ], [ 0, 1, 0, 2, 2, 1, 0, 2, 2, 0 ], 
  [ 0, 2, 0, 0, 0, 1, 2, 0, 0, 1 ], [ 2, 2, 2, 2, 1, 1, 2, 0, 0, 0 ], 
  [ 2, 0, 0, 2, 0, 0, 0, 0, 2, 1 ], [ 2, 0, 1, 1, 2, 0, 0, 0, 0, 0 ], 
  [ 1, 2, 2, 2, 0, 1, 2, 0, 1, 2 ], [ 0, 0, 2, 0, 2, 1, 0, 1, 0, 2 ], 
  [ 1, 2, 1, 0, 0, 0, 1, 0, 1, 1 ], [ 0, 0, 2, 1, 2, 2, 1, 1, 0, 2 ] ]
CLASS n=5 order=6 size=3371925617130470400 fixed=-1 real=false M=
[ [ 1, 2, 2, 1, 0, 0, 0, 1, 0, 1 ], [ 0, 2, 1, 0, 1, 2, 0, 1, 0, 1 ], 
  [ 2, 1, 2, 0, 1, 1, 0, 1, 1, 0 ], [ 0, 0, 1, 0, 2, 0, 1, 2, 1, 1 ], 
  [ 1, 2, 1, 2, 0, 0, 1, 2, 2, 0 ], [ 1, 0, 2, 0, 1, 0, 1, 0, 1, 0 ], 
  [ 2, 0, 0, 0, 0, 0, 1, 0, 1, 0 ], [ 0, 2, 1, 2, 0, 0, 0, 2, 2, 1 ], 
  [ 0, 0, 0, 2, 0, 2, 2, 1, 2, 2 ], [ 1, 2, 0, 0, 0, 2, 0, 1, 0, 1 ] ]
CLASS n=5 order=3 size=158621823360 fixed=-1 real=false M=
[ [ 0, 2, 1, 0, 0, 0, 1, 2, 0, 2 ], [ 2, 2, 1, 1, 1, 0, 1, 1, 2, 1 ], 
  [ 2, 0, 1, 0, 2, 2, 1, 2, 1, 0 ], [ 1, 2, 1, 1, 2, 2, 2, 1, 1, 2 ], 
  [ 0, 0, 1, 2, 1, 1, 0, 1, 0, 0 ], [ 1, 0, 2, 1, 1, 1, 2, 0, 2, 0 ], 
  [ 2, 2, 2, 2, 0, 1, 2, 0, 0, 2 ], [ 1, 2, 2, 2, 2, 0, 2, 0, 1, 2 ], 
  [ 2, 2, 1, 0, 0, 0, 1, 2, 1, 2 ], [ 2, 0, 1, 2, 2, 0, 1, 0, 1, 1 ] ]
CLASS n=5 order=3 size=158621823360 fixed=-1 real=false M=
[ [ 2, 1, 2, 0, 0, 0, 2, 1, 0, 1 ], [ 1, 0, 2, 2, 2, 0, 2, 2, 1, 2 ], 
  [ 1, 0, 1, 0, 1, 1, 2, 1, 2, 0 ], [ 2, 1, 2, 1, 1, 1, 1, 2, 2, 1 ], 
  [ 0, 0, 2, 1, 1, 2, 0, 2, 0, 0 ], [ 2, 0, 1, 2, 2, 1, 1, 0, 1, 0 ], 
  [ 1, 1, 1, 1, 0, 2, 0, 0, 0, 1 ], [ 2, 1, 1, 1, 1, 0, 1, 2, 2, 1 ], 
  [ 1, 1, 2, 0, 0, 0, 2, 1, 1, 1 ], [ 1, 0, 2, 1, 1, 0, 2, 0, 2, 1 ] ]
CLASS n=5 order=4 size=173691223409880 fixed=-1 real=true M=
[ [ 0, 2, 2, 2, 2, 2, 2, 2, 1, 1 ], [ 0, 0, 1, 2, 0, 0, 0, 0, 2, 1 ], 
  [ 2, 0, 1, 1, 2, 0, 1, 0, 2, 0 ], [ 2, 0, 2, 1, 2, 1, 2, 0, 0, 0 ], 
  [ 0, 1, 0, 1, 0, 2, 0, 2, 1, 0 ], [ 0, 0, 1, 0, 2, 2, 2, 1, 0, 1 ], 
  [ 0, 2, 0, 1, 2, 0, 1, 1, 1, 0 ], [ 0, 0, 2, 1, 1, 1, 2, 1, 1, 2 ], 
  [ 1, 1, 2, 0, 1, 2, 1, 0, 1, 1 ], [ 1, 2, 0, 0, 1, 0, 2, 0, 2, 1 ] ]
CLASS n=5 order=6 size=10407177830649600 fixed=-1 real=false M=
[ [ 2, 1, 0, 2, 2, 2, 0, 2, 2, 2 ], [ 1, 0, 2, 2, 2, 0, 2, 2, 1, 2 ], 
  [ 1, 1, 2, 0, 1, 2, 0, 1, 2, 1 ], [ 2, 2, 2, 2, 2, 0, 1, 1, 0, 1 ], 
  [ 0, 1, 1, 0, 0, 2, 2, 0, 2, 2 ], [ 2, 2, 0, 2, 2, 0, 0, 0, 1, 2 ], 
  [ 1, 0, 0, 1, 0, 1, 2, 0, 0, 0 ], [ 2, 2, 1, 2, 2, 2, 1, 1, 0, 1 ], 
  [ 1, 0, 2, 2, 2, 1, 2, 2, 0, 1 ], [ 1, 2, 1, 1, 1, 2, 1, 0, 2, 0 ] ]
CLASS n=5 order=6 size=10407177830649600 fixed=-1 real=false M=
[ [ 0, 2, 2, 2, 2, 2, 2, 0, 2, 0 ], [ 2, 2, 1, 1, 1, 0, 1, 1, 2, 1 ], 
  [ 2, 1, 2, 0, 2, 0, 2, 2, 1, 1 ], [ 1, 0, 1, 2, 0, 1, 2, 0, 2, 2 ], 
  [ 0, 1, 0, 1, 0, 1, 2, 2, 2, 2 ], [ 1, 2, 1, 1, 1, 0, 1, 0, 2, 2 ], 
  [ 2, 1, 1, 2, 0, 0, 1, 0, 0, 1 ], [ 1, 0, 2, 0, 0, 2, 2, 2, 2, 2 ], 
  [ 2, 1, 1, 2, 2, 1, 1, 0, 0, 2 ], [ 2, 2, 0, 2, 2, 2, 0, 0, 1, 0 ] ]
CLASS n=5 order=9 size=26975404937043763200 fixed=-1 real=false M=
[ [ 1, 0, 0, 0, 1, 0, 1, 1, 1, 0 ], [ 1, 0, 0, 0, 1, 1, 1, 0, 1, 1 ], 
  [ 2, 0, 0, 0, 0, 1, 2, 1, 2, 0 ], [ 2, 0, 1, 1, 1, 0, 2, 2, 1, 0 ], 
  [ 1, 1, 0, 0, 1, 2, 2, 1, 1, 1 ], [ 0, 1, 1, 1, 1, 2, 2, 1, 1, 1 ], 
  [ 2, 2, 1, 0, 0, 0, 0, 2, 0, 2 ], [ 0, 1, 0, 1, 1, 0, 1, 2, 0, 1 ], 
  [ 2, 0, 0, 0, 1, 0, 1, 1, 0, 0 ], [ 1, 2, 0, 2, 1, 1, 0, 2, 2, 1 ] ]
CLASS n=5 order=9 size=26975404937043763200 fixed=-1 real=false M=
[ [ 0, 1, 1, 1, 1, 2, 2, 1, 2, 1 ], [ 1, 0, 2, 0, 2, 2, 0, 2, 2, 2 ], 
  [ 1, 0, 0, 2, 0, 2, 1, 2, 0, 0 ], [ 1, 1, 0, 0, 1, 0, 2, 0, 0, 1 ], 
  [ 1, 1, 1, 2, 2, 2, 1, 1, 1, 1 ], [ 1, 1, 2, 0, 2, 0, 1, 0, 0, 1 ], 
  [ 2, 0, 0, 0, 2, 2, 2, 2, 1, 0 ], [ 1, 1, 2, 2, 0, 1, 1, 2, 2, 1 ], 
  [ 2, 1, 1, 1, 1, 2, 2, 1, 0, 1 ], [ 1, 0, 0, 1, 0, 1, 0, 0, 0, 1 ] ]
CLASS n=5 order=12 size=45520995831261350400 fixed=-1 real=false M=
[ [ 1, 2, 2, 0, 0, 2, 2, 2, 2, 0 ], [ 1, 2, 0, 1, 2, 0, 2, 2, 0, 0 ], 
  [ 0, 1, 1, 2, 1, 0, 0, 0, 2, 0 ], [ 1, 0, 0, 1, 0, 1, 2, 2, 2, 0 ], 
  [ 0, 1, 0, 1, 2, 0, 1, 2, 0, 1 ], [ 2, 2, 2, 1, 0, 0, 0, 2, 0, 1 ], 
  [ 1, 2, 1, 1, 1, 0, 0, 2, 0, 1 ], [ 2, 0, 2, 2, 2, 0, 2, 2, 0, 2 ], 
  [ 2, 0, 2, 0, 1, 0, 1, 1, 1, 0 ], [ 2, 1, 2, 0, 1, 1, 1, 1, 0, 1 ] ]
CLASS n=5 order=12 size=45520995831261350400 fixed=-1 real=false M=
[ [ 2, 0, 1, 0, 0, 2, 1, 0, 2, 1 ], [ 2, 1, 2, 0, 1, 0, 1, 1, 1, 2 ], 
  [ 1, 1, 1, 2, 2, 1, 2, 1, 1, 0 ], [ 0, 1, 2, 1, 1, 2, 0, 1, 1, 1 ], 
  [ 0, 1, 2, 2, 2, 2, 1, 1, 0, 1 ], [ 1, 2, 0, 0, 2, 0, 1, 2, 1, 1 ], 
  [ 2, 0, 2, 2, 1, 2, 2, 2, 0, 2 ], [ 1, 1, 0, 0, 0, 0, 0, 0, 2, 0 ], 
  [ 0, 1, 1, 0, 1, 0, 0, 2, 1, 1 ], [ 0, 1, 1, 1, 2, 1, 0, 1, 2, 1 ] ]
CLASS n=5 order=18 size=2185007799900544819200 fixed=-1 real=false M=
[ [ 0, 2, 0, 1, 2, 2, 0, 1, 2, 0 ], [ 1, 1, 2, 2, 1, 2, 0, 0, 0, 0 ], 
  [ 2, 1, 2, 1, 1, 2, 1, 1, 2, 1 ], [ 2, 0, 2, 1, 2, 2, 1, 0, 1, 2 ], 
  [ 0, 0, 1, 2, 2, 2, 1, 0, 2, 1 ], [ 1, 2, 2, 0, 0, 0, 0, 0, 2, 2 ], 
  [ 1, 1, 1, 2, 2, 2, 2, 2, 1, 1 ], [ 1, 1, 2, 1, 2, 0, 1, 0, 2, 0 ], 
  [ 2, 1, 2, 1, 2, 1, 2, 1, 0, 2 ], [ 1, 0, 1, 1, 2, 2, 2, 0, 1, 1 ] ]
CLASS n=5 order=18 size=2185007799900544819200 fixed=-1 real=false M=
[ [ 1, 0, 2, 1, 2, 1, 0, 0, 2, 2 ], [ 1, 0, 0, 0, 1, 1, 1, 0, 1, 1 ], 
  [ 2, 2, 2, 0, 0, 0, 1, 1, 2, 2 ], [ 2, 2, 1, 0, 0, 1, 2, 0, 0, 0 ], 
  [ 1, 0, 1, 1, 2, 2, 0, 0, 2, 2 ], [ 0, 2, 2, 1, 1, 0, 0, 1, 1, 2 ], 
  [ 2, 0, 2, 0, 0, 1, 1, 2, 0, 0 ], [ 0, 0, 0, 0, 0, 1, 1, 0, 2, 1 ], 
  [ 2, 1, 0, 1, 2, 2, 1, 0, 1, 0 ], [ 1, 0, 1, 2, 1, 2, 1, 2, 2, 2 ] ]
CLASS n=5 order=36 size=117990421194629420236800 fixed=-1 real=false M=
[ [ 1, 1, 2, 1, 1, 0, 1, 2, 0, 0 ], [ 1, 1, 2, 1, 1, 2, 1, 1, 0, 2 ], 
  [ 2, 0, 1, 1, 2, 2, 2, 0, 2, 0 ], [ 1, 1, 1, 0, 1, 0, 1, 0, 1, 1 ], 
  [ 1, 0, 0, 0, 1, 1, 2, 1, 0, 2 ], [ 2, 2, 2, 0, 1, 1, 2, 2, 0, 0 ], 
  [ 1, 0, 0, 0, 2, 1, 0, 0, 1, 1 ], [ 0, 1, 1, 0, 2, 0, 0, 0, 1, 0 ], 
  [ 2, 0, 2, 2, 0, 0, 0, 0, 0, 0 ], [ 0, 1, 1, 2, 1, 2, 1, 2, 1, 0 ] ]
CLASS n=5 order=36 size=117990421194629420236800 fixed=-1 real=false M=
[ [ 2, 1, 1, 2, 1, 1, 0, 1, 1, 2 ], [ 1, 0, 1, 0, 1, 2, 0, 0, 1, 2 ], 
  [ 0, 2, 1, 1, 2, 1, 2, 1, 1, 2 ], [ 0, 1, 2, 2, 2, 2, 2, 1, 1, 1 ], 
  [ 0, 1, 2, 2, 2, 0, 2, 0, 2, 2 ], [ 1, 0, 2, 0, 1, 1, 2, 2, 2, 2 ], 
  [ 1, 0, 2, 1, 0, 0, 1, 1, 0, 2 ], [ 1, 0, 0, 2, 0, 0, 2, 2, 0, 1 ], 
  [ 1, 2, 1, 1, 2, 1, 1, 0, 1, 2 ], [ 0, 0, 0, 0, 1, 0, 1, 0, 1, 1 ] ]
CLASS n=5 order=9 size=674385123426094080 fixed=-1 real=false M=
[ [ 2, 1, 1, 2, 2, 0, 2, 2, 1, 1 ], [ 2, 0, 0, 0, 2, 2, 2, 0, 2, 2 ], 
  [ 1, 2, 2, 1, 0, 2, 1, 2, 2, 2 ], [ 1, 2, 1, 0, 2, 0, 1, 1, 0, 2 ], 
  [ 2, 2, 0, 0, 2, 1, 1, 2, 2, 2 ], [ 0, 2, 2, 2, 2, 1, 1, 2, 2, 2 ], 
  [ 1, 1, 2, 0, 0, 0, 0, 1, 0, 1 ], [ 0, 2, 0, 2, 2, 0, 2, 1, 0, 2 ], 
  [ 1, 1, 1, 2, 2, 0, 2, 2, 2, 1 ], [ 2, 2, 1, 0, 2, 2, 0, 1, 0, 0 ] ]
CLASS n=5 order=9 size=674385123426094080 fixed=-1 real=false M=
[ [ 0, 0, 0, 1, 2, 1, 1, 2, 0, 0 ], [ 2, 0, 1, 0, 1, 1, 0, 1, 1, 1 ], 
  [ 2, 2, 2, 2, 0, 1, 2, 1, 1, 2 ], [ 2, 1, 2, 1, 2, 0, 1, 0, 1, 1 ], 
  [ 2, 2, 2, 1, 1, 1, 2, 2, 2, 2 ], [ 2, 2, 1, 0, 1, 0, 2, 0, 0, 2 ], 
  [ 1, 0, 0, 0, 1, 1, 1, 1, 2, 0 ], [ 2, 2, 1, 1, 0, 2, 2, 1, 1, 2 ], 
  [ 1, 0, 0, 1, 2, 1, 1, 2, 2, 0 ], [ 2, 1, 1, 1, 0, 2, 0, 0, 2, 0 ] ]
CLASS n=5 order=3 size=29524 fixed=-1 real=false M=
[ [ 0, 1, 1, 1, 0, 2, 2, 0, 0, 1 ], [ 2, 1, 2, 2, 0, 1, 1, 0, 0, 2 ], 
  [ 1, 1, 0, 1, 0, 2, 2, 0, 0, 1 ], [ 2, 2, 2, 1, 0, 1, 1, 0, 0, 2 ], 
  [ 2, 2, 2, 2, 2, 1, 1, 0, 0, 2 ], [ 0, 0, 0, 0, 0, 2, 0, 0, 0, 0 ], 
  [ 0, 0, 0, 0, 0, 0, 2, 0, 0, 0 ], [ 1, 1, 1, 1, 0, 2, 2, 2, 0, 1 ], 
  [ 1, 1, 1, 1, 0, 2, 2, 0, 2, 1 ], [ 0, 0, 0, 0, 0, 0, 0, 0, 0, 2 ] ]
CLASS n=5 order=3 size=29524 fixed=-1 real=false M=
[ [ 2, 1, 1, 1, 0, 2, 2, 0, 0, 1 ], [ 2, 0, 2, 2, 0, 1, 1, 0, 0, 2 ], 
  [ 1, 1, 2, 1, 0, 2, 2, 0, 0, 1 ], [ 2, 2, 2, 0, 0, 1, 1, 0, 0, 2 ], 
  [ 2, 2, 2, 2, 1, 1, 1, 0, 0, 2 ], [ 0, 0, 0, 0, 0, 1, 0, 0, 0, 0 ], 
  [ 0, 0, 0, 0, 0, 0, 1, 0, 0, 0 ], [ 1, 1, 1, 1, 0, 2, 2, 1, 0, 1 ], 
  [ 1, 1, 1, 1, 0, 2, 2, 0, 1, 1 ], [ 0, 0, 0, 0, 0, 0, 0, 0, 0, 1 ] ]
CLASS n=5 order=4 size=173691223409880 fixed=-1 real=true M=
[ [ 0, 1, 1, 2, 1, 2, 2, 1, 0, 2 ], [ 2, 1, 2, 1, 2, 0, 1, 0, 2, 0 ], 
  [ 0, 2, 1, 0, 0, 1, 0, 2, 0, 1 ], [ 2, 2, 0, 0, 0, 0, 2, 2, 0, 1 ], 
  [ 2, 2, 2, 2, 0, 2, 2, 2, 0, 1 ], [ 2, 2, 0, 2, 0, 1, 2, 2, 0, 1 ], 
  [ 2, 1, 1, 2, 1, 2, 0, 1, 0, 2 ], [ 0, 1, 0, 0, 0, 2, 0, 2, 0, 2 ], 
  [ 1, 2, 2, 1, 2, 1, 1, 2, 1, 1 ], [ 1, 1, 1, 2, 1, 2, 2, 1, 1, 0 ] ]
CLASS n=5 order=6 size=117080750594808 fixed=-1 real=false M=
[ [ 1, 1, 1, 1, 0, 2, 2, 0, 1, 1 ], [ 2, 2, 2, 0, 0, 0, 2, 2, 1, 0 ], 
  [ 2, 1, 1, 1, 2, 1, 2, 0, 2, 1 ], [ 2, 2, 2, 2, 0, 0, 0, 0, 2, 2 ], 
  [ 1, 2, 1, 0, 0, 1, 2, 0, 2, 2 ], [ 0, 0, 0, 2, 0, 0, 2, 0, 2, 0 ], 
  [ 2, 0, 0, 0, 0, 0, 1, 0, 1, 0 ], [ 0, 1, 2, 1, 1, 0, 2, 1, 1, 1 ], 
  [ 2, 1, 1, 1, 0, 2, 2, 0, 0, 1 ], [ 2, 1, 1, 2, 1, 2, 2, 1, 0, 0 ] ]
CLASS n=5 order=6 size=117080750594808 fixed=-1 real=false M=
[ [ 2, 2, 2, 2, 0, 1, 1, 0, 1, 2 ], [ 1, 1, 1, 2, 0, 1, 0, 2, 1, 2 ], 
  [ 0, 2, 2, 2, 2, 0, 1, 0, 2, 2 ], [ 1, 1, 1, 1, 0, 1, 1, 0, 2, 1 ], 
  [ 0, 1, 0, 2, 0, 2, 0, 0, 2, 1 ], [ 0, 0, 0, 2, 0, 0, 2, 0, 2, 0 ], 
  [ 2, 0, 0, 0, 0, 0, 1, 0, 1, 0 ], [ 1, 2, 0, 2, 1, 2, 1, 1, 1, 2 ], 
  [ 0, 2, 2, 2, 0, 1, 1, 0, 0, 2 ], [ 2, 1, 1, 2, 1, 2, 2, 1, 0, 0 ] ]
CLASS n=5 order=8 size=2084294680918560 fixed=-1 real=true M=
[ [ 0, 0, 2, 2, 2, 1, 2, 0, 1, 0 ], [ 2, 2, 1, 2, 1, 0, 2, 0, 0, 0 ], 
  [ 2, 2, 1, 2, 2, 2, 2, 2, 0, 1 ], [ 2, 2, 0, 0, 0, 2, 1, 2, 2, 1 ], 
  [ 2, 0, 0, 2, 2, 2, 2, 0, 0, 0 ], [ 2, 2, 0, 1, 0, 1, 1, 2, 2, 1 ], 
  [ 1, 0, 2, 2, 2, 1, 1, 0, 1, 0 ], [ 1, 1, 1, 1, 1, 1, 1, 0, 0, 2 ], 
  [ 2, 0, 1, 1, 1, 2, 1, 0, 1, 0 ], [ 2, 1, 0, 2, 0, 1, 2, 1, 0, 1 ] ]
CLASS n=5 order=12 size=63223605321196320 fixed=-1 real=false M=
[ [ 0, 2, 2, 0, 1, 1, 1, 1, 2, 0 ], [ 1, 2, 1, 2, 2, 2, 1, 1, 1, 1 ], 
  [ 0, 0, 1, 1, 1, 1, 2, 2, 1, 2 ], [ 1, 1, 2, 1, 0, 2, 1, 2, 1, 0 ], 
  [ 2, 1, 2, 0, 2, 0, 2, 2, 1, 0 ], [ 2, 2, 0, 0, 0, 0, 0, 2, 1, 1 ], 
  [ 0, 1, 1, 2, 1, 2, 1, 1, 2, 2 ], [ 2, 2, 0, 1, 2, 0, 2, 0, 2, 0 ], 
  [ 1, 0, 0, 2, 2, 0, 0, 2, 0, 2 ], [ 2, 0, 0, 0, 0, 0, 0, 0, 1, 2 ] ]
CLASS n=5 order=12 size=63223605321196320 fixed=-1 real=false M=
[ [ 1, 0, 0, 1, 1, 0, 0, 1, 2, 1 ], [ 0, 1, 0, 1, 2, 0, 2, 1, 1, 0 ], 
  [ 1, 1, 2, 2, 1, 0, 1, 2, 1, 0 ], [ 0, 0, 1, 0, 0, 0, 2, 2, 1, 2 ], 
  [ 1, 0, 1, 2, 2, 1, 0, 2, 1, 2 ], [ 2, 2, 0, 0, 0, 0, 0, 2, 1, 1 ], 
  [ 0, 1, 1, 2, 1, 2, 1, 1, 2, 2 ], [ 0, 0, 1, 2, 2, 2, 1, 0, 2, 1 ], 
  [ 2, 1, 1, 0, 2, 2, 2, 2, 0, 0 ], [ 2, 0, 0, 0, 0, 0, 0, 0, 1, 2 ] ]
CLASS n=5 order=24 size=758683263854355840 fixed=-1 real=false M=
[ [ 2, 2, 0, 1, 1, 1, 0, 0, 1, 2 ], [ 0, 0, 0, 1, 2, 1, 2, 0, 1, 1 ], 
  [ 2, 1, 1, 1, 0, 1, 0, 2, 2, 0 ], [ 2, 2, 1, 2, 0, 0, 1, 1, 1, 0 ], 
  [ 2, 2, 0, 2, 1, 1, 0, 1, 0, 0 ], [ 1, 1, 0, 2, 0, 0, 2, 1, 1, 2 ], 
  [ 1, 0, 1, 2, 1, 0, 1, 0, 1, 0 ], [ 2, 0, 2, 0, 0, 1, 2, 0, 1, 1 ], 
  [ 1, 2, 1, 0, 2, 1, 2, 0, 1, 2 ], [ 1, 1, 1, 1, 1, 1, 1, 1, 0, 1 ] ]
CLASS n=5 order=24 size=758683263854355840 fixed=-1 real=false M=
[ [ 1, 1, 2, 0, 1, 2, 1, 0, 1, 1 ], [ 1, 1, 1, 2, 2, 0, 1, 0, 1, 2 ], 
  [ 1, 0, 0, 0, 0, 2, 1, 2, 2, 2 ], [ 0, 0, 2, 0, 0, 2, 0, 1, 1, 1 ], 
  [ 0, 0, 1, 0, 1, 0, 2, 1, 0, 1 ], [ 1, 1, 0, 2, 0, 0, 2, 1, 1, 2 ], 
  [ 1, 0, 1, 2, 1, 0, 1, 0, 1, 0 ], [ 1, 2, 1, 2, 0, 2, 0, 0, 1, 0 ], 
  [ 0, 1, 0, 2, 2, 2, 0, 0, 1, 1 ], [ 1, 1, 1, 1, 1, 1, 1, 1, 0, 1 ] ]
CLASS n=5 order=3 size=145258080 fixed=-1 real=true M=
[ [ 1, 2, 1, 2, 1, 2, 2, 0, 1, 2 ], [ 1, 1, 2, 0, 1, 1, 1, 0, 1, 0 ], 
  [ 0, 2, 2, 2, 1, 2, 2, 0, 1, 2 ], [ 2, 2, 2, 0, 0, 1, 1, 0, 0, 2 ], 
  [ 2, 2, 2, 2, 1, 1, 1, 0, 0, 2 ], [ 1, 2, 0, 2, 2, 1, 0, 0, 2, 2 ], 
  [ 0, 0, 0, 0, 0, 0, 1, 0, 0, 0 ], [ 1, 1, 1, 1, 0, 2, 2, 1, 0, 1 ], 
  [ 0, 2, 1, 2, 1, 2, 2, 0, 2, 2 ], [ 1, 2, 0, 2, 2, 0, 0, 0, 2, 0 ] ]
CLASS n=5 order=4 size=1280278007754225480 fixed=-1 real=true M=
[ [ 1, 1, 1, 2, 1, 2, 1, 1, 0, 2 ], [ 2, 2, 0, 0, 2, 1, 2, 0, 0, 1 ], 
  [ 2, 2, 0, 0, 1, 2, 0, 2, 1, 1 ], [ 1, 2, 0, 2, 0, 1, 2, 2, 2, 1 ], 
  [ 0, 2, 0, 1, 2, 2, 1, 2, 1, 1 ], [ 2, 2, 0, 0, 0, 0, 0, 2, 1, 1 ], 
  [ 2, 1, 1, 2, 1, 2, 0, 1, 0, 2 ], [ 2, 0, 0, 0, 2, 1, 0, 2, 0, 1 ], 
  [ 2, 2, 2, 1, 2, 1, 0, 2, 1, 1 ], [ 0, 1, 2, 0, 0, 0, 2, 1, 1, 0 ] ]
CLASS n=5 order=6 size=7024845035688480 fixed=-1 real=true M=
[ [ 0, 1, 2, 1, 2, 1, 1, 0, 0, 1 ], [ 2, 0, 1, 1, 2, 1, 0, 2, 0, 1 ], 
  [ 1, 1, 2, 1, 1, 0, 1, 0, 1, 1 ], [ 1, 1, 1, 1, 0, 1, 1, 0, 2, 1 ], 
  [ 0, 1, 0, 2, 0, 2, 0, 0, 2, 1 ], [ 2, 1, 0, 0, 1, 0, 2, 0, 0, 1 ], 
  [ 2, 0, 0, 0, 0, 0, 1, 0, 1, 0 ], [ 1, 2, 0, 2, 1, 2, 1, 1, 1, 2 ], 
  [ 1, 1, 2, 1, 2, 1, 1, 0, 2, 1 ], [ 1, 2, 1, 0, 2, 2, 2, 1, 1, 1 ] ]
CLASS n=5 order=8 size=92180016558304234560 fixed=-1 real=true M=
[ [ 2, 2, 0, 1, 2, 0, 2, 2, 2, 2 ], [ 2, 0, 2, 0, 1, 1, 0, 2, 0, 2 ], 
  [ 0, 1, 1, 1, 0, 0, 1, 1, 1, 2 ], [ 1, 1, 1, 2, 0, 2, 2, 1, 2, 0 ], 
  [ 2, 2, 1, 2, 2, 1, 2, 2, 0, 1 ], [ 2, 2, 0, 1, 0, 0, 1, 2, 2, 1 ], 
  [ 1, 2, 0, 1, 2, 0, 0, 2, 2, 2 ], [ 2, 2, 0, 2, 0, 0, 1, 0, 0, 1 ], 
  [ 0, 2, 2, 2, 1, 0, 0, 2, 2, 2 ], [ 2, 1, 0, 2, 2, 2, 1, 1, 2, 1 ] ]
CLASS n=5 order=12 size=307266721861014115200 fixed=-1 real=true M=
[ [ 1, 0, 2, 1, 2, 1, 2, 1, 0, 1 ], [ 0, 2, 0, 1, 0, 1, 0, 1, 1, 1 ], 
  [ 0, 1, 2, 2, 1, 0, 2, 2, 1, 0 ], [ 2, 1, 2, 2, 0, 1, 1, 2, 2, 0 ], 
  [ 1, 1, 1, 1, 0, 0, 0, 2, 0, 0 ], [ 0, 1, 0, 1, 2, 1, 2, 2, 2, 0 ], 
  [ 0, 1, 1, 2, 1, 2, 1, 1, 2, 2 ], [ 0, 0, 0, 1, 0, 1, 2, 0, 2, 1 ], 
  [ 2, 1, 0, 0, 0, 0, 1, 2, 1, 0 ], [ 1, 2, 2, 1, 0, 2, 0, 0, 0, 1 ] ]
CLASS n=5 order=24 size=22123203973993016294400 fixed=-1 real=true M=
[ [ 2, 2, 2, 2, 0, 0, 2, 1, 0, 2 ], [ 2, 0, 1, 1, 1, 2, 1, 2, 2, 2 ], 
  [ 1, 2, 1, 2, 0, 2, 2, 1, 2, 0 ], [ 1, 0, 0, 1, 0, 0, 1, 2, 0, 1 ], 
  [ 2, 1, 1, 2, 1, 0, 0, 0, 0, 1 ], [ 0, 2, 0, 0, 1, 2, 2, 1, 2, 0 ], 
  [ 1, 1, 0, 1, 1, 2, 2, 1, 1, 1 ], [ 1, 2, 0, 1, 2, 0, 1, 1, 1, 1 ], 
  [ 0, 2, 0, 0, 1, 2, 0, 1, 0, 2 ], [ 2, 0, 0, 2, 1, 2, 0, 2, 2, 0 ] ]
CLASS n=5 order=6 size=158839710480 fixed=-1 real=false M=
[ [ 2, 1, 1, 1, 0, 2, 2, 0, 0, 1 ], [ 0, 2, 1, 2, 0, 1, 1, 0, 1, 1 ], 
  [ 2, 1, 1, 1, 1, 0, 0, 0, 1, 1 ], [ 2, 0, 2, 0, 1, 2, 2, 0, 0, 0 ], 
  [ 1, 0, 0, 2, 1, 1, 1, 0, 2, 0 ], [ 0, 2, 0, 0, 2, 0, 2, 0, 0, 2 ], 
  [ 0, 0, 0, 0, 0, 0, 1, 0, 0, 0 ], [ 2, 0, 0, 1, 0, 2, 2, 1, 1, 0 ], 
  [ 1, 1, 1, 1, 0, 2, 2, 0, 1, 1 ], [ 2, 2, 1, 0, 1, 1, 1, 0, 2, 0 ] ]
CLASS n=5 order=6 size=158839710480 fixed=-1 real=false M=
[ [ 2, 2, 0, 2, 2, 0, 0, 0, 2, 2 ], [ 0, 2, 1, 2, 0, 1, 1, 0, 1, 1 ], 
  [ 2, 2, 0, 2, 0, 1, 1, 0, 0, 2 ], [ 2, 1, 1, 1, 0, 0, 0, 0, 2, 1 ], 
  [ 1, 1, 2, 0, 0, 2, 2, 0, 1, 1 ], [ 0, 0, 2, 1, 1, 1, 0, 0, 2, 0 ], 
  [ 0, 0, 0, 0, 0, 0, 1, 0, 0, 0 ], [ 2, 2, 1, 0, 1, 1, 1, 1, 2, 2 ], 
  [ 1, 2, 0, 2, 2, 0, 0, 0, 0, 2 ], [ 2, 0, 0, 1, 0, 2, 2, 0, 1, 1 ] ]
CLASS n=5 order=5 size=1667435744734848 fixed=-1 real=true M=
[ [ 0, 1, 0, 0, 2, 0, 2, 1, 0, 0 ], [ 2, 0, 1, 2, 1, 1, 0, 2, 0, 1 ], 
  [ 0, 0, 2, 1, 0, 2, 2, 2, 1, 0 ], [ 0, 0, 0, 2, 2, 1, 0, 2, 1, 0 ], 
  [ 0, 2, 0, 1, 0, 0, 1, 2, 0, 2 ], [ 2, 2, 2, 1, 0, 2, 2, 0, 2, 1 ], 
  [ 2, 2, 0, 1, 1, 2, 2, 0, 2, 1 ], [ 2, 1, 0, 2, 0, 2, 2, 0, 2, 0 ], 
  [ 0, 2, 2, 1, 1, 2, 2, 2, 1, 2 ], [ 0, 1, 0, 1, 2, 2, 2, 2, 2, 2 ] ]
CLASS n=5 order=6 size=86726481922080 fixed=-1 real=true M=
[ [ 1, 2, 2, 2, 1, 2, 2, 0, 2, 0 ], [ 2, 0, 0, 0, 0, 2, 1, 2, 0, 1 ], 
  [ 2, 1, 0, 2, 1, 1, 0, 2, 2, 1 ], [ 1, 0, 1, 0, 2, 2, 1, 2, 2, 1 ], 
  [ 2, 0, 0, 1, 2, 1, 2, 1, 2, 0 ], [ 1, 2, 0, 1, 1, 1, 0, 0, 2, 1 ], 
  [ 2, 0, 2, 1, 0, 2, 0, 0, 0, 2 ], [ 2, 0, 1, 1, 2, 0, 2, 0, 1, 1 ], 
  [ 2, 1, 0, 2, 0, 2, 0, 1, 0, 2 ], [ 0, 1, 2, 1, 2, 1, 1, 0, 2, 2 ] ]
CLASS n=5 order=10 size=12290668874440564608 fixed=-1 real=true M=
[ [ 1, 0, 2, 2, 0, 1, 0, 1, 2, 0 ], [ 0, 0, 1, 1, 1, 0, 0, 2, 1, 1 ], 
  [ 1, 2, 2, 2, 1, 2, 2, 0, 0, 2 ], [ 1, 2, 2, 0, 2, 0, 0, 0, 0, 2 ], 
  [ 2, 1, 2, 2, 2, 2, 1, 2, 1, 1 ], [ 1, 0, 0, 0, 1, 2, 1, 2, 1, 1 ], 
  [ 2, 0, 0, 2, 0, 1, 2, 2, 1, 2 ], [ 2, 0, 2, 2, 0, 2, 2, 0, 2, 1 ], 
  [ 2, 1, 0, 2, 2, 0, 2, 2, 2, 1 ], [ 1, 0, 0, 1, 0, 2, 0, 1, 2, 2 ] ]
CLASS n=5 order=15 size=36416796665009080320 fixed=-1 real=true M=
[ [ 1, 2, 2, 2, 1, 2, 0, 0, 2, 0 ], [ 2, 1, 0, 2, 0, 0, 0, 0, 2, 0 ], 
  [ 1, 0, 1, 0, 2, 2, 1, 2, 0, 0 ], [ 2, 0, 2, 0, 0, 2, 2, 1, 2, 0 ], 
  [ 1, 1, 1, 2, 2, 2, 2, 1, 1, 2 ], [ 2, 2, 0, 0, 0, 1, 2, 0, 2, 2 ], 
  [ 0, 2, 1, 2, 2, 2, 1, 1, 1, 2 ], [ 1, 1, 1, 2, 2, 2, 0, 0, 1, 2 ], 
  [ 0, 0, 1, 2, 0, 2, 0, 0, 1, 1 ], [ 2, 0, 2, 1, 1, 2, 2, 1, 0, 0 ] ]
CLASS n=5 order=12 size=252894421284785280 fixed=-1 real=false M=
[ [ 0, 1, 2, 2, 2, 2, 2, 2, 1, 1 ], [ 2, 2, 2, 2, 1, 1, 0, 2, 2, 1 ], 
  [ 1, 2, 2, 1, 0, 0, 2, 1, 0, 2 ], [ 0, 1, 1, 2, 0, 2, 0, 0, 0, 0 ], 
  [ 0, 0, 2, 0, 1, 2, 2, 2, 0, 2 ], [ 2, 0, 2, 1, 2, 0, 1, 1, 0, 2 ], 
  [ 0, 2, 2, 2, 2, 1, 0, 1, 0, 0 ], [ 0, 2, 1, 2, 0, 1, 0, 1, 2, 2 ], 
  [ 1, 1, 0, 0, 1, 2, 1, 1, 0, 2 ], [ 1, 0, 1, 2, 1, 2, 0, 0, 2, 2 ] ]
CLASS n=5 order=12 size=252894421284785280 fixed=-1 real=false M=
[ [ 1, 1, 2, 1, 2, 0, 0, 2, 0, 1 ], [ 0, 1, 0, 0, 2, 1, 0, 2, 2, 0 ], 
  [ 0, 1, 0, 1, 1, 1, 0, 1, 2, 1 ], [ 1, 1, 1, 1, 0, 0, 1, 0, 2, 0 ], 
  [ 0, 1, 1, 1, 0, 0, 0, 2, 2, 0 ], [ 0, 0, 2, 0, 2, 1, 2, 1, 2, 2 ], 
  [ 0, 2, 2, 2, 2, 1, 0, 1, 0, 0 ], [ 0, 1, 2, 1, 1, 0, 2, 1, 0, 1 ], 
  [ 2, 1, 0, 2, 1, 0, 2, 1, 2, 2 ], [ 1, 1, 0, 0, 0, 0, 1, 0, 1, 0 ] ]
CLASS n=5 order=20 size=6636961192197904888320 fixed=-1 real=true M=
[ [ 1, 2, 2, 0, 1, 1, 2, 1, 0, 0 ], [ 0, 2, 2, 1, 0, 0, 2, 1, 1, 0 ], 
  [ 0, 0, 2, 2, 0, 0, 1, 0, 1, 2 ], [ 2, 1, 1, 1, 1, 0, 0, 1, 2, 1 ], 
  [ 1, 1, 1, 1, 0, 1, 2, 0, 0, 0 ], [ 1, 2, 2, 1, 2, 2, 2, 0, 1, 1 ], 
  [ 2, 0, 1, 0, 2, 1, 0, 1, 1, 0 ], [ 0, 0, 2, 0, 2, 1, 0, 2, 1, 1 ], 
  [ 0, 1, 0, 0, 0, 0, 0, 1, 1, 1 ], [ 2, 1, 2, 1, 0, 2, 0, 1, 2, 2 ] ]
CLASS n=5 order=30 size=2949760529865735505920 fixed=-1 real=true M=
[ [ 1, 1, 0, 1, 2, 0, 1, 2, 2, 1 ], [ 0, 0, 0, 2, 0, 0, 2, 2, 0, 0 ], 
  [ 0, 2, 2, 1, 2, 2, 0, 2, 1, 2 ], [ 0, 1, 1, 2, 1, 2, 1, 2, 1, 0 ], 
  [ 1, 0, 1, 0, 0, 1, 2, 0, 2, 0 ], [ 1, 0, 0, 1, 1, 0, 0, 0, 0, 2 ], 
  [ 2, 1, 1, 1, 2, 2, 2, 0, 1, 0 ], [ 2, 0, 1, 1, 0, 2, 0, 1, 2, 0 ], 
  [ 2, 1, 0, 0, 1, 1, 0, 0, 1, 0 ], [ 0, 0, 2, 0, 0, 2, 2, 1, 0, 2 ] ]
CLASS n=5 order=60 size=106191379075166478213120 fixed=-1 real=false M=
[ [ 0, 1, 0, 1, 2, 0, 2, 0, 2, 0 ], [ 0, 2, 0, 0, 2, 2, 2, 2, 0, 1 ], 
  [ 0, 2, 2, 0, 1, 0, 0, 2, 2, 2 ], [ 0, 2, 0, 1, 1, 2, 1, 1, 2, 0 ], 
  [ 0, 0, 2, 0, 2, 2, 0, 0, 0, 2 ], [ 2, 0, 0, 2, 0, 0, 1, 0, 0, 1 ], 
  [ 0, 2, 0, 0, 2, 0, 2, 0, 1, 0 ], [ 0, 0, 1, 1, 0, 1, 1, 1, 2, 0 ], 
  [ 1, 0, 1, 2, 1, 2, 2, 2, 0, 0 ], [ 2, 1, 0, 1, 0, 2, 1, 1, 0, 1 ] ]
CLASS n=5 order=60 size=106191379075166478213120 fixed=-1 real=false M=
[ [ 1, 2, 0, 1, 1, 1, 2, 0, 0, 0 ], [ 1, 0, 1, 1, 2, 1, 1, 1, 0, 1 ], 
  [ 2, 0, 2, 0, 0, 1, 1, 1, 0, 0 ], [ 1, 1, 0, 1, 2, 2, 0, 2, 0, 0 ], 
  [ 0, 1, 0, 1, 0, 2, 1, 0, 2, 2 ], [ 2, 0, 0, 0, 0, 1, 0, 0, 2, 2 ], 
  [ 0, 1, 0, 0, 1, 0, 1, 0, 2, 0 ], [ 0, 2, 0, 1, 1, 1, 1, 2, 2, 2 ], 
  [ 0, 0, 2, 0, 2, 2, 2, 1, 2, 0 ], [ 1, 0, 2, 0, 2, 2, 0, 2, 2, 0 ] ]
CLASS n=5 order=15 size=606946611083484672 fixed=-1 real=false M=
[ [ 1, 1, 0, 1, 2, 1, 2, 0, 0, 2 ], [ 2, 1, 0, 2, 0, 0, 0, 0, 2, 0 ], 
  [ 1, 2, 2, 2, 0, 1, 0, 2, 1, 2 ], [ 2, 2, 0, 2, 1, 1, 1, 1, 0, 2 ], 
  [ 1, 0, 2, 1, 0, 1, 1, 1, 2, 1 ], [ 2, 1, 1, 2, 1, 0, 1, 0, 0, 1 ], 
  [ 0, 2, 1, 2, 2, 2, 1, 1, 1, 2 ], [ 1, 2, 0, 0, 1, 0, 1, 0, 0, 0 ], 
  [ 0, 2, 2, 1, 1, 1, 2, 0, 2, 0 ], [ 2, 2, 0, 0, 2, 1, 1, 1, 1, 2 ] ]
CLASS n=5 order=15 size=606946611083484672 fixed=-1 real=false M=
[ [ 0, 1, 1, 0, 2, 2, 1, 0, 0, 0 ], [ 2, 1, 1, 2, 1, 0, 0, 0, 1, 2 ], 
  [ 1, 2, 0, 0, 2, 2, 0, 1, 2, 2 ], [ 2, 0, 1, 2, 0, 2, 2, 2, 0, 0 ], 
  [ 2, 0, 1, 2, 0, 2, 2, 2, 1, 2 ], [ 2, 1, 0, 2, 0, 0, 2, 0, 0, 1 ], 
  [ 0, 1, 2, 1, 1, 1, 2, 2, 2, 1 ], [ 2, 1, 0, 0, 2, 0, 2, 0, 0, 0 ], 
  [ 1, 0, 2, 0, 0, 2, 1, 0, 1, 2 ], [ 1, 1, 0, 0, 1, 2, 2, 2, 2, 1 ] ]
CLASS n=5 order=12 size=63223605321196320 fixed=-1 real=false M=
[ [ 0, 0, 0, 2, 0, 2, 2, 1, 1, 0 ], [ 1, 1, 1, 1, 2, 2, 0, 1, 1, 2 ], 
  [ 2, 2, 0, 0, 2, 1, 2, 2, 2, 2 ], [ 0, 0, 1, 2, 2, 2, 1, 0, 2, 1 ], 
  [ 0, 1, 0, 1, 1, 2, 2, 1, 2, 2 ], [ 1, 1, 0, 0, 0, 1, 0, 2, 2, 2 ], 
  [ 0, 1, 1, 1, 1, 2, 0, 2, 0, 0 ], [ 0, 0, 0, 0, 1, 1, 2, 2, 2, 0 ], 
  [ 2, 0, 2, 1, 1, 2, 0, 2, 2, 2 ], [ 2, 1, 1, 2, 1, 2, 1, 0, 0, 2 ] ]
CLASS n=5 order=12 size=63223605321196320 fixed=-1 real=false M=
[ [ 2, 1, 2, 1, 2, 2, 2, 1, 1, 1 ], [ 0, 2, 0, 0, 1, 2, 0, 1, 1, 0 ], 
  [ 0, 1, 1, 1, 0, 1, 2, 2, 2, 1 ], [ 2, 1, 0, 1, 1, 2, 1, 0, 2, 2 ], 
  [ 0, 1, 0, 1, 1, 2, 2, 1, 2, 2 ], [ 0, 2, 2, 2, 2, 1, 0, 2, 2, 0 ], 
  [ 0, 1, 1, 1, 1, 2, 0, 2, 0, 0 ], [ 0, 0, 0, 0, 1, 1, 2, 2, 2, 0 ], 
  [ 1, 1, 1, 0, 0, 2, 0, 2, 2, 0 ], [ 2, 1, 1, 2, 1, 2, 1, 0, 0, 2 ] ]
CLASS n=5 order=30 size=491626754977622584320 fixed=-1 real=false M=
[ [ 1, 0, 1, 0, 0, 2, 0, 2, 0, 0 ], [ 0, 0, 0, 2, 0, 0, 2, 2, 0, 0 ], 
  [ 0, 1, 0, 0, 0, 1, 2, 2, 2, 1 ], [ 0, 0, 2, 1, 2, 1, 0, 2, 2, 2 ], 
  [ 1, 2, 2, 2, 1, 0, 1, 0, 0, 2 ], [ 1, 2, 1, 0, 2, 2, 2, 0, 1, 1 ], 
  [ 2, 1, 1, 1, 2, 2, 2, 0, 1, 0 ], [ 2, 1, 0, 2, 2, 0, 1, 1, 1, 1 ], 
  [ 2, 0, 1, 2, 2, 0, 2, 0, 2, 2 ], [ 0, 2, 0, 2, 1, 1, 1, 1, 1, 1 ] ]
CLASS n=5 order=30 size=491626754977622584320 fixed=-1 real=false M=
[ [ 0, 2, 0, 1, 1, 1, 0, 1, 0, 2 ], [ 1, 2, 1, 2, 1, 0, 1, 1, 0, 2 ], 
  [ 2, 0, 2, 2, 2, 2, 1, 1, 1, 0 ], [ 1, 2, 2, 0, 2, 2, 0, 1, 1, 0 ], 
  [ 2, 1, 1, 1, 2, 0, 2, 0, 0, 1 ], [ 0, 0, 0, 1, 2, 1, 1, 0, 2, 1 ], 
  [ 1, 2, 2, 2, 1, 1, 1, 0, 2, 0 ], [ 1, 2, 0, 1, 1, 0, 2, 2, 2, 2 ], 
  [ 2, 2, 0, 2, 2, 0, 1, 0, 1, 0 ], [ 0, 1, 0, 1, 2, 2, 2, 2, 2, 2 ] ]
CLASS n=5 order=60 size=26547844768791619553280 fixed=-1 real=false M=
[ [ 0, 1, 1, 1, 2, 2, 0, 0, 2, 2 ], [ 0, 1, 0, 0, 1, 1, 1, 1, 0, 2 ], 
  [ 0, 0, 2, 2, 0, 2, 2, 1, 2, 0 ], [ 0, 0, 1, 1, 0, 0, 1, 2, 2, 2 ], 
  [ 0, 2, 2, 2, 2, 0, 2, 0, 1, 0 ], [ 1, 2, 1, 0, 1, 2, 1, 0, 1, 1 ], 
  [ 0, 1, 0, 0, 1, 0, 1, 0, 2, 0 ], [ 0, 1, 1, 0, 2, 0, 0, 2, 0, 1 ], 
  [ 2, 2, 0, 0, 0, 0, 0, 1, 1, 2 ], [ 1, 1, 1, 1, 1, 0, 1, 2, 1, 1 ] ]
CLASS n=5 order=60 size=26547844768791619553280 fixed=-1 real=false M=
[ [ 1, 0, 2, 2, 0, 2, 0, 0, 2, 1 ], [ 1, 0, 1, 1, 2, 1, 1, 1, 0, 1 ], 
  [ 2, 1, 1, 1, 2, 2, 2, 1, 2, 1 ], [ 1, 2, 2, 2, 1, 0, 1, 2, 2, 1 ], 
  [ 0, 2, 2, 2, 2, 0, 2, 0, 1, 0 ], [ 2, 1, 2, 1, 2, 2, 1, 0, 1, 0 ], 
  [ 0, 1, 0, 0, 1, 0, 1, 0, 2, 0 ], [ 0, 1, 1, 0, 2, 0, 0, 2, 0, 1 ], 
  [ 0, 1, 1, 1, 1, 0, 0, 1, 1, 1 ], [ 1, 1, 1, 1, 1, 0, 1, 2, 1, 1 ] ]
CLASS n=5 order=4 size=7112655598634586 fixed=-1 real=true M=
[ [ 1, 2, 0, 0, 1, 2, 1, 1, 0, 2 ], [ 2, 0, 2, 1, 2, 1, 1, 0, 0, 1 ], 
  [ 0, 0, 1, 2, 1, 0, 2, 1, 0, 2 ], [ 1, 1, 2, 2, 0, 1, 1, 2, 2, 2 ], 
  [ 2, 1, 2, 2, 0, 2, 2, 2, 1, 1 ], [ 0, 0, 1, 1, 1, 0, 2, 2, 2, 2 ], 
  [ 2, 1, 0, 2, 1, 1, 1, 2, 0, 2 ], [ 2, 2, 0, 0, 2, 1, 2, 0, 1, 1 ], 
  [ 0, 2, 2, 0, 0, 0, 1, 0, 2, 1 ], [ 0, 0, 1, 0, 1, 1, 2, 0, 0, 2 ] ]
CLASS n=5 order=12 size=569012447890766880 fixed=-1 real=false M=
[ [ 1, 2, 1, 0, 0, 2, 0, 2, 1, 0 ], [ 0, 0, 2, 0, 0, 2, 0, 2, 2, 1 ], 
  [ 1, 0, 2, 1, 1, 1, 0, 1, 0, 0 ], [ 1, 0, 1, 1, 2, 2, 0, 0, 2, 2 ], 
  [ 1, 1, 1, 0, 0, 1, 1, 2, 1, 0 ], [ 1, 1, 0, 1, 2, 0, 1, 1, 2, 0 ], 
  [ 0, 2, 2, 2, 2, 1, 0, 1, 0, 0 ], [ 1, 0, 2, 2, 1, 2, 0, 1, 0, 2 ], 
  [ 0, 0, 2, 1, 2, 2, 0, 1, 1, 0 ], [ 2, 2, 1, 0, 1, 1, 1, 0, 2, 0 ] ]
CLASS n=5 order=12 size=569012447890766880 fixed=-1 real=false M=
[ [ 1, 0, 2, 0, 0, 1, 2, 1, 1, 1 ], [ 1, 1, 1, 0, 0, 1, 1, 1, 2, 1 ], 
  [ 2, 0, 1, 2, 2, 2, 0, 2, 0, 0 ], [ 2, 0, 2, 2, 1, 1, 0, 0, 1, 1 ], 
  [ 2, 2, 2, 0, 0, 2, 2, 1, 2, 0 ], [ 2, 2, 0, 2, 1, 0, 2, 2, 1, 0 ], 
  [ 0, 1, 1, 1, 1, 2, 0, 2, 0, 0 ], [ 0, 1, 1, 1, 2, 1, 1, 2, 1, 0 ], 
  [ 1, 1, 1, 2, 1, 1, 1, 2, 0, 2 ], [ 2, 2, 2, 0, 2, 2, 0, 0, 2, 2 ] ]
CLASS n=5 order=12 size=11380248957815337600 fixed=-1 real=false M=
[ [ 2, 2, 2, 0, 1, 2, 2, 0, 1, 1 ], [ 2, 2, 2, 1, 2, 0, 2, 0, 2, 2 ], 
  [ 1, 2, 1, 0, 1, 1, 0, 2, 1, 2 ], [ 2, 2, 1, 1, 0, 2, 0, 0, 2, 1 ], 
  [ 0, 0, 0, 1, 1, 1, 0, 1, 1, 1 ], [ 2, 2, 1, 1, 2, 2, 2, 1, 2, 0 ], 
  [ 1, 1, 1, 1, 2, 0, 0, 1, 1, 1 ], [ 2, 1, 1, 1, 0, 1, 0, 1, 2, 2 ], 
  [ 0, 2, 1, 0, 0, 1, 0, 2, 0, 0 ], [ 1, 0, 0, 2, 2, 0, 0, 0, 0, 2 ] ]
CLASS n=5 order=12 size=11380248957815337600 fixed=-1 real=false M=
[ [ 0, 1, 2, 2, 0, 0, 0, 2, 0, 1 ], [ 1, 2, 2, 1, 0, 1, 2, 1, 1, 2 ], 
  [ 0, 0, 0, 2, 2, 2, 0, 1, 1, 1 ], [ 2, 0, 0, 1, 0, 1, 0, 0, 0, 2 ], 
  [ 2, 2, 0, 2, 1, 0, 1, 0, 0, 0 ], [ 0, 0, 2, 2, 0, 2, 2, 0, 2, 1 ], 
  [ 1, 1, 2, 2, 0, 1, 1, 0, 0, 0 ], [ 2, 0, 2, 2, 1, 1, 2, 1, 0, 0 ], 
  [ 2, 0, 2, 0, 2, 0, 1, 2, 1, 1 ], [ 2, 2, 2, 2, 2, 2, 2, 2, 0, 0 ] ]
CLASS n=5 order=6 size=12866016548880 fixed=-1 real=false M=
[ [ 1, 2, 2, 1, 1, 0, 2, 1, 2, 1 ], [ 1, 0, 2, 1, 2, 1, 2, 0, 0, 2 ], 
  [ 1, 2, 1, 0, 1, 1, 1, 1, 2, 2 ], [ 1, 2, 0, 1, 1, 1, 1, 1, 2, 2 ], 
  [ 0, 2, 1, 2, 0, 2, 0, 1, 1, 2 ], [ 0, 0, 2, 1, 1, 1, 1, 2, 1, 0 ], 
  [ 2, 1, 1, 2, 1, 0, 2, 2, 2, 0 ], [ 2, 0, 2, 1, 0, 2, 1, 1, 0, 2 ], 
  [ 1, 1, 2, 1, 2, 2, 0, 1, 1, 2 ], [ 1, 0, 1, 2, 0, 0, 2, 1, 1, 0 ] ]
CLASS n=5 order=6 size=12866016548880 fixed=-1 real=false M=
[ [ 0, 1, 2, 1, 0, 1, 0, 2, 0, 2 ], [ 2, 1, 2, 1, 0, 0, 1, 2, 2, 1 ], 
  [ 1, 2, 1, 0, 1, 1, 1, 1, 2, 2 ], [ 1, 2, 0, 1, 1, 1, 1, 1, 2, 2 ], 
  [ 1, 0, 1, 2, 1, 1, 2, 0, 0, 1 ], [ 1, 1, 2, 1, 2, 0, 0, 1, 0, 2 ], 
  [ 0, 2, 1, 2, 2, 2, 1, 1, 1, 2 ], [ 1, 2, 2, 1, 2, 0, 2, 2, 1, 0 ], 
  [ 2, 2, 2, 1, 0, 1, 2, 0, 0, 1 ], [ 0, 2, 1, 2, 2, 1, 0, 2, 2, 1 ] ]
CLASS n=5 order=12 size=4877249553349430400 fixed=-1 real=false M=
[ [ 2, 0, 1, 0, 2, 1, 1, 0, 0, 1 ], [ 2, 2, 1, 0, 2, 1, 2, 2, 2, 0 ], 
  [ 1, 2, 1, 1, 0, 1, 0, 2, 0, 0 ], [ 2, 1, 1, 2, 1, 2, 1, 0, 1, 1 ], 
  [ 1, 2, 2, 0, 0, 0, 2, 2, 0, 2 ], [ 1, 0, 0, 1, 0, 1, 1, 0, 0, 2 ], 
  [ 2, 0, 1, 1, 0, 0, 1, 0, 1, 1 ], [ 2, 0, 0, 1, 2, 2, 2, 1, 1, 0 ], 
  [ 0, 1, 1, 1, 2, 2, 1, 0, 2, 0 ], [ 1, 1, 2, 2, 1, 2, 2, 2, 0, 2 ] ]
CLASS n=5 order=12 size=4877249553349430400 fixed=-1 real=false M=
[ [ 0, 2, 2, 0, 0, 0, 0, 1, 1, 0 ], [ 2, 2, 2, 0, 2, 1, 0, 0, 0, 2 ], 
  [ 2, 1, 2, 2, 0, 2, 0, 1, 0, 0 ], [ 1, 2, 2, 1, 2, 1, 2, 0, 2, 2 ], 
  [ 0, 2, 1, 0, 1, 2, 0, 0, 2, 0 ], [ 0, 1, 0, 2, 1, 1, 1, 2, 2, 0 ], 
  [ 2, 1, 2, 2, 1, 2, 1, 2, 1, 1 ], [ 0, 2, 0, 2, 0, 2, 2, 0, 0, 1 ], 
  [ 1, 0, 2, 2, 2, 0, 1, 2, 0, 2 ], [ 1, 1, 1, 1, 1, 2, 2, 2, 1, 2 ] ]
CLASS n=5 order=3 size=290516160 fixed=-1 real=true M=
[ [ 0, 2, 0, 0, 2, 1, 1, 1, 1, 1 ], [ 0, 2, 2, 1, 1, 0, 0, 0, 0, 2 ], 
  [ 2, 0, 0, 1, 0, 1, 1, 1, 1, 0 ], [ 2, 0, 2, 2, 0, 1, 1, 1, 1, 0 ], 
  [ 0, 1, 2, 1, 2, 0, 0, 0, 0, 2 ], [ 1, 1, 0, 0, 1, 0, 2, 2, 2, 2 ], 
  [ 0, 1, 2, 1, 1, 0, 1, 0, 0, 2 ], [ 0, 2, 1, 2, 2, 0, 0, 1, 0, 1 ], 
  [ 1, 1, 0, 0, 1, 2, 2, 2, 0, 2 ], [ 0, 2, 1, 2, 2, 0, 0, 0, 0, 2 ] ]
CLASS n=5 order=6 size=14049690071376960 fixed=-1 real=true M=
[ [ 2, 2, 0, 2, 1, 1, 0, 1, 1, 1 ], [ 0, 1, 0, 0, 1, 1, 2, 2, 2, 0 ], 
  [ 1, 1, 2, 1, 2, 1, 1, 1, 1, 1 ], [ 1, 0, 2, 1, 0, 2, 2, 0, 0, 0 ], 
  [ 1, 1, 0, 1, 1, 0, 1, 1, 2, 1 ], [ 1, 0, 0, 2, 1, 2, 2, 2, 0, 0 ], 
  [ 2, 1, 1, 1, 1, 2, 1, 0, 2, 0 ], [ 1, 1, 0, 2, 2, 1, 0, 1, 2, 0 ], 
  [ 2, 1, 0, 2, 2, 0, 1, 1, 0, 2 ], [ 1, 2, 2, 2, 1, 2, 1, 2, 0, 2 ] ]
CLASS n=5 order=12 size=7586832638543558400 fixed=-1 real=true M=
[ [ 1, 2, 0, 2, 0, 2, 0, 0, 0, 1 ], [ 1, 0, 2, 1, 0, 2, 2, 0, 2, 1 ], 
  [ 0, 1, 0, 1, 1, 1, 0, 0, 2, 2 ], [ 0, 0, 2, 1, 2, 1, 0, 1, 1, 0 ], 
  [ 0, 2, 1, 1, 2, 0, 1, 1, 2, 2 ], [ 0, 1, 2, 0, 1, 2, 1, 2, 1, 0 ], 
  [ 1, 0, 0, 0, 1, 2, 2, 0, 2, 2 ], [ 1, 1, 1, 0, 1, 1, 2, 1, 1, 2 ], 
  [ 1, 1, 0, 0, 2, 1, 2, 0, 1, 2 ], [ 1, 0, 0, 1, 2, 2, 0, 2, 0, 2 ] ]
CLASS n=5 order=24 size=91041991662522700800 fixed=-1 real=true M=
[ [ 1, 1, 0, 2, 1, 0, 1, 0, 1, 2 ], [ 0, 0, 0, 2, 0, 0, 2, 1, 2, 1 ], 
  [ 1, 0, 0, 1, 2, 1, 0, 0, 2, 1 ], [ 0, 2, 1, 0, 2, 0, 1, 2, 2, 2 ], 
  [ 2, 2, 0, 1, 2, 0, 0, 0, 0, 0 ], [ 2, 2, 1, 1, 1, 1, 0, 2, 2, 0 ], 
  [ 0, 2, 2, 2, 1, 2, 2, 0, 2, 1 ], [ 2, 0, 1, 1, 1, 1, 1, 0, 0, 0 ], 
  [ 2, 1, 2, 1, 1, 2, 2, 1, 2, 0 ], [ 1, 2, 0, 0, 0, 2, 0, 0, 2, 1 ] ]
CLASS n=5 order=9 size=1270717683840 fixed=-1 real=false M=
[ [ 2, 0, 0, 0, 1, 2, 2, 1, 1, 2 ], [ 0, 2, 0, 0, 2, 1, 1, 2, 2, 1 ], 
  [ 1, 1, 2, 1, 0, 1, 1, 0, 1, 0 ], [ 0, 0, 0, 2, 0, 0, 0, 0, 0, 0 ], 
  [ 1, 1, 0, 2, 0, 1, 1, 0, 2, 2 ], [ 0, 0, 0, 1, 1, 2, 0, 0, 1, 2 ], 
  [ 2, 2, 0, 1, 0, 1, 0, 1, 2, 0 ], [ 2, 2, 0, 1, 2, 2, 2, 2, 1, 1 ], 
  [ 0, 0, 0, 1, 1, 0, 0, 0, 0, 2 ], [ 0, 0, 0, 1, 0, 1, 1, 2, 0, 2 ] ]
CLASS n=5 order=9 size=1270717683840 fixed=-1 real=false M=
[ [ 2, 1, 0, 1, 1, 0, 0, 1, 2, 2 ], [ 2, 0, 0, 2, 2, 0, 0, 2, 1, 1 ], 
  [ 0, 0, 1, 1, 2, 2, 2, 1, 2, 1 ], [ 0, 0, 0, 1, 0, 0, 0, 0, 0, 0 ], 
  [ 1, 1, 0, 1, 0, 2, 2, 2, 0, 1 ], [ 1, 1, 0, 0, 0, 1, 0, 1, 1, 0 ], 
  [ 0, 0, 0, 0, 2, 1, 2, 2, 2, 1 ], [ 2, 2, 0, 2, 1, 1, 1, 2, 0, 2 ], 
  [ 1, 1, 0, 0, 0, 0, 0, 1, 2, 0 ], [ 0, 0, 0, 2, 2, 0, 0, 0, 2, 2 ] ]
CLASS n=5 order=12 size=51211120310169019200 fixed=-1 real=false M=
[ [ 0, 2, 0, 1, 2, 2, 2, 0, 0, 1 ], [ 2, 2, 0, 1, 0, 2, 0, 0, 2, 2 ], 
  [ 2, 2, 1, 0, 0, 1, 0, 2, 1, 0 ], [ 1, 0, 0, 0, 2, 0, 2, 0, 0, 0 ], 
  [ 2, 2, 2, 2, 1, 2, 1, 0, 2, 1 ], [ 0, 0, 2, 2, 1, 1, 1, 2, 2, 1 ], 
  [ 0, 0, 1, 2, 1, 1, 2, 2, 0, 0 ], [ 1, 0, 0, 2, 1, 0, 0, 0, 2, 1 ], 
  [ 2, 1, 0, 2, 0, 2, 1, 2, 1, 2 ], [ 2, 0, 2, 2, 1, 1, 1, 2, 1, 2 ] ]
CLASS n=5 order=12 size=51211120310169019200 fixed=-1 real=false M=
[ [ 1, 2, 0, 2, 2, 0, 0, 2, 2, 1 ], [ 0, 0, 0, 2, 2, 2, 1, 1, 2, 2 ], 
  [ 1, 1, 2, 0, 0, 2, 0, 1, 2, 0 ], [ 2, 0, 0, 0, 1, 0, 1, 0, 0, 0 ], 
  [ 0, 0, 1, 1, 1, 2, 0, 1, 2, 0 ], [ 2, 2, 1, 1, 1, 0, 0, 2, 2, 0 ], 
  [ 2, 2, 2, 1, 1, 0, 2, 2, 1, 1 ], [ 0, 1, 0, 1, 0, 2, 2, 2, 0, 1 ], 
  [ 0, 1, 0, 1, 2, 2, 0, 2, 0, 2 ], [ 2, 1, 1, 1, 0, 1, 1, 0, 1, 0 ] ]
CLASS n=5 order=18 size=758683263854355840 fixed=-1 real=false M=
[ [ 2, 2, 0, 2, 0, 2, 0, 0, 1, 1 ], [ 1, 1, 2, 0, 1, 0, 2, 1, 0, 1 ], 
  [ 1, 2, 0, 1, 0, 2, 2, 1, 2, 0 ], [ 1, 0, 0, 0, 0, 2, 2, 1, 1, 0 ], 
  [ 2, 0, 2, 1, 1, 0, 2, 2, 2, 0 ], [ 0, 1, 0, 1, 2, 1, 1, 2, 1, 0 ], 
  [ 0, 2, 1, 0, 1, 0, 1, 0, 1, 1 ], [ 2, 1, 1, 2, 2, 2, 0, 2, 0, 2 ], 
  [ 2, 0, 0, 1, 1, 0, 2, 0, 1, 1 ], [ 0, 1, 2, 2, 1, 0, 1, 0, 1, 2 ] ]
CLASS n=5 order=18 size=758683263854355840 fixed=-1 real=false M=
[ [ 0, 0, 0, 1, 0, 1, 2, 2, 2, 1 ], [ 0, 0, 2, 1, 1, 1, 0, 2, 2, 1 ], 
  [ 0, 1, 0, 2, 1, 2, 2, 0, 2, 2 ], [ 1, 0, 0, 0, 0, 2, 2, 1, 1, 0 ], 
  [ 1, 2, 2, 1, 2, 2, 1, 2, 2, 2 ], [ 0, 1, 0, 0, 2, 0, 0, 0, 1, 0 ], 
  [ 2, 1, 1, 2, 0, 0, 1, 2, 2, 2 ], [ 0, 2, 1, 2, 1, 0, 1, 2, 0, 0 ], 
  [ 2, 0, 0, 0, 1, 2, 1, 1, 1, 1 ], [ 2, 0, 2, 2, 1, 0, 1, 2, 0, 2 ] ]
CLASS n=5 order=36 size=3687200662332169382400 fixed=-1 real=false M=
[ [ 2, 1, 0, 1, 1, 0, 2, 1, 1, 1 ], [ 1, 0, 2, 2, 2, 0, 0, 2, 0, 0 ], 
  [ 2, 0, 0, 1, 2, 2, 0, 1, 0, 1 ], [ 0, 0, 0, 1, 1, 2, 0, 1, 1, 0 ], 
  [ 0, 2, 0, 1, 2, 2, 1, 2, 0, 0 ], [ 0, 2, 1, 1, 0, 1, 2, 1, 0, 2 ], 
  [ 2, 2, 0, 2, 2, 1, 1, 2, 1, 1 ], [ 2, 1, 1, 1, 1, 0, 2, 2, 0, 2 ], 
  [ 2, 2, 0, 1, 2, 2, 1, 0, 0, 0 ], [ 1, 0, 0, 2, 1, 0, 2, 2, 2, 1 ] ]
CLASS n=5 order=36 size=3687200662332169382400 fixed=-1 real=false M=
[ [ 1, 2, 0, 0, 0, 0, 1, 2, 0, 1 ], [ 2, 0, 1, 0, 0, 0, 0, 1, 2, 1 ], 
  [ 2, 1, 0, 1, 0, 1, 0, 0, 0, 0 ], [ 0, 0, 0, 2, 2, 1, 0, 2, 2, 0 ], 
  [ 0, 1, 0, 2, 2, 0, 1, 2, 1, 2 ], [ 2, 0, 2, 0, 2, 1, 0, 2, 1, 2 ], 
  [ 1, 1, 0, 2, 1, 0, 0, 0, 2, 2 ], [ 1, 2, 2, 2, 1, 1, 2, 0, 2, 2 ], 
  [ 0, 0, 0, 0, 0, 0, 1, 0, 1, 1 ], [ 1, 2, 0, 1, 0, 2, 0, 1, 1, 1 ] ]
CLASS n=5 order=6 size=280993801427539200 fixed=-1 real=false M=
[ [ 1, 0, 2, 2, 1, 2, 1, 2, 2, 1 ], [ 0, 2, 1, 2, 1, 2, 0, 2, 0, 2 ], 
  [ 2, 0, 0, 2, 2, 2, 1, 0, 0, 0 ], [ 1, 1, 2, 1, 0, 2, 0, 2, 0, 0 ], 
  [ 2, 2, 1, 1, 1, 0, 1, 0, 0, 1 ], [ 1, 1, 0, 0, 1, 2, 2, 2, 0, 2 ], 
  [ 2, 2, 1, 0, 1, 0, 0, 0, 2, 2 ], [ 1, 1, 0, 0, 2, 0, 1, 2, 2, 1 ], 
  [ 2, 1, 0, 2, 2, 2, 1, 1, 0, 2 ], [ 2, 1, 0, 0, 2, 1, 2, 0, 2, 1 ] ]
CLASS n=5 order=6 size=280993801427539200 fixed=-1 real=false M=
[ [ 1, 0, 2, 0, 2, 2, 2, 2, 2, 1 ], [ 0, 2, 1, 1, 1, 1, 1, 1, 2, 1 ], 
  [ 1, 2, 2, 2, 0, 1, 0, 0, 0, 2 ], [ 1, 1, 2, 0, 0, 2, 0, 2, 0, 0 ], 
  [ 1, 2, 1, 2, 1, 0, 0, 0, 2, 2 ], [ 1, 2, 0, 1, 1, 2, 2, 2, 2, 1 ], 
  [ 1, 2, 1, 0, 1, 0, 1, 0, 0, 1 ], [ 0, 2, 0, 2, 2, 2, 1, 0, 2, 2 ], 
  [ 1, 1, 0, 0, 1, 1, 2, 2, 2, 2 ], [ 0, 1, 0, 0, 0, 0, 2, 1, 2, 0 ] ]
CLASS n=5 order=12 size=273125974987568102400 fixed=-1 real=false M=
[ [ 0, 1, 1, 1, 2, 0, 1, 2, 0, 1 ], [ 0, 1, 1, 1, 1, 0, 2, 0, 1, 0 ], 
  [ 1, 2, 0, 2, 0, 1, 0, 1, 1, 2 ], [ 2, 1, 1, 1, 0, 0, 1, 0, 2, 2 ], 
  [ 1, 2, 2, 1, 2, 2, 0, 2, 1, 2 ], [ 2, 1, 2, 1, 2, 2, 2, 2, 2, 0 ], 
  [ 1, 1, 2, 2, 0, 2, 1, 0, 1, 2 ], [ 2, 0, 2, 2, 2, 2, 2, 1, 2, 1 ], 
  [ 0, 0, 2, 2, 1, 1, 1, 2, 2, 1 ], [ 0, 0, 2, 2, 1, 0, 2, 1, 0, 1 ] ]
CLASS n=5 order=12 size=273125974987568102400 fixed=-1 real=false M=
[ [ 1, 1, 1, 2, 1, 2, 2, 0, 1, 1 ], [ 1, 2, 1, 0, 2, 2, 1, 2, 1, 1 ], 
  [ 0, 1, 1, 1, 2, 1, 1, 1, 2, 0 ], [ 2, 1, 2, 0, 1, 2, 1, 2, 1, 2 ], 
  [ 0, 1, 0, 0, 1, 0, 0, 0, 1, 2 ], [ 0, 1, 0, 1, 2, 2, 0, 2, 0, 2 ], 
  [ 0, 2, 0, 2, 0, 0, 2, 2, 1, 2 ], [ 2, 1, 2, 2, 0, 0, 2, 1, 2, 0 ], 
  [ 0, 0, 2, 2, 0, 2, 1, 1, 0, 1 ], [ 2, 2, 1, 1, 1, 1, 2, 0, 1, 0 ] ]
CLASS n=5 order=4 size=5486905747518109200 fixed=-1 real=true M=
[ [ 2, 1, 2, 2, 2, 0, 1, 2, 0, 1 ], [ 1, 2, 2, 1, 0, 0, 0, 0, 0, 0 ], 
  [ 1, 2, 0, 0, 0, 0, 0, 1, 1, 1 ], [ 0, 0, 1, 2, 0, 1, 1, 0, 2, 1 ], 
  [ 1, 2, 1, 2, 2, 2, 0, 1, 1, 1 ], [ 2, 0, 0, 2, 2, 0, 1, 1, 1, 0 ], 
  [ 2, 1, 2, 1, 0, 0, 2, 1, 1, 0 ], [ 2, 2, 0, 1, 2, 0, 0, 1, 2, 1 ], 
  [ 0, 0, 2, 1, 2, 2, 1, 0, 0, 1 ], [ 0, 1, 1, 0, 0, 1, 1, 1, 1, 1 ] ]
CLASS n=5 order=12 size=2458133774888112921600 fixed=-1 real=false M=
[ [ 1, 0, 1, 2, 1, 2, 0, 1, 0, 0 ], [ 2, 0, 1, 1, 1, 1, 0, 0, 2, 0 ], 
  [ 1, 2, 0, 0, 2, 0, 1, 2, 0, 2 ], [ 1, 2, 1, 2, 2, 0, 1, 2, 1, 0 ], 
  [ 1, 2, 0, 2, 2, 1, 1, 2, 1, 2 ], [ 0, 1, 1, 1, 0, 1, 1, 0, 2, 0 ], 
  [ 1, 1, 1, 0, 1, 0, 0, 0, 1, 0 ], [ 0, 2, 0, 2, 0, 0, 1, 1, 2, 0 ], 
  [ 2, 0, 1, 0, 1, 2, 1, 1, 1, 0 ], [ 2, 2, 2, 2, 0, 0, 0, 0, 2, 1 ] ]
CLASS n=5 order=12 size=2458133774888112921600 fixed=-1 real=false M=
[ [ 2, 1, 1, 1, 1, 1, 1, 2, 2, 0 ], [ 0, 1, 1, 0, 0, 0, 2, 1, 2, 0 ], 
  [ 0, 1, 1, 0, 0, 2, 0, 0, 0, 0 ], [ 0, 0, 2, 2, 2, 2, 1, 0, 2, 1 ], 
  [ 1, 2, 2, 2, 2, 0, 1, 2, 0, 1 ], [ 0, 2, 1, 1, 2, 2, 0, 0, 2, 1 ], 
  [ 1, 0, 1, 1, 0, 1, 2, 1, 0, 0 ], [ 0, 1, 1, 2, 1, 0, 1, 2, 0, 2 ], 
  [ 2, 1, 0, 1, 1, 0, 0, 1, 0, 1 ], [ 2, 2, 1, 1, 1, 2, 2, 2, 0, 1 ] ]
CLASS n=5 order=6 size=154392198586560 fixed=-1 real=true M=
[ [ 2, 0, 2, 1, 0, 1, 0, 1, 0, 1 ], [ 1, 1, 1, 2, 0, 1, 0, 2, 1, 0 ], 
  [ 0, 0, 0, 2, 1, 2, 2, 0, 1, 0 ], [ 2, 1, 2, 0, 1, 2, 2, 2, 0, 1 ], 
  [ 0, 0, 0, 0, 0, 0, 2, 1, 1, 1 ], [ 1, 0, 0, 2, 0, 1, 2, 1, 2, 0 ], 
  [ 0, 2, 0, 1, 1, 0, 2, 0, 0, 2 ], [ 1, 1, 1, 0, 0, 1, 1, 0, 0, 1 ], 
  [ 1, 1, 0, 1, 1, 2, 0, 0, 0, 0 ], [ 0, 1, 0, 2, 0, 0, 2, 1, 1, 1 ] ]
CLASS n=5 order=12 size=175580983920579494400 fixed=-1 real=true M=
[ [ 2, 2, 1, 1, 1, 1, 1, 0, 2, 1 ], [ 1, 0, 0, 0, 1, 0, 2, 0, 1, 1 ], 
  [ 2, 2, 0, 1, 1, 2, 0, 1, 0, 0 ], [ 1, 1, 1, 0, 1, 1, 0, 0, 2, 0 ], 
  [ 1, 2, 1, 1, 0, 0, 1, 2, 2, 2 ], [ 2, 0, 1, 0, 1, 2, 1, 2, 2, 2 ], 
  [ 2, 2, 0, 0, 0, 0, 0, 1, 1, 0 ], [ 0, 2, 0, 2, 0, 1, 2, 0, 2, 2 ], 
  [ 0, 2, 1, 0, 0, 0, 0, 0, 1, 2 ], [ 0, 0, 1, 0, 2, 0, 1, 1, 0, 1 ] ]
CLASS n=5 order=3 size=14275964102400 fixed=-1 real=true M=
[ [ 0, 0, 0, 0, 0, 1, 0, 1, 1, 2 ], [ 0, 2, 2, 1, 0, 2, 0, 2, 0, 1 ], 
  [ 2, 0, 2, 0, 2, 1, 0, 0, 2, 0 ], [ 2, 0, 0, 0, 2, 2, 2, 0, 0, 1 ], 
  [ 1, 1, 1, 1, 2, 1, 0, 2, 1, 1 ], [ 0, 0, 2, 1, 2, 0, 1, 2, 0, 0 ], 
  [ 1, 1, 0, 0, 1, 2, 0, 2, 2, 2 ], [ 0, 0, 2, 0, 1, 0, 0, 2, 2, 2 ], 
  [ 2, 2, 2, 0, 0, 1, 1, 2, 1, 0 ], [ 0, 2, 0, 1, 0, 2, 2, 1, 1, 1 ] ]
CLASS n=5 order=6 size=1685962808565235200 fixed=-1 real=true M=
[ [ 0, 1, 2, 0, 1, 0, 0, 2, 1, 2 ], [ 2, 2, 1, 1, 1, 2, 2, 0, 1, 2 ], 
  [ 1, 1, 0, 2, 2, 0, 2, 2, 1, 0 ], [ 2, 0, 1, 2, 2, 1, 1, 2, 1, 1 ], 
  [ 0, 1, 0, 2, 0, 0, 1, 2, 1, 0 ], [ 1, 0, 2, 1, 0, 2, 1, 1, 1, 1 ], 
  [ 1, 2, 2, 1, 2, 0, 1, 1, 1, 0 ], [ 2, 1, 0, 2, 2, 0, 1, 2, 1, 2 ], 
  [ 2, 1, 2, 0, 0, 0, 2, 2, 1, 2 ], [ 1, 2, 0, 2, 0, 1, 2, 2, 0, 0 ] ]
CLASS n=5 order=12 size=4916267549776225843200 fixed=-1 real=false M=
[ [ 0, 0, 0, 0, 1, 1, 0, 1, 1, 1 ], [ 2, 0, 2, 0, 0, 0, 1, 2, 1, 0 ], 
  [ 2, 1, 2, 1, 2, 1, 2, 0, 0, 0 ], [ 1, 1, 0, 2, 2, 0, 0, 2, 2, 1 ], 
  [ 0, 1, 2, 1, 1, 2, 0, 2, 1, 0 ], [ 1, 1, 2, 2, 0, 0, 1, 0, 1, 2 ], 
  [ 1, 2, 0, 0, 2, 2, 1, 2, 1, 2 ], [ 1, 1, 0, 0, 1, 1, 2, 2, 1, 0 ], 
  [ 1, 2, 0, 2, 0, 0, 2, 1, 2, 1 ], [ 0, 2, 1, 1, 2, 0, 1, 0, 2, 2 ] ]
CLASS n=5 order=12 size=4916267549776225843200 fixed=-1 real=false M=
[ [ 0, 1, 2, 0, 1, 2, 2, 0, 1, 2 ], [ 2, 0, 2, 0, 2, 2, 2, 2, 2, 2 ], 
  [ 2, 0, 2, 2, 1, 1, 0, 1, 0, 0 ], [ 2, 2, 0, 2, 2, 2, 1, 2, 2, 0 ], 
  [ 0, 1, 1, 2, 1, 1, 1, 1, 2, 2 ], [ 1, 0, 1, 0, 0, 2, 0, 0, 2, 0 ], 
  [ 1, 2, 2, 1, 1, 1, 2, 1, 0, 1 ], [ 1, 2, 1, 0, 1, 0, 1, 1, 1, 0 ], 
  [ 2, 0, 2, 0, 2, 1, 1, 2, 2, 2 ], [ 1, 0, 0, 0, 0, 1, 1, 2, 2, 0 ] ]
CLASS n=5 order=9 size=55504948430131200 fixed=-1 real=false M=
[ [ 0, 2, 1, 2, 2, 0, 0, 0, 2, 0 ], [ 1, 0, 0, 2, 1, 0, 0, 0, 1, 2 ], 
  [ 0, 2, 1, 2, 0, 2, 2, 1, 0, 1 ], [ 2, 2, 0, 0, 1, 2, 2, 1, 2, 0 ], 
  [ 1, 2, 2, 1, 1, 1, 2, 2, 1, 0 ], [ 2, 1, 1, 0, 0, 2, 2, 0, 1, 1 ], 
  [ 2, 1, 1, 2, 1, 2, 0, 1, 2, 0 ], [ 0, 0, 2, 1, 2, 1, 0, 1, 1, 2 ], 
  [ 2, 2, 1, 0, 1, 0, 1, 0, 0, 0 ], [ 2, 1, 2, 0, 1, 1, 1, 2, 2, 0 ] ]
CLASS n=5 order=9 size=55504948430131200 fixed=-1 real=false M=
[ [ 0, 1, 2, 1, 1, 1, 0, 2, 1, 1 ], [ 1, 0, 1, 0, 1, 2, 0, 1, 1, 0 ], 
  [ 2, 1, 0, 1, 0, 2, 1, 1, 0, 0 ], [ 0, 1, 0, 1, 2, 2, 1, 1, 1, 1 ], 
  [ 2, 0, 2, 1, 2, 0, 1, 0, 1, 1 ], [ 2, 2, 2, 0, 0, 1, 1, 1, 2, 1 ], 
  [ 1, 0, 1, 2, 0, 0, 1, 0, 2, 2 ], [ 0, 0, 1, 2, 1, 2, 0, 0, 2, 1 ], 
  [ 1, 0, 0, 2, 1, 1, 2, 2, 0, 1 ], [ 2, 2, 1, 0, 2, 1, 2, 2, 1, 0 ] ]
CLASS n=5 order=18 size=13487702468521881600 fixed=-1 real=false M=
[ [ 1, 1, 1, 0, 0, 0, 2, 0, 1, 1 ], [ 1, 1, 1, 0, 1, 1, 0, 1, 0, 2 ], 
  [ 1, 2, 2, 0, 2, 2, 0, 0, 2, 1 ], [ 1, 0, 1, 2, 0, 2, 2, 2, 2, 0 ], 
  [ 1, 1, 0, 2, 0, 0, 2, 2, 0, 0 ], [ 0, 1, 0, 1, 1, 1, 2, 2, 0, 0 ], 
  [ 1, 2, 1, 2, 0, 1, 1, 0, 0, 0 ], [ 1, 2, 2, 0, 2, 2, 1, 1, 0, 0 ], 
  [ 1, 0, 2, 1, 0, 1, 1, 2, 0, 2 ], [ 0, 2, 0, 2, 1, 0, 1, 0, 1, 0 ] ]
CLASS n=5 order=18 size=13487702468521881600 fixed=-1 real=false M=
[ [ 2, 1, 0, 2, 2, 1, 1, 2, 1, 0 ], [ 0, 2, 1, 2, 0, 0, 1, 1, 0, 0 ], 
  [ 0, 0, 1, 0, 2, 2, 0, 2, 1, 1 ], [ 1, 2, 1, 1, 0, 0, 2, 2, 0, 1 ], 
  [ 1, 0, 1, 2, 2, 1, 1, 0, 0, 2 ], [ 1, 0, 0, 1, 1, 0, 2, 0, 1, 0 ], 
  [ 0, 0, 1, 0, 1, 1, 2, 1, 0, 1 ], [ 0, 1, 2, 0, 2, 1, 1, 2, 1, 2 ], 
  [ 0, 1, 0, 1, 0, 1, 0, 2, 0, 0 ], [ 0, 2, 2, 1, 0, 0, 0, 0, 1, 0 ] ]
CLASS n=5 order=4 size=290560446 fixed=-1 real=true M=
[ [ 2, 2, 2, 2, 0, 0, 1, 1, 2, 1 ], [ 1, 0, 2, 2, 0, 0, 1, 1, 2, 1 ], 
  [ 1, 2, 0, 2, 0, 0, 1, 1, 2, 1 ], [ 0, 0, 2, 1, 1, 2, 0, 1, 2, 0 ], 
  [ 2, 1, 2, 1, 0, 1, 2, 1, 2, 2 ], [ 2, 1, 2, 1, 2, 2, 2, 1, 2, 2 ], 
  [ 0, 0, 2, 0, 1, 2, 1, 1, 2, 0 ], [ 1, 2, 2, 2, 0, 0, 1, 2, 2, 1 ], 
  [ 2, 1, 1, 1, 0, 0, 2, 2, 2, 2 ], [ 0, 0, 2, 0, 1, 2, 0, 1, 2, 1 ] ]
CLASS n=5 order=9 size=462541236917760 fixed=-1 real=false M=
[ [ 0, 1, 2, 1, 1, 0, 0, 0, 1, 0 ], [ 2, 0, 2, 0, 1, 0, 2, 0, 2, 2 ], 
  [ 1, 1, 1, 2, 2, 1, 1, 2, 1, 0 ], [ 0, 1, 1, 1, 0, 2, 2, 1, 1, 0 ], 
  [ 2, 1, 0, 2, 1, 1, 2, 2, 1, 0 ], [ 0, 2, 0, 1, 1, 2, 2, 2, 2, 2 ], 
  [ 1, 2, 0, 1, 0, 2, 2, 1, 2, 0 ], [ 2, 0, 2, 2, 2, 1, 2, 0, 0, 2 ], 
  [ 0, 1, 2, 1, 2, 0, 1, 0, 2, 0 ], [ 1, 2, 1, 2, 2, 0, 0, 0, 2, 1 ] ]
CLASS n=5 order=9 size=462541236917760 fixed=-1 real=false M=
[ [ 0, 1, 2, 1, 1, 1, 0, 2, 1, 1 ], [ 1, 0, 0, 2, 0, 2, 2, 1, 1, 1 ], 
  [ 0, 1, 2, 2, 2, 2, 1, 1, 1, 1 ], [ 2, 1, 1, 2, 0, 0, 2, 0, 1, 1 ], 
  [ 2, 0, 1, 1, 1, 2, 2, 1, 0, 1 ], [ 1, 2, 0, 1, 1, 2, 2, 0, 2, 1 ], 
  [ 1, 0, 2, 2, 1, 1, 0, 2, 0, 2 ], [ 2, 0, 2, 2, 2, 1, 2, 1, 0, 2 ], 
  [ 0, 0, 0, 0, 1, 1, 1, 2, 2, 1 ], [ 2, 2, 1, 2, 2, 2, 0, 1, 2, 1 ] ]
CLASS n=5 order=12 size=953038262880 fixed=-1 real=false M=
[ [ 0, 1, 0, 1, 1, 2, 2, 0, 0, 2 ], [ 0, 2, 0, 1, 1, 1, 2, 1, 0, 1 ], 
  [ 2, 1, 1, 1, 1, 2, 2, 0, 0, 2 ], [ 1, 2, 1, 0, 1, 2, 1, 2, 1, 1 ], 
  [ 1, 0, 2, 0, 2, 1, 0, 2, 2, 2 ], [ 0, 0, 2, 0, 1, 0, 0, 1, 2, 0 ], 
  [ 0, 2, 1, 2, 1, 0, 2, 1, 1, 2 ], [ 2, 1, 0, 1, 1, 2, 2, 1, 0, 2 ], 
  [ 2, 2, 0, 2, 2, 0, 1, 1, 1, 0 ], [ 1, 2, 1, 2, 1, 2, 1, 2, 1, 2 ] ]
CLASS n=5 order=12 size=953038262880 fixed=-1 real=false M=
[ [ 0, 2, 0, 2, 2, 1, 1, 0, 0, 1 ], [ 2, 1, 0, 2, 2, 0, 1, 1, 0, 0 ], 
  [ 1, 2, 2, 2, 2, 1, 1, 0, 0, 1 ], [ 2, 1, 2, 0, 2, 1, 2, 1, 2, 2 ], 
  [ 1, 0, 1, 0, 1, 0, 0, 0, 1, 2 ], [ 0, 0, 1, 0, 2, 0, 0, 2, 1, 0 ], 
  [ 1, 1, 2, 1, 2, 2, 1, 0, 2, 0 ], [ 1, 2, 0, 2, 2, 1, 1, 2, 0, 1 ], 
  [ 0, 1, 0, 1, 1, 1, 2, 1, 2, 1 ], [ 2, 1, 2, 1, 2, 1, 2, 1, 2, 1 ] ]
CLASS n=5 order=18 size=3371925617130470400 fixed=-1 real=false M=
[ [ 0, 2, 0, 2, 0, 1, 0, 2, 1, 2 ], [ 0, 0, 2, 1, 1, 2, 1, 1, 1, 1 ], 
  [ 0, 2, 0, 1, 2, 0, 2, 0, 1, 2 ], [ 2, 1, 2, 0, 2, 1, 2, 0, 2, 0 ], 
  [ 1, 1, 0, 0, 2, 0, 0, 2, 1, 0 ], [ 1, 2, 1, 0, 2, 1, 0, 2, 2, 1 ], 
  [ 2, 2, 1, 0, 1, 1, 1, 0, 0, 0 ], [ 1, 0, 0, 1, 2, 1, 1, 0, 2, 1 ], 
  [ 1, 0, 1, 0, 1, 2, 2, 1, 2, 1 ], [ 2, 0, 2, 0, 0, 2, 1, 2, 1, 0 ] ]
CLASS n=5 order=18 size=3371925617130470400 fixed=-1 real=false M=
[ [ 0, 1, 1, 1, 2, 2, 0, 1, 0, 0 ], [ 2, 0, 1, 0, 2, 2, 2, 1, 1, 2 ], 
  [ 1, 1, 0, 2, 0, 0, 1, 0, 0, 0 ], [ 1, 0, 1, 0, 2, 0, 0, 1, 1, 1 ], 
  [ 1, 2, 1, 0, 1, 1, 1, 1, 2, 2 ], [ 2, 0, 1, 2, 1, 2, 1, 1, 0, 1 ], 
  [ 2, 1, 0, 0, 2, 0, 0, 1, 2, 1 ], [ 2, 0, 1, 2, 0, 0, 2, 1, 2, 2 ], 
  [ 0, 1, 0, 1, 1, 1, 1, 2, 0, 0 ], [ 2, 1, 1, 1, 1, 1, 1, 0, 2, 2 ] ]
CLASS n=5 order=36 size=20231553702782822400 fixed=-1 real=false M=
[ [ 1, 0, 1, 0, 1, 0, 1, 1, 0, 1 ], [ 2, 2, 1, 2, 1, 1, 0, 0, 1, 1 ], 
  [ 2, 0, 0, 1, 2, 1, 2, 0, 0, 1 ], [ 0, 1, 0, 1, 1, 1, 2, 2, 0, 0 ], 
  [ 0, 2, 2, 0, 0, 0, 1, 2, 0, 0 ], [ 2, 0, 2, 2, 0, 0, 1, 0, 1, 1 ], 
  [ 2, 2, 2, 1, 1, 0, 2, 0, 1, 2 ], [ 0, 2, 1, 1, 2, 1, 0, 1, 2, 0 ], 
  [ 1, 2, 0, 2, 2, 1, 0, 1, 0, 0 ], [ 1, 2, 0, 2, 0, 2, 0, 1, 1, 1 ] ]
CLASS n=5 order=36 size=20231553702782822400 fixed=-1 real=false M=
[ [ 2, 2, 0, 2, 1, 1, 2, 1, 2, 0 ], [ 2, 1, 1, 0, 0, 0, 1, 2, 2, 1 ], 
  [ 2, 2, 0, 0, 2, 2, 0, 0, 2, 0 ], [ 2, 1, 2, 2, 2, 1, 2, 2, 2, 1 ], 
  [ 2, 2, 2, 0, 2, 2, 0, 2, 1, 0 ], [ 2, 1, 1, 0, 2, 1, 0, 2, 0, 2 ], 
  [ 2, 0, 0, 2, 0, 1, 0, 2, 1, 1 ], [ 1, 1, 0, 0, 2, 1, 1, 0, 1, 1 ], 
  [ 0, 2, 2, 2, 1, 2, 2, 2, 1, 0 ], [ 2, 2, 2, 2, 1, 0, 0, 0, 0, 1 ] ]
CLASS n=5 order=18 size=546251949975136204800 fixed=-1 real=false M=
[ [ 0, 0, 1, 0, 2, 0, 0, 0, 1, 2 ], [ 1, 1, 0, 0, 1, 2, 2, 1, 2, 1 ], 
  [ 2, 0, 2, 0, 1, 2, 0, 2, 2, 0 ], [ 0, 1, 1, 2, 2, 2, 0, 2, 0, 0 ], 
  [ 1, 1, 2, 1, 2, 1, 0, 0, 2, 1 ], [ 2, 2, 0, 1, 1, 2, 2, 0, 2, 2 ], 
  [ 1, 2, 1, 0, 2, 2, 0, 0, 0, 2 ], [ 1, 0, 0, 2, 1, 2, 0, 2, 2, 1 ], 
  [ 1, 2, 1, 2, 0, 0, 1, 2, 1, 0 ], [ 0, 1, 1, 1, 2, 2, 1, 0, 1, 0 ] ]
CLASS n=5 order=18 size=546251949975136204800 fixed=-1 real=false M=
[ [ 2, 0, 2, 0, 1, 1, 0, 2, 2, 2 ], [ 2, 0, 1, 1, 0, 2, 0, 2, 1, 1 ], 
  [ 1, 0, 0, 2, 1, 0, 0, 1, 2, 2 ], [ 0, 2, 2, 2, 1, 1, 1, 2, 1, 1 ], 
  [ 1, 0, 2, 2, 2, 2, 0, 1, 2, 0 ], [ 1, 1, 0, 0, 2, 1, 2, 1, 2, 2 ], 
  [ 2, 0, 0, 2, 2, 2, 2, 1, 2, 2 ], [ 0, 0, 1, 1, 0, 2, 1, 1, 1, 0 ], 
  [ 2, 2, 2, 1, 0, 2, 2, 1, 1, 2 ], [ 0, 2, 0, 1, 2, 0, 2, 1, 1, 1 ] ]
CLASS n=5 order=18 size=2185007799900544819200 fixed=-1 real=false M=
[ [ 0, 1, 2, 1, 2, 2, 2, 0, 2, 0 ], [ 0, 1, 1, 2, 2, 1, 0, 0, 2, 0 ], 
  [ 0, 1, 0, 1, 1, 1, 1, 0, 2, 2 ], [ 1, 0, 1, 1, 0, 2, 1, 2, 1, 2 ], 
  [ 2, 0, 2, 0, 0, 1, 1, 2, 0, 2 ], [ 0, 2, 1, 1, 2, 1, 2, 0, 1, 2 ], 
  [ 2, 2, 1, 1, 2, 1, 1, 0, 1, 0 ], [ 2, 1, 1, 1, 1, 1, 2, 1, 0, 1 ], 
  [ 2, 0, 2, 1, 0, 1, 1, 0, 0, 0 ], [ 0, 0, 2, 1, 1, 1, 2, 2, 1, 1 ] ]
CLASS n=5 order=18 size=2185007799900544819200 fixed=-1 real=false M=
[ [ 2, 1, 0, 1, 1, 0, 2, 2, 0, 0 ], [ 2, 0, 1, 1, 0, 1, 1, 1, 2, 1 ], 
  [ 1, 1, 0, 2, 0, 0, 0, 1, 2, 0 ], [ 0, 1, 0, 2, 0, 2, 0, 1, 2, 0 ], 
  [ 2, 2, 1, 2, 2, 0, 1, 2, 1, 0 ], [ 1, 1, 2, 1, 1, 1, 0, 0, 1, 2 ], 
  [ 0, 0, 1, 2, 0, 0, 0, 2, 2, 1 ], [ 1, 1, 0, 1, 1, 1, 1, 0, 2, 2 ], 
  [ 2, 0, 0, 2, 0, 2, 0, 0, 1, 1 ], [ 1, 1, 1, 1, 1, 1, 0, 1, 1, 1 ] ]
CLASS n=5 order=9 size=161852429622262579200 fixed=-1 real=false M=
[ [ 0, 1, 2, 1, 0, 2, 1, 2, 0, 1 ], [ 1, 2, 0, 2, 0, 2, 2, 1, 2, 2 ], 
  [ 0, 1, 1, 2, 0, 1, 1, 2, 0, 2 ], [ 0, 1, 2, 1, 1, 0, 2, 0, 0, 2 ], 
  [ 0, 0, 2, 2, 0, 2, 0, 0, 2, 1 ], [ 0, 0, 1, 1, 1, 0, 0, 0, 2, 1 ], 
  [ 2, 1, 1, 1, 1, 1, 0, 2, 2, 2 ], [ 2, 2, 0, 1, 1, 2, 0, 2, 0, 0 ], 
  [ 1, 2, 0, 1, 1, 2, 1, 0, 0, 0 ], [ 0, 0, 1, 1, 0, 0, 1, 2, 1, 2 ] ]
CLASS n=5 order=9 size=161852429622262579200 fixed=-1 real=false M=
[ [ 2, 2, 1, 2, 0, 0, 2, 2, 0, 1 ], [ 2, 0, 0, 2, 0, 1, 2, 1, 1, 2 ], 
  [ 2, 2, 0, 0, 0, 1, 0, 2, 1, 0 ], [ 1, 2, 2, 2, 0, 1, 1, 2, 2, 1 ], 
  [ 1, 1, 0, 1, 0, 0, 0, 0, 1, 0 ], [ 1, 0, 0, 1, 0, 2, 0, 2, 0, 2 ], 
  [ 2, 1, 0, 2, 0, 1, 1, 0, 1, 1 ], [ 0, 1, 2, 2, 1, 1, 1, 2, 2, 1 ], 
  [ 2, 2, 0, 1, 2, 0, 2, 0, 0, 0 ], [ 2, 0, 0, 0, 1, 1, 0, 0, 2, 2 ] ]
CLASS n=5 order=18 size=8740031199602179276800 fixed=-1 real=false M=
[ [ 2, 0, 0, 0, 1, 2, 2, 0, 1, 0 ], [ 2, 2, 1, 1, 1, 0, 1, 2, 2, 1 ], 
  [ 2, 0, 2, 0, 2, 1, 2, 0, 0, 0 ], [ 1, 1, 1, 0, 1, 1, 1, 2, 2, 1 ], 
  [ 2, 0, 1, 1, 0, 1, 1, 1, 2, 0 ], [ 0, 1, 0, 2, 2, 2, 1, 2, 1, 2 ], 
  [ 0, 2, 1, 0, 2, 2, 0, 0, 1, 1 ], [ 2, 1, 1, 2, 2, 0, 2, 1, 2, 0 ], 
  [ 0, 2, 1, 0, 2, 0, 1, 2, 1, 2 ], [ 0, 0, 1, 0, 1, 1, 0, 1, 2, 2 ] ]
CLASS n=5 order=18 size=8740031199602179276800 fixed=-1 real=false M=
[ [ 1, 0, 2, 0, 2, 0, 2, 2, 0, 2 ], [ 2, 1, 0, 1, 2, 0, 0, 1, 2, 0 ], 
  [ 1, 0, 1, 1, 2, 2, 2, 2, 0, 0 ], [ 1, 0, 0, 0, 2, 2, 0, 2, 1, 0 ], 
  [ 1, 2, 1, 1, 0, 2, 1, 1, 1, 2 ], [ 1, 2, 0, 0, 1, 0, 1, 1, 1, 2 ], 
  [ 0, 0, 2, 0, 2, 0, 1, 1, 0, 0 ], [ 0, 1, 0, 0, 0, 0, 1, 2, 0, 1 ], 
  [ 0, 0, 0, 2, 2, 1, 0, 0, 0, 2 ], [ 1, 2, 2, 0, 1, 2, 2, 1, 2, 0 ] ]
CLASS n=5 order=6 size=84298140428261760 fixed=-1 real=false M=
[ [ 2, 2, 2, 1, 1, 2, 2, 2, 2, 2 ], [ 2, 1, 0, 1, 0, 0, 1, 0, 2, 2 ], 
  [ 2, 2, 0, 0, 2, 1, 0, 2, 1, 2 ], [ 2, 0, 1, 0, 1, 1, 2, 1, 2, 0 ], 
  [ 0, 1, 0, 0, 2, 1, 2, 1, 1, 1 ], [ 2, 1, 0, 1, 1, 2, 0, 0, 1, 1 ], 
  [ 1, 2, 2, 2, 0, 1, 2, 0, 1, 2 ], [ 1, 0, 2, 1, 1, 2, 2, 0, 0, 0 ], 
  [ 0, 2, 2, 1, 1, 2, 2, 2, 1, 2 ], [ 2, 2, 0, 2, 0, 1, 2, 1, 1, 1 ] ]
CLASS n=5 order=6 size=84298140428261760 fixed=-1 real=false M=
[ [ 1, 1, 0, 1, 1, 2, 0, 1, 2, 1 ], [ 1, 2, 1, 2, 1, 0, 2, 1, 1, 0 ], 
  [ 1, 2, 0, 0, 1, 0, 1, 1, 2, 2 ], [ 0, 2, 2, 0, 0, 0, 1, 2, 0, 2 ], 
  [ 0, 1, 1, 2, 2, 2, 2, 2, 1, 1 ], [ 0, 1, 2, 2, 2, 2, 2, 0, 0, 1 ], 
  [ 0, 1, 1, 1, 0, 2, 0, 0, 1, 1 ], [ 2, 2, 1, 0, 0, 2, 1, 2, 1, 2 ], 
  [ 2, 1, 0, 1, 1, 2, 0, 1, 1, 1 ], [ 1, 2, 1, 1, 2, 1, 0, 1, 2, 1 ] ]
CLASS n=5 order=12 size=45520995831261350400 fixed=-1 real=false M=
[ [ 1, 2, 1, 0, 2, 1, 2, 1, 0, 1 ], [ 0, 1, 0, 2, 2, 0, 0, 1, 2, 2 ], 
  [ 1, 1, 0, 0, 1, 1, 0, 1, 2, 0 ], [ 2, 1, 0, 2, 1, 2, 2, 0, 0, 0 ], 
  [ 0, 0, 2, 0, 1, 2, 0, 2, 1, 1 ], [ 1, 0, 0, 2, 1, 2, 1, 2, 0, 2 ], 
  [ 0, 1, 0, 1, 1, 2, 2, 2, 1, 0 ], [ 0, 0, 2, 1, 2, 1, 1, 2, 1, 1 ], 
  [ 0, 1, 2, 2, 0, 2, 1, 0, 0, 2 ], [ 2, 1, 1, 1, 2, 1, 0, 1, 0, 1 ] ]
CLASS n=5 order=12 size=45520995831261350400 fixed=-1 real=false M=
[ [ 0, 1, 2, 0, 2, 1, 0, 0, 0, 0 ], [ 2, 2, 1, 0, 0, 0, 1, 2, 1, 0 ], 
  [ 0, 1, 0, 0, 0, 0, 1, 0, 0, 0 ], [ 0, 0, 1, 2, 0, 1, 1, 1, 1, 2 ], 
  [ 0, 0, 0, 2, 1, 0, 0, 0, 1, 1 ], [ 2, 0, 2, 0, 2, 2, 0, 2, 2, 2 ], 
  [ 2, 0, 2, 0, 1, 0, 0, 2, 1, 2 ], [ 1, 2, 1, 0, 1, 1, 0, 1, 2, 0 ], 
  [ 2, 0, 0, 2, 0, 2, 2, 2, 0, 1 ], [ 1, 1, 2, 0, 1, 1, 1, 1, 1, 1 ] ]
CLASS n=5 order=18 size=54625194997513620480 fixed=-1 real=false M=
[ [ 1, 0, 2, 1, 1, 2, 0, 1, 2, 0 ], [ 1, 1, 2, 1, 1, 1, 0, 0, 2, 2 ], 
  [ 0, 0, 2, 1, 0, 1, 1, 1, 2, 0 ], [ 1, 1, 2, 0, 2, 2, 2, 2, 0, 1 ], 
  [ 1, 0, 1, 2, 2, 2, 1, 0, 1, 0 ], [ 0, 1, 0, 1, 0, 1, 0, 2, 0, 1 ], 
  [ 2, 0, 1, 2, 0, 1, 1, 1, 1, 0 ], [ 1, 1, 0, 0, 1, 0, 1, 0, 2, 1 ], 
  [ 2, 0, 2, 1, 1, 2, 0, 1, 1, 0 ], [ 0, 0, 0, 1, 2, 1, 0, 2, 1, 2 ] ]
CLASS n=5 order=18 size=54625194997513620480 fixed=-1 real=false M=
[ [ 2, 2, 1, 2, 0, 2, 2, 1, 2, 2 ], [ 1, 1, 1, 1, 1, 2, 1, 0, 2, 0 ], 
  [ 1, 1, 2, 2, 1, 0, 1, 0, 0, 1 ], [ 1, 0, 0, 1, 0, 2, 1, 1, 0, 0 ], 
  [ 0, 1, 0, 0, 1, 2, 2, 0, 0, 1 ], [ 1, 0, 1, 0, 2, 0, 1, 0, 0, 0 ], 
  [ 1, 2, 2, 2, 1, 2, 2, 1, 1, 2 ], [ 0, 1, 2, 1, 2, 2, 1, 0, 1, 1 ], 
  [ 1, 2, 1, 2, 0, 2, 2, 1, 0, 2 ], [ 2, 0, 1, 1, 1, 0, 2, 2, 0, 1 ] ]
CLASS n=5 order=24 size=546251949975136204800 fixed=-1 real=false M=
[ [ 0, 1, 2, 2, 2, 0, 2, 2, 2, 1 ], [ 1, 1, 2, 0, 1, 2, 1, 2, 2, 1 ], 
  [ 1, 2, 0, 0, 1, 2, 1, 1, 2, 1 ], [ 2, 1, 1, 2, 1, 2, 1, 2, 1, 2 ], 
  [ 0, 1, 0, 0, 1, 2, 0, 0, 1, 0 ], [ 1, 2, 0, 0, 2, 2, 1, 2, 1, 1 ], 
  [ 0, 1, 2, 0, 0, 0, 0, 2, 0, 0 ], [ 0, 0, 2, 1, 1, 2, 2, 0, 1, 0 ], 
  [ 0, 0, 2, 0, 2, 2, 0, 1, 0, 2 ], [ 1, 2, 1, 0, 0, 1, 1, 0, 0, 0 ] ]
CLASS n=5 order=24 size=546251949975136204800 fixed=-1 real=false M=
[ [ 1, 0, 0, 1, 1, 0, 0, 2, 1, 0 ], [ 0, 1, 0, 2, 1, 1, 1, 0, 2, 1 ], 
  [ 0, 1, 0, 0, 0, 2, 1, 0, 0, 2 ], [ 0, 0, 1, 1, 0, 2, 0, 0, 1, 2 ], 
  [ 0, 2, 2, 1, 2, 0, 0, 2, 2, 0 ], [ 1, 1, 1, 2, 0, 1, 0, 1, 0, 2 ], 
  [ 1, 0, 2, 1, 0, 2, 2, 1, 0, 1 ], [ 2, 1, 2, 0, 0, 1, 2, 1, 1, 1 ], 
  [ 1, 1, 0, 0, 1, 1, 2, 0, 0, 2 ], [ 0, 1, 1, 1, 1, 2, 1, 0, 2, 0 ] ]
CLASS n=5 order=36 size=29497605298657355059200 fixed=-1 real=false M=
[ [ 1, 2, 0, 2, 1, 0, 2, 0, 2, 1 ], [ 0, 1, 1, 2, 2, 1, 1, 1, 2, 2 ], 
  [ 2, 0, 0, 0, 2, 1, 0, 1, 0, 2 ], [ 1, 0, 1, 2, 2, 1, 1, 2, 2, 2 ], 
  [ 2, 0, 2, 2, 2, 2, 2, 2, 0, 1 ], [ 2, 2, 1, 1, 2, 1, 1, 2, 0, 1 ], 
  [ 2, 2, 1, 2, 0, 0, 1, 1, 0, 1 ], [ 2, 2, 1, 2, 2, 2, 1, 0, 1, 0 ], 
  [ 0, 1, 1, 1, 2, 1, 1, 2, 2, 2 ], [ 1, 2, 1, 1, 1, 0, 0, 2, 0, 2 ] ]
CLASS n=5 order=36 size=29497605298657355059200 fixed=-1 real=false M=
[ [ 2, 0, 1, 2, 0, 0, 2, 0, 1, 1 ], [ 1, 1, 2, 1, 1, 2, 1, 0, 1, 0 ], 
  [ 1, 2, 0, 2, 1, 0, 0, 0, 0, 0 ], [ 1, 0, 2, 0, 2, 1, 1, 2, 1, 1 ], 
  [ 2, 0, 1, 0, 2, 0, 2, 2, 1, 2 ], [ 0, 2, 2, 1, 0, 2, 1, 2, 2, 0 ], 
  [ 0, 1, 1, 2, 2, 1, 0, 0, 1, 2 ], [ 0, 1, 0, 1, 2, 2, 0, 2, 1, 0 ], 
  [ 0, 1, 0, 0, 2, 2, 0, 1, 1, 0 ], [ 0, 2, 0, 0, 1, 1, 1, 0, 0, 2 ] ]
CLASS n=5 order=72 size=353971263583888260710400 fixed=-1 real=false M=
[ [ 0, 1, 1, 0, 1, 2, 1, 1, 1, 0 ], [ 0, 1, 2, 0, 1, 0, 2, 1, 1, 1 ], 
  [ 0, 1, 1, 2, 1, 1, 0, 0, 1, 2 ], [ 2, 1, 0, 2, 2, 1, 2, 1, 1, 1 ], 
  [ 2, 2, 1, 0, 2, 0, 2, 1, 2, 1 ], [ 1, 1, 2, 0, 0, 2, 1, 2, 2, 1 ], 
  [ 2, 1, 1, 2, 1, 2, 0, 0, 1, 0 ], [ 1, 0, 0, 2, 0, 1, 1, 0, 2, 2 ], 
  [ 0, 1, 0, 2, 2, 1, 1, 0, 0, 2 ], [ 2, 2, 0, 2, 2, 2, 1, 2, 2, 1 ] ]
CLASS n=5 order=72 size=353971263583888260710400 fixed=-1 real=false M=
[ [ 2, 1, 1, 1, 0, 0, 0, 0, 0, 0 ], [ 1, 0, 0, 2, 1, 1, 1, 0, 1, 0 ], 
  [ 1, 1, 1, 0, 1, 0, 2, 0, 1, 2 ], [ 1, 0, 2, 0, 1, 2, 1, 0, 0, 0 ], 
  [ 0, 0, 1, 1, 2, 2, 0, 0, 1, 2 ], [ 2, 0, 2, 1, 0, 1, 1, 0, 0, 0 ], 
  [ 0, 0, 2, 2, 0, 1, 2, 1, 2, 2 ], [ 0, 0, 0, 0, 1, 1, 2, 1, 1, 2 ], 
  [ 2, 1, 0, 0, 1, 2, 0, 2, 2, 2 ], [ 1, 2, 1, 1, 0, 1, 1, 1, 0, 1 ] ]
CLASS n=5 order=8 size=15363336093050705760 fixed=-1 real=true M=
[ [ 1, 1, 1, 1, 0, 1, 2, 2, 2, 1 ], [ 1, 2, 1, 1, 1, 0, 1, 2, 2, 2 ], 
  [ 1, 1, 0, 0, 1, 0, 0, 1, 2, 2 ], [ 0, 0, 0, 1, 0, 1, 2, 0, 1, 2 ], 
  [ 2, 1, 2, 2, 2, 2, 1, 0, 2, 2 ], [ 2, 0, 0, 1, 2, 1, 2, 0, 1, 1 ], 
  [ 2, 2, 1, 2, 2, 2, 0, 1, 1, 0 ], [ 0, 2, 2, 1, 0, 2, 0, 1, 1, 2 ], 
  [ 1, 2, 1, 0, 0, 2, 1, 0, 1, 0 ], [ 2, 2, 2, 2, 2, 2, 2, 1, 1, 1 ] ]
CLASS n=5 order=24 size=7374401324664338764800 fixed=-1 real=true M=
[ [ 2, 2, 0, 0, 0, 2, 0, 0, 2, 1 ], [ 0, 1, 0, 2, 2, 1, 0, 1, 2, 1 ], 
  [ 0, 1, 2, 0, 0, 2, 1, 0, 0, 2 ], [ 0, 1, 0, 1, 0, 1, 0, 1, 1, 1 ], 
  [ 2, 2, 2, 0, 1, 2, 2, 1, 0, 1 ], [ 0, 0, 1, 2, 2, 2, 1, 1, 2, 0 ], 
  [ 1, 2, 2, 1, 2, 2, 2, 0, 0, 1 ], [ 0, 0, 1, 1, 1, 1, 1, 1, 2, 2 ], 
  [ 2, 2, 2, 2, 1, 1, 0, 2, 1, 0 ], [ 1, 2, 1, 1, 2, 0, 0, 0, 0, 1 ] ]
CLASS n=5 order=9 size=462541236917760 fixed=-1 real=false M=
[ [ 2, 1, 0, 2, 2, 0, 0, 1, 0, 1 ], [ 0, 1, 0, 0, 2, 1, 1, 2, 2, 1 ], 
  [ 0, 2, 2, 2, 2, 0, 0, 0, 0, 1 ], [ 1, 1, 0, 0, 1, 1, 1, 0, 2, 2 ], 
  [ 1, 0, 1, 0, 0, 1, 1, 0, 1, 1 ], [ 1, 1, 0, 1, 0, 2, 1, 0, 1, 0 ], 
  [ 2, 0, 2, 0, 2, 1, 2, 1, 0, 1 ], [ 2, 0, 2, 0, 1, 2, 2, 1, 2, 2 ], 
  [ 1, 1, 0, 1, 0, 1, 1, 0, 2, 0 ], [ 2, 2, 0, 0, 0, 0, 0, 2, 2, 1 ] ]
CLASS n=5 order=9 size=462541236917760 fixed=-1 real=false M=
[ [ 0, 2, 2, 2, 0, 2, 2, 2, 0, 0 ], [ 2, 0, 1, 0, 0, 0, 0, 2, 0, 0 ], 
  [ 0, 2, 0, 2, 2, 0, 0, 0, 0, 1 ], [ 0, 0, 0, 1, 0, 2, 2, 1, 0, 0 ], 
  [ 1, 2, 2, 0, 0, 2, 2, 2, 1, 2 ], [ 1, 0, 1, 1, 2, 1, 2, 2, 1, 1 ], 
  [ 0, 0, 0, 0, 2, 1, 0, 2, 2, 1 ], [ 2, 1, 1, 0, 2, 1, 1, 0, 2, 1 ], 
  [ 1, 0, 1, 1, 2, 2, 2, 2, 0, 1 ], [ 0, 1, 2, 0, 2, 1, 1, 2, 1, 0 ] ]
CLASS n=5 order=18 size=3034733055417423360 fixed=-1 real=false M=
[ [ 1, 0, 1, 2, 0, 2, 0, 2, 1, 1 ], [ 2, 0, 1, 1, 1, 1, 0, 1, 0, 1 ], 
  [ 1, 0, 2, 1, 2, 0, 0, 0, 0, 1 ], [ 1, 0, 0, 1, 0, 0, 0, 0, 1, 0 ], 
  [ 2, 2, 0, 0, 0, 0, 2, 2, 2, 1 ], [ 0, 2, 2, 0, 2, 0, 0, 0, 0, 0 ], 
  [ 2, 1, 1, 0, 2, 2, 0, 0, 1, 0 ], [ 2, 2, 0, 0, 0, 2, 0, 2, 0, 1 ], 
  [ 2, 1, 2, 0, 1, 2, 1, 1, 0, 1 ], [ 1, 1, 0, 0, 1, 1, 2, 0, 0, 2 ] ]
CLASS n=5 order=18 size=3034733055417423360 fixed=-1 real=false M=
[ [ 1, 1, 0, 0, 0, 0, 1, 1, 0, 1 ], [ 0, 0, 2, 1, 2, 0, 2, 0, 0, 0 ], 
  [ 1, 1, 1, 2, 0, 0, 0, 0, 0, 0 ], [ 2, 1, 0, 2, 1, 0, 0, 1, 0, 2 ], 
  [ 0, 0, 0, 0, 2, 1, 0, 2, 2, 2 ], [ 1, 2, 0, 2, 0, 1, 1, 0, 0, 2 ], 
  [ 0, 0, 0, 0, 2, 2, 0, 1, 1, 0 ], [ 1, 1, 0, 0, 1, 1, 2, 2, 0, 0 ], 
  [ 0, 1, 0, 2, 2, 0, 2, 1, 0, 0 ], [ 1, 2, 2, 0, 1, 1, 2, 0, 2, 2 ] ]
CLASS n=5 order=24 size=614533443722028230400 fixed=-1 real=false M=
[ [ 1, 1, 0, 0, 0, 0, 0, 0, 2, 1 ], [ 1, 0, 2, 2, 0, 0, 2, 1, 0, 1 ], 
  [ 0, 2, 2, 0, 2, 0, 1, 2, 1, 1 ], [ 0, 2, 2, 0, 2, 2, 0, 2, 2, 0 ], 
  [ 1, 2, 1, 0, 2, 2, 2, 0, 1, 0 ], [ 2, 1, 1, 1, 1, 1, 2, 0, 2, 0 ], 
  [ 2, 2, 1, 1, 2, 0, 1, 2, 2, 1 ], [ 0, 2, 0, 1, 2, 2, 2, 1, 1, 1 ], 
  [ 2, 2, 0, 1, 1, 2, 0, 1, 0, 0 ], [ 1, 0, 1, 1, 0, 2, 1, 2, 0, 2 ] ]
CLASS n=5 order=24 size=614533443722028230400 fixed=-1 real=false M=
[ [ 0, 0, 0, 0, 1, 2, 2, 2, 0, 1 ], [ 1, 2, 1, 1, 2, 1, 2, 0, 1, 0 ], 
  [ 0, 1, 1, 0, 1, 0, 2, 1, 2, 2 ], [ 0, 1, 1, 0, 1, 1, 0, 1, 1, 0 ], 
  [ 1, 0, 2, 0, 0, 2, 2, 1, 0, 1 ], [ 0, 1, 2, 2, 1, 0, 2, 1, 2, 1 ], 
  [ 0, 0, 2, 2, 0, 1, 0, 2, 2, 0 ], [ 1, 2, 0, 2, 2, 0, 0, 1, 1, 1 ], 
  [ 0, 0, 0, 2, 1, 2, 1, 0, 1, 1 ], [ 0, 1, 2, 2, 1, 0, 1, 0, 2, 0 ] ]
CLASS n=5 order=36 size=1638755849925408614400 fixed=-1 real=false M=
[ [ 2, 1, 0, 2, 2, 0, 2, 1, 2, 0 ], [ 0, 2, 0, 0, 0, 2, 2, 0, 1, 2 ], 
  [ 2, 0, 1, 1, 0, 0, 1, 1, 2, 0 ], [ 1, 2, 0, 1, 0, 2, 0, 0, 1, 1 ], 
  [ 0, 0, 0, 0, 1, 1, 0, 1, 2, 1 ], [ 1, 0, 1, 2, 1, 1, 2, 2, 2, 1 ], 
  [ 1, 2, 0, 1, 2, 2, 2, 1, 0, 1 ], [ 2, 0, 1, 2, 2, 1, 0, 0, 1, 1 ], 
  [ 0, 0, 0, 2, 0, 2, 1, 1, 2, 2 ], [ 2, 2, 1, 1, 2, 2, 1, 0, 2, 0 ] ]
CLASS n=5 order=36 size=1638755849925408614400 fixed=-1 real=false M=
[ [ 0, 0, 2, 0, 0, 0, 2, 2, 0, 2 ], [ 0, 1, 1, 0, 0, 2, 2, 0, 2, 2 ], 
  [ 2, 1, 0, 2, 1, 0, 1, 1, 2, 2 ], [ 2, 0, 0, 2, 1, 2, 0, 1, 0, 0 ], 
  [ 0, 0, 0, 0, 2, 0, 2, 2, 0, 0 ], [ 1, 2, 2, 1, 1, 0, 1, 0, 0, 1 ], 
  [ 1, 0, 2, 1, 1, 0, 0, 0, 1, 2 ], [ 2, 0, 1, 2, 1, 2, 1, 2, 0, 2 ], 
  [ 0, 2, 1, 1, 0, 1, 0, 2, 0, 2 ], [ 0, 1, 0, 1, 0, 1, 0, 2, 0, 2 ] ]
CLASS n=5 order=72 size=176985631791944130355200 fixed=-1 real=false M=
[ [ 2, 0, 2, 1, 2, 0, 2, 0, 1, 1 ], [ 2, 0, 0, 1, 2, 0, 1, 2, 2, 0 ], 
  [ 1, 2, 1, 2, 1, 1, 2, 1, 1, 2 ], [ 1, 2, 0, 1, 0, 1, 0, 2, 2, 2 ], 
  [ 2, 0, 0, 1, 2, 0, 0, 2, 2, 2 ], [ 1, 1, 2, 0, 0, 2, 0, 1, 2, 2 ], 
  [ 1, 2, 2, 1, 2, 0, 0, 0, 0, 2 ], [ 0, 1, 2, 0, 1, 2, 2, 1, 1, 1 ], 
  [ 1, 2, 1, 0, 0, 1, 1, 2, 2, 2 ], [ 2, 2, 1, 2, 2, 2, 1, 1, 1, 0 ] ]
CLASS n=5 order=72 size=176985631791944130355200 fixed=-1 real=false M=
[ [ 2, 0, 2, 1, 2, 1, 2, 0, 2, 1 ], [ 0, 2, 0, 1, 2, 1, 0, 2, 1, 2 ], 
  [ 0, 0, 1, 2, 1, 1, 0, 1, 1, 2 ], [ 2, 0, 1, 0, 2, 1, 2, 2, 1, 2 ], 
  [ 0, 1, 1, 1, 1, 2, 2, 1, 1, 1 ], [ 0, 1, 0, 1, 1, 1, 0, 0, 2, 0 ], 
  [ 1, 1, 0, 1, 0, 0, 0, 2, 0, 2 ], [ 1, 1, 0, 1, 2, 2, 2, 2, 2, 2 ], 
  [ 0, 0, 1, 1, 1, 2, 2, 2, 2, 0 ], [ 1, 1, 2, 2, 2, 1, 2, 2, 0, 2 ] ]
CLASS n=5 order=18 size=337192561713047040 fixed=-1 real=false M=
[ [ 1, 2, 1, 1, 0, 1, 1, 2, 1, 0 ], [ 0, 1, 1, 0, 0, 2, 2, 2, 1, 0 ], 
  [ 2, 0, 1, 1, 1, 2, 2, 1, 0, 2 ], [ 2, 2, 1, 0, 0, 1, 1, 2, 0, 0 ], 
  [ 2, 0, 0, 2, 1, 1, 1, 2, 2, 0 ], [ 1, 0, 1, 0, 2, 2, 1, 0, 1, 1 ], 
  [ 2, 0, 0, 0, 0, 2, 0, 1, 2, 0 ], [ 1, 0, 0, 1, 0, 2, 2, 2, 1, 0 ], 
  [ 1, 0, 1, 0, 2, 1, 1, 0, 2, 1 ], [ 0, 2, 0, 2, 2, 1, 1, 1, 2, 2 ] ]
CLASS n=5 order=18 size=337192561713047040 fixed=-1 real=false M=
[ [ 0, 0, 1, 0, 1, 2, 2, 2, 0, 2 ], [ 2, 1, 2, 1, 0, 2, 2, 2, 1, 0 ], 
  [ 0, 1, 0, 1, 0, 2, 2, 0, 1, 0 ], [ 1, 2, 1, 2, 1, 0, 0, 0, 0, 2 ], 
  [ 0, 0, 2, 2, 0, 2, 2, 0, 0, 2 ], [ 2, 2, 0, 2, 1, 0, 1, 1, 0, 2 ], 
  [ 0, 1, 1, 1, 2, 0, 2, 2, 0, 1 ], [ 0, 0, 1, 1, 2, 1, 1, 2, 0, 1 ], 
  [ 2, 2, 0, 2, 1, 1, 1, 1, 2, 2 ], [ 2, 0, 0, 0, 2, 0, 0, 0, 1, 0 ] ]
CLASS n=5 order=9 size=26975404937043763200 fixed=-1 real=false M=
[ [ 1, 1, 1, 1, 0, 2, 2, 0, 2, 2 ], [ 2, 2, 1, 1, 1, 1, 0, 1, 0, 2 ], 
  [ 2, 2, 1, 2, 2, 2, 2, 2, 1, 2 ], [ 0, 0, 0, 2, 0, 0, 2, 1, 0, 1 ], 
  [ 2, 0, 2, 2, 2, 2, 0, 1, 1, 0 ], [ 0, 1, 0, 0, 0, 1, 1, 1, 1, 1 ], 
  [ 0, 2, 1, 2, 2, 0, 0, 1, 0, 1 ], [ 2, 2, 1, 2, 1, 0, 2, 0, 2, 1 ], 
  [ 2, 1, 1, 2, 2, 2, 1, 1, 2, 0 ], [ 2, 1, 1, 1, 2, 1, 0, 1, 0, 0 ] ]
CLASS n=5 order=9 size=26975404937043763200 fixed=-1 real=false M=
[ [ 1, 0, 0, 1, 0, 1, 1, 0, 0, 2 ], [ 1, 1, 1, 2, 2, 1, 2, 0, 0, 1 ], 
  [ 1, 0, 1, 2, 2, 0, 2, 0, 0, 0 ], [ 1, 1, 1, 2, 1, 1, 0, 2, 2, 2 ], 
  [ 2, 2, 1, 0, 2, 1, 2, 2, 2, 1 ], [ 2, 0, 2, 2, 2, 2, 1, 2, 2, 2 ], 
  [ 2, 0, 0, 0, 2, 0, 2, 0, 2, 0 ], [ 1, 0, 0, 0, 1, 0, 0, 0, 1, 2 ], 
  [ 1, 2, 0, 0, 2, 2, 1, 0, 0, 2 ], [ 0, 0, 0, 1, 2, 0, 2, 1, 1, 2 ] ]
CLASS n=5 order=9 size=1942229155467150950400 fixed=-1 real=false M=
[ [ 2, 0, 0, 2, 1, 1, 0, 2, 1, 0 ], [ 0, 1, 0, 0, 0, 0, 2, 2, 0, 0 ], 
  [ 1, 2, 2, 2, 2, 1, 0, 2, 2, 1 ], [ 0, 1, 2, 1, 1, 2, 0, 0, 0, 1 ], 
  [ 2, 0, 0, 0, 2, 0, 1, 2, 0, 1 ], [ 0, 2, 2, 2, 2, 2, 1, 1, 0, 2 ], 
  [ 2, 1, 2, 2, 0, 2, 2, 0, 2, 1 ], [ 1, 1, 0, 2, 1, 1, 1, 0, 2, 0 ], 
  [ 1, 1, 1, 0, 2, 2, 0, 2, 2, 0 ], [ 2, 1, 1, 2, 0, 1, 0, 1, 2, 2 ] ]
CLASS n=5 order=9 size=1942229155467150950400 fixed=-1 real=false M=
[ [ 0, 2, 2, 0, 0, 0, 2, 0, 1, 1 ], [ 0, 1, 2, 1, 1, 0, 1, 1, 1, 1 ], 
  [ 1, 0, 2, 2, 2, 2, 0, 1, 0, 2 ], [ 0, 1, 1, 1, 1, 0, 1, 1, 0, 2 ], 
  [ 1, 2, 0, 0, 1, 2, 0, 0, 2, 1 ], [ 2, 2, 2, 0, 0, 0, 1, 2, 0, 0 ], 
  [ 1, 2, 2, 1, 2, 0, 1, 1, 2, 0 ], [ 1, 1, 2, 1, 1, 2, 0, 1, 2, 0 ], 
  [ 1, 1, 1, 0, 1, 0, 1, 2, 1, 2 ], [ 0, 0, 0, 2, 2, 2, 2, 0, 1, 0 ] ]
CLASS n=5 order=18 size=157320561592839226982400 fixed=-1 real=false M=
[ [ 1, 2, 0, 2, 0, 0, 1, 1, 2, 2 ], [ 0, 1, 2, 0, 0, 0, 1, 1, 0, 2 ], 
  [ 2, 2, 1, 0, 2, 2, 1, 2, 1, 1 ], [ 1, 2, 0, 0, 0, 2, 2, 2, 1, 1 ], 
  [ 1, 2, 2, 2, 1, 0, 2, 1, 1, 2 ], [ 2, 2, 0, 1, 1, 1, 1, 2, 2, 1 ], 
  [ 1, 1, 2, 2, 0, 0, 0, 0, 0, 1 ], [ 2, 0, 1, 1, 1, 2, 2, 2, 0, 0 ], 
  [ 0, 1, 0, 0, 1, 2, 0, 2, 1, 1 ], [ 1, 2, 1, 0, 2, 0, 0, 2, 2, 2 ] ]
CLASS n=5 order=18 size=157320561592839226982400 fixed=-1 real=false M=
[ [ 0, 1, 0, 0, 2, 2, 1, 2, 0, 0 ], [ 1, 0, 2, 0, 2, 0, 2, 1, 2, 2 ], 
  [ 2, 0, 0, 0, 0, 2, 2, 2, 1, 1 ], [ 2, 0, 1, 1, 2, 1, 0, 1, 2, 2 ], 
  [ 1, 2, 2, 2, 0, 0, 2, 2, 2, 1 ], [ 2, 2, 1, 0, 1, 1, 2, 0, 2, 1 ], 
  [ 1, 0, 2, 2, 1, 1, 2, 2, 1, 0 ], [ 2, 1, 0, 0, 2, 0, 2, 1, 0, 1 ], 
  [ 0, 0, 1, 0, 0, 1, 0, 1, 1, 2 ], [ 1, 1, 0, 0, 1, 1, 1, 0, 2, 1 ] ]
CLASS n=5 order=9 size=1942229155467150950400 fixed=-1 real=false M=
[ [ 2, 1, 2, 1, 0, 0, 1, 1, 0, 0 ], [ 0, 2, 1, 0, 2, 2, 2, 0, 2, 0 ], 
  [ 1, 1, 1, 0, 0, 0, 1, 1, 0, 0 ], [ 2, 0, 0, 2, 0, 2, 1, 2, 1, 0 ], 
  [ 0, 0, 2, 2, 2, 0, 1, 2, 2, 2 ], [ 0, 2, 0, 1, 1, 1, 0, 0, 1, 1 ], 
  [ 1, 1, 2, 1, 0, 2, 2, 1, 0, 2 ], [ 0, 1, 2, 1, 0, 2, 0, 1, 1, 1 ], 
  [ 1, 2, 1, 2, 2, 0, 0, 0, 0, 2 ], [ 2, 2, 0, 1, 0, 1, 0, 2, 0, 0 ] ]
CLASS n=5 order=9 size=1942229155467150950400 fixed=-1 real=false M=
[ [ 0, 1, 1, 0, 1, 1, 0, 1, 2, 0 ], [ 1, 0, 2, 0, 1, 2, 1, 2, 2, 1 ], 
  [ 2, 0, 1, 0, 1, 0, 0, 2, 0, 0 ], [ 2, 1, 1, 2, 2, 0, 0, 0, 0, 1 ], 
  [ 2, 2, 1, 1, 1, 0, 1, 1, 1, 0 ], [ 1, 2, 1, 1, 0, 1, 0, 0, 1, 1 ], 
  [ 0, 2, 1, 2, 2, 1, 2, 0, 0, 2 ], [ 2, 2, 0, 1, 0, 0, 1, 2, 0, 1 ], 
  [ 1, 2, 0, 1, 1, 2, 2, 1, 2, 2 ], [ 0, 2, 2, 2, 1, 1, 2, 0, 1, 0 ] ]
CLASS n=5 order=9 size=333029690580787200 fixed=-1 real=false M=
[ [ 2, 2, 2, 0, 0, 0, 2, 1, 1, 0 ], [ 0, 0, 2, 1, 1, 0, 0, 1, 1, 0 ], 
  [ 2, 0, 2, 2, 0, 2, 0, 2, 1, 2 ], [ 2, 1, 0, 0, 2, 2, 1, 2, 0, 2 ], 
  [ 2, 1, 0, 0, 1, 2, 0, 2, 2, 1 ], [ 2, 2, 0, 2, 0, 2, 2, 1, 0, 2 ], 
  [ 0, 0, 2, 1, 1, 2, 2, 0, 2, 0 ], [ 2, 2, 0, 1, 2, 2, 2, 1, 1, 1 ], 
  [ 2, 1, 0, 0, 2, 1, 1, 0, 1, 0 ], [ 0, 0, 2, 0, 2, 2, 2, 0, 1, 2 ] ]
CLASS n=5 order=9 size=333029690580787200 fixed=-1 real=false M=
[ [ 0, 1, 1, 0, 2, 2, 2, 0, 0, 2 ], [ 0, 2, 1, 2, 1, 2, 1, 0, 0, 2 ], 
  [ 1, 0, 0, 1, 2, 0, 1, 2, 0, 0 ], [ 1, 2, 0, 2, 0, 0, 0, 2, 1, 0 ], 
  [ 0, 0, 2, 1, 0, 2, 1, 0, 1, 0 ], [ 2, 0, 1, 0, 2, 0, 2, 2, 2, 1 ], 
  [ 1, 2, 2, 1, 0, 0, 2, 1, 1, 2 ], [ 0, 2, 2, 0, 2, 1, 0, 1, 0, 2 ], 
  [ 0, 0, 2, 1, 0, 0, 0, 2, 1, 1 ], [ 2, 1, 0, 1, 1, 0, 1, 1, 1, 2 ] ]
CLASS n=5 order=18 size=242778644433393868800 fixed=-1 real=false M=
[ [ 1, 2, 0, 1, 2, 2, 0, 0, 0, 0 ], [ 2, 2, 1, 2, 1, 0, 2, 2, 1, 1 ], 
  [ 2, 1, 2, 2, 2, 0, 2, 2, 0, 1 ], [ 2, 0, 2, 0, 0, 0, 1, 2, 1, 1 ], 
  [ 0, 2, 0, 0, 2, 1, 2, 2, 0, 1 ], [ 2, 2, 2, 2, 2, 1, 1, 0, 2, 2 ], 
  [ 1, 0, 1, 2, 0, 0, 2, 0, 0, 0 ], [ 2, 1, 0, 2, 1, 1, 2, 2, 0, 2 ], 
  [ 1, 1, 1, 2, 1, 2, 2, 1, 2, 2 ], [ 2, 1, 0, 1, 0, 0, 1, 2, 1, 0 ] ]
CLASS n=5 order=18 size=242778644433393868800 fixed=-1 real=false M=
[ [ 1, 2, 0, 1, 1, 2, 2, 0, 2, 1 ], [ 2, 2, 2, 1, 2, 0, 2, 2, 2, 2 ], 
  [ 1, 1, 0, 2, 1, 0, 1, 2, 2, 2 ], [ 1, 0, 2, 1, 2, 0, 0, 2, 0, 2 ], 
  [ 0, 2, 0, 0, 1, 0, 0, 1, 1, 1 ], [ 1, 1, 0, 1, 0, 2, 0, 2, 2, 0 ], 
  [ 1, 0, 1, 2, 1, 0, 0, 2, 0, 2 ], [ 2, 0, 1, 1, 0, 0, 0, 2, 2, 0 ], 
  [ 2, 0, 2, 1, 0, 0, 2, 1, 1, 1 ], [ 1, 0, 1, 0, 1, 2, 1, 1, 2, 0 ] ]
CLASS n=5 order=9 size=17983603291362508800 fixed=-1 real=false M=
[ [ 0, 2, 0, 1, 2, 2, 1, 0, 1, 0 ], [ 2, 1, 0, 0, 2, 0, 1, 2, 2, 1 ], 
  [ 2, 0, 1, 1, 1, 2, 2, 1, 0, 2 ], [ 0, 0, 0, 1, 0, 1, 0, 1, 0, 0 ], 
  [ 2, 2, 1, 2, 1, 0, 1, 2, 0, 2 ], [ 2, 1, 1, 0, 0, 0, 2, 1, 2, 1 ], 
  [ 0, 2, 0, 2, 0, 1, 0, 0, 2, 1 ], [ 1, 2, 2, 0, 2, 0, 2, 1, 2, 1 ], 
  [ 0, 2, 2, 2, 0, 0, 1, 0, 0, 2 ], [ 0, 0, 2, 2, 2, 2, 2, 0, 1, 2 ] ]
CLASS n=5 order=9 size=17983603291362508800 fixed=-1 real=false M=
[ [ 0, 0, 0, 0, 0, 2, 0, 2, 1, 2 ], [ 2, 1, 0, 2, 2, 1, 1, 2, 2, 2 ], 
  [ 0, 2, 1, 2, 0, 1, 0, 1, 2, 1 ], [ 0, 0, 0, 1, 2, 1, 1, 0, 1, 2 ], 
  [ 1, 2, 1, 1, 0, 1, 0, 2, 2, 1 ], [ 2, 0, 0, 1, 2, 1, 2, 1, 2, 0 ], 
  [ 0, 1, 1, 2, 0, 1, 2, 1, 1, 0 ], [ 1, 0, 0, 2, 2, 1, 0, 2, 0, 1 ], 
  [ 2, 1, 0, 1, 1, 2, 1, 2, 2, 2 ], [ 0, 0, 0, 0, 2, 0, 0, 1, 1, 0 ] ]
CLASS n=5 order=6 size=4683230023792320 fixed=-1 real=false M=
[ [ 2, 0, 0, 2, 0, 0, 0, 1, 2, 2 ], [ 0, 2, 0, 2, 0, 2, 1, 0, 1, 0 ], 
  [ 2, 1, 0, 0, 0, 0, 0, 0, 2, 1 ], [ 0, 0, 0, 0, 0, 2, 1, 1, 0, 2 ], 
  [ 0, 1, 2, 0, 0, 2, 0, 1, 2, 0 ], [ 2, 2, 0, 0, 2, 0, 1, 1, 1, 1 ], 
  [ 2, 1, 1, 0, 2, 2, 0, 1, 0, 0 ], [ 0, 1, 2, 0, 1, 0, 2, 1, 0, 2 ], 
  [ 1, 2, 2, 2, 1, 1, 2, 0, 1, 2 ], [ 0, 0, 0, 2, 1, 2, 1, 1, 2, 1 ] ]
CLASS n=5 order=6 size=4683230023792320 fixed=-1 real=false M=
[ [ 2, 0, 0, 2, 2, 2, 1, 2, 0, 1 ], [ 0, 2, 0, 2, 1, 0, 0, 2, 0, 1 ], 
  [ 2, 1, 0, 0, 0, 0, 0, 0, 2, 1 ], [ 0, 0, 0, 0, 0, 2, 1, 1, 0, 2 ], 
  [ 2, 0, 2, 0, 0, 1, 0, 1, 2, 2 ], [ 0, 0, 0, 0, 1, 0, 2, 2, 2, 1 ], 
  [ 0, 2, 1, 0, 1, 2, 1, 2, 1, 0 ], [ 2, 0, 2, 0, 2, 0, 1, 0, 2, 2 ], 
  [ 0, 1, 2, 2, 1, 0, 2, 0, 1, 1 ], [ 2, 2, 0, 2, 2, 2, 0, 0, 1, 1 ] ]
CLASS n=5 order=18 size=8740031199602179276800 fixed=-1 real=false M=
[ [ 0, 0, 0, 0, 2, 2, 2, 1, 2, 1 ], [ 0, 0, 1, 2, 2, 0, 1, 2, 0, 1 ], 
  [ 0, 0, 0, 1, 0, 0, 0, 2, 0, 1 ], [ 2, 1, 1, 0, 1, 1, 0, 1, 1, 1 ], 
  [ 2, 1, 2, 0, 1, 1, 1, 0, 2, 0 ], [ 1, 0, 0, 2, 2, 0, 0, 1, 0, 1 ], 
  [ 1, 2, 0, 1, 1, 2, 0, 1, 0, 1 ], [ 0, 2, 2, 1, 0, 1, 1, 2, 2, 0 ], 
  [ 0, 2, 2, 2, 0, 2, 2, 2, 0, 0 ], [ 0, 1, 2, 2, 0, 2, 0, 2, 1, 1 ] ]
CLASS n=5 order=18 size=8740031199602179276800 fixed=-1 real=false M=
[ [ 0, 0, 1, 0, 2, 1, 0, 2, 2, 0 ], [ 0, 0, 1, 0, 0, 0, 2, 0, 2, 1 ], 
  [ 2, 0, 0, 2, 2, 0, 1, 2, 2, 1 ], [ 2, 0, 2, 0, 0, 2, 1, 0, 1, 2 ], 
  [ 2, 0, 1, 0, 0, 1, 1, 1, 2, 0 ], [ 2, 0, 2, 0, 0, 1, 1, 2, 1, 0 ], 
  [ 0, 0, 1, 1, 0, 0, 0, 0, 0, 1 ], [ 1, 1, 0, 0, 1, 1, 1, 2, 2, 2 ], 
  [ 0, 1, 1, 2, 1, 2, 0, 2, 1, 2 ], [ 2, 1, 2, 0, 1, 2, 0, 2, 1, 0 ] ]
CLASS n=5 order=9 size=27752474215065600 fixed=-1 real=false M=
[ [ 1, 1, 1, 0, 1, 1, 0, 2, 1, 2 ], [ 0, 1, 2, 1, 0, 2, 0, 2, 0, 0 ], 
  [ 0, 1, 2, 2, 1, 0, 0, 2, 2, 2 ], [ 1, 1, 2, 0, 1, 2, 2, 1, 1, 2 ], 
  [ 1, 1, 2, 1, 2, 2, 2, 1, 1, 2 ], [ 0, 2, 2, 0, 2, 0, 0, 1, 2, 1 ], 
  [ 2, 0, 0, 0, 0, 0, 2, 2, 0, 0 ], [ 0, 0, 1, 2, 0, 1, 0, 2, 0, 0 ], 
  [ 0, 2, 2, 0, 2, 2, 0, 1, 0, 1 ], [ 2, 1, 0, 0, 1, 0, 1, 0, 1, 0 ] ]
CLASS n=5 order=9 size=27752474215065600 fixed=-1 real=false M=
[ [ 0, 2, 2, 1, 2, 0, 2, 2, 1, 1 ], [ 2, 1, 1, 0, 2, 0, 1, 2, 0, 1 ], 
  [ 2, 0, 0, 2, 0, 1, 1, 0, 0, 0 ], [ 2, 2, 2, 1, 2, 1, 1, 0, 0, 1 ], 
  [ 0, 0, 1, 0, 2, 0, 0, 1, 1, 0 ], [ 2, 1, 1, 2, 1, 2, 1, 1, 2, 2 ], 
  [ 0, 1, 2, 2, 1, 2, 2, 0, 1, 2 ], [ 1, 1, 2, 0, 1, 0, 2, 0, 0, 2 ], 
  [ 2, 1, 1, 2, 1, 0, 1, 1, 1, 2 ], [ 1, 0, 1, 1, 0, 1, 2, 2, 0, 2 ] ]
CLASS n=5 order=18 size=13487702468521881600 fixed=-1 real=false M=
[ [ 0, 2, 0, 2, 1, 2, 1, 0, 1, 0 ], [ 2, 0, 2, 0, 0, 0, 0, 2, 1, 1 ], 
  [ 0, 1, 2, 1, 2, 1, 1, 1, 2, 0 ], [ 1, 0, 2, 0, 0, 0, 2, 0, 2, 0 ], 
  [ 2, 1, 0, 1, 1, 0, 2, 0, 0, 0 ], [ 0, 0, 0, 2, 1, 1, 1, 0, 0, 1 ], 
  [ 1, 1, 2, 1, 1, 2, 1, 1, 1, 2 ], [ 2, 1, 1, 1, 2, 1, 2, 0, 0, 0 ], 
  [ 1, 2, 0, 0, 0, 0, 0, 0, 0, 2 ], [ 1, 0, 2, 2, 2, 0, 1, 0, 0, 1 ] ]
CLASS n=5 order=18 size=13487702468521881600 fixed=-1 real=false M=
[ [ 2, 0, 0, 2, 2, 0, 2, 0, 1, 2 ], [ 2, 1, 2, 0, 1, 1, 0, 0, 1, 0 ], 
  [ 0, 1, 0, 2, 2, 2, 1, 2, 2, 0 ], [ 1, 0, 1, 2, 0, 0, 2, 2, 1, 0 ], 
  [ 1, 2, 0, 2, 2, 2, 0, 0, 2, 2 ], [ 1, 2, 0, 2, 0, 0, 0, 0, 0, 2 ], 
  [ 0, 1, 0, 2, 1, 2, 2, 1, 2, 2 ], [ 2, 0, 1, 1, 1, 0, 2, 2, 0, 1 ], 
  [ 2, 1, 0, 0, 2, 2, 2, 0, 0, 0 ], [ 1, 0, 1, 2, 2, 1, 1, 2, 1, 1 ] ]
CLASS n=5 order=18 size=84298140428261760 fixed=-1 real=false M=
[ [ 2, 2, 1, 0, 2, 2, 2, 1, 1, 1 ], [ 0, 0, 2, 0, 2, 0, 0, 1, 1, 1 ], 
  [ 1, 1, 2, 1, 2, 1, 1, 1, 1, 1 ], [ 1, 1, 2, 0, 1, 2, 2, 1, 1, 2 ], 
  [ 0, 2, 2, 1, 1, 0, 0, 1, 2, 0 ], [ 2, 1, 2, 1, 1, 0, 2, 1, 2, 2 ], 
  [ 0, 2, 0, 0, 1, 0, 1, 2, 1, 2 ], [ 0, 1, 1, 2, 0, 0, 0, 0, 1, 0 ], 
  [ 2, 1, 2, 1, 1, 2, 2, 1, 0, 2 ], [ 0, 1, 0, 0, 1, 1, 1, 0, 1, 0 ] ]
CLASS n=5 order=18 size=84298140428261760 fixed=-1 real=false M=
[ [ 2, 0, 1, 2, 0, 2, 2, 2, 2, 0 ], [ 1, 0, 2, 1, 2, 2, 2, 2, 2, 1 ], 
  [ 0, 0, 0, 2, 1, 2, 2, 0, 0, 2 ], [ 1, 1, 1, 2, 1, 2, 2, 0, 0, 2 ], 
  [ 1, 2, 2, 2, 1, 2, 2, 2, 0, 0 ], [ 2, 0, 2, 2, 0, 0, 2, 0, 1, 0 ], 
  [ 2, 0, 1, 2, 2, 1, 2, 0, 2, 1 ], [ 2, 1, 1, 1, 0, 1, 1, 2, 0, 0 ], 
  [ 2, 0, 2, 2, 0, 2, 2, 0, 2, 0 ], [ 1, 0, 2, 1, 0, 0, 0, 2, 0, 1 ] ]
CLASS n=5 order=36 size=40968896248135215360 fixed=-1 real=false M=
[ [ 0, 2, 1, 0, 0, 0, 1, 0, 0, 1 ], [ 2, 0, 1, 2, 0, 0, 2, 2, 2, 2 ], 
  [ 1, 2, 2, 0, 0, 2, 2, 0, 1, 0 ], [ 2, 1, 1, 1, 1, 1, 1, 1, 1, 2 ], 
  [ 1, 0, 1, 1, 1, 0, 2, 1, 0, 0 ], [ 0, 2, 2, 1, 0, 0, 0, 0, 1, 2 ], 
  [ 1, 1, 2, 0, 0, 2, 0, 1, 2, 2 ], [ 0, 1, 2, 2, 2, 2, 0, 0, 2, 2 ], 
  [ 2, 1, 2, 1, 2, 2, 1, 1, 1, 0 ], [ 2, 2, 1, 2, 2, 1, 2, 2, 0, 1 ] ]
CLASS n=5 order=36 size=40968896248135215360 fixed=-1 real=false M=
[ [ 2, 1, 2, 2, 0, 1, 0, 2, 2, 2 ], [ 0, 1, 2, 2, 1, 1, 2, 1, 1, 0 ], 
  [ 1, 0, 2, 1, 2, 2, 2, 2, 1, 1 ], [ 1, 2, 1, 1, 2, 2, 2, 1, 1, 1 ], 
  [ 1, 1, 2, 0, 0, 1, 2, 2, 0, 2 ], [ 1, 1, 1, 0, 0, 2, 2, 1, 0, 1 ], 
  [ 2, 1, 2, 2, 2, 1, 0, 2, 1, 2 ], [ 1, 1, 1, 0, 0, 0, 2, 0, 1, 2 ], 
  [ 2, 2, 1, 0, 1, 0, 1, 0, 0, 0 ], [ 1, 2, 1, 2, 2, 2, 1, 1, 0, 1 ] ]
CLASS n=5 order=20 size=73744013246643387648 fixed=-1 real=true M=
[ [ 2, 2, 1, 0, 0, 0, 2, 2, 1, 0 ], [ 2, 1, 0, 0, 0, 2, 1, 2, 0, 1 ], 
  [ 0, 1, 0, 0, 0, 2, 2, 1, 2, 0 ], [ 2, 0, 0, 0, 1, 0, 1, 0, 0, 0 ], 
  [ 2, 0, 0, 0, 1, 1, 0, 2, 1, 0 ], [ 1, 0, 1, 1, 0, 1, 0, 2, 1, 0 ], 
  [ 2, 1, 2, 2, 0, 2, 2, 2, 1, 0 ], [ 2, 1, 0, 0, 2, 2, 2, 2, 0, 2 ], 
  [ 2, 1, 2, 2, 0, 2, 1, 2, 0, 1 ], [ 0, 1, 2, 1, 0, 1, 0, 0, 2, 0 ] ]
CLASS n=5 order=45 size=3933014039820980674560 fixed=-1 real=false M=
[ [ 0, 2, 0, 2, 1, 1, 2, 2, 0, 2 ], [ 1, 0, 2, 1, 1, 1, 2, 1, 0, 1 ], 
  [ 0, 2, 2, 0, 1, 1, 1, 1, 1, 2 ], [ 2, 1, 1, 1, 0, 2, 1, 0, 0, 2 ], 
  [ 1, 1, 2, 0, 0, 1, 2, 2, 2, 2 ], [ 0, 2, 1, 1, 1, 0, 1, 1, 0, 2 ], 
  [ 2, 1, 2, 2, 2, 1, 1, 1, 0, 1 ], [ 1, 1, 1, 0, 0, 2, 2, 0, 0, 2 ], 
  [ 2, 1, 0, 0, 1, 2, 0, 1, 1, 1 ], [ 2, 0, 0, 0, 0, 2, 0, 0, 2, 0 ] ]
CLASS n=5 order=45 size=3933014039820980674560 fixed=-1 real=false M=
[ [ 0, 1, 0, 0, 0, 1, 2, 1, 2, 0 ], [ 0, 0, 2, 0, 1, 2, 0, 0, 2, 1 ], 
  [ 1, 0, 1, 2, 2, 0, 0, 2, 2, 1 ], [ 2, 1, 2, 2, 0, 2, 1, 1, 1, 2 ], 
  [ 0, 1, 2, 2, 0, 2, 0, 1, 1, 2 ], [ 0, 0, 1, 0, 2, 0, 1, 2, 1, 1 ], 
  [ 0, 0, 1, 0, 1, 0, 0, 0, 2, 2 ], [ 2, 1, 1, 1, 0, 1, 1, 1, 1, 2 ], 
  [ 2, 2, 0, 2, 2, 2, 0, 2, 2, 0 ], [ 1, 1, 1, 2, 1, 0, 1, 1, 0, 2 ] ]
CLASS n=5 order=36 size=505788842569570560 fixed=-1 real=false M=
[ [ 1, 1, 2, 0, 1, 1, 1, 2, 2, 2 ], [ 0, 0, 1, 0, 1, 0, 0, 2, 2, 2 ], 
  [ 2, 2, 1, 0, 0, 1, 1, 0, 1, 0 ], [ 2, 2, 1, 0, 2, 1, 1, 2, 2, 1 ], 
  [ 0, 1, 1, 2, 0, 2, 2, 0, 2, 2 ], [ 1, 2, 1, 1, 1, 0, 1, 2, 0, 2 ], 
  [ 0, 1, 0, 0, 1, 1, 0, 0, 1, 2 ], [ 0, 2, 2, 1, 2, 1, 1, 2, 1, 1 ], 
  [ 1, 2, 1, 1, 1, 1, 1, 2, 2, 2 ], [ 0, 2, 0, 2, 1, 2, 2, 0, 1, 1 ] ]
CLASS n=5 order=36 size=505788842569570560 fixed=-1 real=false M=
[ [ 2, 0, 1, 2, 0, 2, 2, 2, 2, 0 ], [ 1, 0, 2, 1, 2, 2, 2, 2, 2, 1 ], 
  [ 0, 0, 0, 1, 2, 0, 0, 2, 1, 1 ], [ 1, 1, 1, 2, 1, 2, 2, 0, 0, 2 ], 
  [ 1, 2, 2, 2, 0, 0, 0, 1, 2, 1 ], [ 2, 0, 2, 0, 1, 0, 2, 0, 2, 2 ], 
  [ 2, 0, 1, 2, 0, 0, 1, 1, 0, 0 ], [ 2, 1, 1, 1, 1, 0, 0, 0, 1, 2 ], 
  [ 2, 0, 2, 0, 1, 2, 2, 0, 0, 2 ], [ 1, 0, 2, 2, 1, 0, 0, 2, 1, 0 ] ]
CLASS n=5 order=60 size=2949760529865735505920 fixed=-1 real=false M=
[ [ 2, 2, 1, 0, 1, 0, 2, 0, 1, 0 ], [ 2, 1, 1, 1, 0, 0, 0, 1, 1, 0 ], 
  [ 1, 0, 2, 1, 0, 1, 0, 2, 1, 2 ], [ 1, 1, 2, 1, 2, 0, 0, 1, 2, 0 ], 
  [ 0, 0, 1, 1, 2, 1, 0, 2, 1, 0 ], [ 2, 1, 2, 2, 0, 0, 2, 2, 2, 2 ], 
  [ 0, 1, 2, 0, 1, 1, 2, 2, 1, 2 ], [ 0, 0, 0, 0, 2, 2, 2, 1, 1, 2 ], 
  [ 1, 2, 1, 0, 2, 0, 1, 1, 1, 2 ], [ 2, 0, 1, 0, 2, 0, 0, 2, 0, 0 ] ]
CLASS n=5 order=60 size=2949760529865735505920 fixed=-1 real=false M=
[ [ 2, 2, 2, 0, 0, 2, 0, 2, 1, 2 ], [ 0, 1, 2, 2, 2, 1, 1, 0, 0, 1 ], 
  [ 2, 0, 1, 2, 0, 2, 0, 1, 2, 1 ], [ 2, 2, 1, 2, 1, 0, 0, 2, 1, 0 ], 
  [ 2, 2, 2, 2, 0, 0, 1, 2, 0, 1 ], [ 0, 1, 1, 1, 2, 1, 2, 2, 2, 2 ], 
  [ 2, 1, 1, 0, 1, 0, 2, 2, 0, 2 ], [ 1, 1, 0, 0, 2, 0, 0, 1, 1, 0 ], 
  [ 1, 0, 2, 0, 0, 1, 0, 0, 0, 2 ], [ 2, 1, 2, 0, 2, 2, 2, 0, 2, 2 ] ]
CLASS n=5 order=90 size=35397126358388826071040 fixed=-1 real=false M=
[ [ 0, 2, 0, 0, 2, 1, 1, 1, 2, 0 ], [ 1, 0, 0, 1, 2, 0, 0, 2, 0, 0 ], 
  [ 0, 2, 0, 0, 2, 1, 2, 2, 1, 0 ], [ 1, 0, 2, 0, 0, 2, 1, 1, 1, 2 ], 
  [ 0, 1, 1, 2, 0, 0, 0, 0, 1, 0 ], [ 1, 0, 2, 1, 0, 1, 0, 2, 0, 2 ], 
  [ 1, 1, 1, 0, 1, 0, 0, 0, 1, 0 ], [ 0, 1, 2, 0, 1, 2, 0, 1, 2, 1 ], 
  [ 1, 2, 1, 2, 2, 2, 1, 2, 2, 1 ], [ 2, 0, 1, 0, 1, 1, 2, 0, 0, 1 ] ]
CLASS n=5 order=90 size=35397126358388826071040 fixed=-1 real=false M=
[ [ 2, 1, 0, 2, 1, 0, 0, 1, 0, 0 ], [ 1, 1, 0, 0, 2, 1, 1, 1, 0, 2 ], 
  [ 2, 0, 1, 1, 0, 0, 2, 0, 1, 1 ], [ 2, 0, 0, 2, 0, 1, 2, 1, 1, 1 ], 
  [ 2, 0, 2, 2, 1, 1, 1, 0, 2, 2 ], [ 0, 0, 1, 0, 0, 1, 2, 2, 1, 1 ], 
  [ 2, 1, 0, 2, 1, 0, 0, 0, 2, 1 ], [ 1, 1, 1, 2, 1, 0, 2, 2, 1, 0 ], 
  [ 0, 1, 2, 2, 1, 0, 1, 2, 2, 2 ], [ 1, 1, 1, 1, 0, 2, 1, 0, 0, 1 ] ]
CLASS n=5 order=180 size=212382758150332956426240 fixed=-1 real=false M=
[ [ 0, 2, 1, 0, 0, 2, 1, 0, 1, 1 ], [ 0, 0, 1, 1, 0, 0, 1, 0, 2, 2 ], 
  [ 0, 0, 2, 0, 2, 1, 1, 0, 1, 2 ], [ 1, 0, 1, 1, 2, 2, 2, 1, 2, 0 ], 
  [ 2, 2, 2, 1, 0, 2, 2, 2, 0, 1 ], [ 2, 0, 0, 1, 2, 1, 1, 0, 0, 1 ], 
  [ 0, 2, 1, 0, 2, 1, 0, 1, 1, 1 ], [ 0, 2, 2, 2, 2, 2, 1, 1, 2, 0 ], 
  [ 1, 0, 2, 1, 2, 2, 0, 0, 0, 2 ], [ 1, 2, 2, 1, 0, 2, 0, 1, 1, 1 ] ]
CLASS n=5 order=180 size=212382758150332956426240 fixed=-1 real=false M=
[ [ 1, 0, 2, 2, 2, 0, 1, 0, 2, 0 ], [ 0, 2, 2, 0, 2, 0, 2, 2, 0, 2 ], 
  [ 2, 2, 2, 1, 0, 0, 0, 2, 1, 2 ], [ 2, 0, 1, 1, 1, 1, 1, 1, 0, 0 ], 
  [ 1, 0, 1, 0, 2, 1, 1, 0, 2, 0 ], [ 0, 1, 0, 0, 2, 0, 0, 0, 0, 1 ], 
  [ 1, 1, 0, 2, 1, 1, 2, 1, 1, 2 ], [ 0, 2, 1, 0, 2, 1, 2, 0, 2, 2 ], 
  [ 1, 1, 1, 0, 2, 2, 1, 0, 0, 0 ], [ 1, 1, 0, 0, 0, 2, 1, 0, 0, 2 ] ]
CLASS n=5 order=10 size=1667435744734848 fixed=-1 real=true M=
[ [ 2, 1, 0, 0, 1, 0, 2, 2, 1, 2 ], [ 1, 0, 0, 1, 2, 1, 2, 0, 1, 1 ], 
  [ 1, 2, 1, 1, 1, 2, 2, 2, 0, 1 ], [ 1, 1, 0, 1, 2, 2, 2, 0, 2, 2 ], 
  [ 1, 0, 2, 1, 0, 1, 0, 1, 0, 1 ], [ 0, 1, 2, 0, 2, 2, 1, 0, 1, 0 ], 
  [ 0, 1, 1, 2, 1, 0, 0, 0, 0, 1 ], [ 1, 0, 0, 2, 2, 0, 2, 1, 0, 0 ], 
  [ 0, 0, 0, 0, 1, 2, 0, 1, 2, 0 ], [ 2, 1, 2, 1, 2, 2, 2, 2, 0, 1 ] ]
CLASS n=5 order=30 size=606946611083484672 fixed=-1 real=false M=
[ [ 2, 1, 1, 1, 2, 0, 1, 2, 0, 1 ], [ 1, 0, 1, 2, 1, 2, 1, 1, 2, 0 ], 
  [ 2, 2, 2, 1, 2, 2, 0, 0, 2, 0 ], [ 0, 1, 1, 0, 1, 0, 2, 0, 0, 1 ], 
  [ 2, 0, 2, 0, 1, 0, 2, 0, 1, 1 ], [ 0, 2, 1, 0, 1, 1, 2, 0, 1, 0 ], 
  [ 2, 0, 2, 0, 2, 1, 0, 2, 0, 1 ], [ 2, 0, 1, 2, 1, 1, 0, 0, 1, 2 ], 
  [ 2, 0, 0, 1, 2, 0, 1, 1, 1, 0 ], [ 1, 1, 0, 0, 0, 0, 2, 1, 1, 0 ] ]
CLASS n=5 order=30 size=606946611083484672 fixed=-1 real=false M=
[ [ 0, 1, 2, 2, 0, 1, 0, 2, 1, 0 ], [ 0, 1, 2, 1, 0, 0, 1, 1, 0, 2 ], 
  [ 1, 1, 1, 2, 1, 1, 0, 0, 1, 0 ], [ 0, 2, 2, 0, 2, 0, 1, 0, 0, 2 ], 
  [ 2, 1, 1, 0, 0, 2, 0, 2, 1, 1 ], [ 1, 2, 2, 0, 0, 1, 0, 2, 1, 2 ], 
  [ 2, 1, 1, 0, 2, 1, 2, 0, 2, 1 ], [ 0, 2, 2, 1, 1, 0, 1, 1, 0, 2 ], 
  [ 2, 1, 0, 2, 2, 2, 1, 1, 1, 2 ], [ 1, 1, 0, 0, 2, 1, 2, 0, 0, 1 ] ]
CLASS n=5 order=45 size=15732056159283922698240 fixed=-1 real=false M=
[ [ 0, 1, 1, 2, 2, 0, 2, 2, 0, 2 ], [ 2, 1, 2, 0, 0, 1, 1, 1, 2, 0 ], 
  [ 2, 2, 0, 1, 2, 0, 2, 0, 2, 0 ], [ 1, 0, 1, 0, 2, 1, 1, 1, 1, 0 ], 
  [ 2, 1, 1, 1, 0, 1, 0, 0, 1, 2 ], [ 1, 0, 0, 1, 0, 1, 0, 1, 2, 2 ], 
  [ 2, 0, 0, 0, 1, 0, 1, 0, 1, 2 ], [ 1, 2, 0, 0, 1, 2, 2, 0, 1, 0 ], 
  [ 0, 1, 2, 2, 2, 1, 2, 0, 1, 2 ], [ 1, 1, 2, 0, 2, 0, 0, 1, 0, 0 ] ]
CLASS n=5 order=45 size=15732056159283922698240 fixed=-1 real=false M=
[ [ 1, 0, 0, 2, 0, 1, 2, 2, 1, 2 ], [ 1, 1, 2, 1, 2, 1, 1, 0, 1, 1 ], 
  [ 0, 2, 2, 0, 1, 0, 1, 0, 2, 0 ], [ 0, 2, 0, 1, 2, 0, 0, 1, 2, 2 ], 
  [ 2, 0, 1, 2, 2, 1, 2, 1, 1, 2 ], [ 1, 1, 1, 2, 2, 0, 1, 0, 0, 2 ], 
  [ 0, 1, 1, 0, 1, 1, 0, 1, 1, 2 ], [ 1, 0, 1, 0, 0, 2, 2, 2, 0, 2 ], 
  [ 2, 0, 2, 1, 0, 0, 2, 1, 1, 2 ], [ 2, 1, 1, 2, 0, 1, 1, 0, 2, 1 ] ]
CLASS n=5 order=15 size=72833593330018160640 fixed=-1 real=true M=
[ [ 2, 0, 0, 2, 1, 1, 1, 2, 0, 0 ], [ 0, 1, 0, 0, 1, 1, 1, 1, 1, 0 ], 
  [ 1, 2, 2, 2, 1, 2, 1, 1, 2, 0 ], [ 0, 1, 2, 1, 1, 0, 1, 2, 2, 0 ], 
  [ 2, 1, 2, 1, 0, 0, 0, 2, 1, 0 ], [ 2, 0, 1, 2, 2, 0, 1, 0, 2, 2 ], 
  [ 1, 1, 1, 1, 1, 0, 0, 1, 2, 1 ], [ 1, 0, 1, 0, 2, 1, 0, 0, 2, 2 ], 
  [ 2, 1, 2, 1, 0, 2, 0, 0, 0, 0 ], [ 0, 2, 0, 2, 2, 0, 2, 2, 0, 2 ] ]
CLASS n=5 order=6 size=346905927688320 fixed=-1 real=false M=
[ [ 1, 0, 1, 2, 0, 1, 1, 0, 1, 0 ], [ 1, 1, 2, 1, 2, 1, 1, 1, 2, 1 ], 
  [ 2, 0, 2, 1, 2, 0, 0, 1, 2, 1 ], [ 2, 1, 1, 1, 2, 1, 1, 1, 2, 1 ], 
  [ 2, 0, 1, 0, 1, 1, 1, 0, 0, 0 ], [ 2, 2, 2, 2, 1, 0, 2, 2, 2, 2 ], 
  [ 2, 2, 2, 2, 1, 2, 0, 2, 2, 2 ], [ 1, 0, 2, 0, 0, 2, 2, 1, 0, 0 ], 
  [ 2, 2, 2, 2, 1, 2, 2, 2, 0, 2 ], [ 2, 0, 2, 0, 2, 1, 1, 1, 0, 2 ] ]
CLASS n=5 order=6 size=346905927688320 fixed=-1 real=false M=
[ [ 2, 0, 2, 0, 1, 0, 0, 2, 0, 2 ], [ 1, 2, 2, 1, 2, 1, 1, 1, 2, 1 ], 
  [ 2, 2, 2, 1, 1, 0, 0, 2, 0, 2 ], [ 2, 2, 1, 1, 2, 2, 2, 1, 2, 1 ], 
  [ 2, 1, 2, 0, 0, 1, 1, 2, 2, 2 ], [ 2, 0, 2, 1, 1, 2, 0, 2, 2, 2 ], 
  [ 2, 0, 2, 1, 1, 0, 2, 2, 2, 2 ], [ 1, 2, 1, 0, 2, 2, 2, 0, 1, 1 ], 
  [ 2, 0, 2, 1, 1, 0, 0, 2, 1, 2 ], [ 2, 2, 2, 1, 2, 0, 0, 1, 0, 0 ] ]
CLASS n=5 order=15 size=437001559980108963840 fixed=-1 real=false M=
[ [ 0, 1, 0, 1, 0, 1, 1, 0, 0, 1 ], [ 2, 0, 0, 0, 0, 2, 2, 2, 2, 1 ], 
  [ 1, 1, 1, 0, 2, 1, 0, 0, 2, 2 ], [ 0, 1, 2, 2, 0, 2, 0, 0, 1, 1 ], 
  [ 1, 1, 0, 0, 1, 2, 2, 1, 2, 2 ], [ 1, 1, 0, 1, 1, 2, 0, 1, 2, 0 ], 
  [ 0, 2, 0, 0, 0, 2, 2, 2, 2, 2 ], [ 2, 0, 0, 1, 1, 2, 1, 1, 1, 0 ], 
  [ 1, 2, 1, 0, 2, 1, 2, 1, 0, 1 ], [ 1, 2, 2, 2, 2, 2, 1, 2, 0, 2 ] ]
CLASS n=5 order=15 size=437001559980108963840 fixed=-1 real=false M=
[ [ 0, 2, 1, 2, 0, 0, 0, 0, 1, 1 ], [ 0, 0, 2, 1, 2, 0, 0, 0, 1, 2 ], 
  [ 0, 2, 0, 1, 2, 1, 0, 0, 0, 2 ], [ 2, 0, 2, 0, 1, 2, 0, 2, 1, 0 ], 
  [ 0, 0, 0, 0, 0, 0, 0, 2, 0, 0 ], [ 0, 1, 1, 1, 1, 0, 1, 1, 2, 0 ], 
  [ 2, 2, 1, 0, 0, 0, 0, 2, 2, 2 ], [ 0, 1, 0, 1, 2, 1, 0, 0, 0, 2 ], 
  [ 0, 2, 2, 0, 2, 2, 0, 1, 0, 1 ], [ 0, 1, 2, 1, 2, 1, 0, 2, 2, 2 ] ]
CLASS n=5 order=30 size=11799042119462942023680 fixed=-1 real=false M=
[ [ 2, 2, 1, 1, 2, 0, 2, 2, 2, 2 ], [ 1, 1, 0, 2, 2, 0, 1, 0, 1, 0 ], 
  [ 1, 1, 0, 1, 2, 1, 1, 2, 0, 2 ], [ 1, 0, 2, 1, 2, 1, 1, 0, 0, 0 ], 
  [ 2, 2, 1, 2, 0, 1, 1, 2, 2, 1 ], [ 1, 0, 2, 0, 0, 2, 2, 1, 2, 0 ], 
  [ 2, 2, 1, 0, 1, 1, 0, 1, 2, 2 ], [ 0, 2, 0, 1, 2, 0, 2, 1, 0, 0 ], 
  [ 0, 0, 1, 0, 0, 0, 1, 1, 2, 1 ], [ 1, 0, 1, 1, 0, 2, 0, 1, 0, 1 ] ]
CLASS n=5 order=30 size=11799042119462942023680 fixed=-1 real=false M=
[ [ 2, 2, 1, 0, 0, 1, 0, 1, 0, 1 ], [ 0, 1, 1, 1, 0, 2, 0, 2, 2, 2 ], 
  [ 2, 0, 1, 0, 2, 1, 1, 2, 2, 2 ], [ 2, 0, 1, 0, 0, 1, 1, 2, 1, 2 ], 
  [ 0, 0, 1, 2, 1, 0, 0, 1, 1, 0 ], [ 2, 2, 0, 0, 2, 1, 1, 2, 0, 1 ], 
  [ 0, 1, 2, 0, 0, 0, 2, 2, 0, 0 ], [ 2, 1, 0, 1, 1, 1, 0, 2, 1, 1 ], 
  [ 1, 2, 2, 0, 2, 2, 0, 2, 0, 2 ], [ 2, 2, 2, 2, 1, 0, 1, 0, 0, 0 ] ]
CLASS n=5 order=6 size=635358841920 fixed=-1 real=false M=
[ [ 2, 1, 0, 1, 1, 0, 0, 1, 2, 2 ], [ 2, 2, 1, 1, 0, 1, 1, 1, 0, 0 ], 
  [ 2, 2, 1, 1, 0, 1, 1, 1, 2, 0 ], [ 0, 2, 1, 0, 1, 1, 1, 2, 2, 2 ], 
  [ 2, 0, 2, 1, 1, 1, 1, 1, 1, 0 ], [ 0, 1, 2, 0, 0, 1, 0, 0, 2, 0 ], 
  [ 2, 2, 0, 1, 0, 1, 2, 1, 2, 0 ], [ 1, 0, 1, 2, 0, 2, 2, 0, 2, 0 ], 
  [ 0, 1, 2, 0, 0, 0, 0, 0, 0, 0 ], [ 2, 1, 1, 0, 1, 2, 2, 0, 1, 0 ] ]
CLASS n=5 order=6 size=635358841920 fixed=-1 real=false M=
[ [ 2, 2, 2, 1, 1, 0, 0, 1, 1, 2 ], [ 1, 2, 0, 2, 0, 2, 2, 2, 1, 0 ], 
  [ 1, 2, 0, 2, 0, 2, 2, 2, 0, 0 ], [ 2, 0, 2, 1, 1, 2, 2, 0, 2, 2 ], 
  [ 1, 0, 1, 2, 1, 2, 2, 2, 2, 0 ], [ 0, 1, 2, 0, 0, 1, 0, 0, 2, 0 ], 
  [ 1, 2, 2, 2, 0, 2, 0, 2, 0, 0 ], [ 2, 0, 2, 1, 0, 1, 1, 2, 1, 0 ], 
  [ 0, 1, 2, 0, 0, 0, 0, 0, 0, 0 ], [ 0, 2, 1, 2, 1, 1, 1, 2, 2, 0 ] ]
CLASS n=5 order=30 size=1966507019910490337280 fixed=-1 real=false M=
[ [ 2, 0, 1, 1, 0, 1, 1, 1, 2, 2 ], [ 2, 0, 0, 2, 1, 2, 1, 1, 2, 2 ], 
  [ 1, 0, 1, 1, 2, 1, 1, 0, 1, 1 ], [ 0, 1, 0, 2, 2, 1, 0, 1, 0, 0 ], 
  [ 0, 0, 2, 1, 0, 0, 2, 2, 0, 2 ], [ 0, 0, 1, 1, 2, 1, 1, 0, 2, 2 ], 
  [ 1, 0, 1, 2, 1, 1, 1, 1, 0, 0 ], [ 0, 1, 1, 0, 1, 2, 1, 2, 2, 0 ], 
  [ 1, 1, 1, 1, 2, 1, 0, 1, 0, 1 ], [ 1, 0, 2, 0, 0, 2, 2, 1, 1, 1 ] ]
CLASS n=5 order=30 size=1966507019910490337280 fixed=-1 real=false M=
[ [ 2, 2, 2, 1, 0, 1, 1, 1, 0, 2 ], [ 0, 0, 1, 1, 1, 1, 0, 0, 1, 2 ], 
  [ 2, 0, 2, 0, 2, 0, 0, 2, 0, 1 ], [ 1, 0, 2, 1, 2, 0, 2, 0, 0, 0 ], 
  [ 1, 0, 0, 0, 0, 2, 1, 1, 2, 2 ], [ 0, 0, 1, 1, 2, 1, 1, 0, 2, 2 ], 
  [ 2, 0, 2, 1, 1, 0, 0, 0, 2, 0 ], [ 2, 1, 0, 1, 1, 0, 2, 0, 0, 0 ], 
  [ 1, 1, 1, 1, 2, 1, 0, 1, 0, 1 ], [ 0, 2, 2, 1, 0, 0, 0, 2, 0, 1 ] ]
CLASS n=5 order=10 size=12290668874440564608 fixed=-1 real=true M=
[ [ 2, 2, 2, 0, 2, 0, 0, 1, 2, 1 ], [ 2, 1, 0, 0, 0, 2, 0, 0, 0, 1 ], 
  [ 2, 2, 2, 0, 2, 2, 1, 0, 1, 2 ], [ 0, 2, 0, 1, 0, 0, 2, 0, 1, 0 ], 
  [ 1, 1, 0, 0, 2, 1, 0, 0, 0, 2 ], [ 0, 2, 2, 2, 1, 2, 0, 2, 2, 1 ], 
  [ 0, 2, 2, 1, 2, 0, 0, 1, 0, 0 ], [ 1, 1, 1, 0, 0, 1, 1, 0, 1, 0 ], 
  [ 2, 2, 0, 0, 0, 2, 0, 1, 2, 2 ], [ 2, 0, 2, 0, 1, 2, 1, 0, 2, 0 ] ]
CLASS n=5 order=20 size=6636961192197904888320 fixed=-1 real=true M=
[ [ 1, 1, 0, 0, 0, 1, 2, 1, 1, 0 ], [ 2, 0, 2, 0, 0, 2, 1, 1, 2, 2 ], 
  [ 2, 2, 1, 2, 0, 1, 2, 0, 2, 2 ], [ 1, 0, 0, 0, 1, 2, 0, 2, 1, 1 ], 
  [ 1, 0, 0, 2, 1, 1, 1, 2, 2, 2 ], [ 0, 0, 2, 0, 0, 2, 0, 1, 0, 1 ], 
  [ 0, 2, 2, 1, 2, 0, 0, 0, 1, 0 ], [ 1, 2, 1, 2, 2, 2, 2, 2, 1, 2 ], 
  [ 1, 1, 2, 2, 2, 2, 1, 2, 2, 2 ], [ 1, 2, 1, 2, 2, 0, 0, 1, 0, 2 ] ]
CLASS n=5 order=30 size=49162675497762258432 fixed=-1 real=false M=
[ [ 1, 2, 1, 1, 2, 0, 0, 1, 2, 0 ], [ 1, 1, 1, 1, 1, 1, 1, 0, 0, 2 ], 
  [ 0, 1, 1, 2, 1, 0, 1, 0, 2, 1 ], [ 1, 2, 2, 1, 2, 1, 0, 0, 1, 1 ], 
  [ 2, 0, 2, 2, 0, 2, 2, 0, 0, 1 ], [ 2, 2, 0, 2, 2, 0, 0, 0, 0, 0 ], 
  [ 1, 1, 1, 1, 2, 1, 1, 1, 0, 0 ], [ 2, 2, 2, 2, 2, 2, 2, 1, 2, 0 ], 
  [ 2, 1, 1, 1, 1, 2, 1, 2, 1, 0 ], [ 1, 0, 0, 0, 2, 1, 1, 2, 0, 2 ] ]
CLASS n=5 order=30 size=49162675497762258432 fixed=-1 real=false M=
[ [ 1, 0, 1, 0, 1, 0, 0, 2, 0, 1 ], [ 1, 1, 1, 1, 1, 1, 1, 0, 0, 2 ], 
  [ 0, 0, 1, 0, 2, 0, 1, 2, 1, 0 ], [ 1, 2, 2, 1, 2, 1, 0, 0, 1, 1 ], 
  [ 2, 0, 2, 2, 0, 2, 2, 0, 0, 1 ], [ 2, 0, 0, 1, 1, 0, 0, 1, 1, 1 ], 
  [ 1, 2, 1, 0, 1, 1, 1, 2, 1, 1 ], [ 2, 2, 2, 2, 2, 2, 2, 1, 2, 0 ], 
  [ 2, 2, 1, 0, 0, 2, 1, 0, 2, 1 ], [ 1, 2, 0, 1, 0, 1, 1, 1, 2, 1 ] ]
CLASS n=5 order=60 size=26547844768791619553280 fixed=-1 real=false M=
[ [ 0, 1, 0, 0, 2, 0, 2, 2, 1, 1 ], [ 1, 2, 1, 1, 2, 1, 1, 0, 2, 1 ], 
  [ 1, 0, 0, 2, 0, 2, 0, 2, 2, 1 ], [ 0, 2, 1, 2, 2, 2, 0, 2, 0, 1 ], 
  [ 2, 1, 0, 0, 0, 2, 0, 0, 0, 1 ], [ 1, 2, 0, 2, 0, 2, 1, 0, 2, 1 ], 
  [ 0, 2, 2, 1, 0, 0, 1, 1, 1, 1 ], [ 2, 2, 0, 0, 1, 1, 1, 2, 0, 1 ], 
  [ 1, 0, 0, 0, 0, 0, 1, 0, 2, 2 ], [ 1, 1, 0, 2, 0, 2, 0, 2, 1, 0 ] ]
CLASS n=5 order=60 size=26547844768791619553280 fixed=-1 real=false M=
[ [ 0, 0, 0, 1, 0, 0, 2, 1, 0, 0 ], [ 1, 2, 1, 1, 2, 1, 1, 0, 2, 1 ], 
  [ 1, 1, 0, 1, 2, 2, 0, 0, 0, 2 ], [ 0, 2, 1, 2, 2, 2, 0, 2, 0, 1 ], 
  [ 2, 1, 0, 0, 0, 2, 0, 0, 0, 1 ], [ 1, 1, 0, 0, 1, 2, 1, 2, 1, 0 ], 
  [ 0, 1, 2, 2, 1, 0, 1, 0, 0, 0 ], [ 2, 2, 0, 0, 1, 1, 1, 2, 0, 1 ], 
  [ 1, 2, 0, 1, 1, 0, 1, 2, 1, 1 ], [ 1, 2, 0, 1, 2, 2, 0, 0, 2, 1 ] ]
CLASS n=5 order=40 size=79643534306374858659840 fixed=-1 real=true M=
[ [ 2, 1, 0, 1, 0, 0, 1, 1, 2, 0 ], [ 2, 0, 0, 2, 0, 2, 0, 1, 0, 1 ], 
  [ 1, 0, 1, 1, 1, 0, 1, 1, 1, 1 ], [ 0, 1, 0, 1, 2, 1, 0, 0, 1, 2 ], 
  [ 1, 1, 1, 2, 0, 1, 1, 2, 2, 1 ], [ 2, 0, 0, 2, 2, 0, 0, 1, 2, 2 ], 
  [ 0, 1, 2, 2, 2, 0, 1, 0, 2, 2 ], [ 2, 2, 0, 1, 2, 0, 1, 1, 2, 2 ], 
  [ 0, 0, 2, 0, 1, 1, 2, 1, 1, 0 ], [ 0, 2, 2, 1, 0, 2, 1, 1, 2, 2 ] ]
CLASS n=5 order=5 size=884928158959720651776 fixed=-1 real=true M=
[ [ 1, 0, 0, 0, 0, 2, 2, 2, 0, 0 ], [ 0, 0, 1, 2, 1, 0, 1, 1, 1, 2 ], 
  [ 1, 0, 1, 2, 0, 0, 1, 1, 2, 1 ], [ 1, 0, 2, 0, 2, 2, 2, 1, 2, 1 ], 
  [ 1, 2, 0, 1, 0, 1, 1, 0, 2, 0 ], [ 0, 1, 2, 1, 1, 1, 2, 1, 2, 1 ], 
  [ 2, 1, 2, 2, 2, 0, 1, 1, 2, 0 ], [ 0, 2, 2, 0, 2, 1, 0, 1, 0, 2 ], 
  [ 0, 1, 2, 1, 2, 2, 1, 1, 0, 1 ], [ 1, 2, 2, 2, 1, 2, 1, 1, 2, 1 ] ]
CLASS n=5 order=6 size=193706964 fixed=-1 real=false M=
[ [ 2, 2, 0, 0, 0, 0, 0, 0, 2, 0 ], [ 0, 2, 1, 1, 2, 1, 1, 0, 1, 0 ], 
  [ 1, 1, 0, 2, 1, 2, 2, 0, 1, 0 ], [ 2, 2, 1, 2, 2, 1, 1, 0, 2, 0 ], 
  [ 1, 1, 2, 2, 2, 2, 2, 0, 1, 0 ], [ 1, 1, 2, 2, 1, 0, 2, 0, 1, 0 ], 
  [ 0, 0, 0, 0, 0, 0, 1, 0, 0, 0 ], [ 2, 2, 1, 1, 2, 1, 1, 1, 2, 0 ], 
  [ 0, 0, 0, 0, 0, 0, 0, 0, 1, 0 ], [ 2, 1, 0, 0, 0, 0, 0, 0, 1, 1 ] ]
CLASS n=5 order=6 size=193706964 fixed=-1 real=false M=
[ [ 2, 1, 2, 2, 1, 2, 2, 0, 1, 0 ], [ 0, 2, 1, 1, 2, 1, 1, 0, 1, 0 ], 
  [ 1, 0, 2, 1, 2, 1, 1, 0, 0, 0 ], [ 2, 0, 2, 0, 1, 2, 2, 0, 0, 0 ], 
  [ 1, 0, 1, 1, 0, 1, 1, 0, 0, 0 ], [ 1, 0, 1, 1, 2, 2, 1, 0, 0, 0 ], 
  [ 0, 0, 0, 0, 0, 0, 1, 0, 0, 0 ], [ 2, 0, 2, 2, 1, 2, 2, 1, 0, 0 ], 
  [ 0, 0, 0, 0, 0, 0, 0, 0, 1, 0 ], [ 2, 2, 1, 1, 2, 1, 1, 0, 2, 1 ] ]
CLASS n=5 order=10 size=884928158959720651776 fixed=-1 real=true M=
[ [ 1, 2, 0, 0, 2, 0, 0, 0, 1, 2 ], [ 2, 0, 0, 1, 1, 1, 2, 2, 2, 1 ], 
  [ 1, 1, 2, 2, 2, 0, 0, 0, 2, 2 ], [ 1, 2, 0, 0, 1, 0, 0, 0, 0, 0 ], 
  [ 2, 1, 2, 1, 1, 0, 1, 0, 0, 0 ], [ 2, 0, 1, 2, 0, 1, 1, 2, 0, 2 ], 
  [ 1, 2, 0, 1, 1, 0, 1, 1, 0, 0 ], [ 2, 0, 0, 1, 1, 1, 1, 2, 0, 2 ], 
  [ 1, 0, 0, 2, 1, 2, 1, 1, 0, 1 ], [ 0, 1, 1, 0, 1, 2, 2, 0, 2, 2 ] ]
CLASS n=5 order=15 size=3539712635838882607104 fixed=-1 real=false M=
[ [ 2, 0, 1, 1, 0, 1, 0, 2, 0, 0 ], [ 2, 1, 0, 1, 0, 0, 1, 2, 2, 2 ], 
  [ 1, 2, 1, 0, 0, 2, 0, 1, 2, 2 ], [ 1, 1, 2, 0, 2, 0, 2, 0, 2, 0 ], 
  [ 1, 2, 1, 1, 1, 1, 0, 0, 0, 2 ], [ 0, 0, 2, 2, 2, 0, 2, 2, 0, 2 ], 
  [ 1, 0, 0, 0, 1, 0, 1, 1, 0, 1 ], [ 0, 1, 2, 2, 2, 1, 0, 2, 0, 2 ], 
  [ 2, 2, 0, 2, 1, 0, 1, 0, 1, 1 ], [ 0, 1, 0, 1, 0, 0, 0, 0, 1, 0 ] ]
CLASS n=5 order=15 size=3539712635838882607104 fixed=-1 real=false M=
[ [ 2, 1, 2, 2, 2, 2, 1, 2, 1, 0 ], [ 2, 1, 0, 1, 0, 0, 1, 2, 2, 2 ], 
  [ 1, 0, 2, 1, 2, 0, 1, 1, 0, 2 ], [ 1, 0, 1, 2, 0, 2, 1, 0, 1, 0 ], 
  [ 1, 0, 2, 2, 0, 2, 1, 0, 1, 2 ], [ 0, 1, 0, 0, 1, 1, 0, 2, 1, 2 ], 
  [ 1, 0, 0, 0, 1, 0, 1, 1, 0, 1 ], [ 0, 0, 1, 1, 0, 0, 2, 2, 2, 2 ], 
  [ 2, 2, 0, 2, 1, 0, 1, 0, 1, 1 ], [ 0, 0, 2, 0, 1, 2, 2, 0, 0, 0 ] ]
CLASS n=5 order=30 size=3539712635838882607104 fixed=-1 real=false M=
[ [ 1, 2, 1, 1, 2, 2, 2, 1, 2, 0 ], [ 0, 2, 1, 0, 0, 2, 1, 2, 1, 1 ], 
  [ 1, 0, 1, 0, 1, 2, 1, 2, 1, 2 ], [ 0, 0, 2, 1, 0, 2, 2, 2, 1, 2 ], 
  [ 1, 1, 2, 1, 1, 1, 1, 0, 1, 0 ], [ 2, 2, 0, 1, 0, 1, 0, 2, 1, 2 ], 
  [ 1, 2, 1, 1, 1, 0, 2, 2, 1, 0 ], [ 1, 1, 2, 1, 0, 0, 1, 2, 0, 1 ], 
  [ 0, 2, 1, 2, 1, 1, 2, 2, 0, 2 ], [ 0, 2, 0, 0, 0, 0, 1, 2, 2, 2 ] ]
CLASS n=5 order=30 size=3539712635838882607104 fixed=-1 real=false M=
[ [ 1, 1, 0, 0, 0, 1, 1, 1, 1, 0 ], [ 0, 2, 1, 0, 0, 2, 1, 2, 1, 1 ], 
  [ 1, 2, 0, 2, 2, 1, 0, 2, 0, 2 ], [ 0, 1, 0, 2, 2, 0, 0, 2, 2, 2 ], 
  [ 1, 0, 1, 0, 2, 0, 0, 0, 0, 0 ], [ 2, 1, 2, 0, 1, 0, 2, 2, 0, 2 ], 
  [ 1, 2, 1, 1, 1, 0, 2, 2, 1, 0 ], [ 1, 2, 0, 2, 2, 1, 2, 2, 1, 1 ], 
  [ 0, 2, 1, 2, 1, 1, 2, 2, 0, 2 ], [ 0, 0, 1, 1, 2, 1, 2, 2, 0, 2 ] ]
CLASS n=5 order=3 size=102786941537280 fixed=-1 real=false M=
[ [ 0, 2, 2, 2, 2, 2, 0, 0, 1, 0 ], [ 1, 2, 1, 2, 2, 0, 1, 0, 1, 2 ], 
  [ 1, 2, 2, 1, 2, 0, 1, 1, 0, 2 ], [ 1, 1, 0, 0, 2, 0, 2, 1, 0, 0 ], 
  [ 0, 2, 0, 0, 2, 0, 2, 0, 0, 1 ], [ 2, 1, 2, 1, 1, 0, 1, 1, 0, 2 ], 
  [ 0, 0, 2, 1, 2, 0, 0, 0, 0, 0 ], [ 1, 0, 2, 2, 1, 1, 2, 2, 1, 2 ], 
  [ 1, 0, 0, 2, 1, 1, 1, 0, 0, 1 ], [ 1, 2, 0, 0, 0, 0, 1, 0, 1, 2 ] ]
CLASS n=5 order=3 size=102786941537280 fixed=-1 real=false M=
[ [ 2, 1, 1, 1, 1, 1, 0, 0, 2, 0 ], [ 2, 0, 2, 1, 1, 0, 2, 0, 2, 1 ], 
  [ 2, 1, 0, 2, 1, 0, 2, 2, 0, 1 ], [ 2, 2, 0, 2, 1, 0, 1, 2, 0, 0 ], 
  [ 0, 1, 0, 0, 0, 0, 1, 0, 0, 2 ], [ 1, 2, 1, 2, 2, 2, 2, 2, 0, 1 ], 
  [ 0, 0, 1, 2, 1, 0, 2, 0, 0, 0 ], [ 2, 0, 1, 1, 2, 2, 1, 0, 2, 1 ], 
  [ 2, 0, 0, 1, 2, 2, 2, 0, 2, 2 ], [ 2, 1, 0, 0, 0, 0, 2, 0, 2, 0 ] ]
CLASS n=5 order=6 size=299726721522708480 fixed=-1 real=false M=
[ [ 0, 0, 2, 2, 2, 2, 0, 0, 2, 0 ], [ 1, 2, 0, 1, 0, 2, 0, 0, 0, 2 ], 
  [ 0, 1, 1, 2, 1, 1, 2, 1, 2, 2 ], [ 2, 2, 2, 0, 0, 2, 1, 1, 1, 0 ], 
  [ 2, 1, 1, 1, 2, 1, 0, 0, 2, 1 ], [ 1, 0, 0, 2, 0, 2, 2, 1, 2, 2 ], 
  [ 0, 0, 2, 1, 2, 0, 1, 0, 0, 0 ], [ 2, 1, 1, 1, 2, 0, 1, 0, 2, 2 ], 
  [ 1, 0, 0, 2, 1, 1, 1, 0, 1, 1 ], [ 2, 1, 0, 0, 0, 0, 1, 0, 0, 0 ] ]
CLASS n=5 order=6 size=299726721522708480 fixed=-1 real=false M=
[ [ 2, 0, 2, 2, 0, 2, 1, 0, 1, 0 ], [ 2, 0, 1, 0, 2, 2, 1, 0, 1, 1 ], 
  [ 1, 1, 0, 1, 2, 2, 1, 2, 0, 1 ], [ 0, 2, 1, 1, 0, 1, 2, 2, 0, 0 ], 
  [ 2, 1, 2, 2, 2, 2, 0, 0, 0, 2 ], [ 0, 2, 0, 1, 0, 2, 1, 2, 0, 1 ], 
  [ 0, 0, 1, 2, 1, 0, 0, 0, 0, 0 ], [ 0, 0, 2, 2, 1, 0, 2, 1, 2, 1 ], 
  [ 2, 0, 0, 1, 2, 2, 2, 0, 0, 2 ], [ 0, 2, 2, 2, 1, 2, 1, 0, 0, 1 ] ]
CLASS n=5 order=15 size=283177010867110608568320 fixed=-1 real=false M=
[ [ 2, 2, 1, 2, 1, 0, 0, 0, 1, 1 ], [ 1, 0, 1, 0, 1, 2, 1, 2, 0, 0 ], 
  [ 0, 0, 1, 1, 1, 2, 1, 1, 2, 1 ], [ 1, 2, 0, 2, 1, 1, 0, 0, 1, 2 ], 
  [ 2, 1, 2, 2, 1, 2, 0, 0, 2, 1 ], [ 1, 0, 1, 2, 2, 2, 2, 1, 2, 2 ], 
  [ 2, 2, 2, 1, 2, 0, 0, 1, 1, 1 ], [ 1, 1, 2, 1, 0, 0, 2, 2, 1, 1 ], 
  [ 0, 1, 1, 0, 2, 2, 0, 1, 0, 1 ], [ 2, 0, 0, 2, 0, 1, 0, 0, 1, 2 ] ]
CLASS n=5 order=15 size=283177010867110608568320 fixed=-1 real=false M=
[ [ 0, 0, 0, 2, 0, 1, 1, 0, 0, 1 ], [ 1, 1, 0, 2, 2, 0, 2, 0, 0, 1 ], 
  [ 2, 0, 1, 1, 1, 1, 2, 2, 2, 1 ], [ 2, 1, 0, 1, 0, 2, 0, 0, 0, 1 ], 
  [ 1, 2, 0, 2, 0, 1, 1, 0, 0, 2 ], [ 2, 2, 0, 0, 1, 2, 2, 1, 0, 0 ], 
  [ 2, 0, 1, 0, 2, 0, 1, 0, 2, 2 ], [ 0, 0, 1, 0, 1, 1, 2, 0, 0, 1 ], 
  [ 1, 2, 2, 2, 2, 0, 1, 0, 0, 0 ], [ 0, 1, 0, 0, 2, 0, 1, 0, 1, 0 ] ]
CLASS n=5 order=30 size=283177010867110608568320 fixed=-1 real=false M=
[ [ 0, 2, 0, 1, 0, 0, 1, 2, 2, 1 ], [ 1, 0, 0, 2, 0, 2, 1, 2, 1, 2 ], 
  [ 2, 1, 2, 1, 0, 2, 1, 2, 2, 1 ], [ 0, 1, 2, 2, 1, 0, 2, 0, 0, 0 ], 
  [ 2, 0, 0, 0, 1, 0, 2, 1, 2, 0 ], [ 2, 2, 1, 0, 0, 0, 2, 2, 0, 2 ], 
  [ 0, 2, 2, 0, 2, 2, 0, 1, 0, 2 ], [ 0, 1, 2, 0, 1, 0, 0, 2, 0, 0 ], 
  [ 0, 2, 1, 0, 2, 2, 1, 0, 1, 2 ], [ 0, 2, 0, 2, 1, 2, 0, 0, 0, 0 ] ]
CLASS n=5 order=30 size=283177010867110608568320 fixed=-1 real=false M=
[ [ 2, 1, 2, 1, 0, 1, 2, 2, 2, 0 ], [ 2, 1, 0, 2, 1, 2, 1, 2, 2, 1 ], 
  [ 1, 0, 1, 1, 2, 2, 2, 0, 0, 0 ], [ 2, 1, 0, 0, 1, 0, 0, 1, 1, 1 ], 
  [ 0, 0, 1, 0, 1, 1, 0, 2, 0, 2 ], [ 1, 2, 1, 0, 1, 0, 0, 2, 2, 2 ], 
  [ 2, 0, 0, 1, 0, 1, 2, 0, 2, 2 ], [ 2, 2, 0, 2, 1, 2, 0, 0, 0, 2 ], 
  [ 1, 1, 1, 1, 0, 1, 0, 0, 1, 2 ], [ 2, 1, 0, 0, 0, 0, 1, 1, 2, 0 ] ]
CLASS n=5 order=10 size=63714827445099886927872 fixed=-1 real=true M=
[ [ 0, 0, 0, 2, 2, 0, 1, 0, 2, 2 ], [ 0, 2, 2, 1, 2, 0, 2, 2, 1, 1 ], 
  [ 0, 1, 2, 2, 1, 0, 2, 2, 0, 1 ], [ 0, 0, 2, 1, 2, 0, 1, 1, 0, 0 ], 
  [ 1, 1, 1, 1, 0, 1, 2, 2, 0, 2 ], [ 2, 0, 2, 2, 1, 1, 2, 1, 0, 2 ], 
  [ 0, 0, 2, 1, 2, 1, 0, 1, 1, 0 ], [ 2, 1, 0, 1, 2, 2, 0, 0, 2, 0 ], 
  [ 2, 2, 1, 1, 0, 0, 2, 1, 2, 1 ], [ 1, 1, 1, 0, 0, 0, 2, 0, 2, 0 ] ]
CLASS n=5 order=30 size=254859309780399547711488 fixed=-1 real=false M=
[ [ 2, 1, 1, 2, 2, 0, 2, 0, 1, 1 ], [ 2, 0, 0, 2, 0, 1, 2, 1, 2, 2 ], 
  [ 0, 0, 1, 0, 1, 2, 1, 2, 1, 1 ], [ 1, 2, 1, 2, 1, 0, 1, 0, 2, 2 ], 
  [ 1, 2, 2, 1, 0, 2, 0, 2, 0, 1 ], [ 1, 1, 1, 2, 1, 1, 0, 1, 2, 0 ], 
  [ 2, 1, 0, 0, 2, 1, 1, 2, 0, 0 ], [ 2, 2, 1, 2, 2, 2, 0, 0, 0, 0 ], 
  [ 2, 0, 2, 1, 1, 0, 1, 2, 1, 2 ], [ 2, 1, 0, 0, 0, 1, 1, 0, 1, 2 ] ]
CLASS n=5 order=30 size=254859309780399547711488 fixed=-1 real=false M=
[ [ 2, 1, 1, 2, 2, 0, 2, 0, 1, 1 ], [ 0, 0, 1, 0, 2, 2, 0, 1, 2, 2 ], 
  [ 2, 0, 0, 2, 2, 1, 0, 2, 1, 1 ], [ 2, 2, 2, 0, 0, 1, 2, 0, 2, 2 ], 
  [ 0, 2, 1, 0, 1, 1, 2, 2, 0, 1 ], [ 0, 1, 0, 1, 2, 0, 2, 1, 2, 0 ], 
  [ 2, 1, 0, 0, 2, 1, 1, 2, 0, 0 ], [ 0, 2, 2, 0, 1, 0, 1, 0, 0, 0 ], 
  [ 2, 0, 2, 1, 1, 0, 1, 2, 1, 2 ], [ 2, 1, 0, 0, 0, 1, 1, 0, 1, 2 ] ]
CLASS n=5 order=6 size=74931680380677120 fixed=-1 real=true M=
[ [ 1, 1, 1, 1, 2, 0, 0, 1, 0, 1 ], [ 0, 1, 2, 2, 0, 1, 2, 1, 0, 0 ], 
  [ 2, 0, 2, 2, 0, 1, 1, 0, 2, 2 ], [ 1, 0, 1, 2, 0, 1, 0, 1, 2, 1 ], 
  [ 0, 2, 2, 1, 2, 0, 2, 0, 2, 2 ], [ 1, 0, 0, 0, 2, 2, 0, 0, 0, 1 ], 
  [ 2, 1, 2, 0, 0, 0, 2, 1, 1, 0 ], [ 1, 1, 0, 2, 0, 1, 1, 2, 0, 2 ], 
  [ 0, 1, 2, 2, 2, 2, 1, 0, 1, 1 ], [ 2, 0, 1, 0, 1, 0, 2, 2, 1, 0 ] ]
CLASS n=5 order=15 size=70794252716777652142080 fixed=-1 real=true M=
[ [ 2, 1, 0, 0, 1, 2, 2, 2, 1, 2 ], [ 1, 0, 2, 0, 1, 2, 0, 0, 2, 0 ], 
  [ 1, 2, 0, 2, 2, 1, 1, 1, 0, 0 ], [ 2, 1, 0, 2, 0, 1, 0, 2, 1, 0 ], 
  [ 0, 1, 0, 1, 1, 0, 1, 1, 2, 1 ], [ 1, 2, 0, 0, 0, 1, 0, 1, 0, 0 ], 
  [ 1, 1, 1, 1, 0, 2, 2, 1, 0, 2 ], [ 0, 1, 1, 0, 1, 2, 0, 1, 1, 1 ], 
  [ 0, 2, 1, 0, 0, 0, 2, 2, 0, 2 ], [ 2, 0, 2, 2, 1, 1, 1, 2, 1, 0 ] ]
CLASS n=5 order=30 size=70794252716777652142080 fixed=-1 real=true M=
[ [ 1, 0, 1, 2, 2, 1, 1, 2, 0, 2 ], [ 2, 1, 0, 2, 1, 0, 1, 0, 1, 1 ], 
  [ 1, 0, 1, 0, 2, 0, 1, 1, 2, 1 ], [ 1, 2, 2, 0, 0, 1, 0, 0, 0, 0 ], 
  [ 1, 2, 1, 2, 1, 2, 2, 1, 1, 0 ], [ 1, 2, 0, 2, 1, 0, 1, 1, 1, 0 ], 
  [ 2, 1, 2, 0, 0, 2, 1, 0, 1, 0 ], [ 0, 1, 0, 1, 0, 2, 0, 2, 1, 1 ], 
  [ 0, 1, 1, 0, 1, 1, 0, 2, 1, 1 ], [ 1, 0, 1, 1, 0, 2, 0, 2, 1, 0 ] ]
CLASS n=5 order=18 size=121389322216696934400 fixed=-1 real=false M=
[ [ 1, 2, 1, 2, 0, 0, 1, 0, 2, 1 ], [ 0, 0, 0, 2, 1, 0, 2, 0, 2, 2 ], 
  [ 2, 1, 1, 1, 1, 0, 2, 0, 2, 0 ], [ 1, 2, 2, 1, 0, 0, 2, 0, 2, 1 ], 
  [ 0, 1, 0, 2, 2, 0, 2, 1, 1, 0 ], [ 1, 1, 0, 2, 1, 0, 2, 1, 0, 2 ], 
  [ 0, 0, 2, 0, 1, 1, 1, 1, 2, 1 ], [ 1, 0, 1, 0, 2, 2, 0, 2, 0, 1 ], 
  [ 0, 2, 2, 2, 0, 1, 2, 2, 2, 0 ], [ 2, 0, 0, 0, 2, 0, 2, 0, 1, 1 ] ]
CLASS n=5 order=18 size=121389322216696934400 fixed=-1 real=false M=
[ [ 0, 1, 2, 2, 1, 2, 0, 0, 0, 1 ], [ 1, 1, 1, 1, 1, 2, 1, 0, 1, 2 ], 
  [ 0, 1, 0, 1, 1, 0, 2, 0, 0, 0 ], [ 2, 1, 2, 2, 1, 1, 0, 2, 0, 0 ], 
  [ 1, 0, 2, 2, 2, 2, 1, 2, 0, 1 ], [ 1, 0, 1, 2, 0, 0, 2, 1, 1, 1 ], 
  [ 0, 0, 0, 0, 1, 2, 2, 2, 0, 1 ], [ 0, 1, 2, 0, 2, 0, 1, 1, 1, 0 ], 
  [ 0, 2, 0, 2, 1, 2, 0, 2, 1, 2 ], [ 1, 2, 1, 2, 0, 1, 0, 2, 2, 2 ] ]
CLASS n=5 order=18 size=40463107405565644800 fixed=-1 real=false M=
[ [ 1, 2, 2, 1, 0, 0, 1, 2, 2, 0 ], [ 0, 1, 0, 1, 1, 0, 0, 2, 0, 1 ], 
  [ 1, 1, 2, 2, 0, 1, 1, 0, 2, 2 ], [ 1, 2, 2, 0, 0, 2, 0, 0, 2, 1 ], 
  [ 2, 0, 2, 1, 1, 2, 2, 1, 0, 2 ], [ 1, 1, 2, 1, 0, 1, 2, 0, 0, 1 ], 
  [ 1, 1, 0, 1, 2, 2, 2, 0, 0, 0 ], [ 1, 1, 0, 2, 1, 1, 1, 2, 1, 0 ], 
  [ 2, 0, 0, 0, 0, 0, 2, 1, 0, 2 ], [ 2, 0, 2, 1, 2, 0, 2, 1, 1, 2 ] ]
CLASS n=5 order=18 size=40463107405565644800 fixed=-1 real=false M=
[ [ 2, 2, 1, 1, 2, 0, 2, 1, 0, 0 ], [ 1, 2, 0, 1, 0, 0, 0, 2, 2, 0 ], 
  [ 0, 1, 2, 1, 1, 0, 0, 1, 2, 2 ], [ 2, 1, 0, 2, 0, 2, 1, 0, 2, 1 ], 
  [ 1, 0, 0, 0, 1, 1, 1, 2, 0, 2 ], [ 0, 0, 1, 1, 1, 0, 2, 1, 2, 1 ], 
  [ 1, 2, 0, 0, 0, 1, 1, 0, 2, 1 ], [ 2, 2, 1, 0, 0, 2, 2, 1, 2, 2 ], 
  [ 0, 0, 1, 1, 1, 1, 2, 0, 1, 1 ], [ 0, 1, 2, 1, 0, 0, 1, 0, 1, 0 ] ]
CLASS n=5 order=9 size=333029690580787200 fixed=-1 real=false M=
[ [ 1, 2, 0, 0, 0, 1, 1, 1, 0, 0 ], [ 2, 1, 0, 2, 0, 0, 0, 1, 1, 0 ], 
  [ 0, 1, 2, 2, 2, 0, 0, 1, 0, 2 ], [ 1, 2, 1, 2, 0, 1, 1, 1, 2, 0 ], 
  [ 2, 2, 2, 0, 1, 0, 0, 0, 0, 2 ], [ 0, 2, 1, 2, 1, 1, 2, 1, 1, 0 ], 
  [ 2, 1, 2, 1, 2, 0, 2, 1, 0, 0 ], [ 1, 1, 1, 0, 1, 0, 0, 2, 0, 1 ], 
  [ 0, 1, 2, 1, 0, 1, 1, 0, 1, 0 ], [ 0, 0, 0, 1, 2, 1, 1, 0, 0, 1 ] ]
CLASS n=5 order=9 size=333029690580787200 fixed=-1 real=false M=
[ [ 2, 2, 1, 1, 1, 2, 2, 1, 0, 1 ], [ 1, 2, 2, 1, 1, 2, 2, 1, 0, 1 ], 
  [ 0, 0, 2, 0, 2, 1, 1, 1, 2, 2 ], [ 1, 0, 0, 0, 0, 0, 0, 1, 0, 0 ], 
  [ 2, 1, 0, 1, 0, 1, 1, 0, 2, 2 ], [ 1, 0, 2, 0, 0, 1, 0, 1, 2, 2 ], 
  [ 2, 1, 2, 1, 2, 0, 1, 1, 0, 0 ], [ 1, 2, 0, 2, 1, 2, 2, 1, 1, 1 ], 
  [ 2, 0, 1, 0, 1, 0, 0, 0, 2, 1 ], [ 1, 0, 2, 0, 1, 0, 0, 0, 0, 2 ] ]
CLASS n=5 order=18 size=1456671866600363212800 fixed=-1 real=false M=
[ [ 2, 2, 1, 1, 2, 0, 1, 1, 0, 0 ], [ 0, 2, 1, 2, 2, 2, 0, 1, 1, 1 ], 
  [ 2, 0, 1, 1, 0, 1, 2, 1, 0, 2 ], [ 0, 1, 0, 1, 2, 0, 0, 0, 0, 0 ], 
  [ 1, 2, 2, 2, 1, 0, 1, 2, 0, 1 ], [ 0, 0, 1, 1, 1, 2, 2, 1, 1, 2 ], 
  [ 2, 1, 2, 1, 1, 2, 2, 1, 0, 1 ], [ 1, 2, 1, 2, 2, 1, 0, 1, 1, 2 ], 
  [ 0, 1, 0, 2, 0, 0, 0, 2, 1, 2 ], [ 2, 1, 2, 2, 1, 2, 1, 2, 2, 1 ] ]
CLASS n=5 order=18 size=1456671866600363212800 fixed=-1 real=false M=
[ [ 2, 1, 1, 0, 0, 1, 2, 2, 1, 2 ], [ 1, 2, 2, 1, 2, 0, 1, 2, 1, 2 ], 
  [ 0, 2, 0, 1, 0, 0, 1, 2, 2, 0 ], [ 1, 1, 1, 2, 0, 0, 0, 2, 1, 1 ], 
  [ 0, 0, 2, 1, 1, 2, 0, 1, 2, 2 ], [ 0, 2, 2, 1, 0, 2, 2, 1, 2, 1 ], 
  [ 1, 2, 0, 2, 1, 1, 1, 2, 2, 1 ], [ 2, 1, 1, 0, 2, 2, 1, 2, 2, 1 ], 
  [ 2, 0, 2, 0, 1, 1, 1, 2, 1, 0 ], [ 2, 0, 0, 0, 2, 0, 2, 0, 1, 1 ] ]
CLASS n=5 order=3 size=9250824738355200 fixed=-1 real=false M=
[ [ 2, 2, 1, 0, 0, 1, 1, 2, 0, 2 ], [ 0, 0, 0, 0, 2, 1, 2, 2, 2, 1 ], 
  [ 2, 0, 1, 2, 0, 0, 1, 1, 0, 0 ], [ 0, 2, 1, 2, 0, 2, 1, 1, 1, 0 ], 
  [ 1, 1, 2, 0, 1, 0, 1, 0, 0, 0 ], [ 2, 0, 0, 1, 0, 2, 0, 2, 1, 1 ], 
  [ 0, 2, 0, 2, 2, 1, 2, 2, 1, 2 ], [ 0, 2, 0, 2, 2, 2, 1, 1, 0, 2 ], 
  [ 0, 2, 2, 1, 1, 1, 2, 1, 2, 0 ], [ 2, 0, 1, 0, 1, 0, 0, 2, 0, 0 ] ]
CLASS n=5 order=3 size=9250824738355200 fixed=-1 real=false M=
[ [ 0, 1, 2, 0, 0, 2, 2, 1, 0, 1 ], [ 0, 2, 0, 2, 1, 1, 0, 0, 1, 0 ], 
  [ 0, 0, 2, 1, 1, 0, 2, 1, 0, 2 ], [ 0, 1, 2, 1, 0, 2, 0, 0, 2, 2 ], 
  [ 1, 2, 2, 0, 2, 0, 2, 2, 0, 2 ], [ 1, 0, 0, 0, 0, 1, 1, 2, 2, 1 ], 
  [ 2, 1, 1, 2, 2, 0, 1, 1, 2, 2 ], [ 1, 1, 2, 1, 0, 1, 2, 2, 0, 2 ], 
  [ 1, 1, 0, 0, 1, 0, 2, 1, 0, 0 ], [ 1, 0, 2, 0, 2, 0, 0, 1, 0, 2 ] ]
CLASS n=5 order=6 size=60694661108348467200 fixed=-1 real=false M=
[ [ 2, 2, 0, 1, 2, 2, 0, 0, 2, 0 ], [ 2, 0, 2, 0, 2, 2, 2, 2, 1, 2 ], 
  [ 2, 1, 1, 2, 2, 1, 1, 0, 0, 1 ], [ 2, 1, 1, 2, 0, 0, 1, 0, 2, 0 ], 
  [ 2, 2, 0, 2, 0, 0, 0, 2, 0, 0 ], [ 0, 2, 0, 1, 0, 2, 0, 0, 0, 2 ], 
  [ 0, 0, 0, 1, 0, 0, 0, 2, 0, 0 ], [ 2, 2, 1, 0, 1, 2, 2, 1, 1, 1 ], 
  [ 0, 2, 1, 1, 2, 2, 1, 0, 2, 0 ], [ 1, 2, 2, 0, 1, 0, 2, 2, 0, 1 ] ]
CLASS n=5 order=6 size=60694661108348467200 fixed=-1 real=false M=
[ [ 0, 2, 2, 1, 1, 2, 1, 0, 1, 2 ], [ 2, 1, 2, 1, 0, 1, 2, 0, 1, 0 ], 
  [ 0, 1, 1, 2, 2, 2, 0, 1, 0, 1 ], [ 2, 0, 1, 2, 0, 0, 1, 0, 2, 2 ], 
  [ 1, 2, 0, 1, 1, 0, 1, 0, 0, 2 ], [ 2, 1, 0, 1, 0, 0, 1, 0, 1, 1 ], 
  [ 1, 0, 0, 0, 0, 2, 2, 2, 1, 0 ], [ 2, 0, 1, 2, 0, 0, 2, 0, 2, 2 ], 
  [ 1, 0, 0, 1, 1, 0, 2, 0, 2, 0 ], [ 1, 1, 2, 0, 0, 0, 1, 0, 0, 1 ] ]
CLASS n=5 order=6 size=364167966650090803200 fixed=-1 real=true M=
[ [ 0, 1, 1, 1, 0, 1, 0, 2, 2, 1 ], [ 1, 1, 0, 2, 0, 2, 0, 2, 1, 2 ], 
  [ 0, 1, 0, 2, 0, 2, 0, 0, 1, 1 ], [ 1, 2, 1, 0, 2, 1, 0, 2, 0, 2 ], 
  [ 1, 2, 0, 1, 0, 2, 1, 1, 0, 1 ], [ 0, 2, 1, 2, 0, 2, 1, 1, 0, 2 ], 
  [ 0, 2, 0, 1, 2, 0, 0, 1, 2, 0 ], [ 2, 1, 1, 1, 1, 0, 1, 0, 2, 2 ], 
  [ 2, 1, 1, 0, 1, 0, 0, 1, 1, 1 ], [ 2, 2, 1, 0, 0, 2, 1, 1, 0, 1 ] ]
CLASS n=5 order=12 size=19665070199104903372800 fixed=-1 real=true M=
[ [ 1, 2, 0, 1, 0, 0, 2, 1, 0, 0 ], [ 2, 0, 0, 1, 0, 2, 0, 1, 1, 2 ], 
  [ 1, 2, 1, 0, 2, 1, 1, 1, 2, 0 ], [ 1, 0, 1, 0, 1, 2, 1, 2, 0, 1 ], 
  [ 1, 2, 1, 2, 2, 2, 0, 2, 1, 0 ], [ 1, 1, 2, 0, 0, 0, 2, 1, 1, 1 ], 
  [ 2, 2, 1, 1, 1, 1, 0, 0, 2, 0 ], [ 2, 2, 2, 0, 0, 0, 0, 2, 1, 0 ], 
  [ 1, 2, 2, 1, 1, 0, 2, 2, 2, 0 ], [ 0, 2, 0, 2, 2, 1, 2, 0, 0, 2 ] ]
CLASS n=5 order=12 size=6555023399701634457600 fixed=-1 real=true M=
[ [ 2, 1, 1, 1, 2, 0, 0, 0, 1, 0 ], [ 1, 0, 0, 1, 1, 0, 1, 0, 2, 1 ], 
  [ 0, 1, 0, 0, 2, 0, 0, 2, 2, 1 ], [ 1, 1, 0, 2, 2, 1, 2, 0, 1, 1 ], 
  [ 0, 1, 1, 1, 0, 1, 1, 2, 1, 2 ], [ 0, 0, 0, 1, 0, 1, 1, 2, 0, 0 ], 
  [ 0, 1, 0, 2, 1, 0, 1, 0, 2, 2 ], [ 1, 2, 2, 2, 0, 2, 2, 0, 0, 2 ], 
  [ 1, 2, 1, 1, 2, 1, 2, 1, 2, 1 ], [ 0, 1, 1, 1, 0, 0, 2, 2, 1, 1 ] ]
CLASS n=5 order=18 size=3034733055417423360 fixed=-1 real=false M=
[ [ 0, 2, 1, 2, 2, 0, 0, 0, 0, 0 ], [ 2, 1, 0, 2, 1, 0, 1, 1, 2, 0 ], 
  [ 0, 2, 2, 1, 2, 0, 2, 2, 2, 0 ], [ 1, 2, 2, 1, 0, 1, 2, 0, 0, 1 ], 
  [ 0, 1, 0, 2, 2, 2, 2, 1, 2, 0 ], [ 1, 0, 2, 0, 1, 0, 1, 0, 1, 0 ], 
  [ 1, 0, 2, 0, 0, 0, 1, 0, 2, 0 ], [ 0, 1, 0, 2, 1, 2, 0, 2, 2, 0 ], 
  [ 1, 0, 2, 2, 0, 2, 2, 1, 2, 2 ], [ 0, 1, 1, 2, 1, 0, 1, 1, 2, 0 ] ]
CLASS n=5 order=18 size=3034733055417423360 fixed=-1 real=false M=
[ [ 2, 2, 1, 2, 0, 1, 2, 0, 2, 0 ], [ 2, 0, 1, 0, 1, 0, 0, 2, 0, 2 ], 
  [ 1, 2, 0, 2, 0, 1, 2, 0, 0, 1 ], [ 0, 2, 1, 0, 2, 1, 2, 1, 2, 2 ], 
  [ 0, 0, 1, 2, 0, 0, 0, 0, 1, 0 ], [ 1, 1, 0, 1, 1, 1, 1, 0, 1, 0 ], 
  [ 2, 0, 0, 2, 0, 1, 1, 0, 2, 1 ], [ 1, 0, 1, 0, 1, 2, 2, 2, 2, 2 ], 
  [ 0, 0, 1, 2, 0, 1, 2, 0, 1, 0 ], [ 2, 0, 1, 2, 1, 0, 0, 1, 1, 0 ] ]
CLASS n=5 order=12 size=62443066983897600 fixed=-1 real=false M=
[ [ 1, 1, 2, 1, 0, 2, 2, 1, 2, 2 ], [ 0, 2, 1, 2, 2, 1, 1, 1, 0, 1 ], 
  [ 2, 1, 2, 1, 0, 1, 1, 2, 2, 1 ], [ 0, 1, 1, 0, 1, 2, 1, 2, 2, 0 ], 
  [ 2, 1, 0, 0, 0, 0, 0, 0, 2, 1 ], [ 2, 1, 2, 1, 2, 2, 2, 2, 1, 1 ], 
  [ 1, 2, 2, 0, 0, 2, 0, 2, 0, 0 ], [ 0, 1, 1, 2, 1, 2, 1, 0, 2, 0 ], 
  [ 0, 1, 2, 0, 0, 2, 2, 0, 1, 1 ], [ 1, 2, 0, 2, 2, 2, 0, 1, 0, 0 ] ]
CLASS n=5 order=12 size=62443066983897600 fixed=-1 real=false M=
[ [ 1, 0, 1, 0, 2, 1, 1, 0, 2, 0 ], [ 1, 2, 0, 1, 0, 2, 0, 1, 2, 1 ], 
  [ 1, 0, 2, 0, 2, 0, 0, 1, 2, 2 ], [ 1, 2, 2, 2, 2, 0, 2, 0, 2, 2 ], 
  [ 1, 2, 1, 1, 0, 2, 1, 0, 0, 1 ], [ 0, 0, 1, 0, 0, 1, 1, 2, 0, 1 ], 
  [ 0, 2, 2, 0, 2, 1, 1, 0, 2, 2 ], [ 1, 2, 2, 0, 2, 0, 2, 2, 2, 2 ], 
  [ 1, 1, 2, 0, 1, 0, 2, 2, 0, 2 ], [ 1, 0, 1, 0, 2, 2, 1, 0, 2, 2 ] ]
CLASS n=5 order=6 size=6743851234260940800 fixed=-1 real=false M=
[ [ 2, 0, 2, 0, 1, 2, 2, 1, 2, 2 ], [ 0, 0, 1, 0, 2, 1, 0, 2, 2, 2 ], 
  [ 2, 1, 0, 0, 0, 2, 1, 1, 0, 2 ], [ 2, 1, 1, 2, 1, 0, 1, 1, 0, 2 ], 
  [ 1, 1, 1, 1, 2, 0, 0, 1, 2, 1 ], [ 0, 1, 0, 1, 0, 2, 0, 1, 0, 2 ], 
  [ 2, 1, 1, 0, 2, 1, 1, 0, 2, 0 ], [ 1, 1, 1, 2, 1, 1, 1, 0, 2, 0 ], 
  [ 1, 1, 2, 2, 2, 1, 1, 2, 2, 2 ], [ 2, 1, 2, 1, 1, 1, 1, 2, 1, 1 ] ]
CLASS n=5 order=6 size=6743851234260940800 fixed=-1 real=false M=
[ [ 0, 0, 2, 1, 2, 1, 2, 1, 2, 1 ], [ 0, 1, 2, 1, 0, 2, 1, 1, 2, 2 ], 
  [ 0, 0, 1, 0, 2, 1, 1, 0, 2, 2 ], [ 1, 1, 1, 0, 0, 2, 1, 2, 2, 1 ], 
  [ 2, 2, 0, 2, 1, 0, 2, 1, 2, 1 ], [ 2, 2, 1, 0, 0, 1, 1, 1, 1, 1 ], 
  [ 1, 1, 2, 1, 2, 1, 0, 0, 1, 2 ], [ 0, 1, 1, 2, 0, 0, 1, 2, 1, 2 ], 
  [ 1, 2, 1, 2, 1, 1, 0, 0, 2, 2 ], [ 2, 1, 0, 0, 0, 1, 2, 1, 1, 1 ] ]
CLASS n=5 order=9 size=4370015599801089638400 fixed=-1 real=false M=
[ [ 2, 1, 2, 2, 0, 2, 2, 2, 0, 1 ], [ 0, 0, 1, 2, 0, 0, 0, 0, 1, 0 ], 
  [ 0, 2, 2, 2, 2, 1, 0, 0, 0, 2 ], [ 1, 0, 0, 1, 0, 1, 2, 1, 2, 2 ], 
  [ 0, 1, 0, 1, 1, 1, 1, 0, 0, 2 ], [ 2, 0, 2, 0, 1, 0, 2, 0, 0, 1 ], 
  [ 2, 1, 0, 1, 0, 2, 1, 2, 1, 2 ], [ 0, 1, 2, 2, 2, 2, 1, 1, 1, 2 ], 
  [ 2, 1, 0, 2, 1, 0, 1, 2, 1, 1 ], [ 2, 1, 1, 0, 1, 1, 1, 1, 2, 2 ] ]
CLASS n=5 order=9 size=4370015599801089638400 fixed=-1 real=false M=
[ [ 1, 2, 0, 0, 2, 2, 2, 1, 2, 1 ], [ 1, 0, 2, 0, 0, 0, 2, 1, 2, 1 ], 
  [ 2, 2, 1, 0, 0, 2, 1, 1, 1, 2 ], [ 2, 2, 2, 2, 1, 2, 1, 2, 2, 1 ], 
  [ 0, 1, 2, 2, 1, 0, 2, 2, 2, 2 ], [ 1, 1, 0, 2, 0, 0, 2, 0, 1, 2 ], 
  [ 2, 2, 0, 2, 0, 1, 1, 1, 2, 2 ], [ 2, 2, 1, 0, 1, 0, 0, 0, 0, 2 ], 
  [ 0, 2, 1, 1, 1, 2, 2, 1, 2, 2 ], [ 1, 2, 1, 1, 1, 0, 1, 1, 0, 2 ] ]
CLASS n=5 order=12 size=40463107405565644800 fixed=-1 real=false M=
[ [ 2, 1, 0, 2, 1, 0, 0, 1, 0, 1 ], [ 2, 0, 1, 0, 2, 1, 0, 0, 2, 0 ], 
  [ 2, 1, 2, 1, 1, 0, 2, 0, 0, 2 ], [ 2, 0, 0, 2, 1, 0, 0, 2, 1, 1 ], 
  [ 0, 0, 1, 0, 2, 1, 0, 2, 2, 0 ], [ 1, 1, 0, 2, 2, 0, 0, 0, 1, 2 ], 
  [ 1, 2, 0, 2, 2, 1, 1, 2, 0, 0 ], [ 1, 0, 0, 1, 1, 1, 0, 2, 0, 2 ], 
  [ 1, 1, 0, 1, 1, 1, 2, 1, 0, 1 ], [ 0, 1, 0, 0, 1, 2, 2, 0, 2, 2 ] ]
CLASS n=5 order=12 size=40463107405565644800 fixed=-1 real=false M=
[ [ 0, 2, 1, 2, 2, 0, 1, 1, 1, 2 ], [ 1, 1, 2, 1, 0, 2, 1, 0, 2, 1 ], 
  [ 0, 0, 2, 2, 1, 0, 0, 1, 2, 2 ], [ 1, 2, 2, 0, 0, 2, 2, 1, 1, 2 ], 
  [ 0, 0, 0, 0, 1, 2, 2, 0, 2, 2 ], [ 1, 2, 1, 2, 1, 0, 1, 2, 0, 1 ], 
  [ 2, 0, 0, 2, 2, 1, 0, 1, 0, 2 ], [ 0, 2, 2, 0, 0, 0, 2, 0, 0, 0 ], 
  [ 1, 2, 0, 0, 2, 1, 2, 1, 1, 0 ], [ 1, 1, 2, 1, 0, 0, 1, 0, 0, 0 ] ]
CLASS n=5 order=18 size=39330140398209806745600 fixed=-1 real=false M=
[ [ 2, 0, 0, 0, 1, 0, 1, 1, 2, 2 ], [ 0, 2, 2, 0, 0, 2, 1, 1, 2, 1 ], 
  [ 1, 0, 0, 0, 0, 1, 2, 1, 0, 0 ], [ 1, 0, 2, 0, 1, 0, 0, 1, 1, 2 ], 
  [ 0, 0, 2, 1, 2, 2, 1, 0, 1, 2 ], [ 0, 0, 2, 0, 1, 0, 0, 2, 2, 1 ], 
  [ 2, 2, 1, 2, 2, 1, 2, 1, 0, 1 ], [ 0, 0, 0, 0, 1, 0, 1, 1, 2, 2 ], 
  [ 0, 0, 0, 0, 0, 0, 1, 2, 0, 1 ], [ 2, 0, 2, 2, 1, 2, 1, 1, 1, 0 ] ]
CLASS n=5 order=18 size=39330140398209806745600 fixed=-1 real=false M=
[ [ 1, 1, 2, 2, 2, 1, 2, 0, 2, 0 ], [ 0, 2, 0, 1, 0, 0, 2, 1, 2, 2 ], 
  [ 2, 2, 2, 2, 1, 0, 0, 1, 2, 1 ], [ 2, 0, 0, 1, 1, 2, 2, 0, 0, 0 ], 
  [ 0, 2, 1, 2, 1, 1, 2, 2, 2, 0 ], [ 2, 2, 1, 2, 1, 0, 1, 1, 1, 0 ], 
  [ 0, 0, 2, 0, 1, 0, 0, 2, 0, 2 ], [ 1, 1, 2, 2, 0, 0, 1, 0, 2, 0 ], 
  [ 1, 2, 1, 0, 0, 2, 2, 2, 2, 1 ], [ 1, 0, 0, 2, 0, 0, 0, 0, 2, 0 ] ]
CLASS n=5 order=36 size=235980842389258840473600 fixed=-1 real=false M=
[ [ 1, 1, 0, 1, 0, 2, 0, 2, 0, 2 ], [ 2, 0, 0, 2, 2, 1, 0, 2, 1, 2 ], 
  [ 1, 2, 0, 2, 2, 0, 2, 2, 1, 1 ], [ 1, 1, 0, 0, 2, 0, 2, 0, 2, 2 ], 
  [ 2, 1, 0, 1, 2, 2, 2, 0, 0, 0 ], [ 1, 2, 2, 1, 1, 0, 2, 1, 1, 1 ], 
  [ 2, 0, 0, 0, 0, 2, 2, 2, 0, 0 ], [ 1, 2, 2, 0, 1, 0, 1, 2, 2, 1 ], 
  [ 2, 2, 0, 0, 1, 2, 2, 1, 0, 0 ], [ 1, 1, 2, 2, 0, 0, 0, 2, 2, 0 ] ]
CLASS n=5 order=36 size=235980842389258840473600 fixed=-1 real=false M=
[ [ 1, 2, 2, 2, 0, 2, 0, 0, 2, 0 ], [ 1, 1, 1, 2, 1, 0, 0, 1, 1, 1 ], 
  [ 0, 2, 2, 2, 2, 0, 1, 0, 0, 1 ], [ 2, 1, 0, 1, 2, 1, 1, 2, 1, 1 ], 
  [ 2, 1, 0, 2, 1, 1, 2, 0, 2, 2 ], [ 1, 2, 1, 2, 2, 1, 2, 2, 1, 1 ], 
  [ 1, 2, 1, 2, 1, 0, 2, 2, 2, 0 ], [ 1, 1, 1, 1, 2, 1, 2, 2, 2, 1 ], 
  [ 1, 0, 0, 0, 1, 1, 1, 1, 1, 2 ], [ 2, 1, 0, 0, 1, 2, 2, 0, 0, 1 ] ]
CLASS n=5 order=18 size=13110046799403268915200 fixed=-1 real=false M=
[ [ 2, 1, 0, 2, 0, 1, 2, 2, 0, 1 ], [ 0, 1, 1, 2, 2, 1, 2, 1, 1, 1 ], 
  [ 2, 1, 1, 0, 1, 0, 0, 2, 1, 2 ], [ 2, 2, 2, 0, 2, 2, 0, 2, 0, 0 ], 
  [ 0, 1, 2, 2, 1, 1, 0, 0, 0, 1 ], [ 0, 1, 1, 0, 1, 0, 0, 0, 2, 2 ], 
  [ 1, 2, 0, 2, 1, 0, 2, 2, 2, 0 ], [ 0, 0, 2, 2, 0, 0, 2, 1, 0, 2 ], 
  [ 0, 1, 2, 1, 2, 2, 2, 0, 1, 1 ], [ 0, 2, 0, 0, 2, 0, 0, 1, 1, 1 ] ]
CLASS n=5 order=18 size=13110046799403268915200 fixed=-1 real=false M=
[ [ 1, 0, 0, 2, 0, 1, 2, 2, 2, 2 ], [ 0, 0, 2, 0, 1, 1, 0, 1, 2, 1 ], 
  [ 2, 1, 0, 1, 0, 0, 0, 2, 0, 2 ], [ 0, 1, 0, 0, 2, 1, 2, 1, 0, 0 ], 
  [ 1, 1, 1, 1, 1, 1, 1, 2, 2, 2 ], [ 0, 1, 2, 2, 2, 1, 2, 1, 1, 0 ], 
  [ 2, 1, 2, 0, 2, 2, 1, 2, 1, 1 ], [ 0, 1, 2, 0, 1, 2, 2, 1, 1, 1 ], 
  [ 0, 2, 1, 1, 0, 1, 2, 0, 1, 0 ], [ 2, 0, 1, 0, 2, 1, 1, 0, 2, 2 ] ]
CLASS n=5 order=6 size=41628711322598400 fixed=-1 real=false M=
[ [ 0, 1, 2, 1, 1, 2, 0, 1, 1, 2 ], [ 1, 2, 2, 2, 0, 1, 2, 2, 0, 1 ], 
  [ 1, 1, 1, 0, 2, 0, 1, 1, 1, 0 ], [ 2, 1, 1, 1, 2, 0, 1, 2, 0, 0 ], 
  [ 1, 1, 1, 1, 0, 2, 1, 0, 0, 2 ], [ 1, 0, 1, 0, 0, 2, 1, 0, 0, 1 ], 
  [ 2, 2, 0, 0, 0, 0, 2, 2, 1, 0 ], [ 1, 2, 2, 0, 0, 1, 2, 1, 0, 1 ], 
  [ 1, 1, 1, 1, 2, 2, 1, 0, 1, 2 ], [ 2, 1, 1, 0, 1, 1, 1, 1, 0, 2 ] ]
CLASS n=5 order=6 size=41628711322598400 fixed=-1 real=false M=
[ [ 2, 2, 1, 2, 0, 2, 2, 1, 1, 2 ], [ 2, 0, 1, 1, 2, 1, 2, 2, 1, 1 ], 
  [ 2, 2, 1, 0, 0, 2, 0, 0, 0, 2 ], [ 1, 2, 2, 1, 2, 1, 1, 0, 2, 1 ], 
  [ 1, 1, 0, 0, 2, 1, 1, 0, 1, 1 ], [ 0, 1, 1, 2, 0, 0, 0, 0, 2, 2 ], 
  [ 2, 2, 2, 2, 0, 0, 1, 1, 1, 0 ], [ 1, 0, 2, 1, 2, 1, 1, 2, 2, 1 ], 
  [ 1, 1, 0, 0, 1, 1, 1, 0, 2, 1 ], [ 0, 1, 0, 1, 0, 0, 0, 1, 0, 1 ] ]
CLASS n=5 order=18 size=926353191519360 fixed=-1 real=false M=
[ [ 1, 2, 1, 1, 1, 2, 1, 2, 2, 1 ], [ 2, 1, 1, 2, 1, 1, 2, 2, 1, 2 ], 
  [ 2, 1, 2, 0, 0, 2, 1, 1, 1, 1 ], [ 0, 0, 0, 0, 2, 0, 0, 1, 1, 2 ], 
  [ 2, 2, 2, 0, 0, 0, 0, 1, 0, 0 ], [ 2, 0, 0, 2, 0, 2, 2, 2, 0, 1 ], 
  [ 0, 2, 0, 2, 1, 2, 2, 1, 0, 1 ], [ 2, 2, 2, 0, 2, 0, 0, 2, 0, 0 ], 
  [ 0, 0, 1, 0, 1, 0, 0, 0, 2, 1 ], [ 1, 2, 1, 0, 2, 1, 2, 2, 1, 2 ] ]
CLASS n=5 order=18 size=926353191519360 fixed=-1 real=false M=
[ [ 2, 0, 0, 0, 2, 2, 1, 2, 1, 1 ], [ 2, 0, 0, 0, 0, 0, 0, 1, 1, 1 ], 
  [ 1, 0, 0, 2, 0, 2, 1, 0, 1, 2 ], [ 2, 1, 0, 2, 0, 2, 1, 0, 2, 1 ], 
  [ 0, 2, 0, 0, 0, 2, 1, 0, 2, 2 ], [ 1, 2, 1, 2, 1, 2, 2, 0, 2, 0 ], 
  [ 1, 2, 1, 1, 0, 1, 0, 1, 0, 2 ], [ 0, 2, 0, 0, 2, 2, 1, 1, 2, 2 ], 
  [ 1, 0, 2, 1, 2, 2, 1, 1, 0, 1 ], [ 1, 0, 2, 0, 1, 2, 1, 2, 0, 1 ] ]
CLASS n=5 order=6 size=173452963844160 fixed=-1 real=true M=
[ [ 1, 0, 1, 0, 0, 0, 0, 0, 1, 1 ], [ 2, 0, 0, 0, 0, 2, 1, 2, 0, 1 ], 
  [ 2, 2, 2, 0, 0, 2, 1, 2, 1, 2 ], [ 1, 1, 0, 1, 1, 0, 2, 2, 1, 2 ], 
  [ 2, 1, 2, 2, 1, 2, 0, 1, 1, 1 ], [ 1, 0, 2, 2, 0, 2, 1, 0, 1, 2 ], 
  [ 2, 0, 2, 1, 0, 2, 0, 0, 0, 2 ], [ 2, 2, 2, 0, 0, 2, 1, 0, 2, 0 ], 
  [ 2, 2, 2, 0, 2, 0, 1, 1, 2, 0 ], [ 0, 2, 1, 2, 1, 2, 2, 0, 1, 0 ] ]
CLASS n=5 order=30 size=5899521059731471011840 fixed=-1 real=true M=
[ [ 1, 2, 2, 2, 1, 1, 2, 2, 1, 2 ], [ 0, 0, 0, 2, 0, 0, 2, 2, 0, 0 ], 
  [ 0, 0, 1, 2, 1, 0, 1, 2, 0, 0 ], [ 0, 2, 0, 0, 0, 0, 2, 2, 0, 1 ], 
  [ 1, 1, 0, 1, 2, 2, 0, 0, 1, 1 ], [ 1, 1, 2, 2, 0, 1, 1, 0, 2, 0 ], 
  [ 2, 1, 1, 1, 2, 2, 2, 0, 1, 0 ], [ 2, 2, 2, 0, 1, 1, 2, 1, 0, 2 ], 
  [ 2, 2, 2, 1, 0, 2, 1, 0, 0, 1 ], [ 0, 1, 1, 1, 2, 0, 0, 1, 2, 0 ] ]
CLASS n=5 order=12 size=1040717783064960 fixed=-1 real=true M=
[ [ 2, 0, 0, 2, 1, 0, 1, 1, 0, 0 ], [ 1, 1, 2, 2, 1, 0, 1, 1, 2, 2 ], 
  [ 2, 0, 0, 1, 2, 0, 2, 2, 2, 2 ], [ 1, 1, 1, 1, 2, 2, 2, 0, 0, 0 ], 
  [ 2, 2, 2, 0, 0, 0, 1, 1, 1, 0 ], [ 0, 2, 1, 2, 0, 1, 2, 2, 0, 2 ], 
  [ 1, 1, 2, 0, 1, 0, 0, 2, 0, 1 ], [ 0, 0, 2, 0, 0, 0, 0, 1, 2, 2 ], 
  [ 1, 2, 2, 1, 0, 1, 0, 2, 1, 0 ], [ 2, 0, 0, 1, 0, 2, 2, 0, 1, 1 ] ]
CLASS n=5 order=18 size=20231553702782822400 fixed=-1 real=false M=
[ [ 2, 2, 2, 2, 2, 0, 2, 0, 1, 2 ], [ 2, 0, 2, 2, 1, 0, 0, 1, 0, 0 ], 
  [ 0, 2, 0, 0, 1, 1, 2, 1, 1, 0 ], [ 2, 1, 2, 2, 1, 1, 0, 1, 1, 0 ], 
  [ 1, 0, 2, 0, 0, 1, 0, 0, 0, 1 ], [ 1, 0, 0, 2, 0, 2, 0, 1, 0, 1 ], 
  [ 2, 2, 2, 0, 0, 2, 2, 1, 2, 2 ], [ 0, 1, 1, 1, 2, 1, 0, 1, 1, 2 ], 
  [ 1, 0, 2, 1, 1, 1, 2, 1, 1, 2 ], [ 1, 1, 2, 0, 1, 0, 1, 1, 0, 2 ] ]
CLASS n=5 order=18 size=20231553702782822400 fixed=-1 real=false M=
[ [ 1, 1, 0, 0, 1, 0, 2, 2, 2, 2 ], [ 0, 0, 0, 1, 2, 2, 0, 1, 1, 1 ], 
  [ 0, 0, 0, 2, 0, 0, 2, 0, 0, 2 ], [ 0, 0, 0, 1, 1, 1, 1, 1, 2, 0 ], 
  [ 0, 0, 2, 1, 1, 1, 2, 2, 0, 1 ], [ 2, 0, 2, 0, 1, 0, 2, 0, 1, 1 ], 
  [ 2, 0, 2, 1, 2, 0, 2, 1, 2, 1 ], [ 0, 1, 0, 1, 0, 0, 0, 1, 1, 1 ], 
  [ 1, 1, 1, 1, 0, 1, 1, 2, 1, 1 ], [ 0, 2, 1, 2, 0, 0, 1, 1, 0, 2 ] ]
CLASS n=5 order=36 size=6555023399701634457600 fixed=-1 real=false M=
[ [ 2, 2, 2, 1, 0, 1, 2, 0, 1, 1 ], [ 0, 1, 0, 1, 0, 1, 2, 0, 2, 2 ], 
  [ 2, 2, 2, 1, 1, 1, 2, 0, 0, 1 ], [ 1, 0, 2, 2, 1, 1, 1, 2, 0, 0 ], 
  [ 2, 0, 0, 0, 2, 1, 0, 1, 0, 1 ], [ 0, 1, 1, 0, 0, 2, 2, 0, 0, 2 ], 
  [ 1, 0, 0, 0, 2, 2, 2, 1, 0, 2 ], [ 1, 2, 1, 0, 0, 2, 0, 1, 2, 2 ], 
  [ 0, 0, 1, 1, 1, 2, 0, 2, 0, 2 ], [ 2, 2, 1, 1, 2, 0, 0, 0, 2, 0 ] ]
CLASS n=5 order=36 size=6555023399701634457600 fixed=-1 real=false M=
[ [ 2, 2, 0, 1, 1, 1, 1, 1, 2, 2 ], [ 2, 1, 1, 2, 1, 0, 0, 1, 1, 0 ], 
  [ 1, 2, 1, 2, 1, 2, 0, 1, 1, 1 ], [ 2, 2, 1, 0, 1, 0, 1, 2, 2, 1 ], 
  [ 0, 0, 1, 1, 0, 0, 2, 0, 0, 0 ], [ 1, 0, 1, 0, 2, 1, 1, 1, 1, 0 ], 
  [ 0, 1, 0, 1, 1, 1, 2, 1, 0, 1 ], [ 2, 0, 1, 2, 2, 0, 2, 1, 0, 1 ], 
  [ 2, 1, 0, 1, 0, 1, 1, 1, 0, 2 ], [ 1, 1, 0, 0, 0, 0, 1, 0, 1, 0 ] ]
CLASS n=5 order=12 size=3277511699850817228800 fixed=-1 real=false M=
[ [ 0, 0, 1, 0, 2, 1, 0, 1, 1, 1 ], [ 2, 0, 0, 0, 2, 2, 1, 2, 0, 0 ], 
  [ 0, 2, 1, 0, 2, 2, 2, 0, 2, 2 ], [ 2, 0, 1, 1, 0, 2, 0, 2, 0, 1 ], 
  [ 1, 2, 0, 0, 1, 0, 1, 0, 0, 2 ], [ 2, 0, 0, 0, 1, 1, 0, 0, 1, 0 ], 
  [ 0, 1, 2, 0, 1, 2, 1, 1, 2, 0 ], [ 2, 2, 0, 2, 2, 0, 1, 2, 0, 1 ], 
  [ 1, 2, 1, 2, 0, 1, 0, 0, 2, 1 ], [ 0, 2, 2, 0, 2, 0, 2, 1, 0, 1 ] ]
CLASS n=5 order=12 size=3277511699850817228800 fixed=-1 real=false M=
[ [ 0, 2, 2, 1, 2, 0, 0, 2, 1, 2 ], [ 0, 0, 0, 2, 2, 0, 0, 0, 0, 0 ], 
  [ 1, 2, 2, 1, 2, 2, 1, 1, 0, 0 ], [ 1, 0, 0, 2, 1, 0, 2, 0, 2, 0 ], 
  [ 0, 2, 1, 1, 0, 1, 0, 1, 0, 0 ], [ 2, 2, 1, 2, 2, 1, 0, 1, 2, 0 ], 
  [ 1, 2, 2, 1, 1, 2, 2, 0, 2, 0 ], [ 2, 1, 2, 1, 1, 2, 0, 1, 2, 1 ], 
  [ 2, 1, 1, 0, 0, 1, 1, 0, 2, 0 ], [ 0, 2, 0, 1, 1, 0, 0, 1, 0, 1 ] ]
CLASS n=5 order=6 size=4683230023792320 fixed=-1 real=false M=
[ [ 1, 1, 2, 0, 1, 0, 1, 2, 2, 0 ], [ 2, 2, 0, 2, 0, 2, 1, 2, 2, 2 ], 
  [ 2, 0, 0, 0, 0, 1, 1, 0, 0, 0 ], [ 0, 2, 0, 0, 2, 0, 0, 2, 2, 1 ], 
  [ 2, 0, 0, 2, 1, 1, 1, 1, 0, 2 ], [ 2, 0, 1, 0, 1, 2, 1, 1, 2, 2 ], 
  [ 2, 1, 2, 0, 0, 1, 0, 1, 0, 1 ], [ 1, 0, 0, 1, 0, 1, 2, 0, 1, 1 ], 
  [ 0, 1, 1, 0, 1, 1, 0, 2, 1, 1 ], [ 2, 0, 1, 0, 2, 2, 1, 2, 1, 0 ] ]
CLASS n=5 order=6 size=4683230023792320 fixed=-1 real=false M=
[ [ 1, 1, 1, 0, 0, 0, 0, 1, 0, 1 ], [ 2, 2, 0, 1, 2, 1, 1, 1, 2, 0 ], 
  [ 1, 0, 0, 0, 0, 2, 2, 0, 0, 0 ], [ 0, 1, 0, 0, 1, 0, 0, 1, 1, 2 ], 
  [ 1, 0, 0, 1, 1, 1, 2, 1, 1, 1 ], [ 0, 2, 2, 0, 1, 2, 0, 0, 2, 2 ], 
  [ 1, 2, 1, 0, 2, 1, 0, 1, 1, 2 ], [ 1, 2, 0, 2, 1, 2, 2, 0, 1, 0 ], 
  [ 1, 0, 2, 0, 1, 2, 2, 1, 0, 1 ], [ 2, 1, 2, 0, 2, 0, 1, 0, 1, 2 ] ]
CLASS n=5 order=9 size=35967206582725017600 fixed=-1 real=false M=
[ [ 2, 1, 0, 2, 1, 1, 2, 2, 1, 1 ], [ 0, 0, 2, 2, 0, 0, 2, 0, 1, 1 ], 
  [ 2, 0, 1, 1, 0, 0, 1, 1, 1, 2 ], [ 2, 0, 0, 0, 2, 1, 0, 2, 0, 2 ], 
  [ 0, 0, 0, 0, 0, 1, 2, 2, 2, 1 ], [ 0, 2, 1, 2, 1, 1, 0, 2, 1, 1 ], 
  [ 1, 2, 2, 1, 0, 2, 0, 1, 1, 1 ], [ 0, 1, 0, 1, 0, 2, 1, 1, 2, 1 ], 
  [ 0, 0, 1, 0, 2, 2, 0, 0, 1, 0 ], [ 2, 0, 1, 0, 2, 0, 1, 2, 1, 2 ] ]
CLASS n=5 order=9 size=35967206582725017600 fixed=-1 real=false M=
[ [ 0, 1, 0, 0, 2, 1, 2, 0, 2, 0 ], [ 0, 1, 2, 1, 2, 2, 0, 1, 0, 0 ], 
  [ 1, 2, 0, 1, 1, 0, 2, 1, 0, 0 ], [ 2, 0, 0, 2, 1, 0, 0, 1, 1, 2 ], 
  [ 1, 2, 2, 0, 1, 1, 0, 2, 1, 1 ], [ 2, 1, 2, 0, 0, 1, 1, 1, 0, 2 ], 
  [ 1, 0, 1, 1, 0, 2, 1, 1, 2, 2 ], [ 2, 1, 0, 2, 1, 2, 1, 1, 0, 0 ], 
  [ 2, 1, 1, 2, 1, 0, 2, 0, 2, 0 ], [ 2, 0, 0, 2, 2, 0, 1, 1, 0, 1 ] ]
CLASS n=5 order=18 size=8740031199602179276800 fixed=-1 real=false M=
[ [ 1, 1, 1, 0, 1, 1, 0, 2, 1, 2 ], [ 2, 0, 2, 1, 1, 2, 1, 2, 2, 1 ], 
  [ 0, 0, 0, 1, 1, 2, 0, 2, 0, 1 ], [ 0, 1, 1, 0, 0, 1, 1, 0, 0, 0 ], 
  [ 2, 0, 2, 2, 1, 0, 0, 1, 2, 2 ], [ 0, 0, 0, 0, 2, 2, 0, 2, 1, 2 ], 
  [ 2, 0, 1, 1, 0, 2, 2, 1, 0, 0 ], [ 2, 1, 2, 2, 2, 0, 1, 2, 1, 2 ], 
  [ 2, 2, 1, 1, 1, 2, 0, 2, 2, 2 ], [ 1, 0, 1, 2, 0, 1, 2, 2, 2, 0 ] ]
CLASS n=5 order=18 size=8740031199602179276800 fixed=-1 real=false M=
[ [ 1, 0, 1, 0, 2, 0, 0, 0, 1, 0 ], [ 0, 0, 0, 0, 1, 2, 2, 2, 1, 0 ], 
  [ 1, 0, 0, 2, 0, 1, 2, 2, 2, 2 ], [ 1, 1, 2, 0, 0, 2, 1, 1, 2, 1 ], 
  [ 2, 2, 1, 1, 0, 1, 0, 2, 0, 1 ], [ 0, 2, 0, 1, 2, 0, 0, 2, 2, 0 ], 
  [ 2, 1, 0, 1, 0, 0, 2, 0, 1, 1 ], [ 0, 1, 2, 0, 2, 0, 1, 2, 2, 2 ], 
  [ 0, 0, 0, 2, 0, 1, 0, 0, 2, 2 ], [ 0, 0, 0, 0, 1, 0, 0, 1, 2, 0 ] ]
CLASS n=5 order=4 size=121931238833735760 fixed=-1 real=true M=
[ [ 1, 2, 1, 2, 1, 2, 1, 0, 0, 1 ], [ 1, 0, 1, 2, 0, 0, 1, 0, 0, 2 ], 
  [ 0, 1, 0, 1, 1, 0, 0, 2, 2, 1 ], [ 0, 1, 1, 0, 0, 1, 1, 2, 2, 1 ], 
  [ 0, 0, 0, 2, 2, 2, 2, 2, 2, 2 ], [ 1, 1, 1, 1, 1, 0, 2, 2, 1, 2 ], 
  [ 2, 2, 1, 2, 0, 0, 1, 0, 1, 0 ], [ 2, 2, 0, 1, 1, 0, 2, 0, 0, 0 ], 
  [ 1, 1, 2, 1, 1, 2, 0, 0, 2, 0 ], [ 0, 0, 2, 1, 1, 1, 0, 2, 1, 1 ] ]
CLASS n=5 order=12 size=273125974987568102400 fixed=-1 real=false M=
[ [ 2, 1, 2, 1, 1, 1, 2, 2, 0, 1 ], [ 2, 0, 0, 1, 2, 0, 2, 2, 0, 1 ], 
  [ 2, 2, 2, 1, 1, 2, 2, 0, 2, 2 ], [ 1, 2, 1, 2, 1, 2, 2, 1, 2, 2 ], 
  [ 2, 0, 1, 0, 0, 1, 2, 1, 2, 0 ], [ 1, 0, 0, 1, 2, 2, 2, 2, 1, 0 ], 
  [ 1, 0, 0, 1, 0, 1, 2, 0, 1, 2 ], [ 2, 1, 2, 0, 2, 2, 0, 1, 0, 2 ], 
  [ 0, 1, 0, 0, 2, 1, 2, 1, 2, 0 ], [ 0, 0, 2, 1, 1, 1, 0, 2, 1, 1 ] ]
CLASS n=5 order=12 size=273125974987568102400 fixed=-1 real=false M=
[ [ 1, 0, 2, 1, 0, 2, 0, 2, 0, 1 ], [ 0, 1, 0, 2, 0, 0, 2, 0, 0, 0 ], 
  [ 0, 2, 1, 1, 0, 2, 2, 1, 2, 0 ], [ 1, 2, 1, 1, 1, 1, 1, 0, 2, 0 ], 
  [ 1, 1, 0, 0, 0, 0, 1, 2, 2, 1 ], [ 2, 1, 0, 0, 0, 0, 0, 1, 1, 1 ], 
  [ 2, 0, 2, 0, 2, 0, 1, 0, 1, 1 ], [ 0, 0, 0, 0, 2, 0, 1, 0, 0, 1 ], 
  [ 2, 1, 1, 2, 0, 0, 1, 2, 2, 0 ], [ 0, 0, 2, 1, 1, 1, 0, 2, 1, 1 ] ]
CLASS n=5 order=9 size=4495900822840627200 fixed=-1 real=true M=
[ [ 1, 1, 0, 2, 1, 2, 1, 1, 0, 2 ], [ 1, 1, 0, 2, 1, 0, 1, 2, 2, 1 ], 
  [ 0, 0, 2, 2, 2, 0, 1, 1, 2, 2 ], [ 0, 0, 1, 2, 0, 2, 2, 1, 1, 2 ], 
  [ 0, 2, 1, 0, 2, 0, 0, 0, 1, 2 ], [ 1, 2, 2, 1, 2, 1, 1, 1, 0, 0 ], 
  [ 0, 2, 2, 2, 2, 2, 0, 0, 1, 2 ], [ 2, 1, 1, 1, 2, 2, 0, 0, 2, 0 ], 
  [ 2, 2, 2, 0, 1, 1, 1, 1, 2, 0 ], [ 0, 2, 1, 2, 0, 0, 0, 1, 2, 2 ] ]
CLASS n=5 order=18 size=364167966650090803200 fixed=-1 real=true M=
[ [ 2, 1, 0, 1, 1, 2, 0, 2, 1, 2 ], [ 0, 0, 2, 1, 2, 0, 1, 0, 2, 1 ], 
  [ 1, 2, 0, 2, 2, 0, 2, 1, 0, 2 ], [ 1, 0, 2, 0, 2, 2, 1, 2, 0, 1 ], 
  [ 1, 2, 0, 1, 0, 2, 0, 1, 0, 1 ], [ 0, 2, 2, 2, 0, 2, 2, 0, 0, 0 ], 
  [ 0, 0, 1, 0, 1, 1, 2, 2, 1, 2 ], [ 0, 2, 2, 1, 2, 2, 2, 0, 0, 1 ], 
  [ 1, 2, 1, 2, 2, 0, 0, 2, 1, 1 ], [ 0, 1, 1, 1, 2, 2, 0, 2, 2, 2 ] ]
CLASS n=5 order=36 size=58995210597314710118400 fixed=-1 real=false M=
[ [ 2, 1, 0, 0, 1, 1, 2, 2, 0, 1 ], [ 1, 0, 2, 1, 1, 0, 1, 1, 0, 0 ], 
  [ 1, 2, 2, 2, 2, 0, 2, 1, 2, 2 ], [ 2, 1, 0, 0, 1, 0, 1, 0, 0, 1 ], 
  [ 2, 1, 0, 1, 0, 0, 0, 0, 0, 2 ], [ 2, 2, 0, 1, 2, 2, 1, 1, 2, 1 ], 
  [ 0, 2, 1, 1, 1, 0, 2, 2, 0, 1 ], [ 1, 0, 0, 1, 1, 2, 1, 0, 1, 1 ], 
  [ 2, 1, 2, 0, 0, 0, 1, 2, 2, 1 ], [ 0, 1, 2, 0, 1, 0, 0, 1, 0, 2 ] ]
CLASS n=5 order=36 size=58995210597314710118400 fixed=-1 real=false M=
[ [ 2, 2, 2, 1, 2, 0, 1, 1, 0, 0 ], [ 1, 2, 0, 2, 0, 2, 0, 0, 2, 1 ], 
  [ 2, 2, 2, 1, 2, 0, 1, 1, 1, 1 ], [ 0, 0, 2, 2, 2, 0, 0, 1, 0, 1 ], 
  [ 2, 0, 0, 2, 1, 2, 2, 1, 0, 0 ], [ 2, 1, 0, 1, 0, 0, 2, 2, 0, 0 ], 
  [ 2, 1, 1, 1, 2, 1, 2, 1, 0, 0 ], [ 0, 0, 1, 2, 2, 2, 0, 2, 0, 0 ], 
  [ 0, 0, 2, 0, 2, 2, 1, 2, 2, 2 ], [ 2, 2, 1, 0, 1, 0, 1, 2, 0, 0 ] ]
CLASS n=5 order=36 size=235980842389258840473600 fixed=-1 real=false M=
[ [ 1, 1, 2, 2, 0, 2, 2, 0, 1, 0 ], [ 2, 1, 1, 0, 0, 1, 2, 1, 0, 2 ], 
  [ 2, 0, 2, 1, 2, 2, 1, 1, 2, 0 ], [ 0, 0, 1, 0, 2, 2, 1, 2, 2, 2 ], 
  [ 2, 1, 0, 0, 2, 1, 1, 0, 0, 2 ], [ 2, 0, 2, 1, 1, 1, 0, 0, 2, 0 ], 
  [ 2, 0, 2, 0, 0, 1, 0, 2, 1, 2 ], [ 1, 0, 0, 1, 2, 2, 2, 2, 0, 2 ], 
  [ 0, 2, 1, 0, 0, 1, 2, 1, 2, 1 ], [ 1, 1, 0, 2, 1, 2, 1, 0, 2, 1 ] ]
CLASS n=5 order=36 size=235980842389258840473600 fixed=-1 real=false M=
[ [ 1, 2, 0, 1, 0, 1, 2, 1, 0, 0 ], [ 2, 1, 2, 2, 2, 2, 2, 2, 0, 1 ], 
  [ 2, 1, 1, 2, 0, 0, 2, 0, 1, 0 ], [ 1, 1, 1, 1, 2, 2, 1, 1, 1, 2 ], 
  [ 2, 2, 0, 2, 1, 1, 1, 2, 2, 1 ], [ 1, 2, 1, 2, 1, 2, 0, 1, 0, 1 ], 
  [ 0, 2, 1, 0, 0, 2, 1, 0, 1, 1 ], [ 1, 0, 0, 2, 0, 1, 2, 2, 2, 1 ], 
  [ 1, 0, 1, 0, 0, 2, 0, 0, 1, 0 ], [ 0, 0, 2, 1, 2, 1, 1, 1, 2, 1 ] ]
CLASS n=5 order=3 size=231270618458880 fixed=-1 real=true M=
[ [ 2, 0, 0, 2, 0, 2, 1, 2, 1, 0 ], [ 2, 2, 0, 1, 0, 2, 0, 0, 2, 0 ], 
  [ 1, 2, 0, 0, 0, 1, 2, 1, 0, 2 ], [ 0, 0, 1, 0, 1, 2, 1, 0, 0, 0 ], 
  [ 0, 2, 0, 1, 1, 2, 0, 2, 1, 2 ], [ 0, 0, 1, 2, 1, 2, 0, 1, 2, 0 ], 
  [ 2, 2, 2, 1, 1, 2, 1, 2, 0, 2 ], [ 2, 2, 0, 0, 2, 2, 2, 2, 2, 2 ], 
  [ 0, 0, 0, 2, 0, 2, 1, 2, 0, 0 ], [ 1, 2, 2, 2, 1, 1, 2, 2, 2, 1 ] ]
CLASS n=5 order=6 size=1517366527708711680 fixed=-1 real=true M=
[ [ 2, 0, 0, 2, 0, 1, 0, 0, 1, 0 ], [ 1, 2, 1, 1, 2, 2, 0, 2, 0, 1 ], 
  [ 1, 0, 2, 0, 2, 1, 2, 2, 2, 0 ], [ 2, 0, 2, 2, 2, 0, 2, 0, 0, 0 ], 
  [ 1, 1, 2, 0, 2, 1, 0, 0, 1, 1 ], [ 1, 0, 2, 0, 2, 1, 1, 1, 1, 0 ], 
  [ 0, 2, 1, 2, 1, 2, 0, 1, 2, 2 ], [ 1, 2, 0, 1, 0, 1, 1, 2, 1, 2 ], 
  [ 1, 0, 0, 2, 0, 1, 0, 0, 2, 0 ], [ 0, 0, 1, 0, 2, 1, 1, 0, 1, 1 ] ]
CLASS n=5 order=12 size=819377924962704307200 fixed=-1 real=true M=
[ [ 2, 0, 1, 2, 2, 0, 2, 0, 1, 1 ], [ 2, 0, 1, 2, 1, 1, 0, 0, 2, 1 ], 
  [ 2, 0, 1, 1, 1, 2, 2, 1, 1, 2 ], [ 2, 2, 1, 0, 2, 0, 1, 0, 1, 2 ], 
  [ 1, 0, 1, 1, 0, 1, 2, 2, 1, 2 ], [ 0, 1, 2, 0, 0, 0, 1, 0, 1, 0 ], 
  [ 1, 2, 0, 1, 1, 1, 1, 2, 2, 0 ], [ 0, 0, 1, 0, 2, 1, 1, 1, 1, 2 ], 
  [ 1, 1, 1, 1, 0, 2, 0, 1, 2, 1 ], [ 1, 0, 1, 0, 1, 0, 1, 2, 1, 2 ] ]
CLASS n=5 order=6 size=30347330554174233600 fixed=-1 real=true M=
[ [ 2, 1, 0, 1, 2, 0, 0, 2, 2, 2 ], [ 0, 1, 2, 1, 1, 1, 2, 0, 2, 2 ], 
  [ 0, 1, 0, 1, 2, 0, 0, 1, 2, 1 ], [ 2, 0, 2, 1, 2, 0, 2, 1, 2, 0 ], 
  [ 1, 0, 2, 2, 1, 1, 0, 2, 0, 2 ], [ 1, 1, 2, 1, 1, 1, 2, 2, 0, 0 ], 
  [ 0, 2, 2, 1, 2, 1, 0, 1, 1, 2 ], [ 2, 0, 2, 0, 0, 1, 1, 1, 2, 1 ], 
  [ 1, 2, 0, 2, 0, 2, 0, 1, 1, 2 ], [ 0, 1, 0, 0, 0, 0, 0, 1, 2, 1 ] ]
CLASS n=5 order=9 size=971114577733575475200 fixed=-1 real=true M=
[ [ 0, 0, 1, 2, 1, 1, 1, 0, 2, 0 ], [ 2, 1, 2, 1, 0, 1, 0, 0, 2, 0 ], 
  [ 2, 2, 1, 0, 1, 2, 0, 1, 0, 0 ], [ 0, 2, 0, 1, 2, 0, 0, 2, 1, 1 ], 
  [ 0, 0, 2, 1, 1, 0, 2, 0, 2, 2 ], [ 0, 2, 2, 1, 0, 1, 0, 0, 1, 1 ], 
  [ 1, 1, 1, 0, 0, 0, 0, 2, 0, 0 ], [ 1, 0, 0, 1, 0, 2, 1, 1, 1, 1 ], 
  [ 1, 0, 2, 2, 2, 0, 2, 0, 0, 2 ], [ 1, 1, 2, 0, 0, 0, 0, 0, 1, 2 ] ]
CLASS n=5 order=18 size=235980842389258840473600 fixed=-1 real=true M=
[ [ 2, 2, 0, 1, 0, 2, 2, 1, 0, 0 ], [ 2, 2, 0, 0, 2, 0, 2, 2, 0, 1 ], 
  [ 0, 2, 0, 0, 0, 1, 2, 2, 0, 1 ], [ 2, 1, 2, 1, 0, 0, 2, 0, 0, 0 ], 
  [ 0, 0, 0, 2, 2, 2, 1, 1, 1, 2 ], [ 1, 2, 2, 2, 2, 0, 0, 2, 0, 1 ], 
  [ 2, 0, 2, 2, 0, 0, 0, 0, 2, 2 ], [ 2, 2, 0, 0, 2, 0, 0, 2, 1, 1 ], 
  [ 0, 2, 2, 1, 0, 1, 1, 1, 0, 2 ], [ 1, 1, 1, 0, 0, 2, 2, 0, 0, 0 ] ]
CLASS n=5 order=12 size=68281493746892025600 fixed=-1 real=true M=
[ [ 1, 0, 2, 1, 2, 2, 2, 0, 1, 0 ], [ 1, 1, 1, 1, 2, 1, 1, 0, 0, 1 ], 
  [ 0, 0, 0, 0, 0, 2, 2, 2, 0, 1 ], [ 0, 2, 0, 0, 2, 1, 2, 2, 1, 2 ], 
  [ 2, 1, 1, 1, 2, 0, 2, 2, 2, 1 ], [ 0, 0, 2, 0, 1, 1, 2, 2, 1, 1 ], 
  [ 2, 0, 1, 2, 2, 1, 0, 0, 2, 2 ], [ 1, 0, 2, 1, 0, 0, 0, 1, 2, 1 ], 
  [ 0, 2, 1, 1, 2, 0, 0, 1, 1, 2 ], [ 0, 1, 2, 1, 0, 1, 2, 0, 2, 0 ] ]
CLASS n=5 order=36 size=58995210597314710118400 fixed=-1 real=true M=
[ [ 0, 0, 2, 1, 0, 1, 0, 0, 0, 1 ], [ 0, 0, 0, 1, 0, 0, 1, 1, 1, 0 ], 
  [ 1, 0, 1, 0, 1, 2, 1, 1, 1, 1 ], [ 2, 2, 2, 0, 2, 0, 1, 0, 2, 0 ], 
  [ 2, 2, 1, 1, 1, 1, 2, 1, 0, 2 ], [ 0, 1, 0, 2, 1, 2, 2, 2, 0, 0 ], 
  [ 1, 0, 0, 2, 1, 0, 1, 1, 0, 0 ], [ 0, 1, 2, 0, 2, 0, 1, 2, 2, 1 ], 
  [ 2, 1, 2, 2, 2, 2, 0, 1, 0, 1 ], [ 1, 0, 0, 2, 2, 1, 1, 0, 2, 1 ] ]
CLASS n=5 order=6 size=361277744692550400 fixed=-1 real=true M=
[ [ 0, 1, 2, 1, 2, 2, 0, 2, 0, 0 ], [ 0, 0, 0, 0, 0, 0, 1, 1, 2, 0 ], 
  [ 0, 1, 2, 2, 1, 1, 1, 1, 0, 0 ], [ 0, 1, 1, 1, 1, 2, 0, 0, 1, 0 ], 
  [ 2, 2, 0, 0, 0, 2, 1, 1, 2, 0 ], [ 0, 1, 1, 2, 2, 0, 1, 1, 1, 0 ], 
  [ 0, 2, 1, 2, 2, 1, 2, 1, 0, 2 ], [ 2, 0, 1, 0, 1, 2, 1, 1, 0, 0 ], 
  [ 0, 0, 0, 0, 0, 2, 2, 0, 1, 1 ], [ 2, 0, 1, 0, 1, 0, 2, 1, 1, 2 ] ]
CLASS n=5 order=18 size=19665070199104903372800 fixed=-1 real=true M=
[ [ 1, 1, 0, 2, 2, 2, 0, 2, 1, 2 ], [ 2, 1, 0, 1, 0, 1, 0, 2, 0, 0 ], 
  [ 2, 0, 0, 2, 2, 0, 1, 2, 2, 0 ], [ 1, 2, 0, 1, 1, 2, 1, 2, 1, 1 ], 
  [ 1, 2, 1, 1, 2, 0, 0, 1, 2, 0 ], [ 1, 1, 2, 1, 2, 1, 0, 2, 1, 2 ], 
  [ 2, 2, 1, 0, 2, 2, 1, 2, 1, 0 ], [ 2, 0, 2, 0, 1, 1, 2, 0, 1, 0 ], 
  [ 0, 1, 1, 1, 0, 2, 2, 0, 1, 0 ], [ 0, 1, 0, 2, 2, 2, 0, 1, 1, 1 ] ]
CLASS n=5 order=12 size=520358891532480 fixed=-1 real=true M=
[ [ 1, 1, 0, 2, 1, 2, 1, 2, 1, 2 ], [ 1, 0, 1, 1, 2, 2, 1, 0, 0, 2 ], 
  [ 2, 2, 1, 0, 0, 1, 1, 0, 0, 0 ], [ 0, 0, 1, 2, 2, 1, 2, 1, 0, 2 ], 
  [ 2, 2, 1, 2, 1, 0, 0, 2, 0, 2 ], [ 0, 2, 0, 1, 0, 2, 2, 1, 1, 1 ], 
  [ 1, 2, 2, 1, 0, 0, 2, 0, 2, 2 ], [ 2, 2, 1, 0, 1, 0, 2, 1, 0, 1 ], 
  [ 0, 2, 2, 2, 0, 2, 2, 0, 0, 1 ], [ 0, 2, 1, 0, 0, 1, 2, 2, 1, 0 ] ]
CLASS n=5 order=36 size=2185007799900544819200 fixed=-1 real=true M=
[ [ 2, 1, 0, 1, 1, 2, 0, 2, 1, 2 ], [ 2, 0, 0, 0, 0, 0, 1, 1, 1, 1 ], 
  [ 2, 2, 2, 1, 0, 0, 1, 0, 1, 1 ], [ 1, 0, 0, 0, 1, 0, 0, 0, 0, 0 ], 
  [ 2, 2, 1, 2, 0, 1, 1, 2, 1, 2 ], [ 2, 2, 2, 2, 1, 1, 2, 0, 2, 0 ], 
  [ 0, 0, 0, 0, 2, 0, 0, 1, 1, 0 ], [ 1, 2, 0, 0, 1, 1, 2, 1, 1, 1 ], 
  [ 0, 2, 0, 0, 0, 1, 0, 1, 0, 1 ], [ 2, 1, 2, 0, 0, 2, 0, 0, 1, 2 ] ]
CLASS n=5 order=9 size=8991801645681254400 fixed=-1 real=true M=
[ [ 2, 0, 0, 0, 2, 1, 1, 1, 2, 0 ], [ 2, 0, 0, 0, 2, 2, 1, 2, 1, 2 ], 
  [ 2, 1, 1, 1, 2, 1, 2, 2, 0, 2 ], [ 0, 0, 0, 0, 2, 0, 0, 1, 1, 2 ], 
  [ 1, 1, 0, 1, 2, 1, 0, 2, 0, 1 ], [ 2, 1, 1, 1, 1, 1, 1, 1, 2, 0 ], 
  [ 0, 2, 2, 0, 2, 1, 1, 1, 1, 1 ], [ 2, 1, 2, 0, 2, 2, 0, 2, 2, 0 ], 
  [ 1, 0, 2, 0, 1, 0, 1, 0, 0, 1 ], [ 2, 0, 1, 1, 2, 1, 0, 1, 0, 1 ] ]
CLASS n=5 order=18 size=2185007799900544819200 fixed=-1 real=false M=
[ [ 0, 2, 0, 0, 1, 0, 1, 2, 1, 0 ], [ 2, 0, 0, 2, 2, 0, 2, 2, 1, 1 ], 
  [ 2, 0, 0, 0, 0, 0, 1, 2, 0, 1 ], [ 0, 0, 2, 0, 2, 2, 2, 1, 2, 1 ], 
  [ 0, 2, 0, 1, 0, 0, 0, 1, 2, 2 ], [ 0, 2, 2, 2, 2, 2, 1, 1, 0, 2 ], 
  [ 1, 1, 0, 2, 2, 0, 2, 0, 1, 0 ], [ 2, 0, 1, 2, 1, 2, 1, 0, 1, 1 ], 
  [ 2, 0, 1, 1, 0, 0, 2, 2, 1, 0 ], [ 0, 2, 2, 1, 2, 0, 2, 1, 1, 0 ] ]
CLASS n=5 order=18 size=2185007799900544819200 fixed=-1 real=false M=
[ [ 2, 0, 0, 2, 2, 1, 1, 0, 2, 2 ], [ 1, 1, 0, 0, 1, 2, 0, 1, 1, 0 ], 
  [ 2, 2, 0, 2, 2, 2, 2, 0, 1, 1 ], [ 0, 0, 2, 0, 2, 0, 1, 0, 2, 2 ], 
  [ 1, 2, 1, 1, 0, 1, 0, 1, 2, 1 ], [ 0, 1, 2, 2, 0, 1, 2, 2, 1, 0 ], 
  [ 2, 1, 2, 0, 1, 2, 2, 1, 1, 0 ], [ 0, 1, 2, 1, 2, 1, 2, 2, 1, 1 ], 
  [ 0, 2, 2, 1, 1, 0, 2, 1, 2, 2 ], [ 2, 1, 2, 1, 2, 2, 0, 0, 0, 0 ] ]
CLASS n=5 order=18 size=2913343733200726425600 fixed=-1 real=false M=
[ [ 0, 2, 2, 2, 0, 0, 2, 2, 1, 2 ], [ 0, 1, 1, 1, 0, 1, 1, 1, 0, 1 ], 
  [ 0, 1, 1, 1, 0, 2, 2, 0, 1, 0 ], [ 0, 0, 2, 2, 2, 2, 0, 0, 1, 2 ], 
  [ 0, 1, 0, 1, 0, 0, 1, 1, 1, 0 ], [ 1, 1, 2, 2, 1, 0, 1, 1, 1, 1 ], 
  [ 1, 2, 1, 1, 0, 1, 0, 2, 1, 0 ], [ 1, 0, 2, 1, 1, 2, 1, 0, 2, 1 ], 
  [ 1, 1, 1, 0, 1, 1, 2, 0, 1, 1 ], [ 2, 0, 1, 1, 1, 1, 1, 0, 2, 1 ] ]
CLASS n=5 order=18 size=2913343733200726425600 fixed=-1 real=false M=
[ [ 1, 1, 0, 0, 0, 2, 2, 1, 0, 1 ], [ 0, 0, 0, 1, 1, 0, 1, 1, 1, 0 ], 
  [ 0, 2, 2, 0, 1, 1, 0, 1, 2, 0 ], [ 2, 2, 1, 1, 1, 0, 1, 1, 2, 1 ], 
  [ 1, 0, 2, 0, 1, 0, 0, 2, 1, 0 ], [ 2, 1, 1, 1, 1, 2, 1, 2, 0, 1 ], 
  [ 1, 1, 0, 2, 2, 2, 1, 1, 0, 1 ], [ 1, 0, 0, 0, 1, 0, 1, 2, 0, 2 ], 
  [ 2, 0, 2, 0, 1, 1, 1, 1, 0, 1 ], [ 0, 1, 2, 0, 0, 1, 2, 1, 1, 2 ] ]
CLASS n=5 order=18 size=30347330554174233600 fixed=-1 real=false M=
[ [ 0, 2, 2, 2, 2, 0, 0, 0, 0, 1 ], [ 1, 1, 0, 2, 1, 1, 2, 1, 0, 0 ], 
  [ 2, 1, 1, 2, 1, 1, 1, 2, 0, 1 ], [ 0, 2, 1, 0, 0, 1, 0, 1, 0, 2 ], 
  [ 1, 0, 0, 2, 2, 0, 0, 0, 2, 0 ], [ 2, 2, 1, 2, 1, 2, 2, 0, 2, 0 ], 
  [ 2, 2, 1, 1, 0, 0, 2, 2, 2, 0 ], [ 1, 0, 0, 1, 1, 1, 0, 2, 2, 2 ], 
  [ 1, 1, 0, 1, 1, 0, 1, 1, 0, 1 ], [ 2, 1, 0, 2, 2, 0, 2, 1, 0, 1 ] ]
CLASS n=5 order=18 size=30347330554174233600 fixed=-1 real=false M=
[ [ 0, 2, 2, 0, 1, 2, 2, 0, 2, 2 ], [ 1, 1, 0, 0, 0, 0, 1, 1, 2, 1 ], 
  [ 1, 2, 0, 2, 1, 0, 0, 1, 0, 2 ], [ 0, 2, 2, 1, 2, 0, 0, 1, 0, 0 ], 
  [ 2, 2, 1, 1, 0, 1, 2, 1, 2, 0 ], [ 1, 0, 0, 2, 1, 1, 1, 2, 2, 1 ], 
  [ 2, 2, 1, 0, 1, 1, 0, 2, 0, 2 ], [ 0, 1, 0, 2, 0, 2, 2, 1, 2, 1 ], 
  [ 0, 2, 2, 2, 0, 0, 2, 0, 1, 2 ], [ 1, 2, 0, 2, 2, 0, 2, 0, 2, 0 ] ]
CLASS n=5 order=12 size=22760497915630675200 fixed=-1 real=true M=
[ [ 1, 0, 2, 1, 0, 1, 2, 0, 1, 1 ], [ 0, 0, 1, 0, 0, 1, 1, 1, 1, 1 ], 
  [ 2, 2, 0, 2, 1, 1, 2, 0, 0, 1 ], [ 2, 2, 2, 0, 2, 0, 0, 0, 2, 1 ], 
  [ 1, 0, 2, 1, 1, 1, 2, 2, 1, 1 ], [ 0, 1, 0, 1, 0, 0, 1, 0, 2, 2 ], 
  [ 0, 0, 2, 0, 2, 2, 1, 1, 1, 0 ], [ 1, 2, 2, 0, 0, 0, 0, 0, 1, 1 ], 
  [ 0, 2, 2, 1, 0, 2, 1, 1, 1, 0 ], [ 0, 0, 1, 1, 0, 2, 1, 2, 1, 2 ] ]
CLASS n=5 order=18 size=728335933300181606400 fixed=-1 real=true M=
[ [ 0, 1, 0, 0, 1, 1, 2, 0, 1, 0 ], [ 0, 0, 2, 0, 1, 2, 1, 0, 1, 0 ], 
  [ 1, 2, 2, 0, 1, 1, 2, 0, 1, 1 ], [ 2, 1, 0, 1, 1, 0, 2, 0, 0, 0 ], 
  [ 2, 0, 0, 0, 1, 0, 0, 1, 1, 1 ], [ 2, 0, 1, 1, 2, 2, 2, 2, 0, 1 ], 
  [ 1, 2, 2, 1, 2, 0, 2, 1, 0, 1 ], [ 2, 2, 1, 1, 2, 1, 2, 2, 2, 2 ], 
  [ 0, 0, 2, 1, 1, 0, 0, 1, 2, 2 ], [ 2, 2, 1, 1, 0, 0, 2, 1, 2, 0 ] ]
CLASS n=5 order=36 size=117990421194629420236800 fixed=-1 real=true M=
[ [ 2, 1, 2, 1, 1, 2, 2, 0, 0, 2 ], [ 0, 1, 1, 0, 0, 0, 2, 1, 1, 2 ], 
  [ 2, 2, 0, 0, 1, 1, 2, 2, 1, 2 ], [ 0, 0, 0, 1, 1, 0, 0, 0, 0, 2 ], 
  [ 2, 1, 1, 1, 2, 2, 2, 1, 2, 2 ], [ 2, 2, 1, 0, 1, 1, 2, 0, 0, 1 ], 
  [ 1, 2, 1, 1, 0, 0, 2, 2, 1, 0 ], [ 2, 0, 2, 0, 2, 1, 0, 0, 1, 1 ], 
  [ 1, 1, 0, 1, 0, 1, 1, 0, 2, 2 ], [ 1, 2, 1, 0, 1, 2, 1, 1, 2, 1 ] ]
CLASS n=5 order=18 size=2185007799900544819200 fixed=-1 real=false M=
[ [ 1, 0, 0, 0, 1, 2, 1, 0, 2, 2 ], [ 2, 0, 1, 1, 2, 2, 1, 0, 0, 0 ], 
  [ 2, 0, 2, 2, 1, 1, 0, 0, 2, 1 ], [ 2, 2, 1, 0, 0, 0, 2, 0, 1, 0 ], 
  [ 1, 0, 1, 2, 0, 0, 1, 2, 0, 2 ], [ 1, 1, 1, 0, 0, 1, 1, 0, 1, 0 ], 
  [ 1, 2, 0, 2, 1, 2, 1, 1, 0, 0 ], [ 2, 0, 1, 0, 1, 1, 2, 1, 2, 2 ], 
  [ 0, 0, 1, 0, 1, 2, 0, 2, 0, 2 ], [ 0, 0, 0, 1, 0, 1, 1, 0, 1, 2 ] ]
CLASS n=5 order=18 size=2185007799900544819200 fixed=-1 real=false M=
[ [ 2, 1, 1, 2, 0, 2, 1, 1, 1, 2 ], [ 1, 0, 2, 0, 2, 1, 0, 1, 1, 2 ], 
  [ 0, 2, 0, 2, 0, 0, 0, 0, 1, 2 ], [ 1, 0, 1, 1, 1, 2, 1, 0, 0, 2 ], 
  [ 2, 1, 0, 2, 1, 1, 1, 0, 1, 0 ], [ 0, 1, 0, 2, 0, 1, 1, 0, 2, 1 ], 
  [ 1, 2, 0, 1, 2, 0, 1, 2, 2, 0 ], [ 2, 1, 2, 0, 1, 0, 2, 0, 0, 2 ], 
  [ 1, 1, 0, 0, 1, 0, 2, 1, 0, 2 ], [ 1, 0, 1, 2, 0, 1, 1, 1, 0, 1 ] ]
CLASS n=5 order=18 size=1456671866600363212800 fixed=-1 real=false M=
[ [ 1, 2, 1, 0, 0, 1, 1, 2, 1, 2 ], [ 2, 0, 0, 2, 2, 0, 2, 2, 2, 2 ], 
  [ 0, 1, 0, 2, 1, 0, 0, 2, 1, 1 ], [ 1, 2, 1, 2, 1, 2, 0, 1, 1, 0 ], 
  [ 1, 2, 2, 2, 1, 2, 0, 1, 2, 2 ], [ 2, 1, 2, 1, 2, 2, 0, 1, 1, 2 ], 
  [ 2, 1, 0, 0, 0, 1, 2, 1, 2, 1 ], [ 1, 0, 2, 0, 1, 2, 2, 1, 1, 2 ], 
  [ 0, 2, 0, 0, 0, 2, 2, 2, 2, 1 ], [ 1, 2, 2, 2, 1, 2, 2, 2, 0, 1 ] ]
CLASS n=5 order=18 size=1456671866600363212800 fixed=-1 real=false M=
[ [ 2, 2, 2, 1, 2, 0, 1, 1, 0, 0 ], [ 0, 2, 2, 2, 2, 0, 0, 1, 0, 2 ], 
  [ 0, 2, 2, 0, 2, 2, 1, 1, 1, 0 ], [ 0, 1, 2, 0, 1, 2, 1, 0, 1, 0 ], 
  [ 1, 1, 2, 1, 1, 2, 1, 0, 1, 2 ], [ 2, 2, 2, 0, 2, 2, 0, 1, 1, 0 ], 
  [ 0, 0, 1, 2, 0, 0, 0, 0, 1, 2 ], [ 2, 0, 0, 2, 1, 1, 2, 0, 0, 2 ], 
  [ 0, 0, 0, 2, 2, 2, 2, 0, 0, 1 ], [ 2, 0, 2, 2, 1, 0, 1, 0, 2, 0 ] ]
CLASS n=5 order=8 size=8296201490247381110400 fixed=-1 real=true M=
[ [ 2, 0, 0, 1, 1, 0, 1, 1, 1, 1 ], [ 1, 2, 1, 2, 1, 1, 0, 0, 1, 1 ], 
  [ 0, 0, 0, 1, 1, 1, 1, 1, 0, 2 ], [ 2, 1, 2, 0, 1, 1, 2, 0, 2, 0 ], 
  [ 2, 2, 2, 2, 2, 1, 0, 1, 2, 1 ], [ 2, 1, 1, 1, 0, 2, 0, 1, 1, 0 ], 
  [ 0, 1, 2, 1, 0, 2, 0, 1, 2, 2 ], [ 2, 2, 0, 2, 2, 2, 0, 0, 0, 0 ], 
  [ 0, 1, 1, 0, 2, 2, 0, 2, 2, 0 ], [ 2, 1, 2, 0, 2, 2, 0, 0, 2, 0 ] ]
CLASS n=5 order=12 size=1229066887444056460800 fixed=-1 real=false M=
[ [ 1, 0, 1, 2, 0, 2, 1, 1, 1, 2 ], [ 2, 0, 2, 1, 2, 2, 2, 1, 2, 1 ], 
  [ 2, 0, 0, 2, 0, 1, 1, 2, 0, 0 ], [ 2, 2, 1, 2, 2, 0, 2, 2, 2, 0 ], 
  [ 2, 2, 1, 1, 0, 1, 1, 0, 1, 2 ], [ 1, 2, 1, 0, 2, 2, 1, 2, 0, 0 ], 
  [ 1, 2, 2, 0, 1, 2, 0, 1, 2, 1 ], [ 2, 1, 0, 0, 2, 2, 1, 2, 1, 1 ], 
  [ 1, 2, 0, 2, 2, 2, 1, 0, 1, 0 ], [ 0, 1, 1, 1, 2, 0, 2, 0, 0, 0 ] ]
CLASS n=5 order=12 size=1229066887444056460800 fixed=-1 real=false M=
[ [ 2, 2, 1, 2, 1, 0, 1, 0, 0, 1 ], [ 1, 0, 2, 1, 0, 0, 2, 0, 0, 0 ], 
  [ 2, 1, 1, 2, 0, 1, 1, 1, 0, 1 ], [ 2, 2, 2, 0, 2, 0, 2, 0, 2, 0 ], 
  [ 2, 0, 2, 1, 1, 1, 0, 0, 0, 0 ], [ 1, 0, 0, 0, 2, 0, 2, 0, 1, 1 ], 
  [ 1, 2, 2, 0, 0, 1, 0, 0, 2, 1 ], [ 2, 0, 1, 1, 1, 0, 1, 1, 2, 0 ], 
  [ 1, 1, 0, 2, 0, 0, 1, 2, 1, 2 ], [ 2, 1, 0, 2, 2, 2, 1, 2, 1, 1 ] ]
CLASS n=5 order=24 size=265478447687916195532800 fixed=-1 real=false M=
[ [ 2, 2, 2, 2, 0, 1, 1, 1, 1, 1 ], [ 2, 1, 0, 2, 2, 2, 0, 2, 2, 1 ], 
  [ 1, 2, 1, 2, 0, 0, 1, 2, 2, 0 ], [ 2, 2, 1, 1, 2, 0, 0, 2, 1, 1 ], 
  [ 0, 0, 1, 1, 2, 1, 0, 1, 2, 0 ], [ 2, 1, 0, 2, 0, 0, 1, 0, 1, 0 ], 
  [ 1, 0, 0, 1, 1, 0, 1, 2, 2, 2 ], [ 2, 0, 0, 1, 0, 0, 2, 0, 1, 2 ], 
  [ 0, 1, 2, 0, 0, 0, 2, 0, 1, 2 ], [ 1, 2, 1, 1, 0, 1, 1, 1, 0, 1 ] ]
CLASS n=5 order=24 size=265478447687916195532800 fixed=-1 real=false M=
[ [ 2, 0, 1, 0, 1, 1, 0, 1, 2, 2 ], [ 1, 2, 2, 1, 2, 1, 1, 1, 2, 1 ], 
  [ 2, 0, 2, 0, 0, 2, 0, 2, 2, 1 ], [ 1, 2, 0, 0, 2, 0, 1, 0, 1, 2 ], 
  [ 0, 1, 2, 0, 1, 2, 1, 0, 1, 0 ], [ 2, 2, 0, 2, 0, 2, 1, 1, 1, 2 ], 
  [ 0, 0, 1, 1, 2, 1, 1, 2, 0, 2 ], [ 0, 1, 1, 2, 0, 2, 1, 0, 1, 0 ], 
  [ 2, 2, 2, 1, 2, 1, 1, 0, 0, 0 ], [ 1, 0, 1, 1, 0, 0, 1, 2, 0, 0 ] ]
CLASS n=5 order=6 size=28099380142753920 fixed=-1 real=false M=
[ [ 2, 0, 0, 1, 2, 2, 2, 2, 0, 2 ], [ 1, 1, 0, 0, 1, 2, 2, 1, 2, 1 ], 
  [ 2, 1, 1, 1, 2, 1, 2, 0, 2, 1 ], [ 0, 0, 1, 2, 2, 1, 0, 1, 1, 1 ], 
  [ 2, 2, 0, 0, 2, 0, 2, 0, 1, 2 ], [ 1, 1, 2, 2, 2, 1, 2, 1, 1, 2 ], 
  [ 0, 2, 2, 0, 2, 0, 1, 2, 0, 1 ], [ 0, 1, 2, 1, 1, 0, 2, 1, 1, 1 ], 
  [ 1, 2, 2, 1, 1, 2, 2, 1, 1, 0 ], [ 0, 2, 0, 2, 0, 0, 2, 2, 2, 2 ] ]
CLASS n=5 order=6 size=28099380142753920 fixed=-1 real=false M=
[ [ 2, 0, 0, 1, 2, 2, 2, 2, 1, 2 ], [ 1, 1, 0, 1, 1, 1, 0, 0, 0, 2 ], 
  [ 0, 1, 1, 1, 1, 0, 2, 0, 1, 1 ], [ 0, 0, 1, 2, 2, 0, 2, 1, 0, 1 ], 
  [ 1, 2, 2, 1, 2, 0, 0, 0, 0, 2 ], [ 1, 1, 2, 1, 2, 1, 1, 1, 0, 2 ], 
  [ 2, 2, 2, 0, 2, 0, 2, 2, 1, 1 ], [ 2, 1, 0, 1, 2, 1, 2, 2, 2, 1 ], 
  [ 2, 2, 2, 1, 1, 2, 2, 1, 1, 0 ], [ 2, 0, 1, 1, 1, 2, 1, 0, 2, 2 ] ]
CLASS n=5 order=12 size=40968896248135215360 fixed=-1 real=false M=
[ [ 0, 0, 2, 1, 0, 2, 2, 1, 0, 2 ], [ 0, 0, 0, 0, 2, 2, 2, 1, 2, 2 ], 
  [ 0, 0, 2, 1, 1, 2, 0, 0, 2, 1 ], [ 0, 2, 2, 1, 1, 1, 2, 1, 2, 2 ], 
  [ 1, 1, 0, 2, 0, 2, 1, 0, 0, 0 ], [ 0, 2, 2, 2, 0, 2, 1, 0, 2, 2 ], 
  [ 2, 0, 2, 2, 1, 2, 1, 2, 0, 2 ], [ 2, 2, 1, 2, 0, 2, 2, 2, 1, 1 ], 
  [ 0, 2, 0, 2, 1, 2, 0, 0, 1, 0 ], [ 1, 2, 0, 0, 0, 1, 0, 2, 2, 2 ] ]
CLASS n=5 order=12 size=40968896248135215360 fixed=-1 real=false M=
[ [ 2, 1, 2, 2, 2, 0, 1, 1, 2, 0 ], [ 2, 0, 2, 2, 2, 2, 0, 2, 2, 0 ], 
  [ 1, 1, 0, 2, 1, 1, 2, 0, 2, 2 ], [ 2, 0, 1, 0, 1, 0, 0, 0, 2, 2 ], 
  [ 2, 1, 0, 1, 1, 0, 2, 1, 1, 1 ], [ 0, 1, 2, 2, 0, 0, 1, 2, 2, 0 ], 
  [ 0, 0, 1, 2, 0, 1, 1, 2, 2, 2 ], [ 0, 0, 2, 0, 0, 1, 1, 2, 1, 2 ], 
  [ 0, 0, 2, 0, 2, 2, 2, 0, 2, 1 ], [ 1, 1, 0, 0, 0, 2, 0, 1, 2, 0 ] ]
CLASS n=5 order=18 size=728335933300181606400 fixed=-1 real=false M=
[ [ 0, 0, 2, 1, 1, 1, 1, 0, 2, 2 ], [ 2, 2, 0, 1, 0, 0, 2, 1, 1, 0 ], 
  [ 2, 1, 0, 1, 1, 0, 0, 2, 1, 1 ], [ 2, 1, 1, 0, 1, 1, 0, 2, 1, 2 ], 
  [ 2, 2, 0, 2, 1, 1, 2, 0, 1, 2 ], [ 1, 1, 2, 0, 0, 0, 1, 2, 2, 2 ], 
  [ 2, 1, 0, 0, 0, 1, 2, 2, 0, 0 ], [ 1, 0, 0, 1, 0, 2, 0, 1, 1, 0 ], 
  [ 0, 2, 1, 1, 0, 1, 1, 2, 2, 0 ], [ 2, 0, 1, 2, 0, 0, 1, 2, 0, 2 ] ]
CLASS n=5 order=18 size=728335933300181606400 fixed=-1 real=false M=
[ [ 2, 0, 1, 2, 1, 1, 0, 2, 0, 1 ], [ 0, 0, 1, 2, 1, 1, 0, 1, 2, 0 ], 
  [ 1, 2, 0, 2, 0, 1, 1, 0, 2, 2 ], [ 0, 2, 2, 0, 1, 0, 0, 0, 2, 1 ], 
  [ 1, 2, 1, 0, 1, 0, 1, 0, 2, 2 ], [ 2, 1, 2, 1, 2, 0, 1, 2, 1, 0 ], 
  [ 2, 0, 2, 1, 0, 1, 0, 2, 1, 1 ], [ 2, 1, 0, 0, 0, 0, 2, 0, 1, 1 ], 
  [ 0, 1, 2, 2, 2, 1, 0, 0, 2, 0 ], [ 0, 2, 2, 1, 2, 2, 1, 1, 2, 2 ] ]
CLASS n=5 order=36 size=13110046799403268915200 fixed=-1 real=false M=
[ [ 0, 0, 0, 2, 0, 1, 1, 1, 2, 2 ], [ 0, 0, 2, 0, 0, 2, 1, 0, 0, 0 ], 
  [ 2, 2, 0, 1, 0, 1, 2, 1, 1, 0 ], [ 0, 2, 2, 1, 0, 1, 1, 1, 2, 1 ], 
  [ 2, 1, 0, 1, 2, 1, 1, 2, 2, 1 ], [ 2, 0, 2, 0, 0, 2, 2, 0, 2, 2 ], 
  [ 2, 0, 2, 0, 0, 0, 2, 0, 2, 2 ], [ 0, 1, 0, 0, 2, 0, 2, 1, 0, 0 ], 
  [ 1, 2, 0, 0, 0, 0, 2, 0, 2, 0 ], [ 0, 0, 1, 0, 0, 2, 1, 0, 2, 2 ] ]
CLASS n=5 order=36 size=13110046799403268915200 fixed=-1 real=false M=
[ [ 0, 2, 2, 0, 1, 1, 0, 2, 1, 0 ], [ 2, 2, 1, 2, 1, 2, 0, 1, 2, 0 ], 
  [ 2, 0, 0, 1, 1, 1, 0, 1, 1, 2 ], [ 0, 0, 2, 2, 2, 2, 2, 1, 2, 0 ], 
  [ 1, 0, 2, 1, 0, 1, 1, 1, 1, 1 ], [ 2, 0, 0, 2, 1, 1, 0, 1, 0, 0 ], 
  [ 2, 0, 0, 2, 0, 1, 1, 1, 2, 1 ], [ 1, 1, 0, 1, 0, 1, 0, 2, 1, 2 ], 
  [ 0, 0, 1, 2, 0, 1, 2, 0, 0, 2 ], [ 2, 1, 0, 1, 2, 0, 0, 0, 2, 1 ] ]
CLASS n=5 order=6 size=374658401903385600 fixed=-1 real=false M=
[ [ 0, 0, 0, 1, 2, 1, 0, 1, 0, 0 ], [ 1, 1, 1, 0, 0, 2, 2, 1, 2, 0 ], 
  [ 2, 0, 2, 2, 1, 0, 0, 1, 1, 0 ], [ 2, 0, 1, 2, 0, 2, 0, 0, 0, 0 ], 
  [ 0, 1, 1, 1, 2, 0, 0, 0, 2, 1 ], [ 0, 1, 0, 2, 2, 0, 1, 0, 0, 1 ], 
  [ 0, 2, 1, 1, 0, 1, 1, 0, 0, 2 ], [ 1, 1, 1, 2, 1, 1, 0, 2, 1, 1 ], 
  [ 2, 0, 0, 1, 2, 1, 0, 1, 1, 0 ], [ 1, 0, 0, 0, 0, 1, 2, 2, 0, 1 ] ]
CLASS n=5 order=6 size=374658401903385600 fixed=-1 real=false M=
[ [ 2, 0, 0, 0, 2, 1, 2, 2, 0, 0 ], [ 1, 0, 2, 1, 0, 0, 1, 0, 1, 1 ], 
  [ 0, 1, 1, 2, 1, 1, 1, 1, 0, 1 ], [ 1, 0, 1, 1, 0, 2, 1, 2, 0, 0 ], 
  [ 1, 1, 1, 0, 0, 0, 2, 1, 2, 1 ], [ 0, 1, 0, 2, 2, 1, 1, 0, 0, 1 ], 
  [ 2, 1, 0, 1, 0, 0, 1, 0, 1, 1 ], [ 2, 0, 0, 0, 1, 0, 0, 2, 2, 0 ], 
  [ 0, 0, 0, 0, 2, 1, 2, 2, 2, 0 ], [ 2, 0, 0, 2, 0, 1, 1, 0, 0, 2 ] ]
CLASS n=5 order=12 size=273125974987568102400 fixed=-1 real=false M=
[ [ 1, 1, 0, 0, 1, 0, 0, 2, 0, 0 ], [ 0, 0, 2, 1, 0, 1, 0, 1, 2, 1 ], 
  [ 2, 2, 2, 0, 1, 2, 1, 0, 2, 0 ], [ 0, 2, 0, 2, 2, 0, 1, 1, 0, 1 ], 
  [ 2, 1, 0, 1, 0, 1, 0, 0, 1, 1 ], [ 1, 0, 2, 0, 1, 2, 2, 2, 1, 0 ], 
  [ 0, 0, 0, 1, 2, 1, 2, 1, 1, 0 ], [ 0, 1, 1, 2, 2, 1, 1, 2, 1, 2 ], 
  [ 2, 1, 0, 1, 2, 1, 0, 1, 2, 1 ], [ 0, 2, 0, 1, 0, 1, 0, 1, 0, 2 ] ]
CLASS n=5 order=12 size=273125974987568102400 fixed=-1 real=false M=
[ [ 0, 0, 2, 2, 1, 1, 1, 2, 0, 2 ], [ 0, 1, 0, 2, 2, 2, 0, 0, 0, 2 ], 
  [ 1, 1, 2, 1, 1, 1, 2, 1, 2, 2 ], [ 1, 0, 2, 2, 2, 0, 0, 2, 0, 2 ], 
  [ 1, 2, 0, 0, 1, 0, 1, 0, 0, 2 ], [ 0, 0, 2, 0, 0, 1, 0, 1, 2, 0 ], 
  [ 1, 0, 2, 2, 0, 1, 1, 1, 0, 0 ], [ 0, 0, 0, 1, 0, 0, 1, 0, 0, 1 ], 
  [ 1, 0, 2, 0, 2, 2, 1, 1, 2, 0 ], [ 1, 2, 0, 1, 1, 2, 2, 2, 2, 2 ] ]
CLASS n=5 order=36 size=6555023399701634457600 fixed=-1 real=false M=
[ [ 0, 2, 0, 0, 2, 2, 2, 0, 1, 0 ], [ 2, 2, 2, 0, 2, 1, 2, 1, 2, 2 ], 
  [ 1, 0, 2, 1, 2, 2, 2, 1, 1, 0 ], [ 1, 0, 2, 1, 1, 2, 1, 0, 1, 0 ], 
  [ 1, 2, 1, 1, 2, 2, 2, 0, 1, 2 ], [ 0, 1, 0, 1, 1, 2, 0, 1, 2, 2 ], 
  [ 0, 2, 1, 0, 0, 1, 1, 0, 2, 1 ], [ 1, 0, 1, 0, 1, 0, 1, 1, 1, 2 ], 
  [ 0, 0, 1, 2, 1, 0, 0, 0, 2, 2 ], [ 2, 2, 2, 1, 0, 0, 0, 0, 2, 1 ] ]
CLASS n=5 order=36 size=6555023399701634457600 fixed=-1 real=false M=
[ [ 1, 2, 0, 1, 0, 0, 0, 1, 1, 1 ], [ 2, 0, 1, 2, 0, 2, 1, 0, 2, 0 ], 
  [ 0, 1, 2, 1, 2, 2, 0, 0, 0, 1 ], [ 2, 0, 0, 1, 2, 2, 0, 0, 2, 0 ], 
  [ 2, 0, 1, 0, 2, 1, 0, 0, 1, 0 ], [ 2, 0, 0, 1, 2, 0, 2, 2, 2, 2 ], 
  [ 2, 2, 2, 1, 0, 2, 0, 2, 2, 0 ], [ 2, 1, 0, 1, 1, 1, 2, 1, 0, 2 ], 
  [ 1, 1, 2, 2, 1, 2, 2, 1, 0, 2 ], [ 2, 2, 1, 1, 1, 1, 1, 2, 2, 0 ] ]
CLASS n=5 order=12 size=30347330554174233600 fixed=-1 real=false M=
[ [ 2, 1, 2, 0, 0, 1, 1, 1, 2, 2 ], [ 0, 2, 0, 0, 1, 0, 0, 1, 2, 2 ], 
  [ 2, 2, 0, 0, 0, 2, 2, 2, 2, 1 ], [ 2, 1, 0, 0, 1, 2, 0, 2, 2, 0 ], 
  [ 1, 2, 2, 2, 1, 1, 1, 2, 2, 0 ], [ 2, 0, 0, 1, 0, 2, 1, 1, 1, 1 ], 
  [ 2, 0, 1, 0, 1, 1, 0, 0, 0, 0 ], [ 0, 1, 2, 1, 1, 2, 1, 2, 2, 0 ], 
  [ 2, 2, 2, 0, 2, 1, 2, 0, 0, 1 ], [ 1, 0, 1, 2, 2, 0, 1, 0, 2, 2 ] ]
CLASS n=5 order=12 size=30347330554174233600 fixed=-1 real=false M=
[ [ 1, 0, 2, 1, 2, 0, 2, 1, 2, 2 ], [ 0, 1, 2, 1, 2, 2, 0, 1, 1, 1 ], 
  [ 0, 2, 0, 2, 1, 0, 2, 1, 0, 0 ], [ 0, 1, 1, 0, 2, 1, 1, 0, 1, 2 ], 
  [ 0, 2, 1, 0, 2, 0, 1, 0, 1, 1 ], [ 1, 1, 0, 1, 2, 1, 2, 0, 0, 0 ], 
  [ 2, 2, 0, 0, 1, 1, 2, 1, 1, 2 ], [ 0, 2, 2, 1, 2, 2, 2, 2, 1, 0 ], 
  [ 1, 2, 2, 1, 0, 0, 1, 2, 1, 0 ], [ 2, 2, 2, 2, 2, 0, 2, 2, 0, 0 ] ]
CLASS n=5 order=12 size=1638755849925408614400 fixed=-1 real=true M=
[ [ 0, 0, 2, 2, 2, 1, 1, 2, 0, 1 ], [ 2, 2, 2, 0, 2, 2, 1, 1, 2, 2 ], 
  [ 1, 2, 0, 1, 1, 0, 2, 2, 2, 1 ], [ 2, 1, 2, 2, 1, 0, 1, 2, 2, 0 ], 
  [ 2, 0, 0, 2, 0, 1, 0, 1, 1, 1 ], [ 0, 2, 2, 2, 1, 0, 0, 2, 1, 0 ], 
  [ 1, 1, 1, 1, 2, 1, 0, 2, 2, 1 ], [ 0, 2, 2, 1, 2, 1, 0, 1, 2, 1 ], 
  [ 0, 1, 2, 2, 1, 1, 2, 1, 1, 0 ], [ 2, 1, 2, 2, 0, 0, 1, 2, 0, 0 ] ]
CLASS n=5 order=12 size=7586832638543558400 fixed=-1 real=true M=
[ [ 0, 1, 0, 2, 2, 2, 2, 1, 1, 0 ], [ 0, 0, 0, 2, 0, 0, 0, 2, 0, 0 ], 
  [ 0, 0, 2, 1, 1, 0, 1, 2, 2, 0 ], [ 2, 0, 1, 1, 1, 2, 2, 2, 1, 0 ], 
  [ 2, 2, 2, 2, 1, 0, 1, 2, 1, 2 ], [ 0, 0, 0, 1, 1, 1, 0, 2, 0, 2 ], 
  [ 2, 0, 1, 2, 1, 0, 2, 2, 0, 1 ], [ 1, 2, 1, 1, 2, 2, 2, 1, 2, 0 ], 
  [ 0, 0, 2, 0, 0, 1, 1, 1, 0, 1 ], [ 0, 2, 0, 1, 1, 2, 0, 2, 2, 0 ] ]
CLASS n=5 order=24 size=3687200662332169382400 fixed=-1 real=false M=
[ [ 0, 1, 0, 0, 0, 1, 0, 2, 2, 2 ], [ 1, 2, 0, 2, 1, 2, 0, 2, 2, 2 ], 
  [ 2, 1, 2, 2, 2, 1, 2, 2, 2, 0 ], [ 1, 1, 1, 1, 2, 1, 2, 1, 2, 1 ], 
  [ 1, 1, 0, 0, 2, 2, 0, 1, 2, 2 ], [ 0, 1, 2, 0, 0, 0, 0, 0, 1, 1 ], 
  [ 2, 2, 0, 1, 1, 1, 0, 2, 0, 0 ], [ 0, 1, 1, 1, 1, 2, 2, 2, 1, 2 ], 
  [ 1, 2, 1, 1, 1, 2, 1, 0, 2, 1 ], [ 2, 2, 1, 0, 1, 0, 2, 1, 1, 0 ] ]
CLASS n=5 order=24 size=3687200662332169382400 fixed=-1 real=false M=
[ [ 2, 0, 0, 2, 2, 1, 2, 2, 1, 1 ], [ 2, 0, 0, 0, 2, 2, 1, 2, 0, 0 ], 
  [ 1, 0, 2, 1, 1, 1, 1, 2, 1, 2 ], [ 1, 1, 1, 1, 2, 1, 2, 1, 2, 1 ], 
  [ 1, 1, 0, 0, 2, 2, 0, 1, 2, 2 ], [ 1, 2, 2, 1, 1, 0, 1, 0, 2, 2 ], 
  [ 2, 2, 0, 1, 1, 1, 0, 2, 0, 0 ], [ 1, 2, 1, 2, 2, 2, 0, 2, 2, 0 ], 
  [ 0, 1, 1, 0, 0, 2, 0, 0, 1, 0 ], [ 0, 0, 1, 1, 2, 0, 0, 1, 2, 1 ] ]
CLASS n=5 order=72 size=265478447687916195532800 fixed=-1 real=false M=
[ [ 0, 2, 2, 2, 2, 0, 1, 0, 2, 1 ], [ 2, 0, 0, 1, 0, 2, 2, 0, 0, 1 ], 
  [ 1, 2, 1, 1, 2, 2, 1, 2, 0, 1 ], [ 1, 0, 1, 2, 1, 0, 0, 2, 1, 1 ], 
  [ 1, 2, 2, 2, 2, 0, 1, 2, 2, 1 ], [ 1, 1, 0, 2, 2, 1, 0, 1, 0, 2 ], 
  [ 1, 0, 2, 1, 0, 2, 0, 0, 1, 2 ], [ 0, 1, 1, 0, 0, 2, 2, 2, 2, 2 ], 
  [ 0, 1, 2, 0, 2, 2, 2, 2, 0, 2 ], [ 2, 2, 0, 2, 0, 0, 1, 0, 1, 2 ] ]
CLASS n=5 order=72 size=265478447687916195532800 fixed=-1 real=false M=
[ [ 2, 2, 0, 2, 1, 2, 0, 0, 1, 1 ], [ 1, 1, 2, 2, 2, 0, 1, 0, 2, 2 ], 
  [ 0, 2, 1, 0, 2, 0, 1, 2, 2, 1 ], [ 0, 2, 2, 2, 2, 1, 1, 2, 0, 0 ], 
  [ 0, 1, 1, 0, 2, 2, 1, 2, 1, 0 ], [ 0, 2, 1, 2, 2, 1, 0, 1, 2, 0 ], 
  [ 1, 0, 2, 1, 0, 2, 0, 0, 1, 2 ], [ 2, 2, 2, 0, 0, 2, 2, 2, 1, 0 ], 
  [ 2, 1, 0, 0, 1, 1, 1, 2, 2, 2 ], [ 1, 0, 2, 0, 2, 1, 0, 0, 0, 0 ] ]
CLASS n=5 order=36 size=6555023399701634457600 fixed=-1 real=false M=
[ [ 2, 0, 2, 1, 0, 0, 0, 2, 2, 0 ], [ 1, 2, 1, 1, 2, 2, 2, 1, 2, 0 ], 
  [ 1, 1, 2, 1, 1, 2, 1, 2, 1, 0 ], [ 2, 1, 0, 1, 1, 1, 2, 2, 2, 0 ], 
  [ 1, 0, 1, 0, 1, 1, 1, 2, 2, 0 ], [ 2, 0, 1, 1, 1, 2, 0, 0, 2, 1 ], 
  [ 1, 0, 2, 0, 2, 0, 0, 0, 2, 1 ], [ 2, 1, 0, 2, 2, 2, 1, 0, 1, 1 ], 
  [ 0, 2, 0, 1, 1, 2, 0, 2, 2, 0 ], [ 0, 0, 1, 1, 1, 2, 1, 2, 1, 2 ] ]
CLASS n=5 order=36 size=6555023399701634457600 fixed=-1 real=false M=
[ [ 0, 1, 1, 2, 1, 2, 0, 2, 2, 0 ], [ 1, 1, 1, 1, 0, 2, 2, 2, 1, 1 ], 
  [ 1, 2, 1, 1, 1, 2, 1, 1, 1, 2 ], [ 2, 2, 0, 2, 2, 1, 0, 2, 2, 0 ], 
  [ 1, 2, 1, 0, 2, 1, 1, 0, 1, 1 ], [ 0, 2, 2, 1, 2, 1, 1, 1, 1, 1 ], 
  [ 0, 0, 2, 2, 1, 1, 0, 2, 2, 0 ], [ 2, 1, 1, 2, 0, 2, 0, 0, 0, 0 ], 
  [ 2, 2, 0, 0, 1, 0, 1, 1, 1, 0 ], [ 2, 0, 1, 1, 0, 0, 0, 2, 2, 0 ] ]
CLASS n=5 order=36 size=1638755849925408614400 fixed=-1 real=false M=
[ [ 2, 0, 1, 1, 0, 1, 2, 2, 1, 0 ], [ 0, 0, 0, 0, 0, 2, 1, 0, 0, 0 ], 
  [ 1, 1, 2, 0, 1, 2, 2, 2, 2, 1 ], [ 1, 2, 0, 1, 2, 2, 0, 1, 1, 1 ], 
  [ 2, 0, 1, 1, 1, 2, 2, 2, 2, 1 ], [ 2, 0, 2, 2, 2, 1, 0, 1, 1, 0 ], 
  [ 0, 2, 1, 1, 2, 2, 1, 1, 1, 1 ], [ 0, 1, 1, 0, 1, 0, 2, 2, 2, 0 ], 
  [ 2, 2, 1, 0, 1, 1, 0, 2, 0, 0 ], [ 1, 1, 2, 0, 2, 1, 2, 1, 0, 1 ] ]
CLASS n=5 order=36 size=1638755849925408614400 fixed=-1 real=false M=
[ [ 0, 0, 2, 1, 2, 2, 1, 2, 1, 0 ], [ 0, 2, 2, 1, 1, 2, 0, 0, 2, 2 ], 
  [ 0, 1, 1, 0, 2, 1, 0, 2, 2, 1 ], [ 0, 1, 2, 2, 2, 1, 0, 0, 1, 0 ], 
  [ 2, 1, 2, 0, 0, 2, 0, 2, 0, 2 ], [ 0, 1, 2, 1, 0, 2, 1, 0, 2, 1 ], 
  [ 0, 2, 2, 1, 0, 2, 1, 0, 2, 1 ], [ 2, 2, 1, 2, 2, 2, 0, 2, 1, 1 ], 
  [ 0, 2, 2, 0, 0, 2, 2, 2, 0, 0 ], [ 0, 1, 2, 0, 0, 0, 1, 0, 0, 1 ] ]
CLASS n=5 order=36 size=14748802649328677529600 fixed=-1 real=false M=
[ [ 2, 0, 0, 2, 0, 2, 0, 2, 2, 2 ], [ 1, 2, 0, 0, 1, 1, 0, 0, 0, 1 ], 
  [ 0, 1, 2, 1, 1, 1, 0, 1, 1, 0 ], [ 0, 0, 0, 1, 0, 1, 2, 2, 1, 0 ], 
  [ 0, 0, 1, 0, 2, 1, 2, 0, 2, 1 ], [ 1, 0, 2, 1, 2, 0, 0, 2, 2, 0 ], 
  [ 2, 1, 1, 2, 2, 2, 0, 2, 0, 2 ], [ 0, 0, 2, 1, 0, 2, 1, 1, 2, 2 ], 
  [ 0, 2, 1, 0, 0, 0, 2, 1, 2, 0 ], [ 0, 0, 2, 1, 0, 2, 0, 2, 2, 1 ] ]
CLASS n=5 order=36 size=14748802649328677529600 fixed=-1 real=false M=
[ [ 1, 1, 0, 2, 2, 0, 0, 1, 0, 0 ], [ 0, 0, 0, 1, 2, 0, 2, 2, 0, 0 ], 
  [ 2, 1, 0, 0, 1, 2, 0, 1, 1, 2 ], [ 0, 0, 2, 0, 0, 0, 2, 0, 0, 0 ], 
  [ 1, 1, 2, 1, 2, 2, 0, 2, 1, 0 ], [ 2, 1, 2, 1, 2, 0, 1, 2, 0, 2 ], 
  [ 0, 0, 0, 2, 2, 1, 2, 1, 0, 2 ], [ 2, 0, 2, 1, 1, 1, 2, 2, 2, 0 ], 
  [ 1, 0, 1, 2, 1, 2, 1, 1, 1, 1 ], [ 0, 2, 1, 1, 1, 0, 0, 2, 2, 2 ] ]
CLASS n=5 order=36 size=1638755849925408614400 fixed=-1 real=false M=
[ [ 2, 2, 2, 1, 0, 2, 1, 2, 0, 2 ], [ 0, 0, 1, 1, 0, 0, 1, 1, 1, 0 ], 
  [ 0, 2, 1, 0, 1, 0, 2, 2, 1, 1 ], [ 2, 2, 1, 1, 2, 1, 2, 0, 1, 2 ], 
  [ 2, 0, 2, 0, 2, 1, 2, 1, 1, 0 ], [ 2, 1, 2, 1, 1, 1, 1, 1, 2, 1 ], 
  [ 0, 0, 0, 1, 1, 2, 1, 2, 0, 1 ], [ 1, 1, 0, 1, 0, 1, 1, 1, 2, 2 ], 
  [ 2, 1, 1, 1, 2, 1, 1, 2, 2, 2 ], [ 2, 1, 1, 1, 0, 2, 2, 1, 1, 1 ] ]
CLASS n=5 order=36 size=1638755849925408614400 fixed=-1 real=false M=
[ [ 0, 1, 1, 2, 1, 0, 0, 2, 0, 2 ], [ 0, 1, 2, 1, 2, 1, 2, 0, 1, 2 ], 
  [ 1, 1, 1, 1, 2, 2, 1, 1, 2, 0 ], [ 1, 1, 0, 0, 1, 0, 1, 2, 0, 1 ], 
  [ 0, 2, 0, 2, 1, 1, 0, 0, 0, 1 ], [ 0, 1, 1, 2, 2, 2, 1, 2, 0, 0 ], 
  [ 2, 1, 1, 2, 2, 2, 0, 2, 0, 2 ], [ 2, 1, 0, 2, 2, 0, 0, 1, 0, 1 ], 
  [ 2, 0, 2, 0, 0, 0, 2, 1, 1, 1 ], [ 0, 2, 0, 2, 2, 0, 0, 2, 1, 2 ] ]
CLASS n=5 order=72 size=19665070199104903372800 fixed=-1 real=false M=
[ [ 1, 0, 0, 0, 1, 0, 2, 2, 0, 0 ], [ 1, 0, 0, 1, 1, 0, 0, 2, 2, 2 ], 
  [ 0, 1, 0, 2, 2, 0, 0, 1, 0, 1 ], [ 0, 1, 2, 2, 2, 2, 1, 1, 1, 0 ], 
  [ 2, 1, 0, 1, 0, 2, 1, 1, 1, 2 ], [ 2, 1, 0, 1, 0, 1, 0, 2, 0, 2 ], 
  [ 2, 2, 0, 0, 0, 0, 2, 1, 2, 0 ], [ 0, 1, 2, 2, 1, 1, 2, 1, 2, 1 ], 
  [ 2, 2, 2, 2, 0, 0, 2, 1, 1, 0 ], [ 1, 2, 2, 0, 2, 0, 1, 0, 0, 1 ] ]
CLASS n=5 order=72 size=19665070199104903372800 fixed=-1 real=false M=
[ [ 2, 2, 0, 0, 2, 2, 2, 0, 2, 2 ], [ 2, 2, 0, 0, 0, 1, 1, 0, 2, 0 ], 
  [ 1, 1, 2, 0, 2, 2, 0, 1, 0, 2 ], [ 0, 1, 0, 0, 2, 0, 1, 0, 2, 0 ], 
  [ 1, 0, 2, 0, 0, 1, 0, 2, 2, 0 ], [ 1, 0, 0, 1, 0, 1, 2, 2, 2, 0 ], 
  [ 1, 0, 1, 0, 0, 1, 0, 2, 2, 0 ], [ 1, 1, 2, 2, 0, 2, 1, 0, 2, 0 ], 
  [ 1, 1, 2, 0, 2, 1, 0, 1, 2, 2 ], [ 1, 0, 0, 0, 1, 2, 1, 0, 0, 0 ] ]
CLASS n=5 order=24 size=9832535099552451686400 fixed=-1 real=true M=
[ [ 0, 1, 1, 1, 2, 2, 2, 0, 2, 1 ], [ 1, 0, 0, 1, 1, 0, 2, 0, 0, 0 ], 
  [ 2, 1, 0, 0, 1, 1, 1, 2, 1, 1 ], [ 0, 1, 1, 2, 0, 2, 1, 2, 0, 0 ], 
  [ 1, 2, 2, 0, 2, 0, 0, 0, 0, 2 ], [ 1, 1, 2, 0, 0, 0, 0, 2, 2, 2 ], 
  [ 2, 0, 0, 1, 0, 0, 1, 0, 2, 0 ], [ 2, 2, 1, 2, 0, 0, 1, 1, 1, 0 ], 
  [ 0, 0, 0, 2, 2, 2, 0, 2, 1, 2 ], [ 1, 2, 1, 2, 2, 1, 0, 2, 0, 2 ] ]
CLASS n=5 order=8 size=395057213821303862400 fixed=-1 real=true M=
[ [ 1, 2, 0, 1, 2, 2, 2, 1, 1, 1 ], [ 0, 1, 0, 0, 2, 1, 0, 0, 2, 1 ], 
  [ 0, 1, 2, 1, 1, 2, 2, 1, 2, 1 ], [ 2, 0, 0, 1, 2, 0, 2, 0, 2, 0 ], 
  [ 2, 2, 2, 0, 0, 1, 0, 0, 2, 1 ], [ 1, 2, 0, 0, 0, 1, 1, 1, 2, 2 ], 
  [ 0, 0, 1, 1, 2, 1, 2, 2, 1, 2 ], [ 0, 2, 2, 0, 0, 2, 0, 2, 0, 1 ], 
  [ 1, 1, 2, 2, 0, 1, 2, 2, 1, 0 ], [ 0, 0, 0, 2, 0, 2, 2, 0, 0, 1 ] ]
CLASS n=5 order=24 size=265478447687916195532800 fixed=-1 real=true M=
[ [ 0, 0, 1, 0, 1, 2, 0, 1, 0, 0 ], [ 0, 0, 1, 2, 0, 0, 1, 1, 1, 2 ], 
  [ 0, 2, 0, 1, 0, 0, 1, 1, 2, 0 ], [ 1, 2, 1, 2, 0, 0, 2, 1, 0, 1 ], 
  [ 2, 2, 2, 2, 1, 1, 1, 0, 1, 2 ], [ 2, 0, 1, 1, 0, 0, 1, 2, 1, 2 ], 
  [ 1, 1, 2, 0, 1, 0, 1, 1, 2, 2 ], [ 2, 2, 2, 2, 0, 1, 0, 0, 2, 0 ], 
  [ 2, 1, 2, 1, 0, 0, 1, 0, 2, 2 ], [ 1, 1, 0, 1, 2, 2, 2, 1, 0, 0 ] ]
CLASS n=5 order=6 size=273125974987568102400 fixed=-1 real=true M=
[ [ 2, 0, 1, 1, 0, 1, 0, 2, 2, 0 ], [ 0, 1, 0, 0, 1, 1, 2, 0, 2, 2 ], 
  [ 1, 2, 0, 0, 0, 1, 1, 1, 0, 2 ], [ 1, 2, 2, 2, 1, 2, 0, 1, 1, 0 ], 
  [ 1, 1, 1, 2, 1, 2, 1, 0, 0, 0 ], [ 1, 0, 1, 0, 2, 2, 0, 0, 1, 0 ], 
  [ 1, 2, 1, 0, 0, 2, 0, 2, 1, 0 ], [ 1, 1, 0, 2, 0, 2, 1, 2, 0, 2 ], 
  [ 2, 2, 1, 1, 0, 1, 0, 0, 2, 1 ], [ 1, 0, 0, 1, 1, 2, 0, 0, 0, 0 ] ]
CLASS n=5 order=6 size=1685962808565235200 fixed=-1 real=true M=
[ [ 0, 0, 1, 0, 2, 2, 0, 0, 0, 2 ], [ 2, 0, 0, 1, 2, 0, 0, 0, 1, 2 ], 
  [ 1, 1, 2, 0, 2, 1, 1, 2, 2, 2 ], [ 0, 2, 0, 0, 0, 0, 2, 2, 0, 2 ], 
  [ 0, 0, 0, 1, 2, 0, 0, 0, 0, 0 ], [ 1, 2, 0, 2, 0, 2, 0, 1, 0, 1 ], 
  [ 1, 1, 1, 0, 1, 2, 0, 2, 1, 0 ], [ 2, 2, 2, 0, 0, 1, 2, 2, 1, 1 ], 
  [ 2, 2, 1, 2, 1, 2, 1, 2, 2, 0 ], [ 1, 2, 0, 0, 0, 0, 0, 1, 0, 2 ] ]
CLASS n=5 order=12 size=819377924962704307200 fixed=-1 real=true M=
[ [ 2, 2, 1, 1, 0, 2, 1, 1, 2, 1 ], [ 0, 2, 0, 0, 1, 1, 1, 0, 2, 1 ], 
  [ 2, 0, 1, 2, 2, 0, 2, 1, 1, 0 ], [ 0, 2, 0, 2, 0, 0, 0, 2, 2, 0 ], 
  [ 2, 0, 0, 1, 1, 2, 1, 1, 1, 0 ], [ 0, 1, 0, 1, 2, 2, 2, 1, 2, 2 ], 
  [ 0, 1, 1, 2, 1, 0, 2, 0, 2, 0 ], [ 0, 2, 1, 2, 0, 1, 1, 1, 0, 2 ], 
  [ 0, 1, 2, 2, 2, 1, 2, 1, 2, 1 ], [ 0, 1, 1, 2, 1, 1, 1, 2, 0, 2 ] ]
CLASS n=5 order=12 size=10115776851391411200 fixed=-1 real=true M=
[ [ 2, 1, 1, 1, 0, 2, 0, 1, 1, 1 ], [ 2, 2, 0, 0, 2, 2, 1, 2, 0, 1 ], 
  [ 1, 2, 2, 2, 1, 1, 2, 0, 1, 2 ], [ 1, 2, 1, 0, 2, 1, 2, 2, 1, 2 ], 
  [ 0, 2, 1, 1, 2, 1, 1, 1, 1, 2 ], [ 2, 0, 2, 1, 2, 2, 1, 1, 1, 0 ], 
  [ 0, 0, 2, 2, 1, 1, 0, 1, 1, 0 ], [ 1, 2, 0, 0, 0, 1, 2, 0, 0, 2 ], 
  [ 1, 1, 1, 1, 0, 2, 0, 1, 2, 1 ], [ 1, 1, 2, 0, 0, 2, 0, 0, 1, 2 ] ]
CLASS n=5 order=36 size=6555023399701634457600 fixed=-1 real=false M=
[ [ 1, 2, 1, 0, 2, 1, 1, 1, 1, 1 ], [ 0, 2, 0, 0, 2, 0, 2, 1, 2, 1 ], 
  [ 2, 0, 0, 1, 1, 0, 2, 0, 0, 0 ], [ 1, 2, 2, 1, 0, 2, 2, 0, 0, 0 ], 
  [ 0, 0, 0, 2, 1, 2, 0, 2, 0, 2 ], [ 0, 1, 0, 2, 2, 2, 1, 1, 2, 0 ], 
  [ 0, 2, 2, 2, 1, 0, 1, 2, 2, 1 ], [ 0, 0, 2, 1, 1, 0, 2, 1, 1, 2 ], 
  [ 1, 1, 1, 0, 1, 1, 1, 2, 2, 1 ], [ 0, 1, 2, 2, 2, 2, 2, 2, 1, 2 ] ]
CLASS n=5 order=36 size=6555023399701634457600 fixed=-1 real=false M=
[ [ 1, 1, 0, 1, 2, 2, 0, 1, 1, 0 ], [ 1, 2, 1, 2, 0, 0, 1, 2, 1, 2 ], 
  [ 2, 1, 1, 0, 2, 2, 2, 1, 1, 1 ], [ 0, 0, 2, 1, 2, 2, 1, 2, 0, 0 ], 
  [ 0, 0, 2, 0, 0, 2, 2, 2, 0, 0 ], [ 2, 1, 2, 1, 1, 0, 0, 2, 2, 2 ], 
  [ 0, 0, 2, 2, 2, 1, 0, 0, 1, 1 ], [ 0, 2, 1, 1, 0, 1, 2, 1, 0, 2 ], 
  [ 2, 0, 2, 1, 0, 1, 1, 0, 0, 0 ], [ 0, 0, 1, 0, 2, 1, 2, 1, 0, 2 ] ]
CLASS n=5 order=36 size=121389322216696934400 fixed=-1 real=false M=
[ [ 1, 0, 2, 1, 0, 0, 2, 1, 1, 1 ], [ 0, 0, 0, 1, 0, 0, 0, 2, 0, 1 ], 
  [ 0, 0, 2, 0, 0, 1, 0, 0, 1, 0 ], [ 1, 0, 2, 0, 0, 0, 2, 0, 0, 1 ], 
  [ 2, 2, 1, 0, 1, 1, 0, 0, 2, 1 ], [ 0, 2, 1, 0, 2, 1, 1, 2, 0, 2 ], 
  [ 0, 0, 0, 1, 2, 1, 0, 2, 0, 0 ], [ 0, 2, 0, 2, 2, 1, 1, 2, 1, 1 ], 
  [ 1, 1, 1, 1, 0, 2, 0, 1, 2, 1 ], [ 1, 1, 1, 0, 2, 1, 1, 1, 0, 2 ] ]
CLASS n=5 order=36 size=121389322216696934400 fixed=-1 real=false M=
[ [ 0, 2, 2, 1, 2, 0, 2, 2, 0, 1 ], [ 1, 1, 2, 1, 0, 2, 1, 2, 0, 1 ], 
  [ 0, 0, 0, 0, 2, 2, 0, 1, 0, 0 ], [ 0, 0, 0, 2, 0, 1, 1, 1, 0, 2 ], 
  [ 0, 2, 0, 1, 2, 0, 2, 1, 0, 0 ], [ 0, 0, 1, 1, 2, 0, 2, 2, 1, 0 ], 
  [ 0, 1, 2, 2, 2, 2, 0, 2, 1, 1 ], [ 1, 2, 2, 2, 0, 2, 1, 2, 0, 0 ], 
  [ 1, 1, 0, 1, 2, 1, 1, 2, 1, 1 ], [ 1, 2, 1, 1, 0, 0, 0, 0, 2, 0 ] ]
CLASS n=5 order=9 size=5994534430454169600 fixed=-1 real=false M=
[ [ 2, 1, 0, 0, 0, 2, 2, 2, 0, 2 ], [ 0, 0, 0, 2, 2, 0, 1, 1, 2, 2 ], 
  [ 0, 0, 0, 1, 2, 1, 2, 2, 1, 0 ], [ 0, 2, 2, 0, 2, 1, 0, 2, 2, 2 ], 
  [ 2, 1, 0, 2, 0, 2, 1, 2, 1, 0 ], [ 2, 2, 0, 2, 1, 2, 0, 2, 2, 2 ], 
  [ 1, 2, 0, 1, 0, 2, 1, 2, 1, 0 ], [ 2, 0, 0, 1, 2, 2, 1, 1, 0, 1 ], 
  [ 2, 0, 2, 0, 0, 2, 2, 1, 1, 0 ], [ 2, 0, 2, 0, 2, 0, 1, 0, 2, 0 ] ]
CLASS n=5 order=9 size=5994534430454169600 fixed=-1 real=false M=
[ [ 0, 1, 1, 1, 0, 1, 2, 0, 0, 0 ], [ 0, 2, 0, 0, 1, 2, 1, 1, 1, 2 ], 
  [ 2, 1, 1, 1, 1, 2, 2, 0, 0, 0 ], [ 0, 1, 2, 2, 2, 1, 1, 1, 1, 2 ], 
  [ 0, 0, 0, 0, 0, 0, 1, 0, 0, 1 ], [ 1, 2, 0, 0, 0, 2, 0, 2, 1, 0 ], 
  [ 1, 0, 1, 2, 0, 0, 0, 0, 0, 2 ], [ 2, 0, 1, 1, 2, 2, 0, 2, 2, 2 ], 
  [ 2, 1, 2, 0, 2, 0, 1, 0, 0, 0 ], [ 1, 0, 1, 1, 1, 1, 0, 1, 1, 1 ] ]
CLASS n=5 order=18 size=4370015599801089638400 fixed=-1 real=false M=
[ [ 1, 1, 0, 2, 0, 1, 2, 0, 2, 2 ], [ 0, 0, 1, 2, 0, 0, 2, 2, 1, 2 ], 
  [ 1, 0, 2, 0, 2, 0, 1, 1, 0, 1 ], [ 2, 0, 0, 1, 0, 2, 0, 2, 1, 0 ], 
  [ 1, 1, 0, 0, 0, 0, 2, 1, 0, 2 ], [ 2, 0, 2, 1, 0, 0, 1, 1, 2, 1 ], 
  [ 2, 0, 1, 2, 0, 2, 0, 2, 1, 1 ], [ 1, 0, 2, 0, 2, 2, 0, 2, 0, 0 ], 
  [ 2, 0, 0, 2, 1, 2, 0, 0, 2, 2 ], [ 1, 0, 2, 0, 2, 2, 0, 0, 1, 0 ] ]
CLASS n=5 order=18 size=4370015599801089638400 fixed=-1 real=false M=
[ [ 0, 2, 1, 2, 2, 2, 1, 1, 0, 0 ], [ 0, 2, 2, 2, 2, 2, 1, 1, 1, 1 ], 
  [ 1, 1, 1, 1, 0, 2, 2, 1, 0, 2 ], [ 1, 2, 2, 2, 0, 2, 1, 1, 2, 0 ], 
  [ 0, 2, 2, 2, 2, 1, 2, 0, 1, 2 ], [ 0, 1, 1, 0, 2, 1, 0, 1, 2, 2 ], 
  [ 1, 1, 2, 0, 1, 2, 2, 0, 0, 0 ], [ 2, 0, 2, 0, 2, 0, 2, 2, 0, 0 ], 
  [ 1, 2, 0, 1, 2, 2, 0, 1, 0, 2 ], [ 1, 1, 1, 0, 2, 0, 0, 2, 1, 1 ] ]
CLASS n=5 order=18 size=8740031199602179276800 fixed=-1 real=false M=
[ [ 2, 1, 1, 2, 2, 2, 0, 2, 2, 1 ], [ 1, 0, 1, 2, 1, 2, 0, 1, 2, 1 ], 
  [ 2, 0, 0, 1, 2, 2, 0, 0, 1, 1 ], [ 0, 2, 0, 2, 0, 1, 0, 0, 2, 0 ], 
  [ 0, 2, 0, 2, 1, 0, 2, 0, 1, 2 ], [ 0, 0, 0, 1, 0, 2, 2, 2, 1, 0 ], 
  [ 2, 1, 2, 2, 0, 2, 1, 0, 2, 1 ], [ 1, 1, 1, 0, 0, 0, 0, 1, 0, 2 ], 
  [ 1, 0, 0, 0, 1, 2, 1, 2, 2, 0 ], [ 1, 0, 2, 2, 1, 0, 2, 0, 1, 2 ] ]
CLASS n=5 order=18 size=8740031199602179276800 fixed=-1 real=false M=
[ [ 1, 2, 2, 0, 2, 1, 2, 2, 2, 0 ], [ 2, 0, 2, 0, 1, 0, 2, 0, 0, 2 ], 
  [ 2, 2, 1, 2, 2, 0, 2, 2, 0, 0 ], [ 0, 1, 2, 0, 1, 1, 1, 0, 0, 0 ], 
  [ 1, 1, 1, 0, 2, 2, 2, 1, 0, 2 ], [ 2, 2, 1, 1, 2, 1, 0, 1, 0, 2 ], 
  [ 0, 0, 1, 0, 0, 2, 2, 1, 2, 2 ], [ 1, 0, 0, 1, 2, 2, 2, 2, 1, 2 ], 
  [ 2, 1, 0, 1, 0, 2, 1, 1, 1, 0 ], [ 1, 2, 0, 0, 0, 2, 2, 2, 2, 1 ] ]
CLASS n=5 order=18 size=2185007799900544819200 fixed=-1 real=false M=
[ [ 0, 0, 1, 1, 0, 0, 1, 1, 1, 2 ], [ 0, 1, 0, 1, 2, 1, 0, 2, 1, 0 ], 
  [ 0, 0, 2, 0, 0, 2, 1, 1, 2, 0 ], [ 2, 0, 1, 0, 2, 0, 0, 1, 1, 2 ], 
  [ 0, 1, 2, 2, 2, 0, 2, 1, 2, 2 ], [ 2, 2, 1, 1, 1, 2, 1, 0, 2, 2 ], 
  [ 1, 2, 1, 0, 1, 0, 0, 2, 2, 0 ], [ 0, 0, 2, 1, 1, 1, 0, 1, 2, 1 ], 
  [ 0, 2, 2, 0, 1, 2, 2, 1, 0, 0 ], [ 0, 1, 1, 1, 1, 2, 0, 1, 1, 1 ] ]
CLASS n=5 order=18 size=2185007799900544819200 fixed=-1 real=false M=
[ [ 2, 0, 0, 0, 1, 1, 0, 2, 2, 2 ], [ 1, 0, 1, 0, 2, 2, 0, 0, 1, 0 ], 
  [ 0, 1, 2, 0, 0, 0, 2, 1, 1, 2 ], [ 2, 2, 2, 1, 1, 2, 2, 1, 0, 1 ], 
  [ 1, 0, 1, 0, 1, 2, 0, 0, 0, 1 ], [ 2, 0, 2, 1, 0, 0, 2, 0, 0, 2 ], 
  [ 1, 1, 2, 1, 1, 0, 2, 2, 0, 0 ], [ 2, 2, 1, 2, 0, 0, 0, 2, 1, 2 ], 
  [ 2, 2, 2, 1, 2, 0, 0, 0, 2, 1 ], [ 2, 2, 0, 2, 1, 2, 0, 0, 1, 0 ] ]
CLASS n=5 order=36 size=117990421194629420236800 fixed=-1 real=false M=
[ [ 1, 1, 0, 1, 0, 0, 0, 0, 0, 0 ], [ 1, 1, 2, 2, 1, 1, 2, 1, 0, 0 ], 
  [ 0, 2, 2, 1, 0, 1, 1, 0, 0, 1 ], [ 0, 1, 1, 0, 0, 0, 1, 1, 2, 2 ], 
  [ 0, 1, 1, 0, 0, 2, 0, 1, 0, 1 ], [ 0, 2, 2, 1, 0, 0, 2, 1, 1, 1 ], 
  [ 0, 1, 1, 0, 2, 2, 1, 1, 1, 1 ], [ 0, 2, 2, 0, 0, 1, 2, 0, 1, 2 ], 
  [ 1, 1, 0, 0, 2, 1, 0, 2, 1, 2 ], [ 2, 0, 1, 2, 0, 1, 1, 0, 2, 1 ] ]
CLASS n=5 order=36 size=117990421194629420236800 fixed=-1 real=false M=
[ [ 0, 2, 2, 1, 2, 2, 2, 0, 0, 2 ], [ 1, 1, 0, 1, 2, 1, 2, 0, 0, 1 ], 
  [ 2, 0, 1, 2, 0, 1, 2, 0, 2, 0 ], [ 2, 0, 2, 1, 2, 2, 2, 0, 1, 0 ], 
  [ 0, 1, 1, 2, 1, 2, 2, 1, 2, 0 ], [ 0, 2, 0, 0, 0, 0, 1, 1, 1, 0 ], 
  [ 1, 2, 2, 1, 0, 1, 2, 2, 2, 2 ], [ 2, 2, 0, 0, 2, 0, 1, 1, 0, 1 ], 
  [ 2, 1, 0, 2, 2, 1, 1, 0, 2, 2 ], [ 1, 0, 2, 2, 2, 0, 0, 0, 1, 2 ] ]
CLASS n=5 order=6 size=41628711322598400 fixed=-1 real=false M=
[ [ 1, 0, 1, 0, 1, 2, 0, 1, 1, 2 ], [ 2, 1, 2, 0, 2, 0, 0, 2, 2, 2 ], 
  [ 0, 0, 2, 1, 2, 2, 1, 1, 2, 0 ], [ 0, 1, 2, 2, 2, 2, 0, 2, 2, 0 ], 
  [ 1, 1, 1, 2, 0, 1, 2, 2, 2, 2 ], [ 2, 1, 0, 1, 0, 0, 1, 0, 1, 1 ], 
  [ 0, 2, 1, 1, 1, 2, 0, 2, 1, 2 ], [ 0, 0, 0, 2, 1, 1, 2, 1, 1, 0 ], 
  [ 0, 1, 2, 0, 0, 0, 0, 1, 0, 2 ], [ 2, 1, 0, 1, 1, 0, 1, 0, 2, 2 ] ]
CLASS n=5 order=6 size=41628711322598400 fixed=-1 real=false M=
[ [ 1, 0, 1, 0, 1, 2, 0, 1, 1, 2 ], [ 1, 1, 0, 0, 1, 1, 0, 0, 1, 0 ], 
  [ 0, 0, 2, 2, 1, 1, 2, 2, 1, 0 ], [ 1, 1, 1, 2, 0, 1, 0, 1, 0, 2 ], 
  [ 0, 1, 2, 1, 0, 2, 1, 1, 0, 0 ], [ 1, 1, 1, 2, 0, 0, 2, 1, 2, 0 ], 
  [ 2, 2, 2, 2, 0, 1, 1, 1, 0, 2 ], [ 0, 0, 0, 1, 2, 2, 1, 0, 2, 0 ], 
  [ 2, 1, 0, 0, 1, 1, 0, 1, 2, 1 ], [ 1, 1, 1, 2, 2, 2, 2, 1, 1, 0 ] ]
CLASS n=5 order=12 size=182083983325045401600 fixed=-1 real=false M=
[ [ 1, 2, 1, 2, 0, 1, 0, 2, 2, 0 ], [ 0, 0, 2, 0, 0, 1, 1, 0, 0, 2 ], 
  [ 0, 2, 1, 1, 1, 0, 2, 2, 0, 2 ], [ 1, 1, 2, 1, 0, 1, 2, 0, 1, 1 ], 
  [ 0, 0, 1, 0, 1, 1, 0, 2, 2, 0 ], [ 2, 0, 2, 1, 1, 2, 1, 0, 2, 2 ], 
  [ 0, 2, 0, 1, 1, 2, 0, 1, 1, 2 ], [ 0, 0, 1, 1, 2, 1, 1, 1, 2, 1 ], 
  [ 2, 0, 0, 0, 1, 2, 0, 1, 0, 1 ], [ 0, 0, 2, 2, 0, 2, 2, 0, 2, 0 ] ]
CLASS n=5 order=12 size=182083983325045401600 fixed=-1 real=false M=
[ [ 2, 1, 2, 1, 0, 2, 0, 1, 1, 0 ], [ 2, 0, 2, 2, 0, 0, 1, 2, 1, 2 ], 
  [ 1, 1, 1, 2, 1, 0, 1, 2, 0, 2 ], [ 0, 2, 0, 0, 0, 1, 2, 1, 1, 1 ], 
  [ 2, 0, 0, 0, 2, 2, 0, 2, 1, 0 ], [ 1, 0, 1, 0, 2, 1, 0, 0, 2, 0 ], 
  [ 1, 1, 2, 0, 2, 2, 1, 2, 2, 0 ], [ 2, 0, 0, 2, 2, 2, 2, 1, 1, 1 ], 
  [ 0, 0, 1, 1, 0, 1, 1, 1, 1, 0 ], [ 1, 0, 0, 1, 1, 1, 1, 0, 1, 2 ] ]
CLASS n=5 order=18 size=728335933300181606400 fixed=-1 real=false M=
[ [ 2, 2, 1, 2, 2, 1, 2, 0, 2, 1 ], [ 1, 1, 2, 0, 1, 2, 0, 0, 0, 1 ], 
  [ 0, 1, 1, 0, 0, 0, 0, 2, 1, 0 ], [ 0, 0, 2, 1, 2, 1, 1, 2, 2, 2 ], 
  [ 1, 0, 0, 1, 1, 1, 0, 0, 0, 0 ], [ 1, 1, 0, 2, 2, 2, 0, 0, 2, 2 ], 
  [ 2, 2, 0, 0, 0, 1, 2, 1, 1, 0 ], [ 0, 1, 0, 1, 0, 2, 1, 1, 2, 1 ], 
  [ 1, 2, 2, 1, 2, 2, 2, 2, 1, 1 ], [ 0, 1, 0, 2, 2, 1, 0, 1, 2, 1 ] ]
CLASS n=5 order=18 size=728335933300181606400 fixed=-1 real=false M=
[ [ 0, 2, 2, 1, 0, 0, 1, 1, 1, 2 ], [ 1, 0, 2, 2, 1, 1, 0, 2, 0, 2 ], 
  [ 1, 0, 2, 1, 0, 2, 1, 0, 2, 1 ], [ 0, 2, 0, 0, 2, 0, 0, 0, 0, 0 ], 
  [ 2, 2, 1, 0, 2, 2, 2, 2, 1, 1 ], [ 1, 0, 0, 2, 0, 1, 0, 0, 1, 0 ], 
  [ 0, 0, 2, 1, 0, 0, 1, 2, 1, 1 ], [ 0, 2, 2, 0, 0, 0, 2, 2, 0, 2 ], 
  [ 0, 0, 1, 2, 1, 0, 1, 0, 1, 0 ], [ 0, 2, 1, 1, 1, 0, 1, 1, 1, 1 ] ]
CLASS n=5 order=36 size=117990421194629420236800 fixed=-1 real=false M=
[ [ 1, 0, 0, 2, 0, 0, 0, 1, 2, 0 ], [ 1, 1, 0, 0, 0, 1, 1, 2, 2, 2 ], 
  [ 1, 1, 0, 2, 1, 2, 0, 1, 1, 1 ], [ 1, 1, 1, 2, 2, 1, 2, 2, 1, 0 ], 
  [ 1, 0, 1, 2, 2, 0, 1, 1, 1, 0 ], [ 1, 1, 0, 2, 0, 0, 0, 0, 1, 1 ], 
  [ 1, 0, 0, 2, 2, 0, 2, 2, 0, 1 ], [ 1, 1, 1, 2, 0, 2, 2, 0, 1, 0 ], 
  [ 0, 2, 1, 1, 0, 2, 2, 2, 1, 1 ], [ 1, 0, 0, 0, 0, 2, 2, 0, 0, 1 ] ]
CLASS n=5 order=36 size=117990421194629420236800 fixed=-1 real=false M=
[ [ 1, 2, 0, 2, 2, 0, 2, 0, 0, 2 ], [ 0, 0, 0, 2, 1, 2, 0, 1, 1, 2 ], 
  [ 0, 0, 1, 0, 2, 0, 1, 0, 2, 2 ], [ 2, 1, 1, 0, 1, 0, 2, 1, 0, 0 ], 
  [ 2, 1, 0, 0, 2, 2, 0, 2, 1, 1 ], [ 2, 2, 2, 1, 1, 0, 1, 2, 2, 2 ], 
  [ 0, 2, 1, 0, 0, 2, 2, 1, 0, 2 ], [ 2, 1, 0, 0, 1, 1, 0, 1, 2, 2 ], 
  [ 2, 1, 1, 0, 2, 2, 2, 0, 1, 2 ], [ 0, 0, 0, 1, 1, 0, 2, 2, 2, 2 ] ]
CLASS n=5 order=8 size=4148100745123690555200 fixed=-1 real=true M=
[ [ 1, 2, 2, 2, 0, 2, 1, 2, 0, 2 ], [ 0, 0, 0, 2, 1, 0, 1, 1, 0, 1 ], 
  [ 2, 2, 0, 2, 0, 0, 1, 2, 1, 1 ], [ 0, 0, 1, 2, 2, 2, 2, 1, 2, 2 ], 
  [ 2, 2, 0, 1, 1, 2, 0, 0, 2, 2 ], [ 2, 0, 1, 2, 0, 0, 1, 2, 2, 2 ], 
  [ 2, 2, 0, 2, 2, 1, 1, 2, 2, 2 ], [ 1, 2, 1, 0, 1, 2, 0, 2, 2, 0 ], 
  [ 0, 2, 1, 1, 2, 0, 0, 2, 0, 2 ], [ 0, 2, 1, 0, 0, 0, 0, 1, 2, 2 ] ]
CLASS n=5 order=24 size=66369611921979048883200 fixed=-1 real=false M=
[ [ 2, 1, 2, 0, 2, 1, 2, 2, 2, 1 ], [ 1, 0, 0, 0, 0, 0, 2, 2, 2, 2 ], 
  [ 0, 0, 0, 0, 0, 1, 1, 1, 1, 1 ], [ 2, 1, 1, 2, 0, 2, 1, 1, 2, 0 ], 
  [ 0, 2, 1, 2, 2, 1, 1, 2, 0, 1 ], [ 1, 0, 1, 2, 0, 2, 2, 2, 2, 2 ], 
  [ 1, 2, 0, 1, 2, 0, 0, 2, 2, 2 ], [ 1, 1, 1, 1, 1, 2, 1, 0, 1, 0 ], 
  [ 0, 1, 1, 1, 1, 1, 0, 2, 2, 1 ], [ 1, 2, 1, 0, 2, 1, 2, 1, 2, 2 ] ]
CLASS n=5 order=24 size=66369611921979048883200 fixed=-1 real=false M=
[ [ 1, 0, 0, 1, 0, 0, 2, 1, 0, 0 ], [ 0, 0, 2, 0, 1, 1, 2, 1, 2, 1 ], 
  [ 0, 1, 2, 1, 2, 0, 0, 2, 1, 0 ], [ 0, 0, 2, 2, 1, 1, 2, 2, 2, 1 ], 
  [ 2, 2, 2, 2, 2, 2, 2, 1, 1, 0 ], [ 0, 1, 0, 2, 0, 0, 0, 1, 1, 2 ], 
  [ 2, 1, 0, 2, 1, 0, 0, 1, 1, 1 ], [ 0, 1, 2, 1, 1, 1, 2, 0, 1, 2 ], 
  [ 0, 0, 1, 0, 1, 0, 1, 1, 0, 0 ], [ 0, 2, 0, 1, 1, 1, 0, 2, 1, 2 ] ]
CLASS n=5 order=12 size=614533443722028230400 fixed=-1 real=true M=
[ [ 1, 0, 2, 1, 2, 1, 2, 1, 0, 1 ], [ 1, 2, 2, 1, 1, 2, 1, 1, 2, 1 ], 
  [ 0, 1, 2, 2, 1, 0, 2, 2, 1, 0 ], [ 1, 1, 0, 2, 2, 0, 0, 2, 1, 0 ], 
  [ 0, 1, 2, 1, 2, 2, 2, 2, 2, 0 ], [ 1, 1, 2, 1, 0, 2, 0, 2, 0, 0 ], 
  [ 0, 1, 1, 2, 1, 2, 1, 1, 2, 2 ], [ 1, 0, 2, 1, 1, 2, 0, 0, 0, 1 ], 
  [ 2, 1, 0, 0, 0, 0, 1, 2, 1, 0 ], [ 2, 2, 1, 1, 1, 0, 1, 0, 1, 1 ] ]
CLASS n=5 order=24 size=44246407947986032588800 fixed=-1 real=true M=
[ [ 2, 2, 2, 2, 0, 0, 2, 1, 0, 2 ], [ 1, 0, 2, 1, 0, 1, 0, 2, 1, 2 ], 
  [ 1, 2, 1, 2, 0, 2, 2, 1, 2, 0 ], [ 2, 0, 2, 1, 1, 1, 2, 2, 1, 1 ], 
  [ 0, 1, 0, 2, 2, 1, 1, 0, 1, 1 ], [ 2, 2, 1, 0, 0, 1, 1, 1, 1, 0 ], 
  [ 1, 1, 0, 1, 1, 2, 2, 1, 1, 1 ], [ 0, 2, 1, 1, 1, 2, 0, 1, 0, 1 ], 
  [ 0, 2, 0, 0, 1, 2, 0, 1, 0, 2 ], [ 1, 0, 1, 2, 0, 1, 2, 2, 1, 0 ] ]
CLASS n=5 order=18 size=337192561713047040 fixed=-1 real=false M=
[ [ 2, 1, 2, 0, 2, 1, 0, 0, 0, 2 ], [ 2, 1, 1, 0, 1, 1, 0, 1, 0, 0 ], 
  [ 2, 0, 1, 1, 2, 2, 2, 2, 1, 0 ], [ 1, 0, 1, 0, 0, 0, 2, 0, 1, 0 ], 
  [ 2, 1, 0, 2, 0, 2, 1, 2, 1, 2 ], [ 0, 0, 0, 0, 1, 1, 0, 2, 2, 2 ], 
  [ 1, 0, 2, 0, 2, 2, 2, 1, 2, 1 ], [ 2, 0, 2, 1, 2, 2, 2, 1, 1, 0 ], 
  [ 2, 0, 1, 0, 0, 2, 0, 0, 1, 0 ], [ 1, 2, 2, 0, 2, 2, 0, 0, 1, 1 ] ]
CLASS n=5 order=18 size=337192561713047040 fixed=-1 real=false M=
[ [ 2, 1, 0, 0, 0, 1, 0, 0, 1, 0 ], [ 2, 1, 1, 1, 0, 1, 2, 2, 1, 1 ], 
  [ 0, 0, 0, 0, 1, 2, 0, 0, 0, 1 ], [ 1, 1, 1, 2, 0, 0, 2, 1, 2, 2 ], 
  [ 2, 1, 0, 2, 2, 2, 1, 2, 1, 2 ], [ 1, 1, 0, 0, 2, 0, 0, 1, 2, 1 ], 
  [ 2, 0, 0, 2, 1, 2, 2, 1, 0, 0 ], [ 0, 0, 2, 0, 1, 2, 0, 1, 0, 1 ], 
  [ 0, 2, 0, 1, 0, 2, 2, 1, 2, 2 ], [ 0, 0, 1, 2, 2, 2, 1, 1, 1, 2 ] ]
CLASS n=5 order=18 size=121389322216696934400 fixed=-1 real=false M=
[ [ 2, 0, 1, 1, 0, 0, 1, 2, 0, 2 ], [ 2, 2, 1, 2, 2, 2, 2, 0, 0, 1 ], 
  [ 1, 2, 0, 2, 0, 1, 0, 0, 0, 1 ], [ 2, 1, 2, 0, 0, 0, 0, 2, 1, 1 ], 
  [ 2, 1, 2, 2, 0, 0, 2, 0, 2, 2 ], [ 0, 1, 1, 1, 0, 0, 0, 2, 2, 1 ], 
  [ 2, 0, 2, 2, 0, 1, 1, 1, 1, 1 ], [ 1, 2, 0, 2, 2, 0, 0, 2, 1, 0 ], 
  [ 1, 0, 0, 0, 0, 0, 2, 0, 1, 0 ], [ 1, 0, 1, 1, 1, 2, 1, 1, 1, 2 ] ]
CLASS n=5 order=18 size=121389322216696934400 fixed=-1 real=false M=
[ [ 0, 2, 2, 2, 2, 0, 2, 2, 1, 0 ], [ 2, 1, 2, 2, 1, 0, 2, 1, 0, 1 ], 
  [ 1, 0, 2, 0, 0, 0, 2, 2, 0, 0 ], [ 0, 0, 2, 1, 0, 0, 0, 1, 0, 0 ], 
  [ 1, 1, 2, 1, 2, 2, 0, 0, 1, 0 ], [ 2, 2, 1, 1, 1, 1, 1, 2, 0, 0 ], 
  [ 1, 0, 0, 1, 0, 1, 2, 1, 2, 0 ], [ 1, 1, 0, 0, 0, 2, 0, 1, 2, 2 ], 
  [ 1, 1, 1, 2, 1, 1, 0, 2, 2, 0 ], [ 1, 2, 0, 1, 2, 0, 2, 0, 0, 1 ] ]
CLASS n=5 order=18 size=80926214811131289600 fixed=-1 real=false M=
[ [ 2, 0, 1, 0, 2, 0, 1, 2, 1, 0 ], [ 2, 2, 1, 1, 0, 2, 2, 0, 1, 2 ], 
  [ 0, 1, 2, 1, 1, 2, 2, 1, 0, 2 ], [ 0, 1, 0, 0, 0, 2, 1, 1, 1, 1 ], 
  [ 2, 0, 2, 1, 1, 1, 0, 2, 2, 1 ], [ 1, 1, 1, 2, 0, 2, 0, 1, 0, 0 ], 
  [ 0, 1, 0, 1, 2, 2, 1, 1, 2, 0 ], [ 2, 0, 0, 1, 2, 2, 1, 2, 2, 1 ], 
  [ 0, 1, 0, 1, 0, 1, 2, 1, 0, 1 ], [ 0, 2, 0, 0, 1, 1, 0, 0, 1, 0 ] ]
CLASS n=5 order=18 size=80926214811131289600 fixed=-1 real=false M=
[ [ 0, 1, 1, 2, 0, 0, 1, 0, 0, 2 ], [ 0, 1, 0, 0, 0, 2, 0, 2, 2, 0 ], 
  [ 1, 0, 0, 2, 2, 2, 1, 2, 0, 2 ], [ 2, 1, 0, 2, 2, 2, 0, 0, 0, 0 ], 
  [ 2, 0, 2, 1, 2, 2, 2, 1, 1, 2 ], [ 1, 0, 0, 1, 2, 1, 2, 0, 0, 0 ], 
  [ 1, 2, 1, 2, 0, 1, 0, 0, 1, 2 ], [ 0, 0, 2, 2, 1, 0, 1, 0, 2, 2 ], 
  [ 2, 0, 1, 1, 0, 2, 1, 0, 0, 2 ], [ 1, 0, 2, 0, 1, 2, 0, 1, 1, 0 ] ]
CLASS n=5 order=24 size=33184805960989524441600 fixed=-1 real=false M=
[ [ 1, 1, 1, 0, 1, 2, 1, 0, 2, 1 ], [ 2, 0, 0, 0, 0, 1, 2, 0, 2, 2 ], 
  [ 0, 2, 0, 1, 1, 2, 1, 0, 0, 0 ], [ 1, 1, 1, 2, 0, 0, 1, 1, 1, 2 ], 
  [ 0, 0, 1, 0, 1, 0, 2, 0, 1, 0 ], [ 0, 0, 1, 0, 0, 2, 1, 2, 0, 1 ], 
  [ 2, 0, 2, 2, 1, 0, 1, 2, 0, 0 ], [ 2, 1, 0, 1, 1, 1, 0, 2, 1, 0 ], 
  [ 0, 1, 0, 2, 0, 0, 0, 0, 2, 1 ], [ 0, 1, 0, 1, 2, 1, 1, 0, 1, 1 ] ]
CLASS n=5 order=24 size=33184805960989524441600 fixed=-1 real=false M=
[ [ 2, 0, 0, 1, 1, 1, 0, 0, 2, 0 ], [ 0, 2, 2, 1, 0, 0, 1, 0, 2, 1 ], 
  [ 2, 0, 1, 0, 1, 0, 2, 0, 0, 1 ], [ 0, 2, 2, 1, 0, 1, 2, 1, 1, 0 ], 
  [ 1, 2, 0, 1, 1, 2, 1, 0, 1, 2 ], [ 0, 0, 1, 0, 0, 2, 1, 2, 0, 1 ], 
  [ 2, 0, 2, 2, 1, 0, 1, 2, 0, 0 ], [ 1, 2, 1, 0, 1, 2, 1, 2, 1, 1 ], 
  [ 1, 0, 2, 0, 0, 2, 2, 0, 2, 0 ], [ 0, 1, 0, 1, 2, 1, 1, 0, 1, 1 ] ]
CLASS n=5 order=8 size=1106160198699650814720 fixed=-1 real=true M=
[ [ 0, 2, 0, 2, 0, 0, 1, 1, 2, 0 ], [ 2, 1, 2, 0, 2, 1, 1, 2, 1, 1 ], 
  [ 2, 0, 0, 0, 1, 1, 0, 0, 1, 2 ], [ 2, 0, 1, 1, 2, 0, 1, 2, 2, 1 ], 
  [ 0, 2, 2, 0, 0, 2, 0, 0, 1, 2 ], [ 2, 1, 2, 2, 0, 0, 2, 0, 2, 2 ], 
  [ 1, 1, 2, 1, 0, 1, 2, 1, 1, 2 ], [ 0, 0, 1, 0, 0, 0, 2, 2, 2, 1 ], 
  [ 0, 0, 1, 2, 1, 0, 1, 2, 2, 2 ], [ 2, 1, 0, 2, 1, 0, 2, 2, 0, 2 ] ]
CLASS n=5 order=12 size=487724955334943040 fixed=-1 real=false M=
[ [ 1, 1, 2, 2, 1, 2, 0, 2, 2, 2 ], [ 0, 2, 1, 1, 1, 2, 0, 0, 0, 1 ], 
  [ 1, 1, 2, 1, 0, 0, 2, 1, 0, 0 ], [ 1, 1, 0, 0, 1, 1, 1, 1, 0, 0 ], 
  [ 1, 2, 2, 2, 1, 0, 0, 0, 2, 1 ], [ 2, 0, 2, 1, 2, 1, 2, 2, 1, 2 ], 
  [ 2, 1, 1, 0, 1, 1, 0, 1, 0, 2 ], [ 1, 1, 2, 0, 0, 2, 0, 1, 1, 2 ], 
  [ 2, 2, 0, 1, 2, 1, 2, 0, 0, 1 ], [ 0, 1, 0, 0, 1, 1, 1, 0, 2, 0 ] ]
CLASS n=5 order=12 size=487724955334943040 fixed=-1 real=false M=
[ [ 2, 2, 0, 1, 2, 1, 0, 0, 2, 0 ], [ 2, 1, 0, 2, 0, 0, 0, 2, 0, 0 ], 
  [ 0, 0, 1, 2, 2, 1, 2, 0, 0, 2 ], [ 0, 0, 2, 1, 0, 2, 1, 0, 0, 2 ], 
  [ 0, 1, 1, 0, 0, 1, 0, 2, 2, 0 ], [ 1, 2, 1, 2, 1, 2, 2, 1, 1, 1 ], 
  [ 0, 2, 2, 2, 2, 0, 0, 2, 0, 0 ], [ 1, 1, 2, 0, 0, 2, 0, 1, 1, 2 ], 
  [ 0, 0, 1, 0, 0, 0, 2, 1, 0, 2 ], [ 0, 1, 0, 0, 1, 1, 1, 0, 2, 0 ] ]
CLASS n=5 order=24 size=4424640794798603258880 fixed=-1 real=false M=
[ [ 0, 0, 1, 1, 2, 1, 2, 1, 2, 1 ], [ 1, 2, 1, 0, 2, 1, 1, 2, 2, 2 ], 
  [ 0, 2, 2, 1, 2, 0, 1, 2, 1, 2 ], [ 1, 2, 0, 2, 2, 2, 2, 1, 0, 1 ], 
  [ 1, 2, 2, 0, 0, 0, 1, 1, 0, 2 ], [ 0, 1, 0, 2, 2, 2, 1, 2, 1, 0 ], 
  [ 0, 0, 0, 0, 1, 1, 0, 2, 1, 1 ], [ 0, 1, 0, 1, 1, 1, 2, 0, 2, 1 ], 
  [ 0, 1, 0, 0, 1, 1, 1, 2, 1, 0 ], [ 1, 1, 2, 2, 2, 2, 2, 2, 0, 1 ] ]
CLASS n=5 order=24 size=4424640794798603258880 fixed=-1 real=false M=
[ [ 2, 2, 1, 0, 0, 0, 1, 1, 1, 1 ], [ 0, 2, 0, 2, 2, 1, 2, 2, 1, 2 ], 
  [ 1, 2, 2, 1, 2, 2, 2, 2, 2, 2 ], [ 0, 2, 1, 0, 2, 0, 1, 0, 0, 0 ], 
  [ 0, 2, 2, 2, 1, 2, 2, 0, 0, 2 ], [ 1, 0, 1, 0, 2, 0, 2, 2, 2, 1 ], 
  [ 2, 2, 2, 1, 1, 0, 0, 0, 2, 1 ], [ 0, 2, 0, 2, 2, 2, 1, 0, 1, 2 ], 
  [ 2, 1, 2, 1, 1, 0, 2, 0, 2, 2 ], [ 2, 2, 1, 1, 1, 1, 1, 1, 0, 2 ] ]
CLASS n=5 order=16 size=79643534306374858659840 fixed=-1 real=true M=
[ [ 2, 1, 1, 2, 0, 0, 2, 0, 2, 0 ], [ 1, 2, 1, 1, 1, 2, 0, 2, 1, 2 ], 
  [ 2, 0, 0, 2, 1, 0, 0, 1, 2, 2 ], [ 2, 2, 1, 2, 1, 1, 0, 0, 0, 2 ], 
  [ 1, 1, 1, 2, 0, 0, 1, 2, 0, 2 ], [ 1, 0, 2, 1, 0, 0, 1, 2, 2, 0 ], 
  [ 1, 2, 1, 1, 0, 1, 2, 0, 1, 2 ], [ 2, 1, 0, 0, 1, 1, 2, 0, 2, 0 ], 
  [ 2, 1, 1, 1, 2, 1, 2, 2, 1, 0 ], [ 0, 2, 2, 0, 0, 2, 2, 2, 1, 1 ] ]
CLASS n=5 order=48 size=318574137225499434639360 fixed=-1 real=false M=
[ [ 0, 2, 1, 2, 2, 1, 0, 2, 1, 2 ], [ 0, 1, 1, 1, 0, 2, 2, 2, 1, 1 ], 
  [ 1, 1, 1, 1, 0, 2, 1, 2, 1, 0 ], [ 2, 0, 0, 2, 1, 1, 1, 1, 2, 1 ], 
  [ 1, 0, 1, 0, 1, 2, 2, 2, 2, 0 ], [ 2, 2, 1, 2, 2, 1, 0, 0, 1, 0 ], 
  [ 1, 0, 0, 2, 2, 1, 2, 1, 1, 0 ], [ 1, 2, 1, 2, 0, 0, 0, 0, 1, 1 ], 
  [ 2, 1, 0, 0, 1, 0, 2, 1, 0, 0 ], [ 0, 1, 1, 2, 2, 2, 2, 1, 0, 2 ] ]
CLASS n=5 order=48 size=318574137225499434639360 fixed=-1 real=false M=
[ [ 1, 0, 2, 1, 0, 0, 0, 0, 1, 0 ], [ 2, 0, 0, 2, 2, 0, 2, 1, 1, 0 ], 
  [ 0, 0, 0, 2, 2, 0, 1, 1, 1, 2 ], [ 1, 2, 2, 0, 0, 2, 1, 0, 2, 0 ], 
  [ 0, 2, 0, 1, 0, 0, 2, 1, 2, 2 ], [ 1, 1, 0, 0, 1, 2, 0, 2, 1, 2 ], 
  [ 2, 1, 1, 1, 0, 0, 2, 2, 1, 1 ], [ 1, 2, 1, 2, 0, 0, 0, 0, 1, 1 ], 
  [ 0, 2, 1, 2, 2, 2, 2, 2, 0, 1 ], [ 0, 1, 1, 2, 2, 2, 2, 1, 0, 2 ] ]
CLASS n=5 order=20 size=79643534306374858659840 fixed=-1 real=true M=
[ [ 2, 1, 0, 1, 0, 1, 0, 2, 0, 1 ], [ 0, 1, 2, 0, 0, 0, 1, 0, 0, 1 ], 
  [ 2, 1, 0, 0, 1, 0, 1, 2, 0, 2 ], [ 2, 2, 1, 0, 0, 1, 1, 1, 2, 0 ], 
  [ 0, 0, 2, 2, 0, 2, 0, 0, 1, 2 ], [ 0, 1, 0, 1, 0, 2, 0, 0, 2, 0 ], 
  [ 1, 1, 0, 0, 0, 2, 0, 2, 1, 2 ], [ 0, 0, 0, 0, 2, 1, 1, 2, 2, 2 ], 
  [ 0, 0, 2, 0, 0, 1, 2, 0, 0, 1 ], [ 0, 2, 2, 2, 2, 0, 1, 0, 1, 0 ] ]
CLASS n=5 order=40 size=79643534306374858659840 fixed=-1 real=true M=
[ [ 2, 2, 1, 0, 1, 0, 0, 1, 1, 2 ], [ 1, 1, 1, 0, 1, 0, 1, 2, 2, 0 ], 
  [ 0, 1, 0, 2, 0, 0, 1, 2, 0, 0 ], [ 0, 1, 2, 2, 2, 2, 1, 1, 0, 1 ], 
  [ 2, 2, 0, 1, 1, 2, 2, 0, 0, 2 ], [ 1, 2, 1, 0, 0, 0, 0, 0, 0, 1 ], 
  [ 2, 1, 1, 2, 1, 2, 2, 2, 2, 1 ], [ 2, 2, 0, 0, 1, 0, 0, 2, 1, 2 ], 
  [ 2, 0, 2, 2, 0, 1, 1, 2, 1, 1 ], [ 2, 0, 0, 0, 0, 1, 0, 2, 2, 1 ] ]
CLASS n=5 order=40 size=79643534306374858659840 fixed=-1 real=true M=
[ [ 2, 2, 1, 1, 2, 0, 1, 2, 1, 2 ], [ 1, 1, 1, 2, 0, 0, 0, 1, 2, 0 ], 
  [ 2, 0, 2, 2, 1, 1, 0, 0, 0, 2 ], [ 0, 1, 2, 1, 1, 2, 0, 0, 0, 1 ], 
  [ 2, 2, 0, 0, 0, 2, 1, 2, 0, 2 ], [ 2, 0, 2, 1, 0, 2, 2, 0, 0, 2 ], 
  [ 1, 0, 0, 1, 1, 0, 0, 2, 2, 0 ], [ 0, 0, 1, 2, 2, 2, 0, 0, 1, 0 ], 
  [ 2, 0, 2, 0, 1, 1, 2, 0, 1, 1 ], [ 2, 0, 0, 0, 0, 1, 0, 2, 2, 1 ] ]
CLASS n=5 order=60 size=318574137225499434639360 fixed=-1 real=false M=
[ [ 1, 2, 1, 1, 2, 1, 2, 1, 0, 2 ], [ 1, 1, 1, 0, 1, 0, 2, 1, 1, 1 ], 
  [ 1, 0, 2, 1, 1, 1, 2, 2, 0, 0 ], [ 0, 0, 2, 2, 0, 1, 0, 2, 0, 2 ], 
  [ 0, 1, 0, 0, 2, 1, 2, 2, 0, 2 ], [ 1, 0, 2, 1, 2, 2, 1, 1, 0, 0 ], 
  [ 1, 0, 2, 1, 0, 1, 2, 0, 0, 1 ], [ 1, 1, 1, 0, 2, 1, 1, 0, 0, 0 ], 
  [ 0, 2, 2, 0, 1, 1, 0, 0, 2, 2 ], [ 2, 0, 1, 2, 2, 0, 1, 2, 2, 2 ] ]
CLASS n=5 order=60 size=318574137225499434639360 fixed=-1 real=false M=
[ [ 2, 0, 2, 0, 0, 0, 2, 2, 0, 0 ], [ 0, 0, 0, 1, 0, 1, 2, 0, 1, 0 ], 
  [ 0, 2, 1, 2, 0, 2, 2, 1, 0, 2 ], [ 2, 2, 1, 0, 2, 2, 0, 1, 0, 1 ], 
  [ 2, 0, 2, 1, 1, 2, 2, 1, 0, 1 ], [ 0, 2, 1, 2, 1, 0, 1, 0, 0, 2 ], 
  [ 2, 1, 0, 0, 1, 0, 2, 1, 0, 2 ], [ 1, 1, 1, 0, 2, 1, 1, 0, 0, 0 ], 
  [ 1, 0, 0, 2, 2, 0, 0, 1, 2, 0 ], [ 2, 0, 1, 2, 2, 0, 1, 2, 2, 2 ] ]
CLASS n=5 order=80 size=79643534306374858659840 fixed=-1 real=true M=
[ [ 1, 2, 0, 2, 1, 0, 1, 1, 2, 0 ], [ 1, 2, 0, 2, 2, 0, 2, 2, 1, 2 ], 
  [ 0, 1, 0, 1, 2, 1, 2, 2, 1, 2 ], [ 2, 2, 0, 2, 2, 0, 1, 1, 1, 1 ], 
  [ 0, 1, 1, 1, 0, 1, 0, 0, 2, 0 ], [ 2, 0, 1, 1, 0, 0, 1, 1, 0, 0 ], 
  [ 2, 1, 2, 0, 0, 0, 1, 1, 2, 2 ], [ 2, 2, 0, 2, 0, 2, 0, 0, 1, 0 ], 
  [ 1, 1, 1, 1, 1, 0, 2, 0, 0, 1 ], [ 2, 2, 2, 2, 2, 0, 0, 2, 0, 2 ] ]
CLASS n=5 order=80 size=79643534306374858659840 fixed=-1 real=true M=
[ [ 0, 1, 0, 2, 1, 2, 0, 1, 1, 0 ], [ 2, 2, 2, 2, 2, 1, 1, 2, 2, 2 ], 
  [ 0, 1, 0, 1, 2, 1, 2, 0, 2, 2 ], [ 0, 1, 0, 1, 1, 1, 0, 2, 0, 1 ], 
  [ 2, 1, 1, 2, 2, 1, 1, 1, 0, 2 ], [ 1, 0, 1, 0, 0, 1, 2, 0, 1, 1 ], 
  [ 1, 2, 2, 0, 2, 0, 1, 2, 2, 1 ], [ 0, 2, 0, 1, 2, 1, 2, 2, 1, 2 ], 
  [ 1, 2, 0, 2, 0, 2, 1, 2, 2, 0 ], [ 1, 1, 2, 1, 2, 1, 2, 0, 1, 1 ] ]
CLASS n=5 order=80 size=79643534306374858659840 fixed=-1 real=true M=
[ [ 0, 2, 2, 1, 2, 0, 2, 1, 1, 0 ], [ 0, 0, 2, 0, 1, 0, 1, 0, 0, 1 ], 
  [ 1, 2, 1, 1, 0, 0, 0, 2, 1, 0 ], [ 2, 2, 0, 1, 2, 2, 2, 0, 1, 0 ], 
  [ 2, 2, 2, 1, 0, 2, 1, 1, 2, 2 ], [ 2, 0, 0, 2, 0, 1, 1, 2, 1, 1 ], 
  [ 1, 1, 0, 2, 1, 2, 1, 0, 0, 1 ], [ 1, 1, 1, 1, 2, 0, 1, 1, 0, 0 ], 
  [ 0, 1, 2, 0, 0, 2, 1, 1, 0, 0 ], [ 2, 0, 0, 0, 2, 2, 1, 2, 1, 0 ] ]
CLASS n=5 order=80 size=79643534306374858659840 fixed=-1 real=true M=
[ [ 0, 1, 1, 2, 0, 2, 1, 0, 1, 1 ], [ 2, 0, 2, 1, 0, 2, 1, 1, 0, 2 ], 
  [ 1, 2, 2, 2, 0, 0, 0, 0, 0, 0 ], [ 2, 0, 2, 0, 2, 1, 2, 0, 2, 0 ], 
  [ 2, 2, 1, 2, 2, 2, 1, 0, 1, 1 ], [ 1, 1, 0, 2, 0, 0, 2, 1, 1, 2 ], 
  [ 0, 0, 2, 2, 2, 0, 0, 0, 2, 2 ], [ 2, 1, 1, 1, 2, 0, 2, 2, 1, 0 ], 
  [ 1, 2, 0, 0, 2, 0, 2, 2, 0, 0 ], [ 1, 0, 0, 1, 0, 2, 2, 0, 0, 0 ] ]
CLASS n=5 order=120 size=318574137225499434639360 fixed=-1 real=false M=
[ [ 0, 1, 1, 1, 0, 0, 0, 2, 2, 0 ], [ 1, 1, 0, 2, 2, 1, 1, 2, 2, 1 ], 
  [ 0, 0, 2, 2, 0, 1, 2, 0, 1, 2 ], [ 1, 2, 2, 0, 0, 1, 0, 0, 2, 0 ], 
  [ 0, 0, 0, 2, 1, 0, 1, 0, 0, 0 ], [ 2, 1, 1, 2, 1, 1, 1, 2, 1, 0 ], 
  [ 1, 1, 2, 1, 0, 0, 0, 1, 2, 1 ], [ 2, 1, 0, 1, 2, 1, 1, 2, 2, 0 ], 
  [ 1, 1, 2, 1, 2, 0, 1, 1, 0, 2 ], [ 2, 2, 2, 1, 1, 0, 2, 1, 2, 2 ] ]
CLASS n=5 order=120 size=318574137225499434639360 fixed=-1 real=false M=
[ [ 2, 0, 0, 0, 0, 1, 1, 2, 2, 2 ], [ 2, 2, 1, 0, 2, 0, 0, 2, 2, 2 ], 
  [ 0, 0, 2, 1, 2, 1, 1, 2, 1, 2 ], [ 2, 0, 0, 1, 0, 0, 2, 0, 2, 1 ], 
  [ 1, 1, 1, 0, 1, 2, 0, 0, 0, 1 ], [ 1, 0, 0, 2, 2, 2, 0, 0, 1, 2 ], 
  [ 2, 2, 0, 1, 2, 2, 1, 0, 2, 2 ], [ 0, 2, 1, 0, 0, 0, 1, 0, 2, 1 ], 
  [ 0, 0, 1, 0, 2, 1, 2, 1, 0, 1 ], [ 2, 2, 2, 1, 1, 0, 2, 1, 2, 2 ] ]
CLASS n=5 order=120 size=318574137225499434639360 fixed=-1 real=false M=
[ [ 2, 0, 0, 2, 2, 1, 0, 1, 2, 2 ], [ 2, 2, 1, 1, 0, 0, 1, 0, 2, 2 ], 
  [ 1, 1, 0, 1, 1, 0, 2, 1, 1, 0 ], [ 2, 0, 0, 2, 1, 0, 0, 1, 2, 1 ], 
  [ 1, 1, 1, 1, 2, 2, 1, 1, 0, 1 ], [ 0, 2, 2, 1, 2, 0, 1, 0, 1, 1 ], 
  [ 0, 0, 1, 2, 2, 1, 0, 0, 2, 0 ], [ 2, 1, 0, 1, 2, 1, 1, 2, 2, 0 ], 
  [ 0, 0, 1, 2, 1, 1, 1, 0, 0, 1 ], [ 2, 2, 2, 1, 1, 0, 2, 1, 2, 2 ] ]
CLASS n=5 order=120 size=318574137225499434639360 fixed=-1 real=false M=
[ [ 0, 1, 1, 2, 1, 0, 1, 0, 2, 0 ], [ 1, 1, 0, 1, 1, 1, 0, 1, 2, 1 ], 
  [ 2, 2, 1, 2, 1, 2, 1, 1, 1, 1 ], [ 1, 2, 2, 2, 2, 1, 2, 2, 2, 0 ], 
  [ 0, 0, 0, 1, 0, 0, 0, 2, 0, 0 ], [ 0, 2, 2, 0, 1, 0, 0, 2, 1, 1 ], 
  [ 0, 0, 1, 0, 0, 1, 1, 1, 2, 0 ], [ 0, 2, 1, 0, 0, 0, 1, 0, 2, 1 ], 
  [ 1, 1, 2, 2, 0, 0, 2, 2, 0, 2 ], [ 2, 2, 2, 1, 1, 0, 2, 1, 2, 2 ] ]
CLASS n=5 order=240 size=318574137225499434639360 fixed=-1 real=false M=
[ [ 0, 2, 0, 1, 0, 1, 2, 2, 0, 1 ], [ 0, 1, 0, 0, 0, 2, 0, 0, 2, 0 ], 
  [ 1, 1, 1, 1, 1, 0, 2, 1, 0, 0 ], [ 2, 0, 1, 0, 1, 1, 2, 1, 1, 2 ], 
  [ 1, 0, 0, 2, 1, 2, 0, 0, 0, 0 ], [ 2, 2, 2, 2, 1, 2, 1, 1, 2, 2 ], 
  [ 1, 1, 2, 2, 0, 0, 2, 1, 0, 2 ], [ 0, 0, 1, 2, 0, 2, 0, 0, 2, 0 ], 
  [ 2, 0, 1, 0, 1, 1, 0, 1, 2, 2 ], [ 0, 2, 2, 1, 1, 1, 2, 0, 2, 1 ] ]
CLASS n=5 order=240 size=318574137225499434639360 fixed=-1 real=false M=
[ [ 2, 2, 1, 2, 0, 0, 2, 2, 0, 1 ], [ 1, 1, 2, 1, 1, 1, 0, 2, 0, 1 ], 
  [ 0, 1, 1, 0, 1, 1, 1, 0, 1, 0 ], [ 0, 2, 0, 1, 1, 0, 1, 2, 1, 2 ], 
  [ 2, 1, 2, 1, 1, 0, 0, 0, 1, 2 ], [ 0, 2, 1, 0, 2, 2, 2, 1, 0, 2 ], 
  [ 2, 2, 0, 1, 1, 1, 0, 2, 2, 2 ], [ 1, 0, 0, 0, 1, 0, 1, 0, 2, 2 ], 
  [ 0, 2, 1, 1, 2, 1, 2, 1, 1, 2 ], [ 2, 1, 0, 1, 1, 1, 2, 1, 0, 0 ] ]
CLASS n=5 order=240 size=318574137225499434639360 fixed=-1 real=false M=
[ [ 2, 0, 0, 1, 1, 2, 1, 0, 2, 2 ], [ 0, 1, 0, 1, 1, 2, 2, 2, 2, 2 ], 
  [ 1, 2, 0, 2, 1, 2, 0, 2, 2, 2 ], [ 2, 1, 0, 2, 0, 2, 2, 2, 0, 0 ], 
  [ 0, 0, 0, 2, 0, 2, 0, 0, 0, 2 ], [ 1, 0, 2, 1, 1, 0, 1, 0, 1, 0 ], 
  [ 0, 2, 1, 0, 1, 1, 2, 2, 1, 2 ], [ 2, 1, 0, 2, 1, 0, 0, 1, 2, 0 ], 
  [ 1, 2, 2, 2, 1, 0, 1, 1, 0, 1 ], [ 2, 1, 0, 0, 1, 2, 0, 1, 2, 2 ] ]
CLASS n=5 order=240 size=318574137225499434639360 fixed=-1 real=false M=
[ [ 2, 1, 2, 2, 2, 2, 2, 1, 0, 0 ], [ 1, 2, 1, 2, 1, 1, 0, 1, 2, 1 ], 
  [ 2, 2, 2, 0, 2, 2, 2, 2, 0, 1 ], [ 0, 1, 2, 2, 2, 0, 2, 2, 1, 0 ], 
  [ 2, 1, 1, 1, 2, 1, 0, 1, 0, 1 ], [ 0, 0, 0, 1, 2, 1, 1, 2, 2, 0 ], 
  [ 0, 0, 1, 0, 2, 1, 2, 0, 0, 1 ], [ 0, 0, 1, 2, 0, 2, 0, 0, 2, 0 ], 
  [ 1, 2, 0, 1, 0, 2, 0, 0, 2, 1 ], [ 0, 2, 2, 1, 1, 1, 2, 0, 2, 1 ] ]
CLASS n=5 order=240 size=318574137225499434639360 fixed=-1 real=false M=
[ [ 2, 2, 2, 0, 0, 0, 0, 1, 1, 2 ], [ 2, 0, 2, 0, 2, 2, 2, 0, 0, 1 ], 
  [ 1, 1, 1, 1, 0, 1, 1, 0, 0, 2 ], [ 0, 0, 2, 0, 0, 0, 2, 2, 1, 1 ], 
  [ 0, 1, 0, 1, 0, 0, 1, 2, 2, 1 ], [ 1, 2, 0, 0, 2, 2, 2, 0, 1, 2 ], 
  [ 2, 0, 0, 1, 2, 1, 2, 1, 2, 2 ], [ 0, 1, 0, 1, 2, 0, 0, 2, 1, 1 ], 
  [ 0, 2, 2, 1, 2, 1, 2, 2, 2, 0 ], [ 1, 2, 2, 1, 0, 0, 0, 2, 1, 1 ] ]
CLASS n=5 order=240 size=318574137225499434639360 fixed=-1 real=false M=
[ [ 0, 0, 1, 2, 2, 1, 1, 0, 0, 1 ], [ 0, 0, 2, 1, 0, 1, 0, 2, 0, 0 ], 
  [ 1, 0, 0, 2, 0, 1, 2, 1, 2, 1 ], [ 1, 2, 1, 1, 0, 2, 2, 2, 2, 2 ], 
  [ 2, 0, 2, 1, 0, 2, 0, 1, 2, 2 ], [ 1, 2, 0, 2, 2, 0, 1, 0, 0, 2 ], 
  [ 0, 0, 2, 0, 1, 0, 0, 0, 1, 0 ], [ 2, 0, 0, 0, 2, 0, 2, 0, 1, 1 ], 
  [ 2, 0, 1, 0, 0, 0, 1, 1, 2, 0 ], [ 1, 2, 0, 2, 2, 2, 1, 2, 0, 0 ] ]
CLASS n=5 order=240 size=318574137225499434639360 fixed=-1 real=false M=
[ [ 1, 2, 2, 2, 0, 0, 1, 2, 2, 1 ], [ 1, 2, 1, 0, 2, 1, 2, 0, 2, 0 ], 
  [ 2, 0, 1, 1, 2, 1, 0, 0, 2, 0 ], [ 0, 2, 1, 1, 1, 1, 2, 0, 0, 1 ], 
  [ 1, 1, 1, 1, 1, 1, 0, 1, 0, 0 ], [ 2, 1, 0, 0, 2, 2, 1, 1, 1, 1 ], 
  [ 2, 1, 0, 1, 0, 2, 2, 1, 1, 1 ], [ 2, 1, 0, 2, 1, 0, 0, 1, 2, 0 ], 
  [ 0, 1, 1, 0, 0, 1, 1, 0, 0, 0 ], [ 2, 1, 0, 0, 1, 2, 0, 1, 2, 2 ] ]
CLASS n=5 order=240 size=318574137225499434639360 fixed=-1 real=false M=
[ [ 0, 0, 0, 2, 1, 2, 0, 2, 1, 0 ], [ 1, 2, 1, 1, 1, 0, 2, 2, 0, 0 ], 
  [ 0, 0, 0, 2, 2, 2, 1, 2, 0, 1 ], [ 2, 2, 1, 1, 2, 1, 2, 1, 1, 0 ], 
  [ 2, 0, 2, 2, 2, 1, 1, 1, 2, 0 ], [ 0, 1, 2, 1, 1, 0, 2, 2, 1, 1 ], 
  [ 0, 1, 1, 0, 0, 0, 2, 2, 2, 0 ], [ 0, 1, 0, 1, 2, 0, 0, 2, 1, 1 ], 
  [ 1, 0, 0, 0, 0, 0, 2, 0, 2, 1 ], [ 1, 2, 2, 1, 0, 0, 0, 2, 1, 1 ] ]
CLASS n=5 order=11 size=631882586232395572838400 fixed=-1 real=true M=
[ [ 1, 2, 2, 1, 1, 1, 0, 2, 2, 0 ], [ 0, 1, 1, 0, 2, 2, 2, 2, 2, 1 ], 
  [ 2, 2, 0, 2, 1, 2, 1, 1, 1, 1 ], [ 0, 1, 1, 0, 2, 0, 1, 1, 0, 2 ], 
  [ 0, 0, 2, 2, 1, 0, 1, 2, 0, 2 ], [ 2, 0, 2, 1, 2, 1, 0, 0, 2, 1 ], 
  [ 2, 0, 2, 1, 1, 1, 1, 2, 1, 0 ], [ 1, 2, 0, 1, 0, 1, 1, 1, 1, 1 ], 
  [ 0, 0, 2, 2, 2, 1, 0, 1, 1, 1 ], [ 0, 2, 1, 0, 2, 1, 0, 1, 0, 0 ] ]
CLASS n=5 order=121 size=631882586232395572838400 fixed=-1 real=true M=
[ [ 0, 0, 0, 1, 0, 0, 2, 2, 0, 2 ], [ 0, 2, 1, 0, 2, 0, 1, 2, 0, 1 ], 
  [ 1, 2, 2, 2, 0, 2, 2, 2, 2, 2 ], [ 2, 1, 2, 1, 0, 1, 0, 1, 0, 2 ], 
  [ 2, 2, 0, 2, 0, 2, 2, 1, 2, 2 ], [ 0, 2, 1, 2, 1, 1, 0, 2, 0, 0 ], 
  [ 1, 0, 2, 0, 2, 2, 0, 0, 2, 1 ], [ 2, 1, 1, 1, 0, 1, 1, 0, 0, 1 ], 
  [ 1, 0, 1, 2, 0, 1, 1, 2, 2, 1 ], [ 2, 2, 2, 2, 2, 0, 2, 0, 0, 2 ] ]
CLASS n=5 order=121 size=631882586232395572838400 fixed=-1 real=true M=
[ [ 0, 1, 0, 1, 2, 1, 0, 1, 1, 1 ], [ 0, 2, 1, 1, 2, 1, 0, 2, 2, 1 ], 
  [ 0, 2, 0, 0, 2, 1, 1, 2, 0, 1 ], [ 1, 2, 1, 2, 1, 1, 2, 1, 1, 1 ], 
  [ 2, 0, 1, 2, 2, 2, 1, 0, 2, 1 ], [ 2, 2, 2, 1, 2, 0, 2, 2, 1, 0 ], 
  [ 1, 2, 1, 1, 1, 0, 2, 1, 0, 2 ], [ 0, 0, 1, 0, 1, 0, 0, 2, 1, 0 ], 
  [ 2, 1, 0, 0, 2, 2, 1, 0, 2, 0 ], [ 1, 0, 0, 1, 0, 2, 0, 1, 0, 0 ] ]
CLASS n=5 order=121 size=631882586232395572838400 fixed=-1 real=true M=
[ [ 1, 1, 1, 0, 0, 1, 1, 2, 2, 1 ], [ 0, 0, 0, 1, 1, 2, 0, 2, 1, 0 ], 
  [ 2, 2, 0, 0, 1, 2, 0, 0, 2, 0 ], [ 2, 0, 1, 1, 1, 0, 1, 1, 1, 2 ], 
  [ 1, 1, 0, 2, 0, 0, 0, 0, 2, 0 ], [ 0, 2, 0, 0, 2, 1, 2, 2, 0, 1 ], 
  [ 1, 1, 1, 2, 2, 2, 2, 2, 0, 1 ], [ 1, 0, 0, 2, 2, 2, 0, 0, 0, 2 ], 
  [ 1, 0, 2, 1, 1, 2, 1, 0, 2, 1 ], [ 2, 1, 0, 2, 2, 2, 0, 2, 2, 2 ] ]
CLASS n=5 order=121 size=631882586232395572838400 fixed=-1 real=true M=
[ [ 1, 1, 0, 2, 2, 0, 1, 1, 2, 2 ], [ 0, 2, 0, 2, 1, 2, 0, 2, 2, 0 ], 
  [ 2, 1, 0, 0, 2, 0, 2, 0, 0, 0 ], [ 2, 2, 0, 0, 2, 2, 0, 2, 0, 0 ], 
  [ 1, 1, 1, 2, 2, 1, 2, 0, 0, 1 ], [ 2, 1, 2, 1, 2, 0, 0, 0, 2, 0 ], 
  [ 0, 0, 2, 2, 0, 2, 2, 1, 1, 0 ], [ 2, 0, 0, 1, 1, 1, 1, 0, 0, 2 ], 
  [ 1, 0, 1, 0, 1, 0, 1, 2, 0, 1 ], [ 1, 1, 2, 2, 2, 0, 1, 1, 1, 0 ] ]
CLASS n=5 order=121 size=631882586232395572838400 fixed=-1 real=true M=
[ [ 2, 1, 2, 0, 0, 1, 0, 1, 2, 1 ], [ 0, 1, 2, 2, 2, 1, 0, 0, 1, 2 ], 
  [ 2, 0, 0, 1, 0, 1, 2, 0, 1, 0 ], [ 0, 2, 0, 2, 2, 1, 1, 0, 0, 2 ], 
  [ 0, 0, 2, 0, 1, 0, 0, 2, 0, 2 ], [ 0, 2, 2, 2, 1, 0, 0, 2, 0, 1 ], 
  [ 0, 1, 0, 2, 1, 0, 2, 1, 0, 0 ], [ 0, 1, 0, 2, 1, 1, 1, 2, 0, 1 ], 
  [ 0, 2, 1, 2, 2, 1, 2, 0, 2, 2 ], [ 1, 1, 1, 1, 1, 1, 2, 2, 1, 2 ] ]
CLASS n=5 order=121 size=631882586232395572838400 fixed=-1 real=true M=
[ [ 0, 1, 1, 2, 0, 0, 1, 1, 0, 0 ], [ 0, 1, 1, 1, 2, 1, 0, 2, 2, 1 ], 
  [ 2, 2, 2, 2, 2, 2, 2, 0, 0, 2 ], [ 1, 1, 0, 1, 1, 0, 1, 1, 2, 1 ], 
  [ 0, 2, 2, 1, 1, 0, 2, 2, 2, 1 ], [ 1, 0, 2, 0, 0, 0, 2, 1, 1, 1 ], 
  [ 0, 1, 2, 0, 2, 2, 2, 0, 2, 0 ], [ 2, 1, 2, 0, 0, 0, 1, 1, 1, 2 ], 
  [ 2, 2, 1, 0, 2, 0, 2, 0, 0, 0 ], [ 0, 1, 1, 2, 1, 0, 0, 0, 1, 2 ] ]
CLASS n=5 order=121 size=631882586232395572838400 fixed=-1 real=true M=
[ [ 0, 2, 2, 1, 1, 1, 2, 1, 0, 2 ], [ 0, 0, 2, 1, 0, 0, 0, 2, 0, 2 ], 
  [ 1, 0, 2, 0, 0, 2, 1, 1, 1, 2 ], [ 2, 0, 1, 2, 1, 0, 1, 2, 2, 2 ], 
  [ 2, 0, 2, 2, 2, 2, 1, 0, 0, 1 ], [ 1, 1, 2, 1, 1, 1, 0, 1, 0, 1 ], 
  [ 2, 0, 2, 2, 2, 0, 1, 1, 0, 0 ], [ 1, 2, 1, 2, 0, 2, 1, 1, 2, 1 ], 
  [ 1, 0, 1, 2, 0, 1, 0, 2, 0, 0 ], [ 0, 1, 1, 2, 1, 0, 1, 0, 2, 2 ] ]
CLASS n=5 order=121 size=631882586232395572838400 fixed=-1 real=true M=
[ [ 0, 1, 1, 1, 2, 0, 0, 0, 2, 1 ], [ 0, 0, 0, 2, 0, 1, 2, 0, 0, 0 ], 
  [ 1, 1, 2, 2, 2, 2, 1, 0, 1, 2 ], [ 2, 2, 0, 2, 2, 0, 2, 1, 2, 1 ], 
  [ 1, 2, 0, 2, 2, 0, 0, 1, 1, 0 ], [ 1, 0, 0, 1, 0, 2, 1, 0, 1, 0 ], 
  [ 2, 0, 1, 1, 2, 0, 0, 2, 1, 0 ], [ 0, 2, 1, 2, 1, 0, 1, 0, 0, 1 ], 
  [ 1, 2, 2, 2, 2, 1, 2, 0, 0, 1 ], [ 1, 1, 1, 1, 1, 0, 2, 0, 0, 2 ] ]
CLASS n=5 order=121 size=631882586232395572838400 fixed=-1 real=true M=
[ [ 2, 0, 1, 0, 1, 2, 2, 0, 2, 1 ], [ 0, 1, 2, 1, 2, 2, 2, 0, 1, 2 ], 
  [ 0, 0, 1, 1, 2, 1, 1, 0, 1, 0 ], [ 1, 2, 1, 2, 1, 1, 0, 2, 0, 0 ], 
  [ 1, 1, 1, 2, 1, 0, 2, 1, 2, 2 ], [ 1, 2, 1, 2, 2, 2, 0, 0, 1, 0 ], 
  [ 0, 0, 2, 1, 1, 0, 1, 0, 0, 2 ], [ 0, 2, 1, 2, 2, 1, 2, 2, 1, 0 ], 
  [ 2, 0, 2, 0, 1, 2, 1, 2, 1, 0 ], [ 1, 2, 1, 1, 2, 0, 0, 0, 2, 2 ] ]
CLASS n=5 order=121 size=631882586232395572838400 fixed=-1 real=true M=
[ [ 0, 1, 0, 1, 0, 1, 2, 2, 1, 1 ], [ 0, 1, 2, 2, 2, 2, 2, 0, 2, 2 ], 
  [ 0, 0, 0, 1, 0, 0, 1, 0, 1, 0 ], [ 0, 1, 0, 0, 1, 1, 1, 0, 1, 1 ], 
  [ 2, 0, 0, 2, 0, 0, 1, 2, 1, 1 ], [ 1, 0, 2, 0, 1, 0, 0, 2, 0, 0 ], 
  [ 1, 1, 2, 0, 2, 0, 2, 0, 2, 2 ], [ 1, 2, 0, 1, 1, 1, 1, 0, 2, 0 ], 
  [ 0, 0, 1, 1, 2, 2, 2, 1, 1, 0 ], [ 2, 1, 0, 2, 1, 0, 1, 2, 0, 1 ] ]
CLASS n=5 order=121 size=631882586232395572838400 fixed=-1 real=true M=
[ [ 2, 0, 0, 2, 2, 2, 0, 1, 0, 1 ], [ 0, 2, 0, 1, 2, 1, 0, 1, 1, 0 ], 
  [ 2, 1, 0, 2, 1, 0, 1, 2, 2, 0 ], [ 0, 0, 2, 2, 1, 2, 1, 2, 0, 0 ], 
  [ 1, 2, 0, 2, 0, 1, 2, 2, 1, 2 ], [ 2, 1, 0, 2, 1, 0, 2, 2, 1, 1 ], 
  [ 2, 0, 1, 0, 0, 2, 0, 0, 2, 1 ], [ 2, 1, 2, 0, 0, 2, 1, 1, 1, 0 ], 
  [ 0, 1, 0, 2, 2, 2, 1, 0, 1, 2 ], [ 2, 1, 2, 2, 0, 1, 1, 1, 2, 2 ] ]
CLASS n=5 order=41 size=77701009079390106009600 fixed=-1 real=true M=
[ [ 1, 0, 2, 1, 2, 1, 0, 1, 1, 0 ], [ 2, 1, 1, 1, 0, 2, 1, 1, 2, 2 ], 
  [ 1, 0, 1, 1, 0, 1, 0, 0, 1, 0 ], [ 2, 0, 0, 2, 2, 2, 1, 1, 2, 1 ], 
  [ 0, 0, 0, 0, 1, 1, 2, 1, 1, 1 ], [ 1, 1, 0, 0, 0, 2, 1, 1, 1, 2 ], 
  [ 0, 1, 2, 0, 0, 0, 0, 2, 2, 1 ], [ 1, 1, 0, 1, 0, 0, 1, 0, 0, 1 ], 
  [ 1, 1, 0, 1, 0, 2, 2, 2, 2, 1 ], [ 2, 0, 1, 0, 0, 2, 1, 1, 1, 1 ] ]
CLASS n=5 order=41 size=77701009079390106009600 fixed=-1 real=true M=
[ [ 2, 0, 2, 0, 2, 2, 1, 1, 0, 0 ], [ 2, 1, 2, 1, 1, 2, 2, 0, 2, 1 ], 
  [ 1, 2, 2, 2, 1, 2, 0, 2, 1, 2 ], [ 2, 0, 2, 2, 0, 1, 0, 0, 2, 2 ], 
  [ 0, 2, 0, 1, 2, 2, 2, 2, 2, 0 ], [ 2, 0, 2, 1, 2, 0, 2, 1, 0, 2 ], 
  [ 2, 2, 2, 2, 0, 2, 2, 2, 0, 1 ], [ 1, 0, 1, 1, 0, 0, 1, 2, 2, 2 ], 
  [ 1, 2, 0, 1, 2, 2, 2, 2, 0, 1 ], [ 1, 2, 2, 0, 1, 2, 1, 1, 2, 1 ] ]
CLASS n=5 order=41 size=77701009079390106009600 fixed=-1 real=true M=
[ [ 0, 1, 1, 1, 1, 2, 0, 2, 2, 0 ], [ 2, 1, 0, 1, 2, 1, 0, 0, 0, 1 ], 
  [ 0, 1, 0, 2, 2, 0, 0, 2, 0, 1 ], [ 2, 2, 0, 0, 0, 0, 2, 2, 2, 0 ], 
  [ 0, 0, 2, 1, 1, 0, 1, 0, 0, 1 ], [ 2, 2, 2, 2, 0, 0, 0, 2, 0, 1 ], 
  [ 2, 1, 0, 0, 2, 0, 0, 1, 1, 0 ], [ 1, 0, 2, 0, 2, 1, 0, 1, 0, 0 ], 
  [ 0, 0, 2, 2, 0, 2, 2, 1, 2, 1 ], [ 2, 0, 0, 2, 2, 1, 1, 2, 1, 1 ] ]
CLASS n=5 order=41 size=77701009079390106009600 fixed=-1 real=true M=
[ [ 0, 0, 1, 0, 2, 2, 2, 1, 0, 2 ], [ 0, 1, 2, 0, 0, 1, 2, 2, 0, 0 ], 
  [ 0, 2, 0, 2, 1, 1, 2, 2, 2, 1 ], [ 0, 1, 1, 1, 1, 1, 0, 1, 0, 2 ], 
  [ 1, 1, 0, 0, 2, 2, 1, 1, 2, 2 ], [ 1, 0, 2, 1, 1, 2, 1, 1, 2, 2 ], 
  [ 2, 1, 0, 0, 1, 2, 0, 0, 1, 2 ], [ 0, 1, 0, 2, 1, 1, 0, 0, 1, 2 ], 
  [ 2, 0, 0, 0, 0, 2, 0, 1, 0, 0 ], [ 1, 0, 2, 2, 1, 0, 0, 2, 2, 1 ] ]
CLASS n=5 order=41 size=77701009079390106009600 fixed=-1 real=true M=
[ [ 0, 2, 2, 2, 1, 1, 1, 0, 1, 1 ], [ 2, 2, 1, 0, 2, 2, 1, 0, 2, 0 ], 
  [ 1, 1, 0, 2, 0, 2, 2, 2, 2, 2 ], [ 1, 0, 2, 1, 0, 2, 2, 2, 2, 2 ], 
  [ 1, 1, 1, 2, 2, 0, 2, 0, 2, 1 ], [ 0, 1, 0, 0, 0, 0, 2, 2, 0, 1 ], 
  [ 0, 2, 1, 1, 1, 1, 2, 2, 0, 1 ], [ 0, 2, 2, 2, 1, 2, 0, 2, 1, 1 ], 
  [ 0, 2, 2, 2, 2, 2, 0, 1, 2, 1 ], [ 2, 1, 2, 1, 1, 1, 1, 0, 2, 2 ] ]
CLASS n=5 order=82 size=77701009079390106009600 fixed=-1 real=true M=
[ [ 1, 1, 0, 0, 2, 2, 0, 0, 2, 2 ], [ 1, 0, 0, 1, 0, 0, 0, 2, 1, 2 ], 
  [ 0, 2, 1, 1, 1, 2, 1, 2, 0, 1 ], [ 2, 2, 0, 2, 1, 0, 0, 2, 0, 1 ], 
  [ 2, 0, 1, 1, 2, 1, 0, 2, 1, 0 ], [ 1, 0, 1, 1, 1, 0, 0, 0, 2, 2 ], 
  [ 1, 2, 1, 1, 0, 1, 1, 2, 2, 2 ], [ 0, 2, 2, 0, 2, 2, 2, 0, 1, 0 ], 
  [ 0, 2, 1, 0, 1, 1, 0, 2, 0, 2 ], [ 1, 2, 1, 1, 2, 2, 0, 0, 2, 0 ] ]
CLASS n=5 order=82 size=77701009079390106009600 fixed=-1 real=true M=
[ [ 0, 1, 1, 0, 2, 0, 0, 0, 2, 2 ], [ 2, 0, 1, 1, 0, 0, 2, 1, 2, 0 ], 
  [ 0, 0, 0, 0, 0, 2, 0, 1, 1, 2 ], [ 2, 2, 2, 2, 2, 1, 1, 2, 2, 1 ], 
  [ 2, 2, 1, 1, 1, 1, 2, 1, 0, 1 ], [ 0, 2, 0, 0, 2, 0, 0, 2, 2, 2 ], 
  [ 0, 1, 1, 2, 2, 2, 2, 1, 0, 0 ], [ 0, 1, 0, 0, 0, 2, 0, 0, 1, 2 ], 
  [ 0, 2, 2, 0, 0, 1, 0, 1, 2, 1 ], [ 2, 0, 1, 0, 0, 0, 2, 0, 2, 0 ] ]
CLASS n=5 order=82 size=77701009079390106009600 fixed=-1 real=true M=
[ [ 2, 0, 1, 1, 2, 2, 2, 1, 2, 1 ], [ 0, 1, 0, 0, 2, 2, 2, 0, 0, 2 ], 
  [ 0, 0, 2, 1, 1, 2, 2, 0, 1, 1 ], [ 1, 1, 2, 1, 0, 1, 0, 2, 1, 0 ], 
  [ 2, 1, 2, 0, 0, 1, 0, 1, 1, 0 ], [ 0, 1, 0, 1, 2, 0, 0, 1, 2, 2 ], 
  [ 0, 0, 0, 1, 1, 2, 0, 0, 1, 2 ], [ 2, 0, 0, 2, 1, 0, 0, 0, 1, 2 ], 
  [ 0, 0, 2, 1, 1, 2, 1, 1, 2, 0 ], [ 2, 2, 0, 1, 1, 0, 1, 0, 1, 1 ] ]
CLASS n=5 order=82 size=77701009079390106009600 fixed=-1 real=true M=
[ [ 1, 2, 2, 2, 2, 0, 0, 1, 1, 2 ], [ 1, 0, 1, 1, 2, 1, 1, 0, 0, 2 ], 
  [ 2, 2, 0, 2, 2, 2, 2, 1, 2, 0 ], [ 2, 1, 1, 1, 0, 0, 2, 1, 1, 1 ], 
  [ 0, 2, 2, 0, 0, 2, 0, 1, 1, 0 ], [ 2, 1, 0, 2, 0, 0, 2, 2, 1, 0 ], 
  [ 0, 1, 2, 1, 1, 0, 1, 0, 1, 1 ], [ 0, 1, 0, 1, 2, 2, 2, 2, 0, 1 ], 
  [ 2, 0, 1, 1, 0, 0, 0, 1, 2, 2 ], [ 0, 0, 0, 0, 2, 2, 1, 0, 1, 2 ] ]
CLASS n=5 order=82 size=77701009079390106009600 fixed=-1 real=true M=
[ [ 1, 2, 2, 2, 2, 2, 0, 1, 0, 1 ], [ 0, 0, 1, 2, 2, 1, 0, 1, 2, 1 ], 
  [ 0, 0, 2, 2, 1, 1, 2, 0, 1, 2 ], [ 0, 2, 0, 0, 2, 2, 2, 2, 0, 0 ], 
  [ 0, 0, 1, 2, 0, 1, 0, 2, 1, 1 ], [ 1, 0, 1, 1, 0, 2, 0, 2, 2, 1 ], 
  [ 1, 1, 2, 1, 1, 2, 1, 1, 1, 1 ], [ 1, 1, 1, 0, 2, 1, 1, 0, 0, 0 ], 
  [ 1, 0, 0, 2, 0, 2, 2, 1, 1, 0 ], [ 0, 1, 1, 1, 0, 1, 0, 2, 0, 1 ] ]
CLASS n=5 order=123 size=310804036317560424038400 fixed=-1 real=false M=
[ [ 2, 2, 0, 2, 0, 2, 0, 2, 0, 1 ], [ 2, 1, 1, 1, 0, 0, 2, 2, 0, 0 ], 
  [ 1, 2, 0, 0, 0, 1, 2, 2, 1, 2 ], [ 2, 0, 2, 1, 1, 1, 0, 0, 2, 1 ], 
  [ 2, 1, 0, 0, 0, 1, 1, 1, 2, 1 ], [ 0, 0, 2, 2, 1, 0, 2, 2, 2, 2 ], 
  [ 2, 0, 1, 1, 0, 1, 1, 2, 1, 1 ], [ 1, 0, 0, 1, 0, 0, 2, 2, 0, 2 ], 
  [ 2, 1, 0, 1, 0, 0, 2, 0, 0, 1 ], [ 1, 1, 1, 0, 0, 0, 2, 2, 0, 1 ] ]
CLASS n=5 order=123 size=310804036317560424038400 fixed=-1 real=false M=
[ [ 1, 0, 0, 0, 2, 0, 0, 2, 2, 2 ], [ 1, 2, 1, 2, 2, 1, 2, 2, 2, 1 ], 
  [ 0, 0, 0, 1, 2, 2, 2, 2, 0, 0 ], [ 2, 0, 2, 1, 1, 1, 0, 0, 2, 1 ], 
  [ 1, 2, 0, 1, 2, 2, 1, 1, 1, 2 ], [ 2, 1, 2, 0, 0, 1, 2, 2, 1, 0 ], 
  [ 2, 0, 1, 1, 0, 1, 1, 2, 1, 1 ], [ 1, 0, 0, 1, 0, 0, 2, 2, 0, 2 ], 
  [ 1, 2, 0, 2, 2, 1, 2, 0, 2, 2 ], [ 0, 2, 1, 1, 2, 1, 2, 2, 2, 2 ] ]
CLASS n=5 order=123 size=310804036317560424038400 fixed=-1 real=false M=
[ [ 1, 1, 1, 2, 2, 0, 0, 1, 0, 2 ], [ 0, 2, 1, 1, 2, 2, 2, 2, 1, 2 ], 
  [ 2, 0, 0, 0, 0, 0, 1, 2, 0, 2 ], [ 1, 0, 1, 0, 1, 0, 2, 0, 2, 1 ], 
  [ 1, 0, 2, 0, 0, 2, 1, 0, 2, 0 ], [ 1, 1, 1, 2, 1, 2, 2, 1, 1, 0 ], 
  [ 1, 2, 1, 1, 0, 1, 2, 0, 0, 1 ], [ 1, 2, 0, 1, 1, 1, 0, 0, 2, 2 ], 
  [ 0, 1, 2, 0, 0, 1, 2, 2, 0, 0 ], [ 2, 0, 2, 0, 0, 0, 0, 0, 0, 0 ] ]
CLASS n=5 order=123 size=310804036317560424038400 fixed=-1 real=false M=
[ [ 0, 2, 1, 0, 1, 1, 0, 1, 2, 0 ], [ 2, 0, 1, 2, 1, 0, 2, 2, 0, 0 ], 
  [ 1, 1, 0, 1, 2, 1, 1, 2, 2, 0 ], [ 1, 0, 1, 0, 1, 0, 2, 0, 2, 1 ], 
  [ 0, 1, 2, 1, 2, 0, 1, 0, 1, 1 ], [ 0, 2, 1, 0, 0, 0, 2, 1, 0, 1 ], 
  [ 1, 2, 1, 1, 0, 1, 2, 0, 0, 1 ], [ 1, 2, 0, 1, 1, 1, 0, 0, 2, 2 ], 
  [ 2, 2, 2, 1, 2, 2, 2, 2, 2, 1 ], [ 1, 1, 2, 1, 2, 1, 0, 0, 2, 1 ] ]
CLASS n=5 order=123 size=310804036317560424038400 fixed=-1 real=false M=
[ [ 2, 2, 0, 2, 1, 1, 2, 2, 0, 2 ], [ 0, 0, 0, 2, 1, 0, 2, 2, 2, 2 ], 
  [ 1, 0, 1, 2, 1, 0, 0, 0, 2, 0 ], [ 1, 1, 2, 1, 1, 1, 1, 2, 2, 1 ], 
  [ 2, 0, 1, 2, 0, 1, 2, 0, 0, 1 ], [ 0, 1, 2, 2, 1, 0, 0, 2, 2, 2 ], 
  [ 2, 1, 1, 2, 2, 0, 2, 1, 2, 1 ], [ 1, 2, 0, 2, 1, 1, 2, 0, 2, 2 ], 
  [ 1, 1, 1, 1, 0, 0, 2, 2, 2, 0 ], [ 2, 0, 1, 2, 2, 0, 0, 1, 0, 0 ] ]
CLASS n=5 order=123 size=310804036317560424038400 fixed=-1 real=false M=
[ [ 0, 1, 0, 1, 2, 0, 2, 2, 1, 1 ], [ 1, 2, 0, 1, 2, 2, 2, 2, 0, 1 ], 
  [ 2, 2, 1, 1, 2, 2, 0, 0, 0, 2 ], [ 1, 1, 2, 1, 1, 1, 1, 2, 2, 1 ], 
  [ 0, 2, 1, 1, 1, 0, 2, 0, 1, 0 ], [ 1, 0, 2, 1, 2, 2, 0, 2, 0, 1 ], 
  [ 2, 1, 1, 2, 2, 0, 2, 1, 2, 1 ], [ 1, 2, 0, 2, 1, 1, 2, 0, 2, 2 ], 
  [ 2, 0, 1, 0, 1, 2, 2, 2, 0, 2 ], [ 0, 2, 1, 1, 0, 2, 0, 1, 1, 2 ] ]
CLASS n=5 order=123 size=310804036317560424038400 fixed=-1 real=false M=
[ [ 0, 0, 0, 2, 1, 2, 1, 2, 1, 0 ], [ 1, 1, 1, 0, 2, 0, 0, 0, 1, 1 ], 
  [ 2, 0, 2, 0, 2, 0, 1, 1, 1, 0 ], [ 1, 1, 2, 0, 0, 2, 2, 2, 2, 1 ], 
  [ 0, 2, 1, 0, 2, 1, 1, 1, 1, 0 ], [ 1, 0, 0, 1, 2, 2, 1, 2, 0, 2 ], 
  [ 0, 0, 1, 2, 1, 0, 1, 2, 0, 1 ], [ 1, 2, 2, 1, 2, 1, 0, 1, 1, 0 ], 
  [ 2, 2, 1, 0, 1, 2, 2, 1, 0, 2 ], [ 1, 0, 2, 2, 2, 2, 1, 0, 1, 2 ] ]
CLASS n=5 order=123 size=310804036317560424038400 fixed=-1 real=false M=
[ [ 2, 1, 0, 0, 0, 0, 1, 2, 0, 1 ], [ 0, 2, 1, 1, 1, 1, 0, 0, 0, 2 ], 
  [ 1, 1, 2, 1, 1, 1, 1, 1, 0, 1 ], [ 1, 1, 2, 0, 0, 2, 2, 2, 2, 1 ], 
  [ 2, 0, 1, 1, 1, 2, 1, 1, 0, 1 ], [ 0, 1, 0, 2, 1, 0, 1, 2, 2, 0 ], 
  [ 0, 0, 1, 2, 1, 0, 1, 2, 0, 1 ], [ 1, 2, 2, 1, 2, 1, 0, 1, 1, 0 ], 
  [ 1, 0, 1, 1, 0, 0, 2, 1, 2, 0 ], [ 0, 1, 2, 0, 1, 0, 1, 0, 0, 0 ] ]
CLASS n=5 order=123 size=310804036317560424038400 fixed=-1 real=false M=
[ [ 2, 2, 0, 1, 2, 0, 0, 2, 0, 1 ], [ 1, 0, 1, 1, 0, 1, 0, 2, 1, 0 ], 
  [ 1, 2, 2, 0, 1, 2, 0, 2, 1, 1 ], [ 2, 1, 2, 1, 1, 1, 0, 1, 1, 1 ], 
  [ 2, 2, 0, 2, 2, 2, 0, 0, 1, 1 ], [ 2, 0, 0, 0, 0, 2, 1, 2, 1, 2 ], 
  [ 0, 2, 0, 0, 1, 1, 0, 2, 0, 2 ], [ 2, 0, 1, 2, 0, 2, 2, 0, 1, 0 ], 
  [ 1, 2, 0, 0, 2, 2, 1, 2, 1, 2 ], [ 2, 0, 0, 2, 1, 1, 0, 2, 1, 2 ] ]
CLASS n=5 order=123 size=310804036317560424038400 fixed=-1 real=false M=
[ [ 1, 0, 0, 2, 1, 1, 0, 2, 2, 2 ], [ 0, 1, 1, 2, 2, 2, 0, 2, 0, 1 ], 
  [ 0, 0, 2, 1, 0, 0, 0, 2, 0, 2 ], [ 2, 1, 2, 1, 1, 1, 0, 1, 1, 1 ], 
  [ 1, 0, 0, 0, 1, 0, 0, 0, 0, 2 ], [ 1, 1, 0, 1, 2, 0, 1, 2, 0, 0 ], 
  [ 0, 2, 0, 0, 1, 1, 0, 2, 0, 2 ], [ 2, 0, 1, 2, 0, 2, 2, 0, 1, 0 ], 
  [ 0, 0, 0, 1, 1, 0, 1, 2, 0, 0 ], [ 1, 1, 0, 0, 0, 2, 0, 2, 0, 0 ] ]
CLASS n=5 order=246 size=310804036317560424038400 fixed=-1 real=false M=
[ [ 1, 0, 1, 2, 2, 2, 0, 0, 1, 1 ], [ 1, 0, 2, 1, 2, 2, 2, 2, 0, 1 ], 
  [ 0, 2, 2, 2, 0, 0, 0, 2, 2, 2 ], [ 2, 2, 0, 1, 1, 1, 0, 1, 0, 0 ], 
  [ 2, 2, 2, 1, 0, 0, 1, 1, 2, 0 ], [ 2, 2, 2, 2, 0, 0, 1, 1, 1, 1 ], 
  [ 2, 1, 2, 0, 0, 0, 2, 2, 2, 2 ], [ 1, 0, 1, 0, 1, 1, 0, 2, 0, 2 ], 
  [ 1, 0, 1, 2, 1, 0, 2, 0, 0, 2 ], [ 0, 0, 0, 0, 1, 1, 0, 0, 0, 0 ] ]
CLASS n=5 order=246 size=310804036317560424038400 fixed=-1 real=false M=
[ [ 0, 1, 1, 0, 1, 0, 0, 0, 0, 2 ], [ 0, 1, 2, 2, 1, 0, 2, 2, 2, 2 ], 
  [ 2, 0, 2, 0, 2, 1, 0, 2, 1, 0 ], [ 2, 2, 0, 1, 1, 1, 0, 1, 0, 0 ], 
  [ 1, 0, 2, 2, 2, 1, 1, 1, 1, 1 ], [ 1, 0, 2, 0, 2, 1, 1, 1, 0, 2 ], 
  [ 2, 1, 2, 0, 0, 0, 2, 2, 2, 2 ], [ 1, 0, 1, 0, 1, 1, 0, 2, 0, 2 ], 
  [ 0, 1, 1, 0, 0, 1, 2, 0, 2, 0 ], [ 2, 1, 0, 1, 0, 2, 0, 0, 2, 1 ] ]
CLASS n=5 order=246 size=310804036317560424038400 fixed=-1 real=false M=
[ [ 2, 2, 0, 2, 0, 2, 1, 1, 2, 2 ], [ 2, 0, 1, 1, 0, 0, 0, 1, 2, 2 ], 
  [ 0, 1, 1, 1, 0, 1, 1, 2, 0, 1 ], [ 2, 2, 0, 0, 2, 0, 2, 2, 2, 1 ], 
  [ 1, 1, 2, 2, 2, 1, 2, 1, 0, 0 ], [ 1, 2, 2, 1, 1, 2, 0, 1, 1, 1 ], 
  [ 2, 0, 1, 1, 2, 1, 0, 1, 0, 0 ], [ 1, 0, 0, 0, 2, 1, 2, 0, 2, 0 ], 
  [ 2, 1, 2, 2, 2, 1, 2, 0, 1, 1 ], [ 2, 1, 1, 2, 0, 0, 0, 1, 0, 0 ] ]
CLASS n=5 order=246 size=310804036317560424038400 fixed=-1 real=false M=
[ [ 0, 2, 0, 2, 2, 2, 2, 2, 0, 2 ], [ 0, 1, 2, 0, 2, 1, 0, 2, 0, 2 ], 
  [ 2, 0, 2, 0, 2, 0, 2, 1, 2, 0 ], [ 1, 1, 0, 0, 1, 0, 1, 1, 1, 2 ], 
  [ 1, 0, 1, 2, 0, 0, 1, 2, 2, 1 ], [ 1, 2, 1, 0, 1, 2, 0, 2, 1, 0 ], 
  [ 1, 0, 2, 2, 1, 2, 0, 2, 0, 0 ], [ 2, 0, 0, 0, 1, 2, 1, 0, 1, 0 ], 
  [ 0, 0, 1, 2, 0, 0, 1, 0, 1, 0 ], [ 0, 0, 2, 2, 2, 1, 0, 2, 2, 1 ] ]
CLASS n=5 order=246 size=310804036317560424038400 fixed=-1 real=false M=
[ [ 2, 0, 2, 0, 0, 0, 0, 2, 1, 2 ], [ 2, 2, 1, 2, 2, 0, 2, 1, 1, 2 ], 
  [ 0, 0, 1, 2, 2, 2, 0, 0, 2, 0 ], [ 2, 1, 2, 1, 2, 1, 1, 0, 1, 0 ], 
  [ 0, 2, 1, 2, 2, 1, 0, 1, 0, 1 ], [ 2, 2, 1, 0, 2, 2, 1, 2, 0, 1 ], 
  [ 1, 1, 0, 2, 0, 1, 0, 1, 2, 1 ], [ 2, 1, 1, 0, 1, 0, 0, 0, 2, 2 ], 
  [ 0, 1, 1, 1, 0, 1, 1, 0, 0, 1 ], [ 1, 2, 0, 1, 1, 0, 0, 0, 1, 2 ] ]
CLASS n=5 order=246 size=310804036317560424038400 fixed=-1 real=false M=
[ [ 0, 1, 1, 1, 2, 1, 0, 1, 1, 2 ], [ 0, 2, 2, 2, 0, 1, 1, 2, 1, 2 ], 
  [ 2, 1, 2, 2, 0, 2, 0, 0, 0, 1 ], [ 1, 2, 1, 2, 1, 2, 2, 0, 2, 0 ], 
  [ 2, 2, 2, 2, 0, 0, 0, 2, 2, 0 ], [ 0, 2, 2, 1, 0, 2, 2, 1, 2, 0 ], 
  [ 2, 2, 0, 1, 0, 2, 0, 2, 1, 2 ], [ 1, 2, 2, 0, 2, 0, 0, 0, 1, 1 ], 
  [ 2, 0, 2, 0, 2, 0, 2, 0, 2, 0 ], [ 1, 2, 0, 0, 1, 1, 0, 0, 1, 2 ] ]
CLASS n=5 order=246 size=310804036317560424038400 fixed=-1 real=false M=
[ [ 2, 1, 0, 2, 2, 1, 1, 1, 1, 0 ], [ 2, 1, 1, 2, 2, 0, 0, 1, 0, 1 ], 
  [ 2, 1, 1, 2, 2, 2, 1, 2, 0, 2 ], [ 0, 2, 0, 1, 2, 0, 0, 1, 2, 0 ], 
  [ 1, 2, 0, 0, 0, 2, 2, 1, 2, 0 ], [ 0, 1, 1, 0, 0, 1, 1, 2, 1, 0 ], 
  [ 1, 2, 0, 1, 1, 0, 0, 0, 1, 1 ], [ 2, 0, 2, 0, 1, 1, 2, 1, 0, 0 ], 
  [ 1, 1, 2, 2, 1, 0, 1, 1, 1, 1 ], [ 1, 1, 0, 2, 1, 0, 0, 2, 0, 1 ] ]
CLASS n=5 order=246 size=310804036317560424038400 fixed=-1 real=false M=
[ [ 0, 0, 0, 2, 0, 0, 2, 2, 1, 1 ], [ 0, 0, 2, 2, 0, 1, 0, 2, 2, 0 ], 
  [ 0, 0, 2, 2, 0, 2, 2, 1, 2, 2 ], [ 0, 1, 0, 2, 1, 0, 0, 2, 1, 0 ], 
  [ 1, 2, 0, 1, 2, 2, 1, 2, 0, 1 ], [ 2, 0, 2, 1, 2, 0, 2, 1, 1, 1 ], 
  [ 2, 1, 0, 2, 2, 0, 0, 0, 2, 2 ], [ 1, 0, 1, 0, 2, 2, 1, 2, 0, 0 ], 
  [ 1, 0, 1, 2, 1, 1, 2, 2, 1, 0 ], [ 1, 0, 0, 2, 1, 1, 0, 1, 2, 0 ] ]
CLASS n=5 order=246 size=310804036317560424038400 fixed=-1 real=false M=
[ [ 2, 1, 0, 0, 1, 2, 2, 1, 2, 2 ], [ 0, 2, 2, 0, 0, 1, 1, 1, 0, 2 ], 
  [ 0, 1, 2, 0, 0, 0, 2, 0, 2, 2 ], [ 1, 1, 1, 2, 2, 1, 2, 2, 0, 0 ], 
  [ 1, 0, 2, 2, 2, 0, 1, 2, 2, 0 ], [ 2, 2, 2, 1, 1, 2, 2, 2, 0, 1 ], 
  [ 2, 2, 2, 2, 2, 1, 0, 1, 1, 2 ], [ 1, 2, 2, 0, 1, 2, 1, 1, 0, 1 ], 
  [ 2, 0, 1, 2, 2, 1, 2, 0, 1, 0 ], [ 1, 0, 1, 2, 1, 0, 0, 1, 1, 0 ] ]
CLASS n=5 order=246 size=310804036317560424038400 fixed=-1 real=false M=
[ [ 0, 0, 0, 1, 1, 2, 1, 2, 0, 2 ], [ 2, 2, 1, 1, 2, 0, 2, 2, 2, 2 ], 
  [ 2, 0, 1, 1, 2, 1, 1, 0, 0, 2 ], [ 2, 2, 2, 1, 1, 2, 1, 1, 0, 0 ], 
  [ 1, 1, 1, 2, 0, 1, 2, 1, 0, 1 ], [ 0, 2, 1, 0, 1, 2, 1, 1, 2, 0 ], 
  [ 1, 1, 1, 1, 1, 2, 0, 2, 2, 1 ], [ 2, 1, 1, 0, 2, 1, 2, 2, 0, 2 ], 
  [ 0, 1, 2, 2, 0, 0, 1, 0, 1, 1 ], [ 1, 1, 2, 2, 1, 1, 0, 2, 1, 1 ] ]
CLASS n=5 order=13 size=113452328071759057920 fixed=-1 real=true M=
[ [ 1, 2, 1, 1, 1, 2, 2, 1, 2, 2 ], [ 2, 2, 1, 2, 1, 0, 1, 0, 0, 1 ], 
  [ 1, 1, 1, 2, 1, 2, 2, 2, 1, 0 ], [ 2, 1, 1, 0, 2, 0, 1, 1, 0, 2 ], 
  [ 2, 2, 0, 1, 0, 1, 0, 1, 0, 2 ], [ 0, 0, 0, 2, 0, 0, 1, 0, 2, 0 ], 
  [ 1, 2, 2, 2, 2, 1, 2, 0, 1, 2 ], [ 1, 0, 0, 1, 1, 0, 2, 0, 2, 0 ], 
  [ 2, 0, 0, 0, 0, 1, 1, 2, 2, 2 ], [ 1, 0, 2, 2, 1, 2, 1, 2, 0, 1 ] ]
CLASS n=5 order=13 size=113452328071759057920 fixed=-1 real=true M=
[ [ 1, 2, 0, 2, 2, 2, 2, 1, 1, 2 ], [ 0, 0, 0, 2, 0, 0, 2, 0, 0, 0 ], 
  [ 0, 2, 2, 2, 2, 1, 0, 2, 1, 2 ], [ 2, 2, 1, 1, 2, 1, 2, 1, 1, 2 ], 
  [ 1, 1, 1, 2, 2, 1, 0, 1, 0, 0 ], [ 1, 0, 0, 1, 2, 2, 1, 0, 0, 0 ], 
  [ 2, 2, 0, 0, 1, 0, 2, 0, 0, 0 ], [ 2, 1, 2, 2, 1, 2, 0, 2, 1, 0 ], 
  [ 1, 0, 1, 2, 0, 0, 2, 1, 1, 0 ], [ 0, 2, 1, 2, 1, 0, 1, 1, 0, 1 ] ]
CLASS n=5 order=26 size=113452328071759057920 fixed=-1 real=true M=
[ [ 1, 2, 1, 0, 2, 1, 0, 2, 1, 0 ], [ 1, 1, 2, 2, 2, 2, 2, 0, 2, 2 ], 
  [ 0, 0, 0, 0, 1, 1, 2, 1, 1, 0 ], [ 1, 1, 1, 1, 1, 2, 2, 2, 1, 1 ], 
  [ 2, 0, 0, 2, 1, 0, 0, 2, 2, 0 ], [ 0, 0, 2, 2, 0, 1, 0, 0, 0, 2 ], 
  [ 2, 0, 2, 2, 1, 1, 2, 0, 1, 2 ], [ 2, 0, 2, 0, 0, 2, 1, 0, 1, 2 ], 
  [ 2, 1, 2, 0, 1, 0, 0, 0, 2, 1 ], [ 2, 2, 1, 2, 1, 1, 1, 0, 2, 1 ] ]
CLASS n=5 order=26 size=113452328071759057920 fixed=-1 real=true M=
[ [ 0, 2, 0, 2, 0, 0, 1, 1, 1, 0 ], [ 2, 1, 2, 1, 2, 2, 2, 1, 1, 1 ], 
  [ 0, 0, 2, 2, 1, 2, 0, 1, 0, 0 ], [ 1, 0, 1, 1, 1, 0, 0, 2, 1, 2 ], 
  [ 1, 1, 0, 1, 0, 1, 0, 2, 0, 0 ], [ 2, 2, 1, 2, 0, 0, 2, 2, 1, 0 ], 
  [ 2, 2, 0, 0, 1, 0, 1, 0, 1, 2 ], [ 0, 2, 1, 2, 0, 0, 2, 2, 2, 2 ], 
  [ 2, 2, 0, 0, 0, 0, 0, 2, 2, 2 ], [ 0, 2, 1, 1, 2, 2, 1, 2, 0, 1 ] ]
CLASS n=5 order=52 size=61264257158749891276800 fixed=-1 real=true M=
[ [ 2, 1, 2, 1, 1, 0, 1, 2, 0, 0 ], [ 2, 2, 1, 2, 1, 2, 2, 1, 0, 2 ], 
  [ 0, 2, 1, 1, 0, 2, 2, 0, 0, 1 ], [ 2, 1, 2, 1, 2, 2, 1, 0, 2, 0 ], 
  [ 2, 2, 2, 2, 1, 0, 2, 0, 0, 2 ], [ 2, 0, 2, 0, 1, 2, 2, 0, 1, 1 ], 
  [ 1, 0, 1, 1, 1, 2, 0, 1, 1, 0 ], [ 0, 1, 1, 1, 0, 2, 2, 2, 1, 0 ], 
  [ 0, 2, 1, 1, 2, 1, 1, 2, 0, 2 ], [ 0, 2, 1, 1, 0, 1, 2, 1, 2, 2 ] ]
CLASS n=5 order=52 size=61264257158749891276800 fixed=-1 real=true M=
[ [ 2, 2, 0, 2, 2, 0, 0, 2, 0, 0 ], [ 2, 0, 1, 0, 2, 2, 0, 0, 0, 2 ], 
  [ 2, 0, 1, 0, 2, 0, 0, 1, 1, 0 ], [ 0, 2, 1, 0, 1, 0, 1, 2, 1, 1 ], 
  [ 1, 2, 1, 2, 1, 2, 2, 2, 1, 1 ], [ 2, 0, 2, 1, 0, 0, 2, 2, 2, 1 ], 
  [ 0, 1, 2, 2, 1, 1, 0, 2, 2, 0 ], [ 1, 1, 0, 0, 0, 2, 2, 2, 0, 2 ], 
  [ 0, 0, 2, 0, 2, 2, 0, 2, 0, 2 ], [ 1, 1, 2, 0, 0, 2, 0, 0, 0, 0 ] ]
CLASS n=5 order=104 size=735171085904998695321600 fixed=-1 real=true M=
[ [ 1, 2, 0, 0, 2, 0, 2, 0, 0, 2 ], [ 1, 2, 0, 1, 0, 1, 1, 1, 0, 2 ], 
  [ 2, 0, 2, 0, 1, 2, 0, 2, 2, 0 ], [ 0, 0, 0, 0, 1, 2, 2, 2, 1, 1 ], 
  [ 2, 2, 2, 0, 2, 2, 0, 1, 2, 2 ], [ 1, 2, 2, 2, 1, 1, 0, 1, 2, 1 ], 
  [ 1, 1, 1, 1, 1, 0, 0, 1, 2, 2 ], [ 1, 2, 1, 1, 0, 2, 0, 1, 0, 2 ], 
  [ 0, 1, 1, 1, 1, 2, 0, 0, 1, 1 ], [ 2, 1, 2, 2, 0, 0, 2, 2, 2, 2 ] ]
CLASS n=5 order=104 size=735171085904998695321600 fixed=-1 real=true M=
[ [ 0, 1, 0, 0, 1, 0, 0, 1, 2, 1 ], [ 2, 1, 2, 1, 2, 0, 0, 1, 0, 0 ], 
  [ 0, 0, 0, 0, 2, 0, 0, 1, 0, 0 ], [ 1, 0, 1, 2, 1, 2, 0, 0, 1, 0 ], 
  [ 1, 0, 0, 2, 1, 2, 1, 2, 2, 1 ], [ 1, 2, 2, 1, 1, 0, 0, 1, 2, 0 ], 
  [ 0, 2, 2, 2, 2, 2, 1, 1, 2, 2 ], [ 0, 0, 1, 2, 0, 2, 1, 0, 0, 1 ], 
  [ 1, 0, 1, 1, 2, 0, 0, 2, 0, 2 ], [ 0, 1, 1, 1, 1, 2, 1, 1, 1, 0 ] ]
CLASS n=5 order=65 size=588136868723998956257280 fixed=-1 real=true M=
[ [ 0, 1, 0, 2, 2, 2, 1, 2, 2, 1 ], [ 0, 0, 2, 1, 1, 0, 0, 0, 0, 2 ], 
  [ 2, 2, 2, 1, 1, 2, 1, 1, 1, 0 ], [ 2, 1, 1, 1, 1, 0, 0, 0, 2, 1 ], 
  [ 0, 0, 0, 1, 0, 1, 1, 2, 0, 2 ], [ 0, 0, 2, 2, 1, 0, 1, 2, 1, 2 ], 
  [ 1, 0, 0, 0, 1, 2, 2, 1, 1, 0 ], [ 0, 2, 2, 0, 2, 1, 2, 1, 1, 2 ], 
  [ 2, 0, 1, 1, 0, 0, 2, 0, 2, 2 ], [ 1, 2, 2, 2, 2, 0, 1, 2, 1, 2 ] ]
CLASS n=5 order=65 size=588136868723998956257280 fixed=-1 real=true M=
[ [ 1, 2, 0, 2, 0, 2, 0, 1, 0, 2 ], [ 2, 1, 0, 1, 2, 1, 1, 0, 0, 1 ], 
  [ 1, 2, 1, 1, 0, 1, 1, 2, 0, 0 ], [ 1, 1, 0, 2, 1, 0, 2, 2, 2, 2 ], 
  [ 1, 2, 2, 2, 1, 1, 0, 1, 0, 0 ], [ 0, 0, 2, 0, 1, 1, 1, 2, 1, 0 ], 
  [ 2, 2, 2, 2, 0, 0, 1, 1, 1, 0 ], [ 1, 1, 2, 2, 2, 1, 1, 2, 1, 0 ], 
  [ 1, 1, 1, 1, 2, 2, 2, 1, 0, 1 ], [ 0, 2, 0, 0, 1, 1, 2, 0, 2, 1 ] ]
CLASS n=5 order=130 size=588136868723998956257280 fixed=-1 real=true M=
[ [ 1, 0, 0, 0, 2, 2, 1, 2, 1, 1 ], [ 1, 0, 0, 0, 0, 0, 1, 0, 2, 2 ], 
  [ 1, 1, 0, 1, 2, 2, 0, 2, 2, 2 ], [ 2, 2, 2, 0, 1, 1, 1, 2, 1, 2 ], 
  [ 0, 2, 2, 2, 1, 0, 0, 2, 1, 2 ], [ 1, 1, 0, 1, 0, 2, 0, 0, 2, 0 ], 
  [ 2, 2, 0, 2, 0, 0, 1, 2, 2, 0 ], [ 2, 2, 0, 1, 0, 1, 2, 2, 2, 0 ], 
  [ 0, 1, 1, 1, 1, 1, 1, 0, 0, 1 ], [ 0, 1, 1, 2, 2, 1, 1, 1, 0, 2 ] ]
CLASS n=5 order=130 size=588136868723998956257280 fixed=-1 real=true M=
[ [ 0, 0, 2, 1, 1, 2, 2, 0, 2, 0 ], [ 1, 2, 2, 1, 0, 1, 0, 0, 1, 0 ], 
  [ 1, 0, 0, 0, 1, 0, 2, 1, 1, 0 ], [ 1, 2, 2, 1, 0, 0, 1, 0, 0, 0 ], 
  [ 1, 0, 0, 1, 1, 1, 2, 0, 2, 1 ], [ 0, 2, 0, 2, 1, 2, 2, 0, 1, 1 ], 
  [ 0, 2, 1, 0, 2, 2, 0, 2, 1, 1 ], [ 2, 0, 0, 1, 0, 2, 2, 2, 1, 2 ], 
  [ 2, 0, 1, 2, 0, 2, 2, 1, 2, 1 ], [ 2, 2, 2, 1, 1, 1, 1, 2, 1, 0 ] ]
CLASS n=5 order=20 size=73744013246643387648 fixed=-1 real=true M=
[ [ 0, 0, 0, 0, 0, 1, 0, 1, 0, 1 ], [ 2, 1, 0, 0, 0, 1, 2, 1, 0, 1 ], 
  [ 0, 0, 1, 0, 2, 1, 2, 0, 2, 1 ], [ 2, 2, 1, 0, 1, 1, 2, 2, 0, 1 ], 
  [ 1, 0, 1, 0, 1, 1, 0, 2, 2, 0 ], [ 1, 1, 0, 1, 2, 2, 2, 1, 2, 0 ], 
  [ 2, 0, 0, 0, 1, 0, 1, 1, 1, 0 ], [ 2, 0, 0, 1, 1, 0, 2, 1, 0, 2 ], 
  [ 0, 2, 2, 2, 2, 1, 0, 1, 1, 0 ], [ 0, 2, 2, 2, 0, 0, 2, 1, 1, 0 ] ]
CLASS n=5 order=60 size=2949760529865735505920 fixed=-1 real=false M=
[ [ 1, 0, 0, 0, 2, 0, 2, 1, 0, 2 ], [ 1, 1, 2, 2, 1, 1, 2, 1, 1, 2 ], 
  [ 0, 2, 2, 2, 1, 1, 0, 0, 2, 2 ], [ 1, 0, 0, 2, 1, 0, 2, 2, 1, 1 ], 
  [ 1, 2, 0, 2, 1, 1, 1, 0, 0, 2 ], [ 1, 0, 0, 1, 1, 1, 1, 2, 1, 1 ], 
  [ 0, 2, 0, 2, 2, 0, 0, 1, 2, 1 ], [ 0, 0, 1, 1, 1, 1, 1, 0, 2, 2 ], 
  [ 0, 2, 0, 2, 1, 0, 0, 2, 0, 0 ], [ 1, 1, 2, 0, 0, 1, 0, 2, 2, 0 ] ]
CLASS n=5 order=60 size=2949760529865735505920 fixed=-1 real=false M=
[ [ 0, 1, 2, 2, 1, 0, 2, 1, 0, 0 ], [ 0, 2, 1, 1, 0, 1, 2, 1, 1, 0 ], 
  [ 1, 1, 0, 0, 2, 1, 0, 0, 2, 1 ], [ 0, 1, 2, 1, 0, 0, 2, 2, 1, 2 ], 
  [ 1, 2, 0, 2, 1, 1, 1, 0, 0, 2 ], [ 0, 1, 2, 0, 0, 1, 1, 2, 1, 2 ], 
  [ 0, 2, 0, 2, 2, 0, 0, 1, 2, 1 ], [ 0, 0, 1, 1, 1, 1, 1, 0, 2, 2 ], 
  [ 2, 0, 2, 1, 0, 0, 0, 2, 0, 1 ], [ 1, 1, 2, 0, 0, 1, 0, 2, 2, 0 ] ]
CLASS n=5 order=12 size=252894421284785280 fixed=-1 real=false M=
[ [ 0, 2, 1, 0, 1, 0, 0, 2, 0, 2 ], [ 2, 2, 2, 2, 1, 1, 0, 2, 2, 1 ], 
  [ 1, 0, 1, 2, 2, 1, 0, 1, 2, 0 ], [ 0, 2, 0, 0, 2, 0, 1, 0, 2, 1 ], 
  [ 0, 1, 1, 1, 0, 0, 0, 2, 2, 0 ], [ 2, 1, 1, 2, 1, 1, 2, 1, 2, 0 ], 
  [ 0, 2, 2, 2, 2, 1, 0, 1, 0, 0 ], [ 0, 1, 2, 1, 1, 0, 2, 1, 0, 1 ], 
  [ 1, 2, 2, 1, 0, 0, 2, 1, 2, 0 ], [ 1, 1, 0, 0, 0, 0, 1, 0, 1, 0 ] ]
CLASS n=5 order=12 size=252894421284785280 fixed=-1 real=false M=
[ [ 1, 0, 0, 0, 0, 2, 2, 2, 1, 0 ], [ 0, 1, 0, 0, 2, 1, 0, 2, 2, 0 ], 
  [ 0, 0, 1, 0, 2, 0, 2, 1, 0, 0 ], [ 1, 0, 2, 0, 1, 2, 0, 0, 0, 2 ], 
  [ 0, 0, 2, 0, 1, 2, 2, 2, 0, 2 ], [ 0, 2, 0, 2, 0, 0, 1, 1, 0, 1 ], 
  [ 0, 2, 2, 2, 2, 1, 0, 1, 0, 0 ], [ 0, 2, 1, 2, 0, 1, 0, 1, 2, 2 ], 
  [ 2, 0, 1, 1, 2, 2, 1, 1, 0, 1 ], [ 1, 0, 1, 2, 1, 2, 0, 0, 2, 2 ] ]
CLASS n=5 order=60 size=106191379075166478213120 fixed=-1 real=false M=
[ [ 0, 0, 2, 0, 0, 1, 2, 0, 0, 1 ], [ 0, 1, 0, 0, 1, 1, 1, 1, 0, 2 ], 
  [ 0, 2, 0, 1, 1, 1, 1, 1, 0, 2 ], [ 0, 2, 2, 0, 1, 2, 0, 2, 0, 1 ], 
  [ 0, 1, 0, 1, 0, 2, 1, 0, 2, 2 ], [ 1, 1, 2, 2, 2, 1, 0, 0, 2, 0 ], 
  [ 0, 1, 0, 0, 1, 0, 1, 0, 2, 0 ], [ 0, 2, 0, 1, 1, 1, 1, 2, 2, 2 ], 
  [ 2, 1, 1, 2, 1, 2, 2, 1, 2, 1 ], [ 1, 0, 2, 0, 2, 2, 0, 2, 2, 0 ] ]
CLASS n=5 order=60 size=106191379075166478213120 fixed=-1 real=false M=
[ [ 2, 2, 2, 0, 1, 0, 2, 0, 2, 1 ], [ 2, 0, 2, 2, 1, 2, 2, 2, 0, 2 ], 
  [ 1, 1, 0, 1, 2, 0, 0, 2, 2, 1 ], [ 2, 0, 2, 0, 0, 2, 1, 1, 2, 1 ], 
  [ 0, 0, 2, 0, 2, 2, 0, 0, 0, 2 ], [ 1, 1, 2, 1, 2, 0, 1, 0, 0, 2 ], 
  [ 0, 2, 0, 0, 2, 0, 2, 0, 1, 0 ], [ 0, 0, 1, 1, 0, 1, 1, 1, 2, 0 ], 
  [ 0, 1, 0, 1, 0, 2, 2, 2, 0, 1 ], [ 2, 1, 0, 1, 0, 2, 1, 1, 0, 1 ] ]
CLASS n=5 order=6 size=635358841920 fixed=-1 real=false M=
[ [ 1, 2, 2, 0, 0, 1, 1, 1, 2, 2 ], [ 0, 0, 1, 1, 2, 1, 1, 2, 2, 2 ], 
  [ 0, 1, 0, 0, 2, 1, 1, 1, 0, 2 ], [ 1, 1, 1, 2, 0, 2, 2, 2, 1, 1 ], 
  [ 2, 1, 1, 2, 0, 0, 0, 2, 0, 0 ], [ 2, 0, 0, 1, 2, 1, 2, 0, 1, 1 ], 
  [ 2, 2, 2, 2, 0, 1, 0, 0, 0, 2 ], [ 1, 2, 2, 1, 2, 0, 0, 0, 0, 0 ], 
  [ 1, 2, 2, 1, 2, 0, 0, 1, 2, 0 ], [ 0, 2, 2, 1, 1, 2, 2, 0, 2, 0 ] ]
CLASS n=5 order=6 size=635358841920 fixed=-1 real=false M=
[ [ 0, 2, 2, 1, 0, 1, 1, 2, 1, 2 ], [ 0, 2, 1, 0, 2, 1, 1, 1, 0, 2 ], 
  [ 2, 0, 1, 0, 2, 2, 2, 2, 2, 1 ], [ 1, 1, 1, 0, 0, 2, 2, 1, 2, 1 ], 
  [ 2, 1, 1, 1, 2, 0, 0, 1, 1, 0 ], [ 2, 0, 0, 1, 2, 0, 2, 0, 1, 1 ], 
  [ 1, 1, 1, 1, 0, 2, 0, 0, 0, 1 ], [ 1, 2, 2, 2, 2, 0, 0, 0, 2, 0 ], 
  [ 1, 2, 2, 2, 2, 0, 0, 2, 0, 0 ], [ 2, 1, 1, 0, 1, 0, 0, 0, 2, 1 ] ]
CLASS n=5 order=26 size=10210709526458315212800 fixed=-1 real=true M=
[ [ 2, 1, 0, 0, 0, 0, 1, 0, 1, 2 ], [ 2, 1, 0, 2, 2, 1, 0, 2, 2, 0 ], 
  [ 2, 0, 1, 2, 1, 2, 1, 0, 2, 0 ], [ 1, 1, 0, 1, 1, 2, 1, 0, 0, 2 ], 
  [ 2, 1, 2, 2, 1, 1, 2, 0, 1, 2 ], [ 1, 0, 2, 0, 0, 0, 0, 2, 1, 1 ], 
  [ 2, 1, 1, 0, 2, 0, 1, 1, 2, 0 ], [ 0, 1, 1, 0, 2, 0, 2, 1, 0, 0 ], 
  [ 1, 2, 1, 2, 0, 2, 0, 2, 2, 2 ], [ 1, 0, 1, 0, 1, 2, 2, 1, 1, 2 ] ]
CLASS n=5 order=26 size=10210709526458315212800 fixed=-1 real=true M=
[ [ 1, 0, 2, 0, 0, 2, 2, 0, 1, 2 ], [ 0, 2, 2, 2, 2, 1, 0, 1, 2, 1 ], 
  [ 1, 1, 1, 2, 0, 2, 2, 1, 1, 1 ], [ 2, 1, 0, 0, 1, 1, 0, 2, 0, 0 ], 
  [ 2, 2, 1, 2, 2, 2, 1, 1, 1, 1 ], [ 1, 1, 0, 0, 2, 1, 0, 1, 1, 0 ], 
  [ 1, 0, 2, 2, 0, 1, 0, 1, 1, 2 ], [ 0, 0, 1, 2, 1, 1, 0, 2, 1, 2 ], 
  [ 2, 1, 1, 1, 2, 2, 0, 0, 2, 2 ], [ 2, 1, 1, 2, 2, 1, 1, 1, 1, 2 ] ]
CLASS n=5 order=39 size=27228558737222173900800 fixed=-1 real=true M=
[ [ 1, 1, 2, 0, 1, 0, 0, 2, 1, 2 ], [ 2, 0, 2, 0, 1, 0, 1, 2, 0, 2 ], 
  [ 0, 1, 1, 2, 0, 0, 0, 0, 0, 1 ], [ 0, 2, 2, 0, 0, 0, 0, 1, 1, 0 ], 
  [ 0, 1, 2, 2, 1, 0, 2, 0, 1, 1 ], [ 1, 1, 2, 1, 0, 1, 2, 0, 2, 2 ], 
  [ 2, 2, 1, 1, 0, 1, 2, 0, 0, 1 ], [ 1, 0, 2, 1, 0, 1, 1, 0, 2, 1 ], 
  [ 2, 0, 2, 1, 0, 0, 0, 0, 1, 2 ], [ 1, 0, 0, 1, 1, 1, 2, 1, 0, 2 ] ]
CLASS n=5 order=39 size=27228558737222173900800 fixed=-1 real=true M=
[ [ 2, 0, 1, 1, 2, 2, 1, 0, 1, 2 ], [ 1, 2, 2, 2, 0, 2, 1, 0, 0, 2 ], 
  [ 0, 1, 0, 1, 0, 0, 2, 2, 1, 0 ], [ 2, 0, 2, 1, 2, 0, 2, 1, 0, 1 ], 
  [ 0, 0, 0, 0, 2, 1, 1, 2, 2, 1 ], [ 0, 1, 1, 1, 2, 0, 0, 1, 2, 2 ], 
  [ 0, 1, 0, 0, 2, 1, 1, 1, 2, 0 ], [ 0, 1, 0, 1, 0, 2, 2, 1, 2, 2 ], 
  [ 0, 2, 0, 2, 2, 1, 0, 1, 0, 1 ], [ 2, 0, 0, 0, 0, 2, 0, 2, 2, 1 ] ]
CLASS n=5 order=78 size=163371352423333043404800 fixed=-1 real=false M=
[ [ 1, 0, 0, 0, 1, 1, 1, 0, 1, 1 ], [ 2, 0, 0, 2, 1, 1, 0, 0, 0, 1 ], 
  [ 0, 2, 2, 1, 2, 0, 0, 0, 1, 1 ], [ 1, 2, 1, 0, 2, 1, 0, 0, 1, 0 ], 
  [ 1, 0, 0, 2, 2, 0, 2, 1, 1, 2 ], [ 0, 2, 2, 0, 1, 1, 1, 1, 0, 0 ], 
  [ 0, 1, 1, 0, 0, 1, 0, 2, 1, 0 ], [ 2, 0, 1, 2, 0, 0, 2, 2, 1, 2 ], 
  [ 2, 1, 1, 0, 2, 2, 0, 1, 0, 1 ], [ 0, 0, 1, 1, 1, 1, 2, 0, 1, 1 ] ]
CLASS n=5 order=78 size=163371352423333043404800 fixed=-1 real=false M=
[ [ 0, 2, 2, 2, 1, 2, 2, 0, 1, 0 ], [ 2, 1, 1, 1, 0, 2, 1, 0, 1, 0 ], 
  [ 1, 1, 1, 1, 1, 0, 0, 0, 2, 1 ], [ 2, 0, 2, 1, 2, 0, 2, 0, 1, 1 ], 
  [ 0, 1, 1, 2, 0, 0, 2, 1, 0, 2 ], [ 2, 2, 2, 1, 0, 0, 0, 1, 1, 1 ], 
  [ 0, 1, 1, 0, 0, 1, 0, 2, 1, 0 ], [ 0, 2, 0, 2, 2, 0, 2, 2, 2, 2 ], 
  [ 0, 0, 0, 0, 1, 2, 0, 1, 1, 1 ], [ 1, 0, 1, 0, 2, 2, 0, 0, 0, 0 ] ]
CLASS n=5 order=78 size=163371352423333043404800 fixed=-1 real=false M=
[ [ 1, 1, 2, 2, 1, 0, 0, 1, 2, 2 ], [ 1, 0, 2, 2, 0, 2, 0, 0, 0, 0 ], 
  [ 0, 2, 2, 0, 2, 1, 1, 2, 2, 0 ], [ 0, 2, 2, 1, 0, 0, 0, 2, 0, 0 ], 
  [ 1, 1, 2, 2, 2, 1, 0, 1, 2, 0 ], [ 0, 1, 2, 2, 2, 0, 1, 0, 0, 0 ], 
  [ 0, 0, 2, 2, 0, 0, 1, 0, 0, 2 ], [ 0, 0, 2, 1, 2, 0, 0, 2, 1, 2 ], 
  [ 1, 0, 2, 1, 2, 2, 2, 2, 0, 0 ], [ 0, 1, 1, 1, 2, 1, 2, 1, 2, 2 ] ]
CLASS n=5 order=78 size=163371352423333043404800 fixed=-1 real=false M=
[ [ 2, 2, 0, 0, 1, 2, 2, 1, 2, 0 ], [ 1, 2, 1, 0, 1, 1, 2, 0, 2, 1 ], 
  [ 2, 0, 0, 0, 0, 1, 1, 2, 1, 0 ], [ 2, 1, 1, 0, 0, 1, 1, 2, 0, 2 ], 
  [ 2, 0, 1, 2, 1, 1, 0, 1, 0, 0 ], [ 1, 1, 2, 1, 0, 1, 2, 0, 2, 2 ], 
  [ 0, 0, 2, 2, 0, 0, 1, 0, 0, 2 ], [ 2, 1, 0, 1, 0, 0, 0, 2, 0, 2 ], 
  [ 0, 1, 0, 1, 0, 2, 2, 2, 2, 0 ], [ 2, 1, 1, 2, 1, 0, 1, 1, 0, 0 ] ]
CLASS n=5 order=39 size=4538093122870362316800 fixed=-1 real=false M=
[ [ 1, 0, 2, 2, 2, 2, 0, 1, 1, 1 ], [ 1, 2, 2, 0, 2, 2, 1, 1, 2, 0 ], 
  [ 1, 2, 2, 1, 1, 1, 0, 0, 2, 2 ], [ 2, 1, 0, 1, 0, 2, 1, 0, 2, 2 ], 
  [ 1, 2, 2, 2, 1, 1, 1, 0, 1, 0 ], [ 0, 0, 1, 2, 0, 2, 2, 0, 1, 0 ], 
  [ 1, 2, 0, 0, 2, 2, 2, 1, 2, 2 ], [ 1, 1, 0, 1, 1, 0, 1, 1, 2, 2 ], 
  [ 0, 2, 0, 1, 1, 2, 2, 0, 2, 1 ], [ 0, 1, 2, 2, 0, 2, 1, 2, 2, 1 ] ]
CLASS n=5 order=39 size=4538093122870362316800 fixed=-1 real=false M=
[ [ 2, 0, 1, 1, 1, 1, 0, 2, 2, 2 ], [ 1, 1, 1, 1, 0, 0, 1, 2, 2, 1 ], 
  [ 1, 1, 1, 0, 1, 1, 2, 0, 2, 2 ], [ 1, 2, 0, 2, 0, 1, 2, 0, 1, 1 ], 
  [ 0, 1, 1, 0, 0, 0, 0, 0, 1, 2 ], [ 2, 0, 2, 2, 2, 0, 0, 0, 0, 1 ], 
  [ 2, 1, 0, 0, 1, 1, 1, 2, 1, 1 ], [ 1, 2, 0, 0, 1, 2, 1, 2, 2, 2 ], 
  [ 2, 1, 0, 0, 1, 0, 0, 0, 2, 0 ], [ 1, 2, 1, 0, 1, 2, 0, 1, 0, 1 ] ]
CLASS n=5 order=39 size=4538093122870362316800 fixed=-1 real=false M=
[ [ 1, 2, 2, 0, 2, 0, 0, 1, 1, 1 ], [ 2, 1, 1, 1, 2, 1, 2, 2, 1, 0 ], 
  [ 1, 2, 2, 1, 1, 2, 2, 1, 1, 0 ], [ 0, 2, 0, 0, 1, 1, 2, 2, 0, 1 ], 
  [ 0, 1, 1, 1, 1, 2, 0, 1, 0, 2 ], [ 0, 1, 1, 0, 2, 2, 2, 2, 0, 0 ], 
  [ 2, 1, 1, 2, 0, 0, 1, 1, 2, 2 ], [ 0, 2, 1, 1, 0, 1, 2, 2, 1, 0 ], 
  [ 0, 1, 1, 0, 1, 2, 1, 0, 2, 1 ], [ 2, 2, 1, 1, 2, 0, 2, 0, 2, 1 ] ]
CLASS n=5 order=39 size=4538093122870362316800 fixed=-1 real=false M=
[ [ 1, 2, 2, 0, 2, 0, 0, 1, 1, 1 ], [ 0, 1, 1, 0, 0, 2, 0, 2, 0, 2 ], 
  [ 2, 2, 2, 0, 2, 0, 0, 1, 0, 2 ], [ 0, 2, 0, 0, 1, 1, 2, 2, 0, 1 ], 
  [ 2, 1, 1, 2, 0, 1, 2, 1, 1, 0 ], [ 1, 1, 1, 2, 0, 0, 0, 2, 2, 2 ], 
  [ 2, 1, 1, 2, 0, 0, 1, 1, 2, 2 ], [ 1, 2, 1, 0, 1, 2, 0, 2, 0, 2 ], 
  [ 1, 1, 1, 2, 2, 0, 2, 0, 1, 0 ], [ 1, 2, 1, 2, 1, 2, 1, 0, 0, 2 ] ]
CLASS n=5 order=78 size=40842838105833260851200 fixed=-1 real=false M=
[ [ 1, 1, 2, 1, 2, 0, 1, 1, 1, 0 ], [ 0, 0, 0, 1, 0, 1, 0, 1, 2, 2 ], 
  [ 0, 2, 1, 1, 0, 0, 1, 0, 0, 1 ], [ 1, 0, 0, 1, 0, 2, 2, 2, 0, 1 ], 
  [ 0, 1, 2, 0, 0, 0, 2, 0, 1, 0 ], [ 2, 2, 0, 0, 1, 1, 1, 1, 0, 1 ], 
  [ 1, 0, 0, 0, 1, 0, 2, 1, 2, 2 ], [ 2, 1, 0, 1, 0, 2, 0, 2, 2, 2 ], 
  [ 2, 1, 0, 2, 2, 0, 1, 0, 1, 1 ], [ 2, 0, 1, 0, 0, 0, 1, 1, 2, 0 ] ]
CLASS n=5 order=78 size=40842838105833260851200 fixed=-1 real=false M=
[ [ 2, 2, 1, 2, 1, 0, 2, 2, 2, 0 ], [ 2, 0, 0, 0, 2, 1, 2, 2, 2, 2 ], 
  [ 2, 1, 2, 0, 2, 2, 1, 0, 1, 0 ], [ 2, 0, 0, 2, 0, 1, 1, 1, 0, 2 ], 
  [ 1, 2, 1, 2, 1, 1, 2, 0, 1, 2 ], [ 0, 1, 0, 1, 1, 1, 1, 2, 1, 0 ], 
  [ 2, 0, 0, 0, 2, 0, 1, 2, 1, 1 ], [ 0, 2, 0, 0, 2, 0, 2, 1, 2, 2 ], 
  [ 0, 2, 0, 2, 0, 2, 1, 0, 0, 0 ], [ 2, 0, 2, 2, 1, 1, 0, 2, 0, 2 ] ]
CLASS n=5 order=78 size=40842838105833260851200 fixed=-1 real=false M=
[ [ 1, 0, 1, 0, 0, 0, 2, 0, 2, 0 ], [ 1, 0, 0, 1, 1, 2, 0, 1, 2, 2 ], 
  [ 1, 2, 2, 0, 0, 2, 0, 1, 2, 1 ], [ 2, 2, 0, 0, 1, 2, 0, 2, 1, 0 ], 
  [ 2, 2, 2, 2, 1, 0, 0, 2, 1, 2 ], [ 1, 2, 1, 1, 2, 1, 1, 0, 0, 0 ], 
  [ 1, 0, 2, 2, 1, 2, 2, 2, 1, 0 ], [ 2, 1, 2, 1, 0, 2, 1, 0, 2, 2 ], 
  [ 0, 0, 2, 1, 0, 0, 0, 1, 2, 0 ], [ 1, 2, 1, 0, 1, 2, 0, 1, 0, 1 ] ]
CLASS n=5 order=78 size=40842838105833260851200 fixed=-1 real=false M=
[ [ 2, 0, 2, 0, 0, 0, 1, 0, 1, 0 ], [ 1, 0, 0, 0, 1, 0, 2, 2, 2, 2 ], 
  [ 1, 1, 1, 1, 2, 0, 2, 2, 2, 0 ], [ 1, 1, 0, 0, 2, 1, 0, 1, 2, 0 ], 
  [ 2, 1, 1, 0, 0, 1, 1, 1, 1, 0 ], [ 1, 1, 2, 0, 0, 1, 1, 0, 1, 1 ], 
  [ 2, 0, 1, 1, 2, 1, 1, 1, 2, 0 ], [ 0, 2, 1, 0, 2, 0, 1, 0, 2, 2 ], 
  [ 2, 0, 1, 0, 2, 2, 2, 2, 2, 1 ], [ 0, 1, 2, 2, 0, 2, 1, 2, 2, 1 ] ]
CLASS n=5 order=52 size=61264257158749891276800 fixed=-1 real=true M=
[ [ 1, 0, 1, 1, 2, 1, 1, 1, 2, 0 ], [ 1, 2, 1, 2, 2, 1, 1, 1, 0, 2 ], 
  [ 0, 2, 2, 2, 0, 0, 2, 2, 0, 2 ], [ 2, 0, 1, 2, 1, 2, 0, 2, 2, 0 ], 
  [ 1, 1, 2, 0, 1, 2, 2, 0, 1, 0 ], [ 1, 2, 2, 2, 1, 1, 0, 1, 0, 1 ], 
  [ 1, 2, 2, 1, 1, 1, 1, 0, 0, 1 ], [ 1, 2, 0, 0, 2, 2, 0, 1, 0, 2 ], 
  [ 0, 1, 0, 1, 1, 0, 2, 1, 0, 0 ], [ 1, 1, 0, 2, 2, 2, 1, 2, 2, 0 ] ]
CLASS n=5 order=52 size=61264257158749891276800 fixed=-1 real=true M=
[ [ 2, 1, 1, 0, 1, 0, 2, 0, 0, 1 ], [ 2, 2, 0, 1, 1, 0, 1, 2, 0, 1 ], 
  [ 2, 0, 0, 2, 1, 1, 1, 0, 1, 2 ], [ 0, 1, 2, 0, 0, 2, 0, 1, 0, 0 ], 
  [ 2, 0, 0, 1, 1, 2, 1, 1, 0, 1 ], [ 0, 2, 0, 0, 2, 1, 2, 2, 0, 1 ], 
  [ 2, 2, 2, 1, 1, 1, 1, 2, 2, 2 ], [ 2, 0, 0, 2, 0, 2, 2, 1, 1, 2 ], 
  [ 2, 2, 0, 0, 2, 2, 0, 1, 0, 1 ], [ 2, 2, 1, 1, 1, 1, 1, 0, 1, 0 ] ]
CLASS n=5 order=156 size=245057028634999565107200 fixed=-1 real=false M=
[ [ 2, 0, 1, 1, 2, 2, 1, 0, 1, 2 ], [ 2, 0, 0, 2, 0, 1, 0, 2, 1, 0 ], 
  [ 0, 0, 2, 0, 1, 2, 1, 0, 2, 1 ], [ 2, 0, 2, 1, 2, 0, 2, 1, 0, 1 ], 
  [ 2, 2, 2, 0, 2, 2, 2, 0, 1, 0 ], [ 1, 2, 2, 1, 2, 2, 2, 0, 0, 0 ], 
  [ 2, 2, 1, 2, 0, 1, 1, 0, 2, 0 ], [ 1, 2, 1, 1, 0, 1, 1, 0, 0, 0 ], 
  [ 1, 0, 1, 2, 2, 0, 2, 0, 1, 2 ], [ 0, 0, 0, 2, 1, 0, 1, 2, 1, 0 ] ]
CLASS n=5 order=156 size=245057028634999565107200 fixed=-1 real=false M=
[ [ 1, 0, 2, 2, 1, 1, 2, 0, 2, 1 ], [ 0, 0, 0, 2, 2, 1, 2, 1, 0, 1 ], 
  [ 2, 0, 1, 1, 1, 0, 1, 0, 2, 0 ], [ 1, 0, 1, 2, 1, 0, 1, 2, 0, 2 ], 
  [ 2, 1, 1, 2, 2, 2, 2, 0, 1, 2 ], [ 1, 1, 1, 0, 0, 0, 0, 0, 1, 1 ], 
  [ 1, 1, 2, 1, 0, 2, 2, 0, 1, 0 ], [ 1, 1, 2, 0, 2, 1, 1, 0, 1, 1 ], 
  [ 1, 0, 2, 2, 0, 2, 0, 0, 0, 2 ], [ 1, 0, 0, 0, 0, 1, 0, 1, 1, 2 ] ]
CLASS n=5 order=156 size=245057028634999565107200 fixed=-1 real=false M=
[ [ 0, 2, 2, 1, 0, 1, 1, 0, 2, 1 ], [ 0, 2, 1, 2, 1, 1, 2, 0, 1, 0 ], 
  [ 0, 0, 2, 1, 1, 1, 1, 1, 2, 1 ], [ 0, 0, 2, 1, 2, 2, 1, 2, 1, 2 ], 
  [ 1, 2, 1, 0, 2, 1, 0, 1, 2, 0 ], [ 0, 0, 2, 2, 2, 0, 0, 1, 2, 2 ], 
  [ 0, 1, 1, 1, 1, 0, 0, 2, 1, 1 ], [ 2, 2, 0, 2, 0, 1, 2, 2, 2, 0 ], 
  [ 0, 0, 0, 0, 2, 2, 2, 0, 1, 0 ], [ 0, 2, 1, 1, 0, 0, 0, 2, 0, 0 ] ]
CLASS n=5 order=156 size=245057028634999565107200 fixed=-1 real=false M=
[ [ 0, 1, 1, 2, 0, 2, 2, 0, 1, 2 ], [ 2, 1, 2, 2, 1, 1, 0, 0, 0, 1 ], 
  [ 2, 0, 1, 0, 1, 1, 1, 2, 2, 0 ], [ 0, 0, 1, 2, 1, 1, 2, 1, 2, 1 ], 
  [ 0, 1, 2, 2, 2, 0, 1, 2, 0, 2 ], [ 2, 0, 1, 2, 0, 2, 2, 2, 2, 2 ], 
  [ 0, 2, 2, 2, 2, 0, 0, 1, 2, 2 ], [ 0, 1, 0, 2, 2, 1, 0, 1, 2, 1 ], 
  [ 2, 0, 0, 1, 0, 0, 0, 0, 0, 1 ], [ 1, 1, 2, 1, 1, 1, 1, 1, 2, 2 ] ]
CLASS n=5 order=12 size=694764893639520 fixed=-1 real=false M=
[ [ 2, 2, 2, 1, 1, 2, 2, 0, 2, 1 ], [ 1, 0, 2, 0, 2, 1, 0, 0, 2, 2 ], 
  [ 0, 1, 1, 2, 1, 0, 2, 1, 2, 0 ], [ 2, 1, 1, 2, 1, 0, 0, 0, 2, 0 ], 
  [ 1, 1, 0, 2, 0, 0, 1, 0, 1, 0 ], [ 2, 0, 1, 0, 1, 0, 0, 0, 0, 2 ], 
  [ 0, 2, 2, 2, 1, 2, 1, 1, 1, 1 ], [ 0, 2, 0, 0, 0, 1, 0, 2, 1, 2 ], 
  [ 2, 2, 0, 1, 2, 0, 2, 0, 1, 0 ], [ 0, 2, 1, 0, 2, 0, 1, 1, 2, 2 ] ]
CLASS n=5 order=12 size=694764893639520 fixed=-1 real=false M=
[ [ 1, 1, 1, 2, 2, 1, 1, 0, 1, 2 ], [ 0, 0, 1, 2, 2, 0, 1, 0, 0, 0 ], 
  [ 1, 2, 2, 0, 0, 1, 2, 2, 0, 2 ], [ 1, 2, 2, 1, 2, 0, 0, 0, 1, 0 ], 
  [ 1, 2, 0, 2, 2, 2, 1, 0, 0, 1 ], [ 2, 0, 2, 2, 0, 1, 1, 0, 2, 0 ], 
  [ 0, 1, 1, 1, 2, 1, 2, 2, 2, 2 ], [ 1, 1, 0, 2, 1, 0, 1, 1, 1, 0 ], 
  [ 2, 1, 0, 1, 2, 1, 2, 0, 1, 2 ], [ 2, 1, 2, 1, 0, 2, 1, 2, 2, 2 ] ]
CLASS n=5 order=52 size=61264257158749891276800 fixed=-1 real=true M=
[ [ 0, 1, 2, 1, 2, 1, 0, 2, 2, 0 ], [ 2, 0, 2, 1, 1, 2, 2, 0, 1, 2 ], 
  [ 1, 1, 2, 0, 2, 2, 2, 1, 2, 1 ], [ 2, 2, 1, 0, 0, 2, 1, 2, 1, 2 ], 
  [ 1, 0, 1, 0, 2, 1, 0, 1, 1, 1 ], [ 1, 0, 2, 1, 2, 1, 2, 0, 2, 1 ], 
  [ 0, 1, 0, 1, 2, 1, 1, 2, 1, 0 ], [ 1, 1, 2, 2, 2, 1, 2, 2, 1, 0 ], 
  [ 2, 2, 2, 2, 2, 1, 1, 2, 1, 1 ], [ 2, 1, 2, 0, 1, 2, 2, 1, 0, 1 ] ]
CLASS n=5 order=52 size=61264257158749891276800 fixed=-1 real=true M=
[ [ 2, 0, 0, 2, 0, 0, 0, 1, 0, 1 ], [ 0, 1, 0, 2, 1, 1, 2, 2, 2, 1 ], 
  [ 2, 2, 1, 2, 1, 2, 1, 1, 1, 2 ], [ 0, 1, 2, 0, 0, 2, 0, 0, 1, 0 ], 
  [ 0, 0, 0, 0, 1, 0, 2, 1, 1, 2 ], [ 0, 2, 1, 1, 1, 1, 0, 2, 2, 0 ], 
  [ 2, 0, 0, 0, 0, 0, 0, 2, 0, 2 ], [ 1, 2, 2, 0, 1, 2, 0, 2, 0, 0 ], 
  [ 2, 1, 2, 0, 1, 0, 2, 1, 2, 1 ], [ 1, 0, 0, 1, 0, 1, 2, 2, 1, 2 ] ]
CLASS n=5 order=156 size=245057028634999565107200 fixed=-1 real=false M=
[ [ 2, 0, 1, 0, 1, 0, 1, 0, 0, 0 ], [ 0, 2, 0, 2, 0, 2, 0, 2, 2, 1 ], 
  [ 2, 2, 2, 1, 1, 1, 1, 0, 0, 0 ], [ 2, 1, 1, 0, 0, 1, 1, 0, 2, 2 ], 
  [ 0, 1, 1, 2, 1, 1, 1, 1, 1, 2 ], [ 1, 0, 2, 2, 1, 0, 2, 1, 1, 2 ], 
  [ 2, 0, 0, 0, 2, 1, 0, 2, 0, 1 ], [ 0, 1, 1, 1, 0, 2, 2, 1, 1, 2 ], 
  [ 2, 1, 1, 0, 1, 2, 2, 2, 1, 2 ], [ 0, 2, 2, 2, 0, 1, 0, 2, 0, 2 ] ]
CLASS n=5 order=156 size=245057028634999565107200 fixed=-1 real=false M=
[ [ 1, 0, 2, 0, 2, 0, 2, 0, 0, 0 ], [ 1, 1, 0, 0, 1, 2, 1, 1, 0, 1 ], 
  [ 2, 1, 1, 1, 0, 0, 0, 0, 2, 2 ], [ 1, 2, 2, 0, 0, 2, 2, 0, 1, 1 ], 
  [ 2, 2, 2, 2, 1, 1, 1, 2, 0, 2 ], [ 0, 0, 1, 0, 0, 1, 2, 2, 1, 0 ], 
  [ 1, 0, 0, 0, 1, 2, 0, 1, 0, 2 ], [ 1, 2, 2, 1, 1, 2, 2, 2, 1, 0 ], 
  [ 2, 2, 2, 2, 0, 2, 2, 1, 1, 0 ], [ 2, 1, 1, 2, 2, 1, 2, 1, 1, 2 ] ]
CLASS n=5 order=156 size=245057028634999565107200 fixed=-1 real=false M=
[ [ 2, 2, 0, 2, 2, 0, 2, 2, 1, 0 ], [ 1, 2, 0, 2, 1, 0, 0, 2, 2, 1 ], 
  [ 0, 2, 0, 0, 1, 0, 0, 1, 2, 0 ], [ 0, 0, 1, 2, 1, 1, 2, 0, 0, 1 ], 
  [ 2, 2, 1, 1, 2, 1, 2, 0, 1, 1 ], [ 0, 0, 0, 0, 2, 0, 2, 0, 1, 1 ], 
  [ 2, 0, 2, 2, 2, 0, 0, 0, 2, 2 ], [ 0, 1, 0, 1, 0, 2, 0, 2, 1, 2 ], 
  [ 0, 0, 0, 2, 2, 2, 1, 0, 2, 1 ], [ 2, 1, 2, 2, 1, 0, 2, 2, 1, 0 ] ]
CLASS n=5 order=156 size=245057028634999565107200 fixed=-1 real=false M=
[ [ 2, 2, 0, 2, 2, 0, 2, 2, 1, 0 ], [ 0, 2, 0, 0, 0, 2, 2, 2, 0, 2 ], 
  [ 2, 2, 0, 1, 0, 2, 2, 1, 0, 1 ], [ 0, 0, 1, 2, 1, 1, 2, 0, 0, 1 ], 
  [ 0, 2, 1, 0, 0, 2, 0, 0, 0, 0 ], [ 2, 0, 0, 1, 1, 2, 1, 0, 2, 2 ], 
  [ 2, 0, 2, 2, 2, 0, 0, 0, 2, 2 ], [ 2, 1, 0, 2, 2, 1, 2, 2, 2, 0 ], 
  [ 2, 0, 0, 0, 1, 1, 0, 0, 0, 2 ], [ 0, 1, 2, 1, 2, 1, 0, 2, 0, 2 ] ]
CLASS n=5 order=78 size=40842838105833260851200 fixed=-1 real=false M=
[ [ 2, 2, 2, 0, 2, 0, 0, 1, 2, 2 ], [ 0, 1, 0, 1, 2, 0, 1, 1, 2, 1 ], 
  [ 1, 1, 0, 1, 1, 0, 0, 0, 0, 2 ], [ 1, 0, 2, 2, 0, 0, 2, 1, 1, 1 ], 
  [ 0, 0, 2, 0, 0, 1, 0, 1, 1, 0 ], [ 2, 2, 1, 0, 2, 1, 1, 0, 0, 1 ], 
  [ 0, 0, 0, 1, 2, 2, 2, 1, 1, 2 ], [ 0, 1, 2, 2, 2, 1, 2, 2, 0, 0 ], 
  [ 1, 2, 2, 0, 1, 2, 2, 0, 2, 0 ], [ 1, 2, 1, 0, 1, 1, 1, 2, 2, 2 ] ]
CLASS n=5 order=78 size=40842838105833260851200 fixed=-1 real=false M=
[ [ 1, 0, 0, 2, 0, 0, 0, 0, 2, 2 ], [ 2, 2, 1, 0, 0, 0, 1, 0, 2, 1 ], 
  [ 2, 0, 2, 2, 0, 0, 0, 1, 0, 2 ], [ 2, 2, 1, 0, 2, 0, 2, 2, 1, 1 ], 
  [ 0, 0, 2, 0, 0, 1, 0, 1, 1, 0 ], [ 0, 1, 0, 1, 1, 1, 1, 1, 0, 1 ], 
  [ 1, 2, 2, 2, 1, 2, 2, 2, 1, 2 ], [ 0, 1, 2, 2, 2, 1, 2, 2, 0, 0 ], 
  [ 1, 2, 2, 0, 1, 2, 2, 0, 2, 0 ], [ 1, 2, 1, 0, 1, 1, 1, 2, 2, 2 ] ]
CLASS n=5 order=78 size=40842838105833260851200 fixed=-1 real=false M=
[ [ 1, 1, 2, 2, 1, 2, 1, 1, 0, 2 ], [ 2, 0, 1, 0, 1, 1, 2, 2, 0, 1 ], 
  [ 1, 0, 2, 0, 2, 1, 2, 2, 2, 0 ], [ 2, 0, 1, 0, 1, 2, 0, 2, 2, 0 ], 
  [ 0, 0, 2, 1, 0, 2, 1, 0, 1, 1 ], [ 0, 0, 1, 1, 1, 1, 1, 0, 2, 1 ], 
  [ 0, 0, 0, 2, 2, 0, 2, 1, 1, 0 ], [ 1, 1, 1, 0, 0, 0, 1, 2, 1, 0 ], 
  [ 0, 0, 1, 1, 2, 1, 0, 1, 2, 1 ], [ 0, 1, 0, 1, 2, 0, 0, 2, 2, 2 ] ]
CLASS n=5 order=78 size=40842838105833260851200 fixed=-1 real=false M=
[ [ 1, 0, 2, 0, 0, 1, 2, 1, 0, 1 ], [ 0, 1, 0, 2, 0, 2, 1, 0, 0, 2 ], 
  [ 0, 2, 0, 1, 0, 2, 1, 2, 1, 0 ], [ 2, 2, 1, 1, 1, 1, 0, 2, 1, 0 ], 
  [ 0, 0, 1, 2, 0, 1, 2, 0, 2, 2 ], [ 1, 2, 1, 0, 1, 2, 2, 1, 1, 2 ], 
  [ 1, 2, 2, 2, 0, 0, 1, 0, 2, 0 ], [ 2, 2, 2, 0, 0, 0, 2, 1, 2, 0 ], 
  [ 0, 0, 2, 2, 1, 2, 0, 2, 1, 2 ], [ 0, 2, 0, 2, 1, 0, 0, 1, 1, 1 ] ]
CLASS n=5 order=39 size=54457117474444347801600 fixed=-1 real=true M=
[ [ 1, 2, 1, 2, 2, 0, 1, 2, 2, 2 ], [ 0, 1, 1, 2, 1, 2, 0, 2, 0, 0 ], 
  [ 2, 2, 0, 1, 2, 2, 0, 2, 2, 1 ], [ 1, 1, 2, 2, 0, 1, 2, 0, 0, 1 ], 
  [ 2, 2, 2, 2, 1, 0, 0, 1, 1, 1 ], [ 1, 1, 1, 0, 0, 0, 0, 0, 1, 1 ], 
  [ 1, 1, 2, 1, 0, 2, 2, 0, 1, 0 ], [ 1, 0, 1, 0, 0, 0, 0, 2, 1, 2 ], 
  [ 1, 2, 1, 2, 1, 1, 2, 2, 0, 0 ], [ 1, 0, 0, 0, 0, 1, 0, 1, 1, 2 ] ]
CLASS n=5 order=39 size=54457117474444347801600 fixed=-1 real=true M=
[ [ 0, 0, 0, 1, 2, 2, 2, 1, 2, 0 ], [ 1, 1, 0, 1, 0, 1, 2, 2, 0, 0 ], 
  [ 1, 1, 0, 0, 1, 0, 0, 2, 1, 2 ], [ 0, 2, 1, 1, 0, 1, 0, 1, 1, 0 ], 
  [ 0, 1, 0, 1, 2, 2, 1, 0, 0, 2 ], [ 1, 0, 2, 1, 0, 1, 1, 1, 1, 1 ], 
  [ 0, 1, 1, 1, 1, 0, 0, 2, 1, 1 ], [ 0, 0, 1, 1, 0, 0, 1, 0, 1, 1 ], 
  [ 1, 1, 1, 2, 2, 1, 1, 1, 0, 1 ], [ 2, 2, 1, 2, 2, 2, 2, 2, 1, 1 ] ]
CLASS n=5 order=78 size=54457117474444347801600 fixed=-1 real=true M=
[ [ 2, 1, 0, 1, 0, 2, 2, 1, 1, 2 ], [ 2, 0, 2, 1, 2, 0, 1, 1, 1, 1 ], 
  [ 2, 1, 2, 0, 2, 0, 2, 1, 1, 2 ], [ 2, 2, 2, 0, 1, 0, 0, 2, 1, 0 ], 
  [ 1, 1, 2, 2, 2, 1, 0, 0, 1, 1 ], [ 1, 1, 1, 0, 2, 2, 0, 0, 0, 1 ], 
  [ 0, 2, 0, 0, 1, 2, 1, 1, 1, 2 ], [ 2, 1, 0, 0, 1, 2, 1, 0, 1, 2 ], 
  [ 0, 1, 0, 1, 0, 2, 1, 0, 0, 2 ], [ 1, 2, 1, 0, 0, 1, 1, 0, 0, 2 ] ]
CLASS n=5 order=78 size=54457117474444347801600 fixed=-1 real=true M=
[ [ 2, 1, 2, 0, 1, 0, 2, 0, 2, 1 ], [ 0, 2, 1, 1, 0, 2, 2, 0, 2, 2 ], 
  [ 1, 2, 0, 2, 1, 0, 0, 1, 0, 0 ], [ 0, 2, 1, 1, 1, 0, 2, 1, 1, 1 ], 
  [ 2, 1, 2, 2, 2, 0, 2, 2, 0, 2 ], [ 1, 2, 1, 0, 0, 0, 1, 1, 0, 2 ], 
  [ 1, 0, 2, 2, 1, 1, 1, 0, 1, 0 ], [ 0, 0, 1, 0, 2, 2, 0, 1, 2, 2 ], 
  [ 1, 1, 1, 0, 2, 2, 2, 1, 2, 0 ], [ 0, 1, 2, 2, 2, 0, 0, 1, 2, 0 ] ]
CLASS n=5 order=78 size=4538093122870362316800 fixed=-1 real=false M=
[ [ 2, 1, 0, 1, 0, 2, 2, 1, 1, 2 ], [ 1, 0, 2, 2, 1, 2, 0, 1, 2, 2 ], 
  [ 1, 1, 2, 1, 1, 2, 1, 1, 2, 0 ], [ 2, 2, 2, 0, 1, 0, 0, 2, 1, 0 ], 
  [ 2, 1, 2, 1, 0, 2, 1, 0, 0, 0 ], [ 0, 1, 1, 1, 1, 1, 2, 0, 1, 2 ], 
  [ 0, 2, 0, 0, 1, 2, 1, 1, 1, 2 ], [ 1, 1, 0, 1, 0, 1, 0, 0, 2, 0 ], 
  [ 2, 1, 0, 2, 2, 1, 0, 0, 1, 0 ], [ 2, 2, 1, 2, 1, 2, 2, 0, 2, 1 ] ]
CLASS n=5 order=78 size=4538093122870362316800 fixed=-1 real=false M=
[ [ 2, 1, 2, 0, 2, 1, 1, 0, 2, 1 ], [ 0, 2, 0, 2, 1, 1, 0, 0, 1, 1 ], 
  [ 1, 0, 2, 1, 0, 1, 2, 1, 1, 0 ], [ 0, 2, 2, 2, 0, 0, 0, 0, 2, 0 ], 
  [ 1, 2, 1, 2, 0, 1, 2, 0, 0, 0 ], [ 2, 0, 0, 1, 0, 2, 1, 2, 2, 1 ], 
  [ 2, 2, 1, 2, 0, 1, 2, 1, 2, 1 ], [ 2, 2, 0, 2, 0, 2, 0, 0, 1, 0 ], 
  [ 1, 2, 0, 1, 1, 2, 0, 0, 2, 0 ], [ 1, 1, 2, 1, 2, 1, 1, 0, 1, 2 ] ]
CLASS n=5 order=78 size=4538093122870362316800 fixed=-1 real=false M=
[ [ 1, 2, 1, 0, 2, 0, 1, 0, 1, 2 ], [ 2, 1, 2, 0, 2, 0, 0, 0, 2, 2 ], 
  [ 1, 1, 0, 2, 1, 2, 2, 2, 1, 1 ], [ 0, 1, 2, 2, 2, 0, 1, 2, 2, 2 ], 
  [ 2, 2, 1, 0, 2, 1, 2, 1, 2, 0 ], [ 1, 1, 2, 1, 2, 2, 1, 2, 1, 2 ], 
  [ 2, 0, 1, 1, 2, 2, 2, 0, 2, 0 ], [ 2, 0, 2, 1, 0, 0, 2, 2, 2, 2 ], 
  [ 1, 2, 2, 1, 0, 0, 0, 2, 2, 1 ], [ 1, 2, 1, 0, 2, 1, 1, 2, 0, 2 ] ]
CLASS n=5 order=78 size=4538093122870362316800 fixed=-1 real=false M=
[ [ 0, 0, 1, 1, 0, 0, 2, 1, 2, 1 ], [ 2, 1, 0, 1, 0, 0, 0, 1, 1, 1 ], 
  [ 1, 0, 1, 0, 0, 1, 1, 0, 2, 2 ], [ 2, 0, 2, 0, 2, 0, 2, 0, 1, 1 ], 
  [ 1, 1, 2, 0, 1, 2, 1, 2, 1, 0 ], [ 1, 0, 2, 1, 2, 1, 2, 0, 2, 1 ], 
  [ 0, 1, 0, 1, 2, 1, 1, 2, 1, 0 ], [ 1, 0, 1, 2, 0, 0, 1, 1, 1, 1 ], 
  [ 2, 1, 1, 2, 0, 0, 0, 1, 1, 2 ], [ 2, 1, 2, 0, 1, 2, 2, 1, 0, 1 ] ]
CLASS n=5 order=78 size=163371352423333043404800 fixed=-1 real=false M=
[ [ 2, 2, 0, 0, 2, 0, 2, 0, 0, 0 ], [ 2, 2, 0, 0, 2, 1, 1, 1, 2, 0 ], 
  [ 1, 1, 2, 2, 0, 0, 0, 0, 1, 0 ], [ 0, 0, 1, 1, 1, 1, 2, 2, 1, 1 ], 
  [ 1, 2, 1, 1, 1, 0, 1, 2, 0, 2 ], [ 1, 0, 0, 2, 0, 1, 0, 0, 0, 0 ], 
  [ 2, 2, 1, 1, 0, 2, 2, 1, 0, 0 ], [ 1, 1, 0, 1, 1, 0, 1, 0, 2, 1 ], 
  [ 1, 0, 0, 2, 0, 0, 2, 1, 0, 0 ], [ 1, 0, 1, 2, 1, 1, 0, 0, 0, 2 ] ]
CLASS n=5 order=78 size=163371352423333043404800 fixed=-1 real=false M=
[ [ 0, 2, 1, 2, 2, 0, 1, 2, 0, 0 ], [ 2, 2, 1, 0, 1, 1, 1, 1, 2, 1 ], 
  [ 2, 1, 0, 0, 1, 2, 2, 1, 0, 1 ], [ 1, 2, 1, 0, 1, 2, 1, 2, 2, 2 ], 
  [ 0, 1, 2, 1, 0, 1, 0, 1, 2, 0 ], [ 2, 2, 2, 0, 1, 1, 2, 1, 1, 1 ], 
  [ 2, 0, 1, 0, 2, 1, 1, 0, 0, 0 ], [ 1, 2, 0, 0, 1, 2, 1, 0, 2, 0 ], 
  [ 1, 0, 0, 2, 2, 2, 0, 2, 1, 1 ], [ 0, 0, 2, 0, 0, 0, 1, 0, 2, 0 ] ]
CLASS n=5 order=78 size=163371352423333043404800 fixed=-1 real=false M=
[ [ 1, 0, 0, 1, 1, 1, 1, 0, 0, 0 ], [ 2, 0, 2, 1, 1, 1, 0, 0, 0, 0 ], 
  [ 2, 2, 1, 1, 0, 1, 2, 1, 1, 1 ], [ 1, 1, 2, 1, 0, 1, 2, 0, 0, 1 ], 
  [ 1, 0, 1, 1, 2, 1, 1, 2, 2, 0 ], [ 2, 1, 0, 2, 2, 2, 0, 2, 2, 0 ], 
  [ 2, 0, 0, 1, 1, 2, 0, 2, 0, 0 ], [ 1, 0, 1, 2, 1, 1, 0, 1, 0, 0 ], 
  [ 2, 2, 1, 0, 0, 0, 0, 2, 0, 0 ], [ 1, 1, 1, 0, 1, 0, 1, 1, 0, 1 ] ]
CLASS n=5 order=78 size=163371352423333043404800 fixed=-1 real=false M=
[ [ 0, 2, 2, 0, 1, 2, 2, 1, 0, 0 ], [ 0, 2, 0, 2, 2, 0, 1, 1, 2, 2 ], 
  [ 1, 2, 0, 0, 2, 0, 2, 1, 1, 1 ], [ 1, 0, 2, 1, 1, 2, 1, 2, 0, 2 ], 
  [ 1, 0, 2, 0, 0, 1, 1, 1, 2, 1 ], [ 1, 0, 1, 2, 0, 2, 1, 0, 0, 2 ], 
  [ 0, 1, 1, 1, 0, 1, 0, 0, 0, 0 ], [ 0, 0, 2, 0, 0, 0, 1, 2, 2, 2 ], 
  [ 2, 1, 2, 2, 1, 1, 1, 1, 2, 2 ], [ 1, 2, 2, 1, 1, 2, 1, 2, 1, 0 ] ]
CLASS n=5 order=6 size=77196099293280 fixed=-1 real=true M=
[ [ 2, 0, 0, 1, 0, 0, 0, 1, 2, 0 ], [ 1, 2, 1, 0, 0, 0, 2, 2, 2, 0 ], 
  [ 0, 2, 2, 2, 0, 1, 0, 2, 2, 2 ], [ 2, 0, 0, 2, 2, 2, 2, 2, 2, 1 ], 
  [ 1, 0, 2, 2, 1, 2, 0, 2, 1, 1 ], [ 2, 0, 1, 0, 1, 0, 0, 0, 0, 2 ], 
  [ 0, 2, 2, 2, 1, 2, 1, 1, 1, 1 ], [ 0, 0, 1, 0, 2, 2, 1, 0, 1, 1 ], 
  [ 2, 0, 1, 1, 1, 1, 0, 1, 1, 2 ], [ 0, 2, 1, 0, 2, 0, 1, 1, 2, 2 ] ]
CLASS n=5 order=78 size=27228558737222173900800 fixed=-1 real=true M=
[ [ 2, 1, 0, 0, 0, 0, 1, 0, 1, 2 ], [ 1, 1, 2, 1, 2, 1, 1, 2, 1, 0 ], 
  [ 1, 0, 0, 0, 1, 2, 2, 2, 2, 0 ], [ 2, 1, 0, 0, 2, 0, 2, 0, 2, 1 ], 
  [ 1, 1, 0, 2, 2, 2, 2, 0, 1, 1 ], [ 2, 0, 1, 0, 2, 2, 0, 2, 1, 2 ], 
  [ 1, 1, 1, 0, 1, 2, 0, 0, 1, 1 ], [ 0, 1, 0, 1, 0, 1, 1, 1, 1, 2 ], 
  [ 2, 2, 0, 2, 2, 1, 0, 2, 2, 0 ], [ 0, 0, 2, 2, 2, 0, 2, 0, 2, 1 ] ]
CLASS n=5 order=78 size=27228558737222173900800 fixed=-1 real=true M=
[ [ 2, 0, 1, 0, 0, 1, 1, 0, 2, 1 ], [ 2, 1, 0, 0, 1, 2, 1, 2, 0, 2 ], 
  [ 1, 2, 1, 2, 0, 1, 2, 1, 2, 2 ], [ 2, 2, 0, 2, 0, 0, 1, 1, 2, 2 ], 
  [ 0, 1, 0, 1, 2, 2, 2, 2, 2, 1 ], [ 0, 2, 2, 0, 0, 1, 0, 2, 2, 1 ], 
  [ 1, 0, 1, 1, 2, 1, 2, 1, 1, 2 ], [ 0, 0, 1, 2, 0, 0, 2, 1, 0, 0 ], 
  [ 2, 2, 1, 2, 0, 0, 0, 0, 1, 2 ], [ 0, 2, 0, 0, 2, 0, 2, 1, 0, 0 ] ]
CLASS n=5 order=12 size=1389529787279040 fixed=-1 real=true M=
[ [ 2, 0, 0, 1, 1, 1, 1, 2, 0, 2 ], [ 0, 0, 1, 2, 2, 0, 1, 0, 0, 0 ], 
  [ 2, 2, 0, 0, 0, 1, 1, 1, 2, 2 ], [ 2, 0, 0, 2, 2, 2, 2, 0, 1, 1 ], 
  [ 1, 1, 2, 1, 0, 1, 0, 1, 1, 2 ], [ 1, 2, 1, 1, 0, 2, 2, 0, 2, 2 ], 
  [ 0, 0, 1, 0, 2, 2, 2, 1, 1, 1 ], [ 2, 2, 1, 0, 1, 2, 0, 1, 1, 1 ], 
  [ 2, 2, 1, 2, 1, 2, 0, 2, 0, 1 ], [ 2, 1, 0, 1, 2, 1, 2, 0, 0, 0 ] ]
CLASS n=5 order=156 size=490114057269999130214400 fixed=-1 real=true M=
[ [ 1, 0, 1, 0, 2, 2, 2, 1, 1, 0 ], [ 1, 0, 1, 2, 1, 0, 2, 2, 2, 2 ], 
  [ 2, 2, 2, 0, 1, 0, 0, 1, 1, 1 ], [ 0, 0, 0, 2, 2, 1, 1, 1, 2, 2 ], 
  [ 1, 0, 2, 2, 2, 2, 0, 1, 0, 2 ], [ 0, 0, 0, 1, 1, 0, 2, 0, 0, 0 ], 
  [ 2, 2, 2, 1, 2, 0, 0, 1, 1, 2 ], [ 0, 1, 2, 2, 2, 2, 0, 0, 2, 0 ], 
  [ 1, 1, 2, 1, 2, 1, 2, 2, 2, 1 ], [ 2, 1, 0, 0, 2, 1, 0, 1, 1, 2 ] ]
CLASS n=5 order=156 size=490114057269999130214400 fixed=-1 real=true M=
[ [ 1, 1, 0, 2, 0, 2, 0, 1, 2, 0 ], [ 0, 1, 2, 2, 0, 1, 1, 0, 1, 1 ], 
  [ 1, 1, 2, 1, 2, 0, 1, 0, 1, 0 ], [ 1, 2, 0, 0, 2, 2, 0, 2, 2, 0 ], 
  [ 2, 1, 0, 0, 0, 0, 1, 0, 2, 1 ], [ 1, 0, 1, 2, 0, 1, 0, 2, 0, 0 ], 
  [ 0, 2, 2, 0, 2, 0, 1, 1, 0, 2 ], [ 1, 1, 0, 1, 1, 0, 2, 2, 1, 2 ], 
  [ 1, 0, 0, 1, 2, 1, 1, 0, 2, 0 ], [ 0, 2, 0, 1, 2, 1, 2, 1, 0, 2 ] ]
CLASS n=5 order=20 size=6636961192197904888320 fixed=-1 real=true M=
[ [ 1, 0, 0, 2, 0, 2, 0, 1, 1, 1 ], [ 2, 0, 1, 2, 0, 0, 1, 2, 2, 0 ], 
  [ 2, 2, 2, 1, 0, 2, 1, 0, 2, 2 ], [ 1, 2, 2, 2, 0, 0, 2, 1, 1, 2 ], 
  [ 0, 1, 1, 0, 0, 1, 2, 2, 1, 1 ], [ 1, 0, 0, 0, 1, 1, 1, 1, 2, 2 ], 
  [ 1, 0, 2, 1, 0, 0, 2, 2, 1, 1 ], [ 2, 2, 1, 1, 0, 2, 0, 2, 2, 2 ], 
  [ 1, 0, 2, 0, 1, 0, 2, 2, 1, 0 ], [ 0, 1, 1, 0, 0, 2, 2, 2, 1, 1 ] ]
CLASS n=5 order=30 size=11799042119462942023680 fixed=-1 real=false M=
[ [ 1, 0, 1, 1, 0, 2, 0, 0, 2, 2 ], [ 1, 0, 1, 1, 0, 0, 1, 0, 2, 1 ], 
  [ 2, 2, 1, 1, 1, 1, 2, 0, 1, 1 ], [ 1, 1, 0, 0, 1, 1, 0, 1, 0, 2 ], 
  [ 2, 0, 2, 2, 2, 0, 2, 2, 0, 2 ], [ 1, 0, 2, 1, 1, 0, 0, 2, 2, 2 ], 
  [ 2, 2, 0, 2, 1, 2, 0, 2, 2, 1 ], [ 0, 0, 0, 2, 2, 1, 2, 2, 0, 1 ], 
  [ 1, 1, 1, 0, 0, 2, 1, 1, 2, 2 ], [ 2, 0, 1, 0, 1, 0, 1, 0, 1, 1 ] ]
CLASS n=5 order=30 size=11799042119462942023680 fixed=-1 real=false M=
[ [ 2, 0, 2, 2, 0, 1, 0, 0, 1, 1 ], [ 2, 0, 2, 1, 2, 0, 2, 2, 2, 1 ], 
  [ 2, 1, 2, 2, 0, 0, 0, 1, 1, 2 ], [ 2, 2, 2, 0, 0, 1, 2, 1, 1, 1 ], 
  [ 1, 0, 2, 2, 1, 1, 2, 0, 1, 2 ], [ 1, 0, 2, 1, 2, 0, 2, 0, 2, 0 ], 
  [ 2, 1, 1, 2, 0, 0, 0, 1, 1, 0 ], [ 0, 0, 2, 2, 0, 1, 0, 1, 0, 0 ], 
  [ 0, 2, 2, 0, 1, 2, 1, 0, 0, 1 ], [ 2, 0, 0, 1, 0, 2, 2, 0, 2, 0 ] ]
CLASS n=5 order=60 size=212382758150332956426240 fixed=-1 real=false M=
[ [ 1, 1, 2, 2, 0, 1, 2, 2, 2, 1 ], [ 1, 0, 2, 1, 0, 0, 1, 1, 2, 0 ], 
  [ 0, 2, 0, 2, 2, 0, 2, 2, 1, 0 ], [ 0, 2, 0, 1, 2, 0, 2, 0, 2, 2 ], 
  [ 0, 0, 1, 0, 0, 0, 2, 2, 2, 2 ], [ 0, 2, 0, 0, 2, 2, 2, 0, 2, 0 ], 
  [ 2, 1, 1, 2, 2, 1, 1, 0, 0, 0 ], [ 0, 1, 1, 0, 2, 1, 1, 1, 0, 0 ], 
  [ 2, 0, 0, 2, 1, 0, 0, 1, 1, 2 ], [ 0, 0, 2, 2, 1, 1, 1, 1, 0, 2 ] ]
CLASS n=5 order=60 size=212382758150332956426240 fixed=-1 real=false M=
[ [ 1, 1, 2, 2, 0, 1, 2, 2, 2, 1 ], [ 0, 0, 2, 1, 2, 2, 2, 0, 0, 0 ], 
  [ 1, 2, 2, 0, 2, 0, 0, 0, 0, 1 ], [ 2, 2, 2, 1, 2, 1, 2, 1, 1, 2 ], 
  [ 2, 0, 2, 0, 1, 0, 1, 2, 2, 2 ], [ 2, 2, 2, 2, 1, 0, 2, 0, 2, 2 ], 
  [ 2, 1, 1, 0, 0, 1, 1, 1, 2, 1 ], [ 0, 1, 0, 0, 0, 0, 0, 0, 1, 0 ], 
  [ 0, 0, 2, 0, 1, 0, 1, 2, 0, 0 ], [ 0, 0, 2, 0, 2, 1, 1, 2, 2, 0 ] ]
CLASS n=5 order=30 size=1966507019910490337280 fixed=-1 real=false M=
[ [ 1, 0, 1, 0, 1, 2, 0, 2, 2, 2 ], [ 2, 2, 0, 1, 1, 0, 1, 2, 0, 1 ], 
  [ 2, 0, 0, 2, 2, 0, 2, 1, 2, 2 ], [ 0, 1, 2, 2, 0, 1, 2, 0, 0, 0 ], 
  [ 2, 2, 0, 1, 0, 2, 0, 0, 2, 1 ], [ 0, 1, 2, 2, 2, 0, 2, 1, 0, 1 ], 
  [ 0, 2, 0, 1, 1, 1, 0, 1, 0, 2 ], [ 0, 0, 0, 2, 2, 2, 1, 2, 2, 0 ], 
  [ 0, 1, 0, 0, 0, 2, 0, 0, 1, 1 ], [ 2, 1, 1, 1, 2, 1, 2, 2, 2, 0 ] ]
CLASS n=5 order=30 size=1966507019910490337280 fixed=-1 real=false M=
[ [ 1, 0, 1, 0, 1, 2, 0, 2, 2, 2 ], [ 2, 2, 1, 2, 1, 1, 2, 1, 1, 2 ], 
  [ 1, 0, 1, 2, 0, 0, 1, 1, 2, 2 ], [ 1, 1, 0, 1, 2, 0, 2, 1, 2, 2 ], 
  [ 1, 2, 1, 1, 1, 2, 2, 0, 2, 1 ], [ 0, 1, 1, 1, 2, 2, 1, 2, 2, 0 ], 
  [ 1, 2, 2, 1, 0, 1, 1, 1, 0, 2 ], [ 1, 0, 0, 0, 1, 0, 0, 1, 0, 1 ], 
  [ 2, 1, 1, 0, 1, 2, 2, 0, 1, 1 ], [ 0, 1, 0, 1, 1, 1, 0, 2, 2, 0 ] ]
CLASS n=5 order=60 size=35397126358388826071040 fixed=-1 real=true M=
[ [ 0, 1, 0, 2, 2, 0, 2, 1, 1, 1 ], [ 1, 2, 1, 1, 1, 1, 0, 1, 1, 1 ], 
  [ 1, 0, 0, 0, 2, 2, 0, 2, 1, 0 ], [ 1, 2, 0, 1, 0, 2, 0, 0, 1, 1 ], 
  [ 2, 0, 1, 1, 1, 1, 0, 2, 2, 0 ], [ 0, 2, 1, 2, 1, 0, 0, 2, 2, 0 ], 
  [ 1, 2, 0, 2, 0, 0, 2, 0, 2, 2 ], [ 2, 0, 2, 1, 0, 1, 2, 0, 2, 2 ], 
  [ 1, 0, 0, 0, 2, 1, 0, 1, 2, 2 ], [ 1, 0, 2, 0, 1, 0, 1, 0, 1, 1 ] ]
CLASS n=5 order=30 size=491626754977622584320 fixed=-1 real=false M=
[ [ 2, 2, 1, 1, 1, 0, 2, 0, 2, 1 ], [ 2, 2, 0, 0, 1, 2, 0, 1, 1, 2 ], 
  [ 1, 1, 0, 1, 0, 1, 0, 0, 0, 2 ], [ 0, 0, 2, 1, 0, 2, 1, 2, 0, 2 ], 
  [ 0, 0, 1, 0, 1, 2, 1, 0, 2, 2 ], [ 2, 1, 0, 1, 1, 0, 1, 0, 2, 0 ], 
  [ 0, 0, 2, 2, 0, 1, 2, 0, 2, 2 ], [ 2, 2, 1, 1, 1, 2, 2, 0, 2, 0 ], 
  [ 0, 1, 0, 2, 2, 0, 0, 2, 1, 1 ], [ 2, 1, 2, 1, 0, 1, 2, 1, 0, 0 ] ]
CLASS n=5 order=30 size=491626754977622584320 fixed=-1 real=false M=
[ [ 0, 1, 1, 1, 1, 1, 2, 1, 1, 0 ], [ 0, 1, 0, 0, 1, 0, 0, 2, 0, 1 ], 
  [ 1, 1, 0, 1, 0, 1, 0, 0, 0, 2 ], [ 0, 0, 2, 1, 0, 2, 1, 2, 0, 2 ], 
  [ 2, 1, 1, 0, 1, 1, 1, 2, 0, 0 ], [ 2, 1, 0, 1, 1, 0, 1, 0, 2, 0 ], 
  [ 2, 1, 2, 2, 0, 0, 2, 2, 0, 0 ], [ 2, 2, 1, 1, 1, 2, 2, 0, 2, 0 ], 
  [ 1, 0, 0, 2, 2, 1, 0, 0, 0, 0 ], [ 1, 2, 2, 1, 0, 0, 2, 0, 1, 1 ] ]
CLASS n=5 order=18 size=13487702468521881600 fixed=-1 real=false M=
[ [ 1, 0, 1, 2, 2, 0, 0, 1, 1, 1 ], [ 2, 0, 0, 1, 2, 0, 2, 1, 1, 0 ], 
  [ 2, 2, 1, 1, 0, 1, 0, 0, 1, 1 ], [ 2, 0, 2, 2, 0, 2, 1, 1, 1, 0 ], 
  [ 1, 1, 0, 0, 2, 0, 0, 2, 1, 0 ], [ 1, 0, 2, 2, 0, 2, 1, 1, 1, 0 ], 
  [ 1, 0, 2, 1, 1, 1, 0, 2, 1, 2 ], [ 1, 0, 2, 0, 0, 2, 1, 0, 1, 2 ], 
  [ 1, 0, 2, 1, 0, 1, 2, 1, 0, 0 ], [ 0, 0, 1, 0, 2, 1, 0, 2, 1, 1 ] ]
CLASS n=5 order=18 size=13487702468521881600 fixed=-1 real=false M=
[ [ 0, 0, 0, 1, 0, 2, 0, 0, 0, 0 ], [ 2, 1, 1, 2, 2, 0, 2, 2, 0, 0 ], 
  [ 1, 1, 2, 2, 2, 0, 0, 2, 0, 2 ], [ 0, 1, 1, 1, 1, 0, 1, 2, 2, 2 ], 
  [ 1, 0, 2, 2, 2, 2, 2, 0, 1, 1 ], [ 1, 2, 0, 0, 0, 2, 0, 1, 1, 0 ], 
  [ 0, 2, 1, 0, 1, 2, 0, 0, 2, 0 ], [ 1, 0, 2, 0, 2, 0, 2, 0, 0, 2 ], 
  [ 1, 2, 0, 2, 0, 2, 2, 2, 1, 2 ], [ 2, 1, 2, 1, 2, 1, 2, 1, 2, 0 ] ]
CLASS n=5 order=9 size=323704859244525158400 fixed=-1 real=false M=
[ [ 1, 0, 1, 1, 2, 2, 0, 0, 1, 2 ], [ 2, 0, 1, 0, 2, 2, 1, 1, 0, 2 ], 
  [ 0, 1, 0, 2, 1, 0, 2, 0, 0, 2 ], [ 1, 2, 1, 0, 2, 1, 0, 2, 2, 2 ], 
  [ 2, 1, 1, 2, 1, 1, 1, 0, 0, 1 ], [ 0, 1, 2, 0, 0, 2, 1, 1, 0, 0 ], 
  [ 2, 1, 2, 1, 1, 2, 2, 1, 2, 2 ], [ 1, 0, 1, 0, 2, 1, 2, 1, 0, 0 ], 
  [ 1, 1, 0, 2, 1, 1, 1, 0, 0, 0 ], [ 1, 2, 0, 1, 1, 2, 1, 2, 1, 0 ] ]
CLASS n=5 order=9 size=323704859244525158400 fixed=-1 real=false M=
[ [ 0, 0, 1, 1, 2, 1, 0, 1, 1, 1 ], [ 1, 2, 1, 1, 0, 1, 0, 1, 0, 2 ], 
  [ 0, 1, 1, 0, 1, 2, 1, 1, 2, 1 ], [ 0, 2, 0, 2, 1, 0, 0, 0, 0, 2 ], 
  [ 1, 2, 2, 1, 1, 0, 1, 0, 0, 0 ], [ 1, 1, 1, 1, 2, 0, 1, 1, 1, 1 ], 
  [ 2, 0, 1, 2, 2, 1, 0, 0, 2, 1 ], [ 2, 0, 2, 0, 0, 1, 1, 2, 1, 2 ], 
  [ 0, 2, 0, 2, 2, 1, 1, 2, 2, 1 ], [ 2, 2, 2, 0, 0, 1, 0, 0, 1, 1 ] ]
CLASS n=5 order=36 size=13110046799403268915200 fixed=-1 real=false M=
[ [ 0, 1, 0, 0, 0, 0, 0, 1, 2, 1 ], [ 1, 2, 1, 0, 0, 1, 2, 2, 2, 0 ], 
  [ 1, 0, 2, 1, 2, 1, 1, 2, 2, 2 ], [ 0, 1, 1, 1, 0, 1, 1, 1, 0, 2 ], 
  [ 1, 0, 0, 0, 2, 0, 1, 0, 1, 0 ], [ 0, 2, 2, 1, 1, 2, 2, 2, 2, 2 ], 
  [ 1, 1, 0, 0, 2, 0, 2, 2, 0, 0 ], [ 0, 0, 0, 1, 2, 1, 2, 0, 0, 1 ], 
  [ 2, 2, 2, 0, 2, 0, 2, 2, 0, 2 ], [ 1, 2, 1, 0, 1, 1, 0, 0, 0, 2 ] ]
CLASS n=5 order=36 size=13110046799403268915200 fixed=-1 real=false M=
[ [ 1, 0, 1, 1, 0, 2, 2, 2, 2, 0 ], [ 1, 1, 0, 1, 1, 1, 0, 0, 0, 2 ], 
  [ 2, 1, 0, 2, 1, 2, 2, 0, 0, 0 ], [ 0, 0, 2, 0, 0, 1, 1, 2, 1, 0 ], 
  [ 1, 2, 2, 0, 0, 1, 0, 0, 0, 0 ], [ 2, 2, 2, 2, 1, 0, 0, 2, 0, 1 ], 
  [ 0, 2, 0, 2, 0, 0, 2, 1, 1, 2 ], [ 2, 1, 0, 0, 0, 1, 1, 1, 0, 1 ], 
  [ 1, 1, 0, 0, 2, 2, 1, 2, 0, 2 ], [ 2, 2, 2, 2, 2, 2, 0, 2, 2, 2 ] ]
CLASS n=5 order=18 size=3371925617130470400 fixed=-1 real=false M=
[ [ 2, 2, 0, 1, 1, 1, 2, 2, 2, 2 ], [ 0, 2, 1, 2, 2, 0, 2, 0, 2, 1 ], 
  [ 2, 1, 0, 0, 2, 0, 2, 0, 2, 0 ], [ 2, 1, 0, 0, 1, 0, 2, 1, 0, 1 ], 
  [ 1, 2, 0, 0, 2, 2, 1, 0, 1, 1 ], [ 0, 1, 0, 0, 2, 0, 1, 0, 1, 2 ], 
  [ 2, 1, 1, 0, 1, 2, 0, 2, 0, 2 ], [ 0, 1, 0, 1, 0, 2, 0, 2, 2, 1 ], 
  [ 2, 1, 2, 1, 2, 0, 1, 0, 2, 0 ], [ 1, 2, 0, 2, 2, 1, 1, 0, 0, 2 ] ]
CLASS n=5 order=18 size=3371925617130470400 fixed=-1 real=false M=
[ [ 1, 2, 2, 1, 2, 2, 2, 1, 1, 1 ], [ 1, 1, 2, 1, 0, 1, 0, 2, 1, 0 ], 
  [ 1, 1, 0, 0, 0, 0, 2, 0, 1, 1 ], [ 1, 0, 0, 0, 0, 0, 0, 2, 0, 1 ], 
  [ 1, 1, 0, 0, 0, 1, 1, 0, 2, 2 ], [ 2, 2, 1, 1, 2, 1, 0, 2, 2, 1 ], 
  [ 2, 2, 2, 0, 0, 1, 1, 1, 0, 1 ], [ 2, 1, 2, 1, 1, 2, 0, 0, 1, 2 ], 
  [ 0, 2, 2, 0, 1, 0, 2, 0, 1, 2 ], [ 2, 1, 0, 1, 1, 2, 2, 0, 0, 1 ] ]
CLASS n=5 order=36 size=20231553702782822400 fixed=-1 real=false M=
[ [ 1, 2, 0, 0, 0, 2, 0, 0, 1, 1 ], [ 0, 0, 0, 0, 2, 1, 2, 1, 1, 0 ], 
  [ 1, 0, 2, 1, 2, 1, 0, 1, 1, 1 ], [ 0, 2, 2, 2, 0, 0, 1, 2, 2, 0 ], 
  [ 1, 2, 2, 0, 1, 2, 2, 0, 0, 2 ], [ 1, 1, 1, 2, 2, 1, 0, 2, 0, 2 ], 
  [ 0, 0, 0, 2, 0, 1, 0, 1, 2, 2 ], [ 0, 0, 0, 0, 1, 2, 2, 1, 1, 0 ], 
  [ 0, 0, 2, 2, 0, 0, 2, 1, 0, 0 ], [ 2, 1, 2, 1, 2, 1, 2, 1, 2, 0 ] ]
CLASS n=5 order=36 size=20231553702782822400 fixed=-1 real=false M=
[ [ 2, 0, 1, 1, 0, 1, 2, 0, 2, 2 ], [ 1, 0, 0, 0, 2, 2, 2, 2, 2, 0 ], 
  [ 2, 1, 1, 2, 2, 2, 2, 2, 2, 1 ], [ 0, 0, 1, 1, 2, 0, 0, 1, 1, 1 ], 
  [ 2, 1, 1, 0, 0, 2, 2, 2, 0, 2 ], [ 0, 2, 1, 0, 0, 1, 2, 2, 0, 1 ], 
  [ 0, 0, 0, 1, 2, 1, 2, 0, 1, 0 ], [ 1, 1, 1, 1, 1, 0, 1, 0, 2, 0 ], 
  [ 0, 0, 0, 0, 0, 1, 1, 1, 0, 2 ], [ 1, 2, 1, 2, 1, 2, 1, 2, 1, 0 ] ]
CLASS n=5 order=20 size=191144482335299660783616 fixed=-1 real=true M=
[ [ 2, 1, 0, 0, 1, 1, 0, 2, 0, 0 ], [ 1, 0, 2, 2, 0, 2, 0, 0, 2, 1 ], 
  [ 0, 0, 2, 2, 1, 1, 0, 1, 0, 1 ], [ 0, 0, 1, 2, 0, 0, 0, 1, 1, 1 ], 
  [ 0, 2, 2, 2, 1, 0, 0, 2, 2, 1 ], [ 2, 2, 0, 2, 2, 2, 1, 2, 0, 2 ], 
  [ 0, 0, 1, 1, 1, 2, 2, 2, 2, 2 ], [ 0, 1, 1, 1, 2, 0, 0, 0, 1, 2 ], 
  [ 0, 0, 0, 2, 2, 2, 0, 2, 1, 2 ], [ 0, 2, 1, 1, 0, 2, 0, 1, 2, 0 ] ]
CLASS n=5 order=20 size=5309568953758323910656 fixed=-1 real=true M=
[ [ 1, 1, 2, 1, 1, 1, 1, 0, 2, 0 ], [ 0, 1, 0, 1, 2, 1, 2, 2, 1, 0 ], 
  [ 1, 2, 0, 1, 0, 0, 1, 2, 0, 2 ], [ 2, 2, 2, 2, 0, 1, 2, 0, 0, 0 ], 
  [ 0, 2, 1, 0, 1, 0, 2, 1, 2, 1 ], [ 0, 0, 2, 1, 0, 0, 2, 1, 2, 1 ], 
  [ 1, 0, 1, 2, 1, 0, 2, 2, 2, 0 ], [ 0, 0, 0, 2, 0, 2, 2, 1, 0, 1 ], 
  [ 2, 1, 2, 1, 0, 0, 2, 2, 1, 1 ], [ 1, 0, 0, 2, 2, 1, 2, 0, 0, 2 ] ]
CLASS n=5 order=18 size=8740031199602179276800 fixed=-1 real=false M=
[ [ 2, 0, 1, 0, 2, 1, 1, 1, 0, 0 ], [ 1, 0, 1, 2, 2, 0, 2, 0, 0, 0 ], 
  [ 1, 1, 1, 2, 2, 0, 0, 1, 1, 1 ], [ 0, 2, 2, 2, 0, 0, 0, 0, 2, 0 ], 
  [ 1, 2, 2, 1, 0, 1, 2, 1, 0, 2 ], [ 2, 0, 0, 1, 0, 2, 1, 2, 0, 1 ], 
  [ 1, 2, 0, 1, 0, 0, 2, 0, 0, 0 ], [ 2, 0, 0, 2, 0, 1, 2, 1, 0, 0 ], 
  [ 1, 2, 2, 0, 1, 0, 1, 1, 2, 0 ], [ 0, 1, 1, 1, 1, 0, 2, 0, 1, 0 ] ]
CLASS n=5 order=18 size=8740031199602179276800 fixed=-1 real=false M=
[ [ 0, 1, 0, 0, 0, 2, 1, 1, 0, 0 ], [ 1, 1, 0, 2, 1, 1, 2, 0, 1, 2 ], 
  [ 1, 2, 2, 0, 0, 2, 0, 1, 0, 2 ], [ 1, 0, 1, 1, 2, 0, 1, 0, 0, 2 ], 
  [ 1, 0, 2, 2, 1, 0, 0, 0, 0, 0 ], [ 1, 2, 1, 2, 2, 0, 2, 1, 2, 2 ], 
  [ 2, 1, 2, 0, 2, 0, 0, 0, 1, 0 ], [ 2, 1, 1, 1, 2, 2, 1, 1, 0, 1 ], 
  [ 0, 1, 2, 0, 0, 0, 1, 1, 0, 1 ], [ 1, 1, 2, 2, 0, 2, 0, 1, 0, 0 ] ]
CLASS n=5 order=6 size=693811855376640 fixed=-1 real=false M=
[ [ 2, 1, 0, 2, 2, 1, 2, 1, 2, 2 ], [ 1, 1, 2, 2, 0, 2, 1, 2, 2, 2 ], 
  [ 2, 2, 2, 1, 1, 0, 1, 1, 1, 2 ], [ 2, 1, 2, 1, 1, 1, 0, 1, 1, 0 ], 
  [ 0, 2, 0, 2, 0, 1, 0, 0, 0, 0 ], [ 2, 2, 2, 1, 0, 1, 2, 2, 0, 2 ], 
  [ 0, 0, 0, 2, 0, 1, 0, 2, 1, 1 ], [ 0, 0, 1, 0, 1, 1, 2, 1, 1, 0 ], 
  [ 2, 1, 2, 0, 1, 0, 2, 2, 2, 2 ], [ 1, 2, 2, 1, 0, 0, 2, 1, 0, 2 ] ]
CLASS n=5 order=6 size=693811855376640 fixed=-1 real=false M=
[ [ 1, 2, 1, 1, 2, 1, 0, 0, 2, 2 ], [ 2, 2, 1, 2, 1, 0, 0, 0, 2, 2 ], 
  [ 2, 1, 1, 2, 1, 1, 0, 1, 1, 0 ], [ 1, 0, 1, 2, 1, 0, 2, 0, 1, 2 ], 
  [ 2, 2, 1, 0, 1, 2, 1, 2, 0, 0 ], [ 0, 2, 2, 1, 0, 0, 2, 0, 0, 1 ], 
  [ 2, 2, 1, 2, 2, 0, 1, 1, 1, 1 ], [ 2, 2, 0, 1, 1, 0, 1, 0, 1, 2 ], 
  [ 2, 1, 0, 1, 2, 0, 0, 2, 2, 1 ], [ 1, 2, 2, 1, 0, 0, 2, 1, 0, 2 ] ]
CLASS n=5 order=30 size=2949760529865735505920 fixed=-1 real=true M=
[ [ 0, 1, 0, 1, 1, 2, 0, 2, 1, 0 ], [ 2, 2, 0, 1, 2, 2, 0, 2, 1, 2 ], 
  [ 2, 0, 1, 1, 1, 1, 2, 2, 1, 2 ], [ 0, 0, 1, 2, 2, 2, 0, 1, 1, 0 ], 
  [ 1, 2, 1, 2, 1, 0, 1, 2, 0, 0 ], [ 0, 2, 1, 1, 2, 0, 0, 0, 2, 2 ], 
  [ 2, 0, 1, 1, 0, 1, 0, 1, 1, 2 ], [ 1, 0, 0, 1, 0, 0, 1, 0, 1, 0 ], 
  [ 1, 2, 2, 1, 0, 0, 0, 0, 0, 0 ], [ 2, 2, 2, 1, 2, 1, 1, 0, 0, 0 ] ]
CLASS n=5 order=20 size=632091542114086179840 fixed=-1 real=true M=
[ [ 1, 1, 0, 2, 1, 1, 2, 0, 0, 1 ], [ 0, 0, 1, 2, 0, 2, 2, 2, 0, 0 ], 
  [ 0, 2, 0, 0, 1, 0, 1, 2, 2, 1 ], [ 2, 2, 2, 2, 0, 0, 2, 0, 2, 1 ], 
  [ 2, 2, 2, 0, 1, 0, 0, 0, 1, 1 ], [ 0, 1, 0, 0, 0, 2, 1, 1, 2, 2 ], 
  [ 2, 0, 1, 0, 2, 1, 2, 2, 2, 2 ], [ 0, 0, 2, 0, 0, 1, 1, 0, 0, 2 ], 
  [ 2, 0, 2, 2, 2, 0, 0, 0, 1, 1 ], [ 2, 0, 1, 1, 0, 2, 1, 0, 1, 1 ] ]
CLASS n=5 order=40 size=477861205838249151959040 fixed=-1 real=true M=
[ [ 1, 2, 2, 1, 1, 1, 0, 2, 1, 2 ], [ 2, 2, 1, 2, 2, 1, 2, 2, 0, 2 ], 
  [ 1, 1, 0, 2, 2, 1, 2, 2, 1, 1 ], [ 0, 1, 2, 0, 1, 0, 0, 2, 2, 0 ], 
  [ 1, 2, 2, 1, 0, 2, 2, 2, 0, 2 ], [ 0, 0, 2, 1, 2, 0, 1, 0, 1, 0 ], 
  [ 1, 2, 2, 2, 0, 1, 0, 1, 2, 1 ], [ 0, 0, 0, 0, 2, 2, 0, 0, 1, 2 ], 
  [ 0, 2, 2, 2, 1, 2, 0, 0, 1, 0 ], [ 2, 1, 2, 0, 2, 1, 1, 0, 2, 0 ] ]
CLASS n=5 order=12 size=10242224062033803840 fixed=-1 real=true M=
[ [ 1, 2, 1, 0, 0, 0, 0, 1, 1, 1 ], [ 2, 0, 1, 1, 1, 0, 1, 1, 0, 2 ], 
  [ 0, 2, 1, 0, 2, 0, 1, 2, 2, 1 ], [ 1, 2, 1, 0, 2, 0, 0, 0, 0, 0 ], 
  [ 2, 0, 0, 2, 1, 1, 2, 2, 0, 1 ], [ 2, 0, 1, 2, 0, 1, 1, 1, 1, 1 ], 
  [ 2, 2, 1, 1, 1, 2, 0, 0, 0, 1 ], [ 1, 2, 1, 1, 2, 1, 0, 0, 1, 0 ], 
  [ 2, 2, 1, 0, 1, 1, 2, 0, 1, 2 ], [ 1, 2, 0, 2, 2, 2, 2, 1, 2, 2 ] ]
CLASS n=5 order=60 size=53095689537583239106560 fixed=-1 real=true M=
[ [ 1, 1, 2, 2, 1, 0, 1, 1, 1, 0 ], [ 1, 1, 0, 1, 1, 0, 1, 1, 1, 2 ], 
  [ 0, 2, 0, 0, 1, 2, 1, 0, 0, 0 ], [ 1, 0, 2, 2, 1, 0, 2, 2, 2, 1 ], 
  [ 2, 2, 0, 2, 0, 0, 0, 1, 1, 1 ], [ 2, 0, 0, 2, 0, 2, 1, 2, 1, 1 ], 
  [ 0, 0, 1, 1, 0, 2, 1, 1, 1, 1 ], [ 2, 0, 0, 0, 0, 1, 1, 0, 0, 2 ], 
  [ 1, 1, 0, 1, 0, 0, 1, 2, 2, 0 ], [ 0, 1, 1, 0, 1, 2, 1, 0, 2, 0 ] ]
CLASS n=5 order=18 size=337192561713047040 fixed=-1 real=false M=
[ [ 0, 0, 2, 0, 2, 0, 2, 1, 0, 1 ], [ 2, 1, 1, 2, 0, 1, 0, 2, 0, 2 ], 
  [ 1, 2, 2, 1, 1, 2, 1, 2, 0, 1 ], [ 2, 1, 0, 1, 1, 2, 1, 0, 2, 1 ], 
  [ 0, 2, 0, 1, 2, 1, 2, 1, 1, 1 ], [ 1, 2, 0, 0, 2, 1, 1, 0, 1, 2 ], 
  [ 2, 0, 1, 1, 1, 2, 1, 2, 0, 2 ], [ 2, 0, 0, 0, 1, 0, 0, 0, 0, 2 ], 
  [ 0, 0, 2, 2, 2, 2, 0, 1, 1, 2 ], [ 1, 1, 0, 2, 1, 0, 0, 0, 1, 1 ] ]
CLASS n=5 order=18 size=337192561713047040 fixed=-1 real=false M=
[ [ 1, 1, 0, 1, 0, 0, 0, 2, 2, 2 ], [ 1, 1, 0, 1, 0, 1, 2, 0, 1, 2 ], 
  [ 2, 2, 1, 2, 1, 0, 0, 2, 1, 0 ], [ 2, 0, 2, 2, 1, 2, 0, 0, 0, 2 ], 
  [ 1, 1, 2, 1, 1, 2, 0, 1, 0, 1 ], [ 2, 2, 2, 1, 1, 2, 1, 1, 1, 0 ], 
  [ 2, 0, 2, 0, 1, 0, 0, 0, 0, 2 ], [ 0, 1, 1, 2, 1, 1, 0, 2, 0, 0 ], 
  [ 2, 0, 1, 2, 2, 0, 1, 0, 2, 0 ], [ 0, 0, 2, 0, 1, 2, 0, 0, 1, 2 ] ]
CLASS n=5 order=90 size=141588505433555304284160 fixed=-1 real=false M=
[ [ 0, 0, 2, 1, 1, 2, 1, 0, 0, 0 ], [ 0, 0, 1, 2, 1, 0, 0, 0, 2, 1 ], 
  [ 1, 1, 0, 1, 1, 2, 1, 1, 2, 1 ], [ 2, 1, 0, 1, 2, 2, 2, 0, 0, 0 ], 
  [ 2, 2, 1, 0, 0, 0, 2, 1, 2, 2 ], [ 1, 2, 2, 1, 1, 1, 1, 1, 2, 2 ], 
  [ 1, 2, 1, 1, 0, 2, 1, 0, 1, 0 ], [ 2, 0, 0, 2, 2, 0, 1, 0, 1, 1 ], 
  [ 1, 0, 2, 0, 1, 2, 1, 2, 0, 1 ], [ 1, 1, 1, 2, 0, 0, 2, 0, 0, 0 ] ]
CLASS n=5 order=90 size=141588505433555304284160 fixed=-1 real=false M=
[ [ 2, 0, 2, 1, 2, 0, 1, 1, 2, 1 ], [ 1, 1, 2, 2, 0, 1, 2, 0, 2, 1 ], 
  [ 1, 1, 1, 1, 0, 1, 0, 2, 2, 2 ], [ 1, 1, 0, 1, 2, 0, 2, 2, 2, 2 ], 
  [ 0, 0, 0, 0, 1, 2, 0, 2, 2, 1 ], [ 0, 1, 2, 1, 0, 1, 1, 1, 0, 1 ], 
  [ 2, 2, 0, 2, 1, 1, 0, 1, 2, 0 ], [ 0, 1, 1, 0, 0, 1, 2, 2, 2, 1 ], 
  [ 0, 1, 2, 0, 2, 1, 0, 1, 0, 0 ], [ 0, 0, 1, 0, 2, 2, 1, 0, 2, 0 ] ]
CLASS n=5 order=45 size=15732056159283922698240 fixed=-1 real=false M=
[ [ 0, 0, 0, 2, 2, 1, 0, 0, 0, 0 ], [ 1, 0, 0, 2, 1, 1, 2, 0, 1, 2 ], 
  [ 0, 0, 2, 0, 2, 0, 1, 0, 0, 0 ], [ 1, 1, 1, 0, 1, 0, 0, 1, 0, 0 ], 
  [ 0, 1, 2, 0, 0, 2, 0, 2, 0, 0 ], [ 2, 0, 2, 0, 2, 0, 1, 0, 0, 0 ], 
  [ 1, 0, 2, 0, 2, 0, 2, 0, 0, 0 ], [ 2, 0, 1, 1, 1, 0, 2, 1, 2, 2 ], 
  [ 0, 0, 0, 2, 2, 1, 0, 0, 2, 2 ], [ 1, 0, 2, 0, 2, 0, 2, 0, 2, 1 ] ]
CLASS n=5 order=45 size=15732056159283922698240 fixed=-1 real=false M=
[ [ 0, 2, 0, 1, 2, 0, 2, 2, 2, 2 ], [ 1, 0, 2, 0, 1, 2, 0, 1, 0, 1 ], 
  [ 1, 0, 0, 1, 1, 1, 0, 2, 1, 2 ], [ 1, 2, 0, 1, 2, 0, 1, 0, 2, 1 ], 
  [ 0, 0, 1, 1, 2, 2, 2, 2, 1, 1 ], [ 0, 2, 1, 0, 0, 1, 1, 0, 2, 1 ], 
  [ 1, 2, 0, 2, 1, 1, 2, 0, 0, 2 ], [ 0, 1, 0, 1, 1, 1, 1, 1, 1, 0 ], 
  [ 0, 2, 2, 0, 0, 0, 1, 2, 1, 1 ], [ 0, 1, 0, 2, 0, 2, 1, 0, 0, 2 ] ]
CLASS n=5 order=6 size=56198760285507840 fixed=-1 real=false M=
[ [ 2, 1, 1, 0, 2, 1, 2, 2, 1, 2 ], [ 0, 2, 2, 2, 2, 0, 0, 0, 2, 1 ], 
  [ 2, 2, 1, 1, 0, 1, 2, 2, 0, 1 ], [ 2, 2, 2, 1, 1, 1, 2, 2, 0, 2 ], 
  [ 0, 1, 2, 1, 2, 1, 2, 2, 2, 1 ], [ 1, 1, 1, 2, 2, 1, 0, 2, 0, 2 ], 
  [ 0, 1, 2, 1, 2, 1, 0, 0, 2, 1 ], [ 0, 0, 0, 0, 2, 0, 2, 0, 0, 0 ], 
  [ 0, 1, 2, 0, 2, 1, 2, 2, 1, 0 ], [ 2, 2, 0, 0, 2, 1, 2, 2, 1, 0 ] ]
CLASS n=5 order=6 size=56198760285507840 fixed=-1 real=false M=
[ [ 2, 2, 2, 1, 1, 2, 0, 2, 2, 2 ], [ 0, 2, 1, 2, 2, 0, 0, 0, 1, 0 ], 
  [ 2, 0, 1, 2, 2, 2, 0, 2, 0, 0 ], [ 1, 1, 1, 1, 2, 2, 0, 2, 0, 2 ], 
  [ 0, 2, 1, 2, 1, 2, 0, 2, 1, 2 ], [ 1, 2, 2, 0, 1, 2, 1, 2, 1, 2 ], 
  [ 0, 1, 2, 1, 2, 1, 0, 0, 2, 1 ], [ 0, 2, 1, 2, 0, 2, 1, 0, 1, 2 ], 
  [ 1, 1, 2, 2, 2, 2, 0, 2, 0, 0 ], [ 1, 1, 0, 0, 0, 2, 0, 2, 2, 1 ] ]
CLASS n=5 order=30 size=23598084238925884047360 fixed=-1 real=false M=
[ [ 2, 1, 2, 1, 2, 2, 2, 1, 1, 2 ], [ 0, 0, 0, 1, 2, 0, 0, 0, 1, 2 ], 
  [ 1, 0, 2, 2, 0, 2, 0, 0, 1, 0 ], [ 2, 0, 0, 1, 0, 2, 1, 2, 0, 2 ], 
  [ 1, 1, 1, 2, 1, 2, 1, 2, 1, 2 ], [ 2, 1, 0, 0, 1, 0, 0, 1, 2, 1 ], 
  [ 0, 1, 2, 1, 0, 1, 0, 1, 2, 1 ], [ 1, 0, 2, 1, 1, 1, 0, 2, 2, 1 ], 
  [ 0, 0, 1, 0, 0, 2, 2, 1, 1, 2 ], [ 1, 1, 0, 0, 2, 2, 1, 2, 2, 0 ] ]
CLASS n=5 order=30 size=23598084238925884047360 fixed=-1 real=false M=
[ [ 2, 2, 0, 2, 1, 0, 0, 1, 2, 2 ], [ 0, 0, 2, 1, 2, 0, 0, 0, 0, 1 ], 
  [ 1, 1, 2, 0, 2, 0, 1, 0, 1, 2 ], [ 1, 2, 2, 1, 1, 0, 2, 2, 0, 2 ], 
  [ 1, 2, 0, 0, 0, 0, 2, 2, 0, 0 ], [ 2, 2, 1, 1, 0, 1, 1, 1, 0, 1 ], 
  [ 0, 1, 2, 1, 0, 1, 0, 1, 2, 1 ], [ 1, 2, 0, 0, 2, 0, 2, 2, 0, 0 ], 
  [ 1, 0, 1, 2, 0, 0, 0, 1, 0, 2 ], [ 0, 0, 0, 0, 0, 0, 2, 2, 0, 1 ] ]
CLASS n=5 order=12 size=29263497320096582400 fixed=-1 real=true M=
[ [ 1, 0, 0, 1, 0, 0, 1, 1, 2, 2 ], [ 1, 1, 2, 0, 1, 1, 1, 2, 1, 0 ], 
  [ 1, 2, 2, 2, 1, 0, 1, 2, 1, 2 ], [ 0, 2, 0, 0, 1, 1, 0, 1, 0, 0 ], 
  [ 1, 2, 1, 2, 1, 1, 1, 2, 2, 1 ], [ 0, 2, 1, 0, 0, 1, 1, 0, 2, 2 ], 
  [ 1, 1, 0, 1, 2, 2, 1, 2, 2, 1 ], [ 2, 1, 2, 2, 0, 2, 1, 1, 0, 2 ], 
  [ 1, 2, 1, 0, 2, 0, 2, 1, 1, 1 ], [ 2, 1, 0, 1, 0, 2, 1, 0, 2, 2 ] ]
CLASS n=5 order=9 size=17480062399204358553600 fixed=-1 real=false M=
[ [ 1, 1, 1, 2, 0, 1, 1, 1, 0, 1 ], [ 2, 0, 0, 0, 1, 2, 1, 0, 1, 1 ], 
  [ 2, 0, 2, 2, 0, 1, 0, 2, 1, 1 ], [ 1, 0, 2, 1, 2, 2, 0, 0, 0, 2 ], 
  [ 0, 2, 0, 0, 2, 0, 1, 0, 2, 2 ], [ 2, 1, 0, 1, 2, 2, 0, 2, 0, 1 ], 
  [ 1, 2, 0, 1, 2, 2, 2, 1, 2, 2 ], [ 2, 1, 2, 1, 1, 1, 1, 2, 2, 2 ], 
  [ 1, 0, 1, 0, 0, 0, 0, 1, 1, 0 ], [ 0, 1, 1, 2, 2, 0, 0, 1, 0, 1 ] ]
CLASS n=5 order=9 size=17480062399204358553600 fixed=-1 real=false M=
[ [ 0, 0, 1, 2, 0, 1, 2, 0, 0, 1 ], [ 2, 0, 1, 0, 1, 2, 2, 0, 2, 0 ], 
  [ 0, 0, 1, 0, 1, 0, 1, 2, 1, 2 ], [ 1, 0, 0, 1, 2, 0, 0, 2, 0, 1 ], 
  [ 1, 2, 1, 2, 0, 0, 0, 2, 1, 1 ], [ 1, 2, 0, 2, 0, 0, 1, 2, 0, 1 ], 
  [ 1, 2, 0, 0, 0, 1, 1, 1, 2, 1 ], [ 0, 2, 1, 2, 0, 2, 2, 2, 1, 0 ], 
  [ 0, 2, 0, 2, 1, 0, 2, 0, 1, 1 ], [ 2, 0, 0, 1, 0, 2, 1, 2, 2, 1 ] ]
CLASS n=5 order=9 size=17480062399204358553600 fixed=-1 real=false M=
[ [ 2, 1, 1, 0, 1, 2, 1, 1, 0, 1 ], [ 2, 0, 1, 2, 2, 1, 0, 1, 0, 0 ], 
  [ 2, 0, 1, 1, 1, 0, 1, 2, 1, 2 ], [ 0, 2, 0, 1, 0, 2, 0, 2, 0, 1 ], 
  [ 0, 2, 0, 0, 2, 2, 0, 0, 2, 1 ], [ 1, 0, 0, 1, 1, 0, 0, 1, 2, 2 ], 
  [ 2, 2, 0, 1, 0, 0, 2, 0, 1, 1 ], [ 0, 1, 2, 1, 1, 0, 1, 0, 0, 1 ], 
  [ 1, 0, 0, 0, 2, 2, 2, 1, 2, 2 ], [ 1, 2, 2, 1, 0, 2, 2, 0, 1, 1 ] ]
CLASS n=5 order=9 size=17480062399204358553600 fixed=-1 real=false M=
[ [ 1, 0, 2, 2, 1, 0, 2, 1, 0, 0 ], [ 1, 2, 2, 2, 0, 0, 1, 0, 1, 2 ], 
  [ 2, 2, 2, 1, 0, 2, 1, 1, 2, 1 ], [ 1, 0, 2, 1, 2, 0, 1, 0, 2, 2 ], 
  [ 0, 0, 1, 1, 2, 0, 0, 0, 1, 2 ], [ 0, 1, 1, 1, 2, 2, 1, 2, 2, 1 ], 
  [ 2, 1, 0, 2, 2, 0, 1, 1, 2, 2 ], [ 0, 2, 2, 1, 0, 1, 0, 1, 0, 2 ], 
  [ 0, 2, 1, 1, 0, 2, 2, 2, 1, 1 ], [ 0, 0, 1, 0, 2, 1, 2, 0, 2, 0 ] ]
CLASS n=5 order=18 size=157320561592839226982400 fixed=-1 real=false M=
[ [ 2, 1, 0, 0, 0, 2, 1, 2, 2, 0 ], [ 2, 2, 0, 2, 0, 0, 2, 1, 2, 1 ], 
  [ 0, 0, 2, 2, 1, 0, 1, 1, 0, 0 ], [ 1, 1, 0, 0, 2, 2, 1, 0, 1, 1 ], 
  [ 1, 1, 1, 1, 2, 0, 2, 2, 2, 1 ], [ 2, 1, 1, 0, 2, 2, 2, 2, 1, 0 ], 
  [ 2, 0, 0, 0, 0, 2, 0, 1, 2, 2 ], [ 2, 0, 0, 0, 0, 0, 2, 2, 2, 2 ], 
  [ 0, 1, 0, 2, 2, 0, 1, 0, 2, 2 ], [ 0, 2, 2, 2, 2, 2, 0, 1, 1, 1 ] ]
CLASS n=5 order=18 size=157320561592839226982400 fixed=-1 real=false M=
[ [ 0, 2, 0, 0, 1, 0, 0, 1, 0, 2 ], [ 2, 1, 2, 0, 2, 1, 1, 0, 2, 1 ], 
  [ 0, 2, 1, 2, 1, 1, 1, 1, 0, 1 ], [ 2, 2, 2, 2, 0, 1, 2, 1, 2, 1 ], 
  [ 0, 1, 2, 2, 2, 2, 2, 1, 0, 0 ], [ 1, 0, 0, 1, 1, 0, 0, 1, 2, 2 ], 
  [ 1, 0, 0, 0, 0, 2, 2, 1, 2, 2 ], [ 2, 1, 1, 2, 1, 2, 0, 2, 2, 1 ], 
  [ 2, 1, 2, 0, 2, 0, 1, 1, 2, 0 ], [ 2, 1, 2, 2, 0, 0, 2, 2, 0, 0 ] ]
CLASS n=5 order=18 size=157320561592839226982400 fixed=-1 real=false M=
[ [ 0, 0, 2, 1, 1, 1, 2, 0, 1, 2 ], [ 0, 2, 0, 1, 2, 1, 2, 2, 1, 1 ], 
  [ 1, 0, 2, 0, 1, 0, 1, 1, 1, 0 ], [ 1, 1, 2, 0, 0, 0, 1, 0, 1, 1 ], 
  [ 1, 1, 0, 2, 2, 1, 2, 1, 0, 1 ], [ 0, 1, 2, 2, 2, 1, 2, 2, 1, 0 ], 
  [ 2, 0, 1, 2, 1, 2, 2, 2, 1, 0 ], [ 0, 0, 2, 0, 1, 1, 0, 1, 2, 1 ], 
  [ 0, 2, 0, 1, 0, 0, 1, 0, 1, 0 ], [ 2, 1, 2, 0, 0, 1, 0, 0, 0, 1 ] ]
CLASS n=5 order=18 size=157320561592839226982400 fixed=-1 real=false M=
[ [ 1, 1, 1, 1, 1, 2, 0, 2, 1, 1 ], [ 0, 2, 1, 0, 1, 0, 0, 0, 0, 2 ], 
  [ 2, 0, 1, 2, 2, 2, 1, 1, 0, 2 ], [ 2, 0, 1, 1, 0, 0, 1, 0, 0, 1 ], 
  [ 2, 0, 0, 2, 0, 1, 1, 2, 1, 2 ], [ 2, 0, 2, 0, 1, 2, 1, 1, 2, 2 ], 
  [ 0, 2, 0, 0, 2, 0, 2, 2, 0, 0 ], [ 0, 1, 0, 0, 2, 1, 2, 0, 2, 2 ], 
  [ 1, 1, 0, 2, 1, 0, 1, 2, 0, 2 ], [ 0, 2, 1, 0, 1, 2, 0, 1, 1, 0 ] ]
CLASS n=5 order=6 size=93664600475846400 fixed=-1 real=true M=
[ [ 1, 0, 0, 0, 1, 0, 2, 1, 0, 2 ], [ 0, 1, 1, 1, 0, 2, 2, 0, 0, 0 ], 
  [ 2, 0, 1, 1, 0, 1, 1, 1, 1, 2 ], [ 1, 1, 1, 2, 1, 1, 1, 1, 0, 2 ], 
  [ 1, 0, 1, 1, 1, 0, 2, 0, 2, 1 ], [ 0, 1, 0, 2, 0, 2, 2, 2, 1, 1 ], 
  [ 0, 0, 1, 0, 1, 1, 1, 0, 0, 0 ], [ 2, 0, 1, 1, 1, 2, 1, 2, 1, 2 ], 
  [ 0, 1, 1, 1, 1, 2, 1, 1, 2, 0 ], [ 0, 0, 2, 2, 2, 1, 2, 2, 0, 2 ] ]
CLASS n=5 order=12 size=182083983325045401600 fixed=-1 real=false M=
[ [ 1, 1, 0, 1, 0, 0, 0, 1, 2, 1 ], [ 0, 1, 2, 2, 0, 1, 1, 0, 0, 0 ], 
  [ 1, 2, 1, 0, 1, 1, 0, 1, 0, 0 ], [ 2, 2, 0, 0, 1, 2, 1, 0, 0, 2 ], 
  [ 2, 2, 2, 2, 1, 2, 1, 0, 0, 0 ], [ 0, 0, 2, 0, 0, 1, 1, 1, 1, 2 ], 
  [ 0, 1, 1, 2, 2, 0, 1, 0, 2, 0 ], [ 1, 2, 1, 0, 1, 1, 0, 1, 1, 2 ], 
  [ 0, 0, 1, 2, 0, 0, 2, 1, 2, 1 ], [ 0, 0, 1, 2, 2, 2, 2, 0, 2, 1 ] ]
CLASS n=5 order=12 size=182083983325045401600 fixed=-1 real=false M=
[ [ 1, 0, 2, 2, 1, 0, 2, 1, 1, 0 ], [ 0, 1, 1, 1, 0, 2, 2, 0, 0, 0 ], 
  [ 2, 0, 0, 1, 1, 0, 0, 0, 0, 1 ], [ 1, 0, 2, 1, 2, 2, 0, 0, 2, 0 ], 
  [ 1, 2, 2, 1, 0, 2, 1, 1, 1, 0 ], [ 0, 2, 0, 0, 1, 2, 1, 1, 0, 1 ], 
  [ 0, 1, 1, 1, 2, 1, 0, 2, 2, 0 ], [ 2, 0, 0, 0, 1, 1, 2, 2, 1, 0 ], 
  [ 0, 2, 0, 0, 1, 0, 1, 1, 1, 0 ], [ 0, 1, 0, 2, 1, 1, 2, 0, 0, 2 ] ]
CLASS n=5 order=36 size=242778644433393868800 fixed=-1 real=false M=
[ [ 0, 2, 0, 2, 0, 0, 1, 2, 0, 2 ], [ 0, 0, 1, 2, 0, 2, 0, 2, 1, 2 ], 
  [ 1, 2, 0, 2, 2, 1, 1, 0, 1, 0 ], [ 0, 0, 1, 2, 1, 0, 0, 2, 0, 2 ], 
  [ 2, 1, 2, 1, 1, 1, 2, 0, 0, 0 ], [ 2, 1, 0, 0, 1, 1, 1, 2, 1, 0 ], 
  [ 0, 2, 1, 2, 2, 2, 1, 1, 0, 0 ], [ 1, 0, 2, 1, 2, 1, 2, 1, 0, 2 ], 
  [ 1, 0, 2, 2, 0, 2, 0, 0, 0, 2 ], [ 0, 0, 1, 2, 1, 2, 0, 1, 1, 1 ] ]
CLASS n=5 order=36 size=242778644433393868800 fixed=-1 real=false M=
[ [ 1, 2, 2, 0, 2, 2, 0, 2, 0, 2 ], [ 1, 2, 2, 1, 0, 1, 2, 0, 1, 0 ], 
  [ 2, 0, 2, 0, 2, 0, 1, 2, 1, 1 ], [ 1, 1, 1, 0, 0, 0, 0, 2, 1, 1 ], 
  [ 0, 0, 2, 0, 1, 0, 1, 0, 1, 0 ], [ 2, 2, 2, 0, 2, 1, 2, 0, 2, 0 ], 
  [ 2, 2, 1, 1, 1, 2, 2, 0, 2, 2 ], [ 0, 1, 2, 1, 0, 2, 2, 0, 0, 2 ], 
  [ 0, 0, 0, 0, 0, 2, 0, 2, 2, 2 ], [ 0, 0, 2, 2, 2, 1, 0, 2, 1, 2 ] ]
CLASS n=5 order=18 size=30347330554174233600 fixed=-1 real=false M=
[ [ 1, 0, 2, 1, 0, 0, 2, 2, 2, 0 ], [ 0, 1, 1, 0, 2, 0, 2, 0, 2, 1 ], 
  [ 0, 0, 0, 0, 2, 2, 2, 2, 2, 0 ], [ 2, 0, 0, 0, 2, 1, 1, 2, 2, 2 ], 
  [ 2, 2, 2, 0, 0, 0, 0, 2, 1, 1 ], [ 1, 0, 0, 0, 0, 0, 1, 1, 1, 0 ], 
  [ 1, 0, 1, 2, 0, 0, 0, 1, 1, 2 ], [ 1, 2, 0, 1, 2, 1, 0, 1, 1, 0 ], 
  [ 2, 1, 2, 0, 0, 1, 1, 2, 0, 1 ], [ 0, 0, 1, 2, 0, 0, 0, 2, 2, 1 ] ]
CLASS n=5 order=18 size=30347330554174233600 fixed=-1 real=false M=
[ [ 2, 1, 1, 2, 0, 1, 0, 2, 0, 0 ], [ 2, 0, 0, 1, 2, 2, 1, 2, 0, 1 ], 
  [ 2, 1, 2, 1, 0, 0, 0, 2, 2, 2 ], [ 1, 1, 2, 1, 0, 2, 2, 2, 2, 1 ], 
  [ 0, 0, 1, 1, 0, 0, 1, 0, 0, 2 ], [ 1, 0, 1, 2, 0, 0, 1, 0, 0, 0 ], 
  [ 2, 0, 1, 2, 1, 1, 0, 0, 2, 0 ], [ 0, 1, 1, 0, 2, 0, 2, 1, 0, 0 ], 
  [ 2, 1, 0, 2, 0, 2, 1, 0, 1, 0 ], [ 1, 2, 1, 2, 2, 1, 2, 1, 1, 0 ] ]
CLASS n=5 order=18 size=80926214811131289600 fixed=-1 real=false M=
[ [ 1, 2, 0, 1, 2, 0, 0, 0, 0, 1 ], [ 1, 1, 2, 2, 2, 2, 2, 1, 0, 1 ], 
  [ 0, 1, 2, 0, 1, 1, 1, 1, 1, 1 ], [ 2, 1, 0, 2, 1, 2, 2, 2, 1, 2 ], 
  [ 2, 1, 0, 2, 2, 0, 2, 0, 0, 2 ], [ 1, 0, 1, 2, 0, 0, 2, 2, 0, 0 ], 
  [ 2, 1, 0, 1, 1, 2, 0, 2, 1, 1 ], [ 0, 1, 2, 1, 0, 2, 1, 2, 0, 1 ], 
  [ 0, 0, 2, 1, 1, 2, 2, 2, 2, 2 ], [ 2, 1, 2, 1, 1, 2, 1, 2, 2, 0 ] ]
CLASS n=5 order=18 size=80926214811131289600 fixed=-1 real=false M=
[ [ 0, 0, 0, 0, 0, 2, 0, 0, 1, 2 ], [ 0, 2, 2, 2, 2, 2, 1, 1, 1, 1 ], 
  [ 0, 0, 0, 2, 2, 1, 2, 1, 1, 0 ], [ 2, 1, 1, 1, 2, 0, 2, 2, 1, 0 ], 
  [ 2, 0, 2, 2, 0, 0, 2, 1, 2, 1 ], [ 1, 2, 2, 1, 0, 2, 0, 1, 2, 1 ], 
  [ 2, 1, 0, 1, 2, 0, 0, 0, 2, 2 ], [ 2, 1, 2, 0, 1, 2, 0, 2, 2, 0 ], 
  [ 0, 1, 1, 0, 0, 1, 0, 0, 0, 0 ], [ 0, 0, 2, 1, 0, 0, 0, 1, 1, 2 ] ]
CLASS n=5 order=18 size=40463107405565644800 fixed=-1 real=false M=
[ [ 0, 2, 0, 1, 2, 0, 1, 0, 1, 1 ], [ 2, 0, 0, 2, 2, 0, 2, 0, 1, 0 ], 
  [ 1, 2, 0, 0, 2, 0, 1, 2, 1, 1 ], [ 1, 0, 2, 0, 0, 0, 2, 2, 1, 0 ], 
  [ 1, 0, 1, 2, 2, 1, 2, 2, 0, 2 ], [ 2, 1, 0, 1, 2, 0, 2, 2, 1, 0 ], 
  [ 0, 0, 2, 0, 1, 1, 1, 0, 2, 2 ], [ 1, 2, 1, 2, 2, 2, 0, 1, 0, 1 ], 
  [ 0, 0, 2, 2, 0, 0, 1, 2, 0, 0 ], [ 2, 1, 2, 0, 1, 0, 0, 2, 0, 1 ] ]
CLASS n=5 order=18 size=40463107405565644800 fixed=-1 real=false M=
[ [ 2, 0, 0, 2, 2, 2, 1, 2, 0, 1 ], [ 1, 1, 1, 2, 2, 1, 1, 2, 0, 1 ], 
  [ 1, 1, 0, 0, 2, 2, 1, 0, 0, 2 ], [ 0, 0, 2, 0, 0, 2, 1, 1, 2, 1 ], 
  [ 1, 2, 0, 0, 0, 2, 1, 2, 2, 2 ], [ 2, 1, 0, 1, 2, 1, 2, 2, 1, 0 ], 
  [ 1, 2, 1, 2, 1, 0, 2, 1, 0, 1 ], [ 2, 2, 2, 2, 2, 1, 0, 2, 0, 2 ], 
  [ 2, 2, 0, 1, 0, 1, 2, 1, 0, 1 ], [ 2, 1, 1, 2, 1, 1, 0, 2, 2, 2 ] ]
CLASS n=5 order=36 size=29497605298657355059200 fixed=-1 real=false M=
[ [ 1, 0, 1, 1, 1, 2, 0, 2, 0, 2 ], [ 2, 0, 1, 1, 1, 1, 0, 1, 2, 1 ], 
  [ 0, 2, 2, 2, 0, 2, 0, 2, 2, 1 ], [ 1, 2, 1, 1, 2, 2, 1, 2, 2, 1 ], 
  [ 2, 1, 0, 1, 2, 0, 2, 0, 0, 2 ], [ 2, 2, 0, 2, 0, 0, 0, 0, 2, 1 ], 
  [ 1, 0, 1, 2, 1, 0, 1, 1, 0, 2 ], [ 2, 0, 2, 1, 0, 0, 1, 2, 0, 1 ], 
  [ 2, 2, 2, 1, 2, 1, 0, 1, 2, 0 ], [ 1, 0, 1, 1, 0, 0, 1, 0, 2, 0 ] ]
CLASS n=5 order=36 size=29497605298657355059200 fixed=-1 real=false M=
[ [ 0, 1, 1, 2, 2, 2, 0, 2, 1, 0 ], [ 1, 0, 2, 1, 2, 2, 1, 0, 1, 1 ], 
  [ 0, 1, 1, 0, 2, 0, 0, 1, 0, 0 ], [ 1, 0, 1, 1, 2, 2, 0, 1, 1, 2 ], 
  [ 2, 1, 2, 0, 2, 1, 0, 2, 1, 2 ], [ 2, 0, 2, 2, 1, 1, 2, 2, 0, 2 ], 
  [ 2, 0, 2, 1, 2, 2, 0, 0, 2, 2 ], [ 0, 1, 0, 1, 1, 1, 0, 0, 2, 2 ], 
  [ 1, 0, 2, 2, 0, 1, 0, 1, 0, 1 ], [ 1, 0, 1, 1, 1, 1, 2, 1, 2, 0 ] ]
CLASS n=5 order=18 size=2185007799900544819200 fixed=-1 real=false M=
[ [ 2, 0, 1, 1, 0, 2, 0, 2, 0, 2 ], [ 0, 1, 2, 0, 1, 0, 1, 0, 2, 0 ], 
  [ 2, 0, 1, 2, 0, 0, 2, 0, 0, 2 ], [ 0, 2, 1, 1, 1, 2, 1, 2, 0, 0 ], 
  [ 2, 1, 2, 2, 2, 0, 2, 0, 0, 2 ], [ 1, 0, 0, 2, 0, 0, 0, 0, 1, 0 ], 
  [ 1, 0, 0, 0, 2, 2, 2, 2, 2, 0 ], [ 2, 0, 1, 1, 2, 2, 0, 0, 1, 2 ], 
  [ 1, 1, 2, 2, 0, 1, 2, 2, 2, 0 ], [ 2, 1, 2, 2, 0, 0, 0, 1, 1, 0 ] ]
CLASS n=5 order=18 size=2185007799900544819200 fixed=-1 real=false M=
[ [ 1, 1, 0, 0, 1, 2, 1, 2, 1, 2 ], [ 0, 1, 1, 0, 1, 2, 2, 0, 2, 2 ], 
  [ 1, 2, 2, 1, 1, 0, 1, 2, 1, 0 ], [ 2, 1, 0, 1, 1, 0, 1, 1, 1, 0 ], 
  [ 0, 0, 1, 2, 2, 0, 1, 0, 1, 2 ], [ 0, 1, 1, 2, 1, 0, 0, 1, 2, 1 ], 
  [ 2, 1, 0, 2, 0, 1, 1, 2, 2, 1 ], [ 1, 0, 0, 2, 0, 0, 0, 0, 0, 1 ], 
  [ 2, 0, 2, 2, 1, 0, 2, 2, 2, 1 ], [ 0, 2, 0, 1, 0, 1, 0, 1, 2, 0 ] ]
CLASS n=5 order=164 size=466206054476340636057600 fixed=-1 real=true M=
[ [ 0, 0, 1, 0, 2, 2, 0, 1, 1, 2 ], [ 0, 1, 1, 2, 2, 2, 2, 0, 0, 1 ], 
  [ 0, 2, 2, 1, 1, 0, 1, 2, 2, 0 ], [ 0, 1, 2, 0, 1, 1, 0, 2, 0, 0 ], 
  [ 0, 0, 2, 2, 0, 2, 0, 2, 0, 0 ], [ 0, 2, 1, 0, 2, 1, 1, 2, 0, 0 ], 
  [ 0, 0, 2, 2, 2, 0, 1, 2, 1, 2 ], [ 0, 1, 0, 0, 1, 2, 2, 1, 1, 2 ], 
  [ 0, 2, 0, 0, 0, 0, 0, 0, 0, 0 ], [ 1, 2, 1, 2, 0, 2, 1, 1, 2, 2 ] ]
CLASS n=5 order=164 size=466206054476340636057600 fixed=-1 real=true M=
[ [ 1, 0, 0, 0, 2, 2, 0, 0, 1, 2 ], [ 1, 1, 1, 0, 1, 2, 2, 0, 0, 1 ], 
  [ 1, 2, 1, 1, 2, 1, 0, 0, 2, 1 ], [ 1, 2, 1, 0, 1, 0, 1, 1, 1, 2 ], 
  [ 2, 2, 1, 2, 1, 2, 1, 0, 2, 0 ], [ 2, 2, 2, 1, 1, 1, 2, 1, 2, 2 ], 
  [ 1, 0, 1, 2, 2, 1, 0, 0, 1, 1 ], [ 2, 1, 1, 1, 0, 2, 1, 0, 2, 2 ], 
  [ 2, 2, 2, 0, 0, 2, 1, 1, 1, 2 ], [ 2, 0, 1, 0, 0, 2, 1, 1, 2, 0 ] ]
CLASS n=5 order=164 size=466206054476340636057600 fixed=-1 real=true M=
[ [ 0, 1, 0, 2, 2, 2, 2, 1, 1, 1 ], [ 1, 1, 0, 1, 1, 0, 1, 2, 2, 0 ], 
  [ 2, 1, 1, 2, 1, 2, 0, 0, 1, 0 ], [ 2, 2, 0, 0, 0, 2, 2, 2, 1, 0 ], 
  [ 0, 0, 1, 2, 1, 0, 0, 0, 1, 2 ], [ 2, 0, 1, 2, 2, 2, 0, 2, 1, 1 ], 
  [ 2, 1, 2, 1, 0, 0, 1, 2, 0, 0 ], [ 1, 2, 0, 1, 0, 1, 1, 1, 0, 1 ], 
  [ 0, 0, 1, 0, 1, 2, 2, 2, 1, 2 ], [ 0, 0, 2, 2, 1, 1, 0, 1, 1, 0 ] ]
CLASS n=5 order=164 size=466206054476340636057600 fixed=-1 real=true M=
[ [ 1, 1, 2, 2, 0, 2, 1, 1, 1, 0 ], [ 1, 1, 2, 1, 2, 0, 0, 2, 0, 2 ], 
  [ 2, 2, 0, 1, 0, 1, 0, 0, 2, 1 ], [ 0, 1, 0, 2, 0, 2, 2, 0, 1, 0 ], 
  [ 1, 1, 0, 2, 2, 0, 1, 1, 1, 0 ], [ 2, 0, 0, 1, 1, 2, 2, 0, 0, 1 ], 
  [ 1, 1, 0, 0, 0, 0, 1, 0, 2, 1 ], [ 2, 0, 0, 0, 2, 1, 0, 0, 0, 0 ], 
  [ 2, 1, 2, 2, 2, 0, 1, 1, 1, 2 ], [ 0, 0, 0, 0, 1, 2, 1, 2, 1, 1 ] ]
CLASS n=5 order=164 size=466206054476340636057600 fixed=-1 real=true M=
[ [ 2, 2, 1, 2, 1, 0, 2, 0, 1, 0 ], [ 0, 0, 0, 1, 1, 2, 1, 1, 0, 2 ], 
  [ 1, 1, 1, 2, 0, 2, 0, 2, 0, 0 ], [ 2, 1, 2, 2, 1, 1, 0, 2, 1, 2 ], 
  [ 1, 1, 0, 2, 1, 1, 0, 1, 0, 1 ], [ 2, 2, 2, 1, 1, 1, 2, 0, 2, 2 ], 
  [ 0, 0, 1, 2, 1, 2, 2, 0, 0, 1 ], [ 0, 0, 0, 1, 1, 1, 1, 0, 2, 1 ], 
  [ 2, 2, 1, 2, 0, 2, 0, 2, 0, 0 ], [ 0, 1, 2, 0, 2, 0, 1, 1, 0, 0 ] ]
CLASS n=5 order=90 size=141588505433555304284160 fixed=-1 real=false M=
[ [ 1, 0, 0, 2, 2, 1, 0, 1, 0, 1 ], [ 2, 0, 2, 2, 2, 0, 0, 2, 2, 2 ], 
  [ 1, 0, 2, 2, 1, 1, 1, 0, 2, 2 ], [ 2, 0, 0, 0, 0, 1, 1, 0, 1, 1 ], 
  [ 2, 1, 2, 0, 0, 0, 1, 2, 2, 1 ], [ 2, 1, 1, 2, 1, 1, 1, 1, 2, 0 ], 
  [ 2, 1, 2, 0, 1, 0, 1, 0, 1, 0 ], [ 2, 0, 0, 2, 2, 2, 1, 2, 1, 1 ], 
  [ 2, 1, 2, 1, 2, 0, 0, 0, 1, 1 ], [ 1, 2, 2, 1, 1, 0, 2, 2, 1, 2 ] ]
CLASS n=5 order=90 size=141588505433555304284160 fixed=-1 real=false M=
[ [ 0, 2, 1, 0, 2, 0, 2, 1, 1, 2 ], [ 2, 1, 1, 1, 2, 2, 0, 2, 2, 0 ], 
  [ 2, 1, 0, 2, 2, 0, 1, 2, 0, 2 ], [ 1, 2, 2, 2, 2, 0, 0, 2, 0, 2 ], 
  [ 0, 0, 0, 2, 0, 2, 0, 1, 1, 0 ], [ 2, 1, 0, 1, 2, 1, 1, 2, 1, 0 ], 
  [ 2, 1, 0, 2, 0, 2, 2, 1, 2, 2 ], [ 2, 1, 2, 2, 2, 0, 2, 1, 1, 1 ], 
  [ 1, 2, 1, 1, 2, 2, 0, 2, 2, 0 ], [ 1, 1, 1, 0, 0, 1, 2, 1, 2, 1 ] ]
CLASS n=5 order=30 size=1966507019910490337280 fixed=-1 real=false M=
[ [ 0, 0, 2, 2, 1, 0, 1, 2, 0, 1 ], [ 0, 2, 2, 2, 0, 2, 0, 0, 1, 1 ], 
  [ 2, 1, 0, 1, 2, 0, 0, 2, 1, 1 ], [ 0, 1, 1, 0, 2, 2, 2, 1, 0, 0 ], 
  [ 0, 1, 2, 0, 2, 0, 1, 1, 1, 0 ], [ 1, 0, 2, 2, 2, 2, 2, 2, 0, 0 ], 
  [ 2, 0, 2, 2, 1, 2, 0, 2, 1, 1 ], [ 0, 1, 2, 2, 2, 0, 2, 2, 1, 2 ], 
  [ 0, 1, 2, 2, 0, 2, 2, 1, 2, 2 ], [ 2, 2, 1, 0, 1, 2, 2, 1, 0, 2 ] ]
CLASS n=5 order=30 size=1966507019910490337280 fixed=-1 real=false M=
[ [ 1, 0, 2, 2, 1, 2, 2, 2, 2, 2 ], [ 0, 1, 1, 2, 2, 2, 1, 1, 2, 2 ], 
  [ 2, 1, 0, 1, 2, 0, 0, 2, 1, 1 ], [ 2, 1, 1, 0, 2, 0, 1, 1, 1, 2 ], 
  [ 0, 0, 1, 0, 1, 0, 2, 2, 2, 1 ], [ 0, 0, 2, 2, 2, 0, 1, 2, 1, 2 ], 
  [ 1, 0, 2, 2, 1, 0, 2, 2, 2, 0 ], [ 1, 0, 1, 2, 1, 2, 1, 0, 1, 1 ], 
  [ 2, 2, 0, 2, 1, 0, 0, 0, 2, 0 ], [ 0, 0, 2, 0, 2, 1, 2, 0, 1, 2 ] ]
CLASS n=5 order=12 size=505788842569570560 fixed=-1 real=false M=
[ [ 2, 0, 2, 0, 2, 0, 2, 2, 0, 0 ], [ 1, 2, 2, 2, 0, 0, 1, 2, 1, 1 ], 
  [ 1, 1, 2, 1, 1, 1, 0, 0, 1, 1 ], [ 1, 0, 0, 2, 2, 2, 2, 1, 0, 1 ], 
  [ 0, 2, 2, 1, 1, 2, 1, 2, 0, 0 ], [ 0, 0, 1, 0, 2, 2, 0, 1, 0, 1 ], 
  [ 2, 1, 0, 2, 1, 2, 1, 2, 0, 2 ], [ 2, 2, 0, 1, 0, 0, 1, 1, 0, 1 ], 
  [ 1, 2, 2, 1, 0, 1, 1, 0, 2, 0 ], [ 1, 1, 2, 1, 0, 1, 2, 2, 1, 0 ] ]
CLASS n=5 order=12 size=505788842569570560 fixed=-1 real=false M=
[ [ 1, 1, 1, 1, 2, 0, 2, 2, 1, 0 ], [ 1, 1, 1, 2, 2, 0, 1, 0, 2, 2 ], 
  [ 1, 1, 2, 2, 0, 0, 2, 1, 0, 2 ], [ 2, 0, 2, 1, 0, 2, 2, 0, 1, 0 ], 
  [ 0, 1, 1, 0, 1, 0, 2, 2, 2, 0 ], [ 1, 2, 2, 0, 1, 1, 2, 2, 1, 2 ], 
  [ 0, 0, 1, 2, 0, 1, 0, 0, 1, 0 ], [ 2, 0, 1, 2, 0, 2, 0, 1, 1, 1 ], 
  [ 2, 1, 0, 1, 2, 0, 0, 1, 0, 1 ], [ 0, 2, 1, 0, 2, 0, 1, 0, 1, 1 ] ]
CLASS n=5 order=60 size=212382758150332956426240 fixed=-1 real=false M=
[ [ 1, 0, 2, 1, 2, 0, 1, 1, 2, 0 ], [ 0, 0, 1, 2, 2, 2, 2, 2, 2, 0 ], 
  [ 1, 2, 0, 1, 2, 2, 1, 2, 1, 0 ], [ 1, 0, 2, 2, 1, 2, 0, 0, 1, 0 ], 
  [ 2, 1, 1, 1, 0, 2, 0, 0, 0, 0 ], [ 2, 2, 0, 0, 2, 1, 0, 0, 0, 1 ], 
  [ 2, 1, 0, 0, 0, 2, 2, 0, 2, 0 ], [ 1, 1, 1, 1, 2, 0, 1, 2, 1, 0 ], 
  [ 1, 2, 2, 2, 0, 0, 2, 2, 2, 1 ], [ 0, 0, 0, 0, 0, 2, 2, 2, 1, 1 ] ]
CLASS n=5 order=60 size=212382758150332956426240 fixed=-1 real=false M=
[ [ 2, 2, 0, 0, 2, 0, 1, 1, 1, 0 ], [ 0, 1, 2, 2, 0, 2, 2, 1, 1, 2 ], 
  [ 1, 2, 0, 0, 0, 0, 2, 1, 2, 2 ], [ 0, 0, 0, 0, 0, 2, 0, 1, 0, 1 ], 
  [ 2, 2, 2, 2, 0, 1, 2, 0, 1, 0 ], [ 1, 0, 2, 0, 0, 2, 1, 2, 2, 0 ], 
  [ 1, 2, 2, 0, 1, 0, 0, 2, 1, 2 ], [ 1, 0, 0, 0, 2, 1, 2, 2, 0, 0 ], 
  [ 0, 0, 1, 2, 1, 1, 0, 1, 1, 0 ], [ 1, 2, 1, 1, 1, 0, 0, 1, 1, 0 ] ]
CLASS n=5 order=30 size=437001559980108963840 fixed=-1 real=false M=
[ [ 0, 0, 1, 1, 2, 1, 1, 1, 1, 0 ], [ 0, 1, 2, 1, 1, 1, 0, 2, 0, 2 ], 
  [ 0, 2, 0, 0, 0, 1, 1, 2, 1, 0 ], [ 1, 1, 0, 1, 1, 1, 0, 0, 2, 1 ], 
  [ 0, 1, 1, 2, 2, 0, 2, 2, 0, 1 ], [ 0, 2, 1, 2, 2, 2, 1, 2, 2, 2 ], 
  [ 1, 2, 2, 2, 0, 0, 1, 0, 1, 1 ], [ 1, 0, 2, 1, 0, 1, 0, 1, 0, 1 ], 
  [ 0, 2, 0, 1, 0, 0, 2, 1, 2, 0 ], [ 2, 0, 2, 1, 1, 1, 1, 0, 1, 1 ] ]
CLASS n=5 order=30 size=437001559980108963840 fixed=-1 real=false M=
[ [ 0, 1, 0, 0, 1, 1, 1, 2, 0, 0 ], [ 1, 2, 0, 0, 1, 0, 1, 2, 2, 2 ], 
  [ 2, 2, 2, 1, 0, 2, 2, 1, 0, 0 ], [ 1, 1, 0, 0, 0, 2, 0, 2, 1, 1 ], 
  [ 2, 1, 2, 1, 0, 1, 2, 2, 1, 0 ], [ 2, 1, 0, 1, 1, 2, 0, 1, 1, 1 ], 
  [ 1, 1, 2, 1, 0, 1, 0, 0, 2, 2 ], [ 0, 1, 1, 2, 1, 1, 2, 1, 2, 1 ], 
  [ 2, 1, 1, 2, 0, 1, 2, 2, 1, 0 ], [ 0, 2, 1, 1, 2, 1, 1, 0, 1, 2 ] ]
CLASS n=5 order=90 size=35397126358388826071040 fixed=-1 real=false M=
[ [ 2, 0, 1, 0, 0, 2, 0, 2, 0, 2 ], [ 0, 0, 2, 1, 0, 2, 2, 0, 1, 0 ], 
  [ 1, 0, 2, 0, 2, 2, 1, 2, 0, 2 ], [ 2, 2, 2, 1, 0, 1, 1, 0, 0, 0 ], 
  [ 1, 2, 1, 0, 2, 2, 2, 1, 1, 0 ], [ 0, 0, 2, 2, 1, 1, 1, 2, 2, 2 ], 
  [ 2, 0, 2, 0, 1, 1, 0, 1, 2, 2 ], [ 0, 2, 2, 1, 2, 0, 0, 1, 2, 2 ], 
  [ 2, 0, 1, 2, 1, 1, 0, 2, 0, 1 ], [ 2, 2, 0, 0, 2, 0, 1, 2, 2, 0 ] ]
CLASS n=5 order=90 size=35397126358388826071040 fixed=-1 real=false M=
[ [ 0, 2, 2, 2, 0, 0, 2, 2, 2, 2 ], [ 0, 2, 1, 2, 0, 1, 1, 0, 0, 2 ], 
  [ 0, 2, 2, 2, 0, 1, 1, 2, 0, 2 ], [ 1, 1, 2, 1, 0, 1, 0, 0, 2, 1 ], 
  [ 2, 0, 1, 2, 0, 1, 1, 1, 0, 1 ], [ 0, 0, 2, 1, 2, 0, 2, 2, 0, 1 ], 
  [ 2, 0, 2, 0, 1, 1, 0, 1, 2, 2 ], [ 2, 0, 1, 1, 0, 1, 2, 1, 1, 1 ], 
  [ 0, 0, 0, 2, 2, 2, 1, 2, 1, 1 ], [ 1, 0, 2, 0, 0, 1, 0, 2, 1, 2 ] ]
CLASS n=5 order=90 size=141588505433555304284160 fixed=-1 real=false M=
[ [ 1, 1, 0, 1, 1, 0, 2, 0, 0, 1 ], [ 1, 2, 1, 2, 2, 0, 0, 2, 0, 2 ], 
  [ 0, 1, 0, 0, 0, 0, 1, 0, 1, 1 ], [ 2, 2, 2, 0, 1, 0, 0, 1, 0, 2 ], 
  [ 2, 2, 1, 1, 0, 1, 2, 1, 2, 0 ], [ 1, 0, 1, 0, 0, 0, 1, 1, 0, 0 ], 
  [ 1, 1, 2, 0, 2, 2, 0, 2, 1, 0 ], [ 0, 0, 1, 0, 0, 0, 1, 1, 1, 0 ], 
  [ 1, 1, 0, 0, 0, 1, 0, 2, 2, 1 ], [ 2, 0, 0, 0, 2, 0, 0, 0, 1, 0 ] ]
CLASS n=5 order=90 size=141588505433555304284160 fixed=-1 real=false M=
[ [ 1, 0, 1, 2, 1, 0, 0, 1, 2, 0 ], [ 0, 2, 1, 0, 0, 1, 2, 2, 2, 1 ], 
  [ 1, 2, 0, 1, 2, 0, 2, 2, 2, 1 ], [ 0, 0, 1, 0, 2, 0, 2, 2, 2, 2 ], 
  [ 0, 1, 2, 2, 0, 0, 0, 0, 0, 2 ], [ 1, 1, 2, 1, 2, 0, 0, 1, 1, 1 ], 
  [ 1, 0, 1, 2, 2, 2, 0, 0, 2, 2 ], [ 2, 1, 1, 0, 1, 1, 1, 2, 1, 2 ], 
  [ 2, 0, 2, 2, 2, 1, 1, 0, 2, 1 ], [ 0, 1, 2, 0, 2, 1, 2, 0, 1, 2 ] ]
CLASS n=5 order=12 size=6828149374689202560 fixed=-1 real=true M=
[ [ 1, 0, 0, 1, 0, 0, 0, 0, 2, 1 ], [ 0, 0, 1, 0, 0, 0, 1, 1, 0, 1 ], 
  [ 1, 0, 0, 0, 0, 1, 0, 2, 2, 1 ], [ 1, 2, 0, 2, 0, 2, 1, 0, 1, 1 ], 
  [ 0, 2, 0, 2, 2, 1, 2, 0, 0, 2 ], [ 1, 0, 1, 0, 1, 0, 0, 2, 2, 0 ], 
  [ 1, 0, 0, 1, 0, 2, 0, 2, 0, 0 ], [ 1, 1, 0, 2, 0, 0, 0, 2, 1, 0 ], 
  [ 1, 2, 2, 0, 1, 0, 2, 1, 2, 1 ], [ 1, 2, 1, 2, 0, 2, 2, 2, 2, 2 ] ]
CLASS n=5 order=30 size=36416796665009080320 fixed=-1 real=true M=
[ [ 2, 0, 1, 0, 2, 2, 0, 1, 0, 1 ], [ 1, 0, 0, 0, 2, 0, 2, 0, 2, 2 ], 
  [ 0, 1, 1, 2, 0, 2, 0, 2, 2, 2 ], [ 0, 1, 2, 1, 2, 0, 1, 2, 1, 0 ], 
  [ 0, 1, 0, 2, 0, 2, 2, 1, 0, 1 ], [ 1, 2, 2, 2, 0, 0, 2, 0, 1, 0 ], 
  [ 2, 0, 1, 0, 0, 0, 2, 2, 1, 2 ], [ 0, 0, 0, 2, 0, 2, 2, 0, 1, 2 ], 
  [ 0, 2, 1, 1, 1, 0, 0, 2, 0, 0 ], [ 2, 2, 1, 1, 0, 0, 2, 0, 0, 2 ] ]
CLASS n=5 order=60 size=35397126358388826071040 fixed=-1 real=true M=
[ [ 1, 1, 2, 1, 2, 2, 0, 1, 1, 1 ], [ 1, 2, 0, 0, 0, 1, 1, 1, 1, 0 ], 
  [ 1, 2, 0, 1, 2, 2, 2, 1, 1, 0 ], [ 0, 1, 2, 1, 0, 1, 2, 1, 1, 0 ], 
  [ 2, 2, 1, 0, 2, 1, 1, 1, 0, 1 ], [ 2, 0, 1, 2, 2, 1, 0, 1, 1, 2 ], 
  [ 2, 2, 2, 2, 1, 1, 0, 1, 1, 2 ], [ 0, 1, 2, 1, 2, 0, 2, 1, 0, 2 ], 
  [ 0, 1, 2, 0, 1, 0, 1, 0, 0, 1 ], [ 2, 1, 1, 0, 0, 2, 0, 0, 2, 0 ] ]
CLASS n=5 order=24 size=61453344372202823040 fixed=-1 real=false M=
[ [ 2, 2, 2, 0, 2, 2, 1, 0, 2, 2 ], [ 2, 0, 1, 0, 1, 2, 0, 0, 0, 0 ], 
  [ 2, 1, 0, 1, 1, 2, 0, 0, 0, 2 ], [ 2, 2, 1, 0, 0, 2, 1, 1, 1, 0 ], 
  [ 0, 1, 0, 1, 2, 1, 0, 2, 1, 2 ], [ 1, 2, 1, 0, 0, 2, 2, 2, 2, 1 ], 
  [ 2, 0, 1, 1, 2, 0, 0, 0, 1, 1 ], [ 2, 0, 0, 1, 0, 2, 2, 0, 0, 2 ], 
  [ 1, 0, 1, 2, 2, 2, 0, 2, 1, 2 ], [ 1, 1, 0, 2, 0, 2, 2, 2, 0, 1 ] ]
CLASS n=5 order=24 size=61453344372202823040 fixed=-1 real=false M=
[ [ 2, 2, 2, 1, 2, 1, 2, 0, 2, 0 ], [ 0, 2, 1, 2, 1, 1, 0, 0, 2, 1 ], 
  [ 2, 0, 1, 0, 0, 1, 0, 0, 1, 0 ], [ 0, 0, 1, 2, 2, 1, 2, 2, 1, 1 ], 
  [ 0, 2, 0, 2, 1, 2, 0, 1, 2, 1 ], [ 1, 0, 1, 2, 2, 1, 1, 1, 0, 0 ], 
  [ 1, 0, 2, 2, 1, 0, 0, 0, 2, 2 ], [ 1, 0, 0, 2, 0, 1, 1, 0, 0, 1 ], 
  [ 1, 2, 1, 0, 0, 1, 0, 1, 1, 2 ], [ 1, 1, 2, 0, 2, 1, 1, 1, 2, 0 ] ]
CLASS n=5 order=120 size=318574137225499434639360 fixed=-1 real=false M=
[ [ 1, 0, 1, 1, 1, 0, 1, 1, 2, 1 ], [ 0, 1, 1, 1, 2, 2, 1, 0, 1, 0 ], 
  [ 1, 0, 2, 2, 2, 0, 0, 0, 1, 2 ], [ 2, 2, 2, 1, 2, 2, 2, 2, 2, 1 ], 
  [ 2, 0, 0, 0, 0, 1, 2, 2, 0, 1 ], [ 0, 0, 1, 1, 0, 2, 2, 2, 2, 0 ], 
  [ 1, 0, 1, 0, 2, 0, 2, 2, 1, 1 ], [ 2, 0, 1, 2, 2, 0, 2, 2, 1, 0 ], 
  [ 0, 1, 0, 1, 2, 1, 1, 2, 2, 2 ], [ 2, 0, 2, 2, 2, 0, 1, 1, 1, 2 ] ]
CLASS n=5 order=120 size=318574137225499434639360 fixed=-1 real=false M=
[ [ 0, 2, 0, 0, 0, 0, 1, 1, 1, 2 ], [ 1, 2, 2, 2, 0, 2, 1, 0, 2, 2 ], 
  [ 0, 2, 1, 1, 1, 0, 0, 0, 0, 0 ], [ 0, 0, 0, 2, 0, 2, 2, 2, 0, 0 ], 
  [ 2, 0, 0, 0, 0, 1, 2, 2, 0, 1 ], [ 1, 1, 2, 2, 1, 2, 2, 2, 0, 2 ], 
  [ 1, 0, 1, 0, 2, 0, 2, 2, 1, 1 ], [ 2, 0, 1, 2, 2, 0, 2, 2, 1, 0 ], 
  [ 1, 2, 1, 2, 0, 1, 1, 2, 0, 1 ], [ 0, 1, 0, 0, 0, 0, 1, 1, 2, 1 ] ]
CLASS n=5 order=40 size=79643534306374858659840 fixed=-1 real=true M=
[ [ 0, 1, 0, 0, 0, 2, 1, 1, 0, 1 ], [ 2, 1, 2, 0, 2, 2, 1, 2, 0, 0 ], 
  [ 2, 0, 1, 0, 2, 0, 1, 2, 1, 0 ], [ 2, 2, 1, 1, 0, 1, 0, 0, 1, 0 ], 
  [ 2, 1, 2, 0, 1, 1, 1, 2, 0, 2 ], [ 1, 0, 1, 2, 2, 0, 0, 1, 2, 0 ], 
  [ 0, 0, 2, 1, 1, 0, 1, 2, 2, 2 ], [ 2, 0, 0, 0, 1, 2, 2, 1, 1, 2 ], 
  [ 1, 2, 0, 1, 0, 0, 0, 1, 0, 0 ], [ 1, 2, 1, 0, 0, 0, 1, 2, 0, 2 ] ]
CLASS n=5 order=30 size=49162675497762258432 fixed=-1 real=false M=
[ [ 0, 0, 1, 0, 2, 1, 0, 2, 0, 2 ], [ 2, 0, 1, 0, 0, 2, 1, 2, 2, 1 ], 
  [ 1, 0, 2, 0, 0, 0, 0, 1, 0, 1 ], [ 0, 1, 1, 0, 2, 1, 1, 1, 2, 1 ], 
  [ 1, 0, 2, 1, 2, 1, 0, 0, 2, 1 ], [ 2, 1, 2, 0, 2, 2, 1, 1, 0, 0 ], 
  [ 1, 2, 0, 2, 1, 1, 2, 1, 1, 0 ], [ 1, 2, 0, 1, 1, 1, 2, 0, 2, 0 ], 
  [ 0, 1, 0, 0, 2, 2, 2, 0, 2, 1 ], [ 1, 2, 1, 0, 0, 2, 1, 0, 1, 1 ] ]
CLASS n=5 order=30 size=49162675497762258432 fixed=-1 real=false M=
[ [ 2, 1, 1, 0, 2, 1, 0, 2, 1, 2 ], [ 1, 1, 1, 0, 0, 2, 1, 2, 0, 1 ], 
  [ 1, 0, 2, 0, 0, 0, 0, 1, 0, 1 ], [ 0, 1, 1, 0, 2, 1, 1, 1, 2, 1 ], 
  [ 1, 0, 2, 1, 2, 1, 0, 0, 2, 1 ], [ 2, 1, 2, 0, 2, 2, 1, 1, 0, 0 ], 
  [ 1, 2, 0, 2, 1, 1, 2, 1, 1, 0 ], [ 1, 2, 0, 1, 1, 1, 2, 0, 2, 0 ], 
  [ 0, 1, 0, 0, 2, 2, 2, 0, 2, 1 ], [ 2, 1, 1, 0, 0, 2, 1, 0, 0, 1 ] ]
CLASS n=5 order=30 size=1966507019910490337280 fixed=-1 real=false M=
[ [ 2, 1, 0, 0, 2, 2, 1, 0, 1, 1 ], [ 1, 0, 0, 2, 2, 2, 1, 1, 1, 2 ], 
  [ 2, 1, 2, 1, 1, 1, 0, 0, 0, 0 ], [ 2, 0, 0, 0, 0, 0, 0, 2, 2, 2 ], 
  [ 1, 2, 0, 1, 0, 1, 1, 2, 1, 0 ], [ 1, 1, 0, 0, 2, 1, 2, 0, 1, 2 ], 
  [ 2, 2, 0, 2, 2, 2, 0, 0, 0, 1 ], [ 1, 1, 0, 1, 1, 1, 1, 2, 2, 2 ], 
  [ 2, 0, 0, 1, 0, 0, 0, 2, 2, 2 ], [ 0, 1, 2, 1, 2, 0, 1, 2, 0, 0 ] ]
CLASS n=5 order=30 size=1966507019910490337280 fixed=-1 real=false M=
[ [ 1, 0, 1, 0, 1, 0, 1, 2, 1, 0 ], [ 2, 0, 0, 1, 1, 1, 2, 2, 2, 1 ], 
  [ 1, 2, 1, 0, 1, 1, 0, 0, 0, 0 ], [ 1, 2, 2, 0, 0, 1, 1, 2, 2, 0 ], 
  [ 2, 0, 2, 1, 1, 1, 0, 2, 0, 2 ], [ 2, 2, 0, 1, 0, 1, 1, 0, 2, 1 ], 
  [ 1, 0, 2, 1, 1, 2, 1, 1, 1, 1 ], [ 2, 0, 1, 2, 2, 1, 1, 0, 0, 2 ], 
  [ 1, 1, 1, 2, 0, 2, 2, 0, 0, 2 ], [ 0, 0, 2, 2, 1, 2, 1, 0, 2, 1 ] ]
CLASS n=5 order=18 size=26220093598806537830400 fixed=-1 real=false M=
[ [ 0, 0, 2, 0, 0, 2, 0, 1, 1, 0 ], [ 2, 1, 0, 0, 2, 2, 0, 1, 2, 2 ], 
  [ 0, 1, 2, 2, 1, 0, 1, 2, 0, 2 ], [ 0, 1, 0, 1, 0, 2, 2, 2, 2, 0 ], 
  [ 2, 2, 2, 2, 0, 1, 2, 0, 2, 1 ], [ 2, 2, 0, 0, 1, 0, 1, 0, 1, 0 ], 
  [ 0, 2, 2, 1, 1, 1, 2, 2, 0, 2 ], [ 2, 2, 1, 0, 2, 0, 1, 1, 2, 2 ], 
  [ 1, 1, 1, 1, 0, 2, 0, 0, 2, 1 ], [ 2, 1, 2, 2, 0, 0, 0, 0, 2, 2 ] ]
CLASS n=5 order=18 size=26220093598806537830400 fixed=-1 real=false M=
[ [ 2, 0, 2, 1, 1, 2, 1, 2, 2, 1 ], [ 0, 0, 2, 2, 2, 2, 1, 0, 0, 0 ], 
  [ 0, 0, 2, 2, 2, 0, 0, 1, 0, 2 ], [ 2, 1, 1, 2, 0, 0, 2, 1, 1, 1 ], 
  [ 2, 2, 0, 1, 1, 0, 1, 0, 2, 0 ], [ 2, 0, 0, 1, 0, 0, 1, 1, 2, 2 ], 
  [ 1, 1, 2, 0, 2, 0, 0, 2, 1, 0 ], [ 0, 0, 2, 2, 2, 0, 1, 1, 1, 2 ], 
  [ 1, 0, 0, 1, 0, 0, 0, 1, 1, 2 ], [ 0, 2, 1, 1, 0, 2, 0, 2, 2, 1 ] ]
CLASS n=5 order=12 size=136562987493784051200 fixed=-1 real=false M=
[ [ 1, 2, 1, 2, 2, 2, 0, 2, 1, 1 ], [ 1, 0, 1, 1, 2, 1, 2, 1, 1, 2 ], 
  [ 2, 2, 2, 1, 2, 0, 2, 1, 0, 1 ], [ 0, 1, 0, 0, 2, 0, 1, 2, 1, 0 ], 
  [ 2, 2, 1, 0, 2, 0, 2, 0, 0, 0 ], [ 0, 2, 0, 0, 2, 1, 2, 2, 2, 0 ], 
  [ 2, 2, 1, 0, 0, 2, 2, 1, 0, 1 ], [ 1, 0, 0, 1, 2, 0, 1, 2, 0, 1 ], 
  [ 1, 2, 0, 2, 2, 0, 1, 1, 1, 2 ], [ 0, 2, 1, 2, 0, 1, 1, 2, 0, 1 ] ]
CLASS n=5 order=12 size=136562987493784051200 fixed=-1 real=false M=
[ [ 1, 2, 1, 2, 2, 2, 0, 2, 1, 1 ], [ 0, 0, 2, 0, 2, 2, 1, 0, 2, 0 ], 
  [ 0, 2, 1, 1, 1, 0, 2, 2, 0, 2 ], [ 1, 1, 2, 1, 2, 2, 2, 0, 0, 2 ], 
  [ 1, 2, 2, 0, 0, 2, 2, 1, 1, 2 ], [ 0, 2, 0, 1, 0, 0, 0, 2, 1, 1 ], 
  [ 0, 2, 0, 1, 0, 0, 0, 1, 0, 0 ], [ 0, 0, 1, 1, 0, 0, 1, 1, 0, 0 ], 
  [ 0, 2, 1, 0, 1, 2, 2, 0, 0, 2 ], [ 1, 2, 0, 2, 2, 0, 1, 2, 1, 2 ] ]
CLASS n=5 order=12 size=3793416319271779200 fixed=-1 real=true M=
[ [ 1, 2, 2, 2, 1, 0, 1, 0, 2, 0 ], [ 1, 0, 0, 0, 1, 0, 2, 1, 1, 1 ], 
  [ 2, 2, 1, 1, 0, 0, 0, 1, 0, 2 ], [ 1, 2, 1, 0, 2, 0, 0, 1, 0, 2 ], 
  [ 1, 2, 2, 1, 2, 0, 2, 2, 1, 0 ], [ 1, 2, 0, 1, 2, 1, 0, 2, 0, 2 ], 
  [ 0, 1, 2, 1, 0, 1, 0, 1, 2, 1 ], [ 1, 2, 2, 1, 1, 0, 2, 2, 1, 0 ], 
  [ 2, 0, 0, 0, 1, 0, 2, 2, 0, 1 ], [ 2, 1, 1, 2, 2, 0, 1, 0, 2, 2 ] ]
CLASS n=5 order=24 size=2458133774888112921600 fixed=-1 real=false M=
[ [ 0, 0, 0, 0, 1, 0, 1, 1, 1, 1 ], [ 1, 1, 1, 1, 1, 1, 2, 0, 1, 0 ], 
  [ 1, 0, 2, 1, 1, 2, 2, 1, 0, 2 ], [ 2, 0, 2, 1, 1, 2, 1, 2, 1, 1 ], 
  [ 2, 1, 0, 2, 0, 2, 0, 0, 2, 0 ], [ 1, 1, 1, 1, 0, 0, 0, 1, 2, 1 ], 
  [ 1, 2, 0, 0, 0, 0, 1, 1, 0, 0 ], [ 0, 1, 2, 0, 0, 0, 0, 0, 1, 1 ], 
  [ 2, 2, 0, 0, 1, 2, 2, 1, 1, 0 ], [ 0, 1, 2, 2, 1, 2, 2, 1, 0, 2 ] ]
CLASS n=5 order=24 size=2458133774888112921600 fixed=-1 real=false M=
[ [ 2, 0, 0, 1, 2, 2, 1, 2, 0, 2 ], [ 1, 0, 1, 1, 1, 2, 1, 0, 2, 1 ], 
  [ 0, 1, 0, 2, 1, 0, 0, 2, 1, 2 ], [ 0, 0, 1, 0, 2, 0, 1, 1, 0, 2 ], 
  [ 1, 1, 1, 0, 1, 0, 2, 0, 2, 2 ], [ 1, 2, 2, 0, 0, 2, 2, 2, 2, 2 ], 
  [ 2, 1, 0, 0, 0, 0, 2, 2, 0, 0 ], [ 0, 0, 0, 1, 2, 1, 1, 0, 1, 0 ], 
  [ 0, 1, 0, 1, 2, 0, 0, 2, 0, 0 ], [ 0, 1, 2, 0, 0, 0, 0, 2, 1, 0 ] ]
CLASS n=5 order=12 size=30347330554174233600 fixed=-1 real=true M=
[ [ 2, 2, 0, 1, 2, 0, 0, 0, 0, 1 ], [ 2, 1, 2, 0, 2, 2, 0, 0, 2, 1 ], 
  [ 2, 2, 1, 2, 1, 0, 2, 2, 2, 2 ], [ 0, 1, 0, 2, 0, 1, 2, 0, 1, 1 ], 
  [ 0, 2, 1, 2, 2, 1, 1, 1, 2, 1 ], [ 1, 0, 2, 1, 2, 0, 2, 1, 2, 1 ], 
  [ 1, 1, 0, 1, 1, 2, 1, 1, 1, 1 ], [ 0, 0, 0, 0, 2, 1, 0, 1, 2, 2 ], 
  [ 0, 0, 2, 0, 2, 2, 0, 2, 2, 1 ], [ 0, 2, 1, 2, 1, 0, 2, 0, 0, 0 ] ]
CLASS n=5 order=18 size=364167966650090803200 fixed=-1 real=false M=
[ [ 1, 0, 2, 1, 2, 0, 1, 0, 2, 2 ], [ 0, 0, 1, 0, 0, 1, 0, 0, 2, 2 ], 
  [ 1, 1, 1, 0, 1, 2, 2, 1, 2, 1 ], [ 0, 0, 0, 1, 1, 0, 0, 1, 0, 0 ], 
  [ 0, 2, 1, 1, 1, 1, 0, 1, 2, 2 ], [ 1, 2, 1, 2, 2, 0, 2, 1, 1, 1 ], 
  [ 0, 2, 2, 1, 2, 0, 1, 0, 1, 0 ], [ 0, 1, 1, 2, 1, 1, 0, 1, 0, 1 ], 
  [ 0, 0, 0, 1, 1, 1, 1, 2, 0, 0 ], [ 0, 0, 0, 2, 0, 1, 1, 2, 2, 1 ] ]
CLASS n=5 order=18 size=364167966650090803200 fixed=-1 real=false M=
[ [ 1, 1, 1, 0, 1, 2, 0, 1, 0, 1 ], [ 2, 1, 2, 0, 1, 0, 2, 1, 0, 2 ], 
  [ 2, 0, 1, 1, 1, 1, 0, 2, 1, 0 ], [ 0, 0, 2, 0, 1, 2, 0, 2, 0, 2 ], 
  [ 2, 0, 0, 2, 0, 1, 2, 0, 2, 1 ], [ 0, 1, 1, 2, 2, 2, 1, 1, 0, 2 ], 
  [ 2, 2, 1, 2, 2, 1, 1, 1, 1, 1 ], [ 2, 1, 2, 2, 2, 0, 2, 0, 1, 1 ], 
  [ 2, 0, 1, 0, 2, 2, 0, 2, 2, 1 ], [ 2, 1, 0, 1, 1, 1, 0, 2, 2, 0 ] ]
CLASS n=5 order=36 size=1638755849925408614400 fixed=-1 real=false M=
[ [ 2, 0, 0, 1, 1, 1, 2, 2, 2, 0 ], [ 0, 1, 1, 2, 2, 2, 0, 0, 2, 0 ], 
  [ 1, 2, 1, 2, 2, 2, 1, 2, 1, 2 ], [ 2, 0, 1, 0, 2, 1, 1, 2, 0, 0 ], 
  [ 2, 1, 1, 1, 0, 2, 0, 2, 0, 1 ], [ 0, 2, 1, 0, 1, 0, 0, 0, 0, 2 ], 
  [ 1, 1, 0, 1, 2, 2, 1, 0, 2, 0 ], [ 0, 0, 2, 1, 0, 2, 1, 0, 0, 1 ], 
  [ 2, 0, 0, 1, 1, 2, 1, 1, 1, 1 ], [ 0, 1, 2, 1, 1, 0, 0, 1, 2, 1 ] ]
CLASS n=5 order=36 size=1638755849925408614400 fixed=-1 real=false M=
[ [ 2, 1, 0, 1, 0, 1, 2, 1, 0, 2 ], [ 2, 1, 1, 1, 2, 0, 1, 2, 1, 0 ], 
  [ 2, 2, 0, 0, 0, 1, 0, 0, 1, 2 ], [ 2, 0, 2, 1, 2, 1, 1, 0, 1, 0 ], 
  [ 1, 1, 1, 0, 0, 0, 1, 1, 2, 1 ], [ 0, 0, 1, 2, 2, 0, 0, 1, 1, 1 ], 
  [ 2, 0, 2, 2, 1, 1, 0, 2, 1, 1 ], [ 1, 0, 2, 2, 0, 1, 0, 1, 1, 1 ], 
  [ 2, 2, 0, 1, 2, 2, 1, 2, 0, 2 ], [ 2, 0, 0, 1, 2, 1, 1, 2, 1, 2 ] ]
CLASS n=5 order=36 size=13110046799403268915200 fixed=-1 real=false M=
[ [ 1, 1, 2, 2, 2, 0, 2, 1, 1, 2 ], [ 1, 1, 0, 2, 2, 2, 0, 0, 1, 1 ], 
  [ 1, 0, 0, 0, 2, 0, 1, 0, 0, 2 ], [ 0, 0, 1, 1, 1, 2, 1, 1, 2, 2 ], 
  [ 0, 1, 1, 2, 1, 2, 2, 0, 1, 0 ], [ 1, 2, 1, 0, 0, 2, 0, 2, 1, 1 ], 
  [ 0, 1, 2, 0, 2, 1, 1, 2, 1, 0 ], [ 2, 1, 1, 0, 1, 0, 0, 2, 0, 2 ], 
  [ 1, 0, 2, 2, 0, 2, 2, 1, 1, 2 ], [ 0, 1, 0, 1, 1, 0, 2, 1, 1, 2 ] ]
CLASS n=5 order=36 size=13110046799403268915200 fixed=-1 real=false M=
[ [ 2, 0, 1, 0, 1, 0, 1, 0, 1, 0 ], [ 0, 2, 0, 0, 2, 1, 0, 0, 2, 2 ], 
  [ 1, 0, 2, 1, 0, 1, 0, 0, 1, 1 ], [ 2, 2, 2, 0, 2, 0, 1, 0, 2, 2 ], 
  [ 2, 1, 1, 0, 0, 2, 2, 1, 1, 1 ], [ 0, 1, 1, 0, 1, 1, 0, 0, 2, 0 ], 
  [ 2, 2, 0, 0, 0, 1, 1, 2, 1, 2 ], [ 2, 0, 0, 1, 1, 2, 2, 0, 1, 0 ], 
  [ 1, 1, 1, 2, 0, 2, 2, 0, 1, 0 ], [ 0, 0, 0, 0, 2, 2, 0, 1, 1, 0 ] ]
CLASS n=5 order=18 size=161852429622262579200 fixed=-1 real=false M=
[ [ 0, 0, 2, 1, 1, 0, 1, 2, 0, 1 ], [ 2, 2, 2, 1, 1, 0, 2, 2, 0, 1 ], 
  [ 2, 0, 1, 0, 1, 2, 1, 1, 0, 2 ], [ 2, 2, 0, 2, 2, 2, 1, 0, 1, 1 ], 
  [ 0, 2, 0, 2, 0, 2, 1, 2, 0, 2 ], [ 0, 0, 1, 0, 0, 2, 1, 0, 2, 0 ], 
  [ 2, 0, 0, 2, 1, 0, 0, 1, 2, 1 ], [ 1, 2, 1, 0, 1, 0, 1, 1, 1, 2 ], 
  [ 2, 2, 0, 0, 2, 0, 1, 0, 1, 2 ], [ 1, 2, 2, 0, 2, 0, 2, 1, 1, 0 ] ]
CLASS n=5 order=18 size=161852429622262579200 fixed=-1 real=false M=
[ [ 1, 0, 1, 0, 0, 2, 1, 0, 1, 2 ], [ 0, 0, 1, 0, 2, 2, 0, 1, 1, 0 ], 
  [ 0, 1, 0, 2, 2, 1, 2, 2, 0, 2 ], [ 1, 1, 1, 0, 2, 1, 2, 0, 2, 1 ], 
  [ 1, 0, 0, 1, 0, 1, 2, 0, 0, 2 ], [ 0, 2, 0, 0, 1, 1, 2, 2, 2, 2 ], 
  [ 1, 2, 0, 1, 0, 2, 2, 1, 2, 0 ], [ 1, 2, 2, 0, 2, 0, 2, 0, 2, 0 ], 
  [ 0, 1, 1, 1, 2, 1, 0, 1, 0, 1 ], [ 0, 0, 1, 0, 2, 0, 1, 1, 1, 2 ] ]
CLASS n=5 order=6 size=6743851234260940800 fixed=-1 real=true M=
[ [ 2, 0, 0, 0, 0, 1, 0, 2, 0, 2 ], [ 0, 2, 2, 2, 1, 1, 1, 1, 0, 0 ], 
  [ 1, 2, 2, 2, 2, 1, 1, 1, 0, 1 ], [ 1, 2, 2, 0, 2, 2, 1, 1, 0, 1 ], 
  [ 0, 0, 1, 0, 2, 1, 1, 1, 1, 0 ], [ 2, 2, 0, 2, 0, 1, 2, 1, 0, 1 ], 
  [ 2, 0, 1, 2, 2, 2, 0, 2, 2, 0 ], [ 1, 0, 2, 2, 1, 0, 1, 1, 0, 2 ], 
  [ 0, 0, 1, 2, 2, 1, 1, 0, 1, 2 ], [ 2, 1, 2, 0, 1, 2, 2, 0, 0, 2 ] ]
CLASS n=5 order=6 size=3371925617130470400 fixed=-1 real=true M=
[ [ 0, 0, 2, 1, 0, 0, 1, 2, 1, 2 ], [ 2, 0, 2, 0, 1, 2, 2, 1, 1, 2 ], 
  [ 2, 2, 2, 2, 1, 2, 1, 2, 0, 1 ], [ 1, 0, 0, 2, 1, 2, 0, 0, 1, 1 ], 
  [ 2, 0, 0, 2, 1, 1, 1, 0, 0, 1 ], [ 0, 0, 1, 2, 2, 1, 0, 2, 1, 0 ], 
  [ 2, 2, 1, 1, 2, 0, 1, 1, 1, 2 ], [ 1, 2, 1, 2, 2, 2, 0, 0, 2, 1 ], 
  [ 2, 1, 0, 2, 0, 2, 0, 2, 0, 0 ], [ 1, 1, 0, 2, 1, 0, 2, 1, 2, 0 ] ]
CLASS n=5 order=12 size=3277511699850817228800 fixed=-1 real=true M=
[ [ 1, 2, 0, 0, 0, 0, 2, 2, 1, 2 ], [ 2, 0, 2, 0, 2, 1, 0, 2, 0, 1 ], 
  [ 0, 1, 1, 1, 0, 2, 1, 0, 0, 1 ], [ 0, 0, 1, 1, 0, 1, 2, 1, 0, 2 ], 
  [ 0, 1, 0, 1, 1, 2, 2, 1, 0, 1 ], [ 0, 2, 2, 1, 1, 2, 1, 1, 1, 0 ], 
  [ 2, 1, 0, 0, 2, 2, 1, 2, 2, 2 ], [ 1, 0, 2, 0, 0, 0, 1, 1, 1, 1 ], 
  [ 2, 1, 0, 2, 2, 1, 2, 0, 2, 2 ], [ 1, 2, 0, 1, 1, 1, 1, 1, 2, 1 ] ]
CLASS n=5 order=6 size=3371925617130470400 fixed=-1 real=true M=
[ [ 0, 0, 0, 2, 0, 0, 1, 2, 2, 1 ], [ 2, 0, 2, 0, 2, 0, 2, 1, 1, 0 ], 
  [ 2, 1, 0, 2, 2, 1, 2, 0, 2, 0 ], [ 1, 1, 0, 0, 1, 1, 0, 1, 1, 0 ], 
  [ 0, 0, 2, 0, 1, 1, 1, 2, 1, 1 ], [ 2, 0, 1, 0, 2, 1, 0, 2, 0, 0 ], 
  [ 2, 2, 2, 0, 2, 1, 2, 1, 2, 0 ], [ 1, 2, 1, 0, 2, 2, 0, 1, 0, 2 ], 
  [ 0, 2, 2, 0, 0, 2, 1, 1, 1, 0 ], [ 1, 2, 0, 1, 2, 1, 1, 2, 2, 1 ] ]
CLASS n=5 order=12 size=1638755849925408614400 fixed=-1 real=false M=
[ [ 1, 0, 1, 1, 0, 2, 0, 1, 2, 0 ], [ 2, 2, 2, 1, 0, 0, 2, 1, 2, 1 ], 
  [ 1, 0, 0, 0, 1, 0, 2, 2, 1, 2 ], [ 1, 1, 1, 1, 1, 1, 0, 1, 1, 2 ], 
  [ 2, 0, 2, 1, 1, 2, 2, 2, 0, 1 ], [ 2, 2, 2, 1, 2, 0, 1, 1, 2, 2 ], 
  [ 2, 0, 0, 0, 1, 2, 1, 2, 2, 0 ], [ 1, 2, 2, 1, 1, 0, 1, 2, 1, 1 ], 
  [ 2, 1, 2, 1, 1, 0, 0, 1, 2, 1 ], [ 1, 0, 0, 1, 2, 0, 2, 0, 0, 1 ] ]
CLASS n=5 order=12 size=1638755849925408614400 fixed=-1 real=false M=
[ [ 1, 2, 0, 0, 0, 0, 2, 2, 1, 2 ], [ 2, 0, 0, 2, 2, 2, 1, 2, 2, 1 ], 
  [ 1, 1, 0, 1, 0, 0, 1, 0, 1, 2 ], [ 2, 0, 0, 0, 1, 0, 0, 1, 0, 2 ], 
  [ 2, 1, 1, 0, 2, 0, 2, 2, 0, 0 ], [ 1, 2, 1, 0, 0, 1, 1, 2, 2, 2 ], 
  [ 0, 1, 1, 1, 0, 1, 0, 2, 0, 1 ], [ 0, 0, 2, 1, 1, 0, 0, 1, 0, 1 ], 
  [ 0, 1, 2, 0, 2, 2, 2, 2, 1, 1 ], [ 2, 2, 0, 1, 2, 2, 2, 0, 2, 1 ] ]
CLASS n=5 order=12 size=449590082284062720 fixed=-1 real=true M=
[ [ 0, 0, 0, 0, 0, 2, 2, 1, 2, 1 ], [ 1, 0, 0, 0, 2, 2, 0, 1, 0, 0 ], 
  [ 1, 2, 2, 0, 2, 2, 2, 0, 1, 2 ], [ 2, 1, 0, 0, 1, 0, 2, 1, 0, 1 ], 
  [ 2, 1, 0, 2, 0, 1, 0, 0, 1, 2 ], [ 0, 2, 1, 1, 1, 2, 1, 0, 2, 1 ], 
  [ 2, 1, 2, 0, 0, 0, 1, 1, 1, 0 ], [ 2, 2, 2, 1, 1, 0, 0, 1, 1, 2 ], 
  [ 0, 1, 2, 2, 2, 2, 1, 0, 0, 1 ], [ 2, 1, 2, 1, 0, 1, 0, 2, 2, 2 ] ]
CLASS n=5 order=60 size=424765516300665912852480 fixed=-1 real=true M=
[ [ 2, 0, 0, 0, 2, 1, 1, 2, 0, 0 ], [ 2, 2, 0, 1, 1, 2, 0, 0, 2, 0 ], 
  [ 2, 0, 2, 2, 1, 0, 1, 0, 2, 1 ], [ 2, 0, 1, 1, 0, 2, 2, 0, 1, 0 ], 
  [ 2, 1, 1, 2, 0, 2, 1, 2, 0, 2 ], [ 0, 2, 0, 2, 0, 0, 1, 1, 2, 1 ], 
  [ 2, 1, 0, 2, 1, 1, 1, 2, 0, 0 ], [ 0, 2, 1, 0, 0, 0, 2, 0, 2, 0 ], 
  [ 1, 2, 2, 1, 2, 1, 0, 2, 2, 0 ], [ 1, 0, 2, 0, 0, 1, 0, 1, 1, 0 ] ]
CLASS n=5 order=36 size=117990421194629420236800 fixed=-1 real=false M=
[ [ 1, 0, 2, 2, 1, 0, 0, 1, 2, 0 ], [ 0, 0, 0, 2, 2, 2, 1, 1, 2, 1 ], 
  [ 1, 0, 0, 2, 1, 1, 0, 0, 1, 2 ], [ 2, 1, 1, 0, 1, 0, 1, 2, 2, 1 ], 
  [ 1, 1, 2, 1, 2, 2, 2, 0, 1, 2 ], [ 1, 1, 0, 2, 0, 0, 0, 2, 0, 2 ], 
  [ 2, 1, 2, 2, 0, 0, 0, 1, 2, 1 ], [ 1, 0, 2, 0, 1, 2, 0, 2, 2, 1 ], 
  [ 2, 1, 2, 1, 1, 2, 2, 0, 0, 2 ], [ 0, 2, 1, 0, 1, 2, 0, 2, 0, 2 ] ]
CLASS n=5 order=36 size=117990421194629420236800 fixed=-1 real=false M=
[ [ 0, 2, 1, 0, 0, 1, 2, 2, 0, 2 ], [ 2, 2, 0, 1, 1, 2, 2, 0, 0, 0 ], 
  [ 0, 0, 1, 1, 2, 1, 0, 2, 0, 1 ], [ 0, 1, 1, 2, 2, 0, 1, 0, 2, 0 ], 
  [ 2, 1, 2, 1, 2, 1, 1, 2, 0, 2 ], [ 0, 0, 0, 2, 2, 1, 2, 0, 1, 1 ], 
  [ 2, 2, 2, 0, 1, 1, 0, 0, 2, 2 ], [ 2, 1, 2, 0, 0, 0, 1, 2, 2, 2 ], 
  [ 2, 2, 2, 1, 1, 0, 1, 2, 2, 0 ], [ 2, 1, 0, 2, 0, 1, 0, 2, 1, 1 ] ]
CLASS n=5 order=120 size=318574137225499434639360 fixed=-1 real=false M=
[ [ 2, 0, 1, 0, 1, 0, 0, 1, 0, 1 ], [ 2, 1, 0, 1, 0, 0, 1, 2, 1, 2 ], 
  [ 0, 0, 1, 1, 0, 2, 2, 2, 1, 2 ], [ 2, 0, 2, 2, 2, 1, 0, 1, 0, 0 ], 
  [ 2, 1, 0, 2, 1, 0, 2, 0, 2, 2 ], [ 2, 0, 0, 1, 2, 0, 0, 1, 1, 0 ], 
  [ 1, 0, 2, 1, 1, 0, 0, 0, 1, 2 ], [ 0, 1, 0, 0, 0, 0, 2, 2, 0, 0 ], 
  [ 0, 0, 2, 1, 0, 2, 2, 2, 1, 0 ], [ 1, 0, 1, 2, 2, 1, 2, 1, 1, 1 ] ]
CLASS n=5 order=120 size=318574137225499434639360 fixed=-1 real=false M=
[ [ 0, 2, 0, 2, 0, 2, 2, 0, 2, 1 ], [ 2, 0, 2, 0, 2, 1, 0, 0, 0, 2 ], 
  [ 2, 2, 0, 1, 1, 0, 0, 2, 1, 0 ], [ 0, 2, 2, 0, 2, 1, 2, 0, 2, 2 ], 
  [ 0, 1, 1, 0, 0, 2, 0, 1, 0, 0 ], [ 0, 2, 1, 1, 2, 2, 2, 0, 1, 2 ], 
  [ 0, 1, 0, 0, 1, 1, 1, 2, 0, 2 ], [ 1, 0, 2, 1, 2, 1, 2, 0, 1, 1 ], 
  [ 2, 2, 2, 1, 1, 0, 0, 2, 1, 2 ], [ 0, 1, 1, 2, 0, 0, 2, 1, 0, 0 ] ]
CLASS n=5 order=12 size=5121112031016901920 fixed=-1 real=false M=
[ [ 2, 2, 2, 0, 2, 1, 1, 1, 2, 1 ], [ 0, 1, 2, 1, 2, 0, 2, 1, 2, 1 ], 
  [ 0, 2, 1, 1, 1, 0, 2, 1, 2, 2 ], [ 0, 0, 1, 2, 1, 1, 0, 0, 2, 0 ], 
  [ 0, 1, 0, 2, 2, 1, 2, 0, 0, 1 ], [ 1, 2, 0, 1, 0, 0, 2, 0, 1, 1 ], 
  [ 0, 2, 2, 1, 0, 1, 0, 0, 1, 1 ], [ 0, 1, 1, 2, 1, 2, 2, 2, 2, 1 ], 
  [ 1, 1, 1, 1, 0, 0, 1, 2, 1, 2 ], [ 0, 0, 2, 0, 1, 1, 1, 1, 2, 2 ] ]
CLASS n=5 order=12 size=5121112031016901920 fixed=-1 real=false M=
[ [ 1, 1, 0, 2, 0, 0, 0, 2, 1, 0 ], [ 1, 2, 1, 2, 1, 1, 0, 0, 0, 2 ], 
  [ 2, 1, 2, 0, 2, 2, 1, 2, 1, 1 ], [ 2, 2, 2, 1, 2, 0, 2, 1, 1, 2 ], 
  [ 2, 0, 1, 1, 0, 0, 1, 1, 2, 0 ], [ 0, 1, 1, 0, 1, 2, 1, 1, 0, 0 ], 
  [ 1, 0, 1, 2, 2, 2, 1, 2, 2, 2 ], [ 1, 2, 0, 0, 0, 0, 0, 1, 0, 2 ], 
  [ 0, 0, 2, 0, 1, 2, 0, 0, 0, 1 ], [ 1, 1, 1, 1, 0, 2, 2, 0, 0, 0 ] ]
CLASS n=5 order=60 size=26547844768791619553280 fixed=-1 real=false M=
[ [ 2, 2, 1, 0, 0, 1, 2, 0, 0, 2 ], [ 2, 1, 2, 0, 2, 2, 1, 0, 2, 0 ], 
  [ 1, 1, 0, 0, 0, 1, 1, 2, 2, 2 ], [ 1, 0, 2, 0, 2, 2, 1, 1, 2, 0 ], 
  [ 1, 1, 0, 0, 2, 2, 0, 1, 0, 2 ], [ 2, 1, 2, 1, 0, 1, 1, 0, 1, 1 ], 
  [ 1, 2, 2, 1, 1, 2, 2, 1, 2, 2 ], [ 2, 0, 1, 1, 0, 1, 2, 2, 2, 1 ], 
  [ 0, 1, 0, 0, 0, 2, 2, 2, 0, 2 ], [ 0, 2, 0, 0, 2, 1, 1, 0, 1, 2 ] ]
CLASS n=5 order=60 size=26547844768791619553280 fixed=-1 real=false M=
[ [ 0, 0, 0, 1, 2, 2, 0, 2, 1, 0 ], [ 1, 0, 0, 2, 0, 1, 0, 1, 1, 2 ], 
  [ 2, 2, 2, 1, 2, 2, 2, 1, 0, 0 ], [ 2, 1, 1, 1, 1, 0, 2, 0, 0, 1 ], 
  [ 2, 2, 2, 1, 1, 0, 1, 0, 1, 0 ], [ 0, 2, 1, 2, 2, 2, 2, 2, 2, 2 ], 
  [ 0, 1, 0, 0, 2, 1, 1, 2, 1, 1 ], [ 1, 2, 2, 0, 1, 0, 1, 0, 1, 0 ], 
  [ 1, 2, 2, 1, 2, 0, 0, 1, 1, 0 ], [ 2, 1, 1, 2, 0, 0, 0, 1, 0, 1 ] ]
CLASS n=5 order=60 size=26547844768791619553280 fixed=-1 real=false M=
[ [ 1, 1, 0, 0, 0, 2, 1, 1, 1, 1 ], [ 0, 1, 1, 1, 1, 1, 2, 0, 0, 1 ], 
  [ 0, 0, 1, 2, 0, 0, 0, 0, 1, 1 ], [ 2, 1, 1, 1, 1, 0, 0, 1, 2, 1 ], 
  [ 0, 0, 0, 0, 1, 2, 2, 1, 0, 0 ], [ 0, 0, 1, 1, 1, 2, 2, 0, 1, 2 ], 
  [ 2, 2, 2, 1, 2, 0, 2, 0, 1, 1 ], [ 2, 1, 1, 0, 1, 2, 1, 2, 2, 1 ], 
  [ 2, 0, 0, 1, 1, 0, 1, 0, 1, 0 ], [ 0, 1, 0, 1, 2, 2, 0, 1, 0, 2 ] ]
CLASS n=5 order=60 size=26547844768791619553280 fixed=-1 real=false M=
[ [ 2, 2, 0, 0, 0, 1, 2, 2, 2, 2 ], [ 1, 2, 0, 1, 2, 1, 0, 2, 2, 2 ], 
  [ 1, 0, 0, 0, 0, 2, 2, 2, 1, 2 ], [ 2, 2, 0, 1, 2, 2, 2, 1, 0, 2 ], 
  [ 1, 0, 1, 2, 2, 0, 0, 1, 2, 0 ], [ 0, 0, 2, 2, 2, 1, 1, 0, 2, 1 ], 
  [ 2, 1, 2, 1, 1, 2, 0, 2, 1, 2 ], [ 0, 2, 1, 1, 2, 2, 0, 2, 2, 2 ], 
  [ 1, 0, 0, 2, 2, 0, 2, 0, 2, 0 ], [ 2, 2, 2, 0, 1, 2, 1, 0, 1, 1 ] ]
CLASS n=5 order=36 size=409688962481352153600 fixed=-1 real=false M=
[ [ 2, 0, 0, 1, 0, 2, 0, 0, 0, 1 ], [ 0, 1, 2, 1, 0, 1, 1, 0, 2, 1 ], 
  [ 0, 0, 1, 1, 1, 1, 1, 2, 0, 2 ], [ 1, 1, 2, 2, 0, 0, 1, 0, 0, 1 ], 
  [ 1, 1, 1, 2, 1, 0, 1, 0, 2, 2 ], [ 2, 1, 0, 2, 2, 1, 0, 1, 1, 0 ], 
  [ 0, 2, 1, 0, 0, 2, 2, 0, 0, 2 ], [ 2, 1, 0, 1, 0, 2, 0, 1, 2, 2 ], 
  [ 2, 0, 0, 0, 0, 0, 1, 2, 0, 0 ], [ 0, 2, 2, 2, 2, 1, 1, 2, 1, 1 ] ]
CLASS n=5 order=36 size=409688962481352153600 fixed=-1 real=false M=
[ [ 0, 2, 0, 1, 1, 0, 1, 2, 1, 2 ], [ 1, 0, 1, 0, 1, 0, 1, 2, 1, 0 ], 
  [ 1, 0, 1, 1, 1, 0, 1, 0, 1, 1 ], [ 0, 1, 2, 2, 0, 1, 1, 2, 2, 2 ], 
  [ 2, 2, 0, 1, 0, 1, 2, 0, 1, 0 ], [ 0, 0, 0, 2, 0, 2, 1, 0, 2, 1 ], 
  [ 1, 1, 2, 1, 1, 2, 1, 2, 0, 2 ], [ 2, 0, 0, 1, 1, 1, 1, 2, 2, 1 ], 
  [ 0, 1, 2, 2, 2, 1, 2, 2, 2, 1 ], [ 2, 1, 1, 1, 0, 2, 1, 2, 1, 2 ] ]
CLASS n=5 order=36 size=1638755849925408614400 fixed=-1 real=false M=
[ [ 1, 0, 2, 1, 0, 2, 0, 1, 2, 2 ], [ 2, 0, 1, 1, 1, 0, 1, 2, 1, 1 ], 
  [ 1, 2, 1, 1, 0, 2, 2, 0, 0, 1 ], [ 2, 2, 0, 2, 0, 0, 2, 0, 2, 0 ], 
  [ 1, 1, 2, 1, 1, 2, 2, 1, 1, 1 ], [ 0, 0, 2, 0, 1, 2, 2, 1, 1, 1 ], 
  [ 1, 0, 2, 2, 0, 2, 0, 2, 2, 1 ], [ 1, 0, 2, 2, 2, 0, 1, 2, 1, 1 ], 
  [ 1, 1, 0, 0, 0, 1, 0, 2, 0, 1 ], [ 0, 0, 0, 1, 2, 2, 1, 2, 1, 1 ] ]
CLASS n=5 order=36 size=1638755849925408614400 fixed=-1 real=false M=
[ [ 0, 2, 0, 1, 1, 1, 1, 0, 0, 2 ], [ 2, 2, 2, 2, 0, 2, 1, 2, 0, 2 ], 
  [ 2, 0, 2, 2, 1, 2, 1, 2, 0, 2 ], [ 1, 2, 0, 1, 2, 2, 1, 1, 1, 0 ], 
  [ 0, 2, 2, 0, 2, 0, 0, 2, 2, 2 ], [ 1, 2, 0, 2, 0, 1, 2, 0, 1, 0 ], 
  [ 1, 1, 0, 0, 2, 1, 1, 2, 1, 2 ], [ 1, 2, 1, 1, 2, 1, 1, 0, 1, 1 ], 
  [ 2, 0, 0, 0, 2, 2, 1, 1, 0, 1 ], [ 1, 1, 0, 2, 0, 1, 1, 1, 0, 2 ] ]
CLASS n=5 order=18 size=121389322216696934400 fixed=-1 real=false M=
[ [ 1, 0, 2, 1, 0, 1, 2, 1, 0, 1 ], [ 1, 0, 0, 2, 2, 1, 1, 0, 0, 0 ], 
  [ 0, 1, 2, 2, 1, 0, 2, 1, 2, 0 ], [ 1, 0, 0, 0, 2, 0, 2, 2, 0, 0 ], 
  [ 0, 1, 1, 1, 2, 1, 1, 1, 1, 2 ], [ 1, 1, 1, 0, 0, 2, 1, 0, 2, 1 ], 
  [ 2, 0, 1, 0, 2, 2, 2, 0, 1, 2 ], [ 2, 0, 2, 0, 1, 2, 0, 1, 2, 1 ], 
  [ 1, 2, 2, 2, 0, 0, 0, 2, 2, 0 ], [ 0, 0, 0, 2, 0, 1, 2, 1, 1, 2 ] ]
CLASS n=5 order=18 size=121389322216696934400 fixed=-1 real=false M=
[ [ 0, 2, 0, 2, 0, 1, 0, 2, 2, 1 ], [ 1, 2, 1, 0, 1, 0, 2, 1, 0, 2 ], 
  [ 1, 2, 0, 1, 2, 1, 0, 1, 2, 0 ], [ 0, 1, 0, 1, 1, 2, 2, 2, 0, 1 ], 
  [ 2, 1, 0, 0, 1, 1, 1, 2, 2, 0 ], [ 2, 2, 2, 0, 1, 1, 1, 0, 2, 2 ], 
  [ 0, 0, 1, 2, 1, 1, 2, 2, 1, 1 ], [ 1, 1, 2, 1, 1, 2, 0, 1, 2, 0 ], 
  [ 0, 0, 0, 1, 0, 2, 2, 1, 0, 2 ], [ 0, 1, 0, 0, 1, 2, 2, 0, 2, 2 ] ]
CLASS n=5 order=12 size=1638755849925408614400 fixed=-1 real=false M=
[ [ 0, 1, 0, 0, 2, 0, 0, 2, 0, 0 ], [ 0, 2, 2, 2, 0, 1, 2, 1, 2, 1 ], 
  [ 1, 1, 2, 1, 0, 2, 0, 0, 1, 1 ], [ 2, 1, 1, 0, 1, 2, 1, 1, 2, 1 ], 
  [ 0, 1, 2, 2, 1, 0, 0, 0, 0, 2 ], [ 2, 2, 0, 0, 0, 1, 0, 1, 2, 2 ], 
  [ 0, 0, 2, 1, 0, 0, 0, 0, 2, 2 ], [ 0, 0, 0, 1, 0, 2, 2, 1, 2, 0 ], 
  [ 2, 0, 0, 0, 2, 1, 0, 1, 1, 1 ], [ 1, 2, 2, 0, 0, 0, 1, 0, 2, 0 ] ]
CLASS n=5 order=12 size=1638755849925408614400 fixed=-1 real=false M=
[ [ 0, 2, 0, 2, 0, 2, 2, 2, 0, 1 ], [ 1, 0, 2, 2, 0, 1, 2, 1, 0, 1 ], 
  [ 1, 1, 0, 1, 0, 2, 1, 0, 2, 1 ], [ 2, 1, 0, 1, 2, 0, 0, 1, 0, 1 ], 
  [ 1, 0, 2, 2, 2, 0, 1, 1, 2, 1 ], [ 1, 0, 0, 0, 0, 2, 1, 0, 2, 0 ], 
  [ 2, 1, 0, 2, 1, 0, 2, 1, 1, 0 ], [ 0, 0, 0, 1, 2, 1, 2, 1, 0, 0 ], 
  [ 1, 1, 0, 2, 0, 0, 2, 1, 2, 2 ], [ 0, 1, 2, 0, 2, 2, 0, 0, 1, 0 ] ]
CLASS n=5 order=6 size=40463107405565644800 fixed=-1 real=false M=
[ [ 2, 0, 0, 2, 0, 2, 1, 0, 1, 0 ], [ 1, 1, 0, 2, 2, 2, 2, 2, 1, 1 ], 
  [ 0, 2, 1, 2, 2, 2, 0, 2, 1, 0 ], [ 0, 1, 1, 0, 0, 0, 1, 1, 1, 2 ], 
  [ 0, 0, 1, 0, 2, 0, 0, 0, 0, 0 ], [ 1, 0, 2, 2, 0, 1, 1, 0, 2, 1 ], 
  [ 1, 1, 1, 1, 1, 1, 2, 1, 0, 1 ], [ 0, 2, 1, 1, 1, 1, 0, 2, 2, 1 ], 
  [ 0, 0, 0, 1, 0, 1, 0, 0, 2, 0 ], [ 0, 1, 2, 1, 0, 1, 1, 2, 1, 0 ] ]
CLASS n=5 order=6 size=40463107405565644800 fixed=-1 real=false M=
[ [ 1, 0, 1, 1, 0, 0, 2, 2, 1, 0 ], [ 2, 2, 0, 0, 2, 0, 0, 1, 0, 0 ], 
  [ 2, 1, 0, 1, 2, 0, 1, 2, 1, 2 ], [ 0, 0, 2, 1, 1, 1, 2, 1, 1, 0 ], 
  [ 2, 1, 0, 1, 1, 0, 1, 2, 1, 2 ], [ 1, 0, 0, 2, 0, 2, 2, 1, 0, 0 ], 
  [ 2, 0, 1, 1, 0, 0, 2, 2, 2, 0 ], [ 1, 1, 2, 0, 2, 0, 0, 2, 2, 0 ], 
  [ 1, 0, 2, 0, 1, 0, 1, 2, 0, 0 ], [ 2, 1, 2, 1, 1, 0, 1, 0, 2, 2 ] ]
CLASS n=5 order=6 size=20231553702782822400 fixed=-1 real=false M=
[ [ 2, 0, 2, 1, 1, 2, 2, 1, 1, 2 ], [ 0, 1, 2, 0, 1, 0, 0, 0, 2, 1 ], 
  [ 2, 1, 0, 1, 2, 0, 1, 2, 1, 2 ], [ 2, 0, 0, 1, 2, 1, 0, 0, 0, 1 ], 
  [ 2, 2, 0, 1, 1, 0, 0, 1, 0, 0 ], [ 0, 0, 1, 2, 1, 2, 0, 0, 2, 1 ], 
  [ 0, 0, 1, 1, 0, 1, 0, 2, 1, 2 ], [ 1, 0, 1, 0, 1, 2, 2, 1, 2, 2 ], 
  [ 0, 2, 2, 0, 1, 2, 1, 0, 2, 0 ], [ 1, 2, 2, 1, 1, 2, 2, 2, 2, 1 ] ]
CLASS n=5 order=6 size=20231553702782822400 fixed=-1 real=false M=
[ [ 2, 0, 0, 1, 0, 2, 0, 0, 1, 2 ], [ 0, 1, 2, 1, 0, 1, 1, 0, 1, 0 ], 
  [ 0, 1, 2, 1, 1, 1, 0, 1, 2, 0 ], [ 2, 1, 0, 0, 1, 0, 1, 2, 2, 1 ], 
  [ 0, 2, 2, 0, 1, 0, 1, 1, 1, 2 ], [ 1, 2, 2, 1, 1, 2, 1, 0, 1, 2 ], 
  [ 0, 1, 0, 2, 0, 1, 2, 2, 1, 0 ], [ 0, 1, 0, 2, 0, 0, 2, 0, 2, 2 ], 
  [ 2, 2, 2, 2, 2, 0, 1, 2, 2, 0 ], [ 2, 2, 0, 2, 2, 0, 2, 2, 2, 1 ] ]
CLASS n=5 order=12 size=19665070199104903372800 fixed=-1 real=false M=
[ [ 2, 2, 2, 0, 1, 1, 0, 1, 2, 2 ], [ 2, 2, 1, 0, 2, 0, 0, 2, 1, 1 ], 
  [ 2, 2, 2, 2, 0, 0, 0, 2, 2, 0 ], [ 0, 2, 1, 0, 2, 2, 2, 1, 1, 0 ], 
  [ 2, 1, 0, 2, 2, 1, 0, 1, 1, 2 ], [ 1, 0, 1, 1, 2, 1, 2, 1, 0, 0 ], 
  [ 2, 2, 0, 1, 0, 0, 1, 2, 2, 0 ], [ 2, 0, 1, 2, 1, 2, 0, 1, 0, 1 ], 
  [ 2, 0, 2, 1, 1, 1, 0, 0, 2, 0 ], [ 1, 1, 2, 1, 0, 0, 0, 0, 2, 1 ] ]
CLASS n=5 order=12 size=19665070199104903372800 fixed=-1 real=false M=
[ [ 1, 0, 2, 1, 0, 2, 2, 1, 2, 0 ], [ 1, 0, 0, 2, 0, 0, 1, 1, 1, 1 ], 
  [ 2, 2, 2, 2, 0, 2, 2, 1, 1, 1 ], [ 1, 2, 2, 2, 2, 1, 2, 1, 0, 0 ], 
  [ 2, 0, 1, 0, 2, 0, 2, 2, 1, 0 ], [ 1, 0, 0, 2, 2, 0, 1, 2, 1, 0 ], 
  [ 0, 2, 0, 2, 1, 0, 0, 2, 0, 2 ], [ 2, 2, 0, 2, 2, 1, 0, 2, 1, 0 ], 
  [ 0, 0, 2, 0, 1, 1, 1, 2, 2, 2 ], [ 1, 0, 2, 2, 1, 2, 1, 0, 0, 2 ] ]
CLASS n=5 order=12 size=60694661108348467200 fixed=-1 real=true M=
[ [ 0, 2, 0, 2, 1, 0, 0, 2, 1, 1 ], [ 1, 0, 1, 0, 1, 2, 1, 1, 0, 2 ], 
  [ 1, 2, 2, 1, 0, 1, 2, 1, 0, 0 ], [ 1, 0, 2, 1, 1, 2, 2, 0, 1, 0 ], 
  [ 0, 1, 1, 0, 1, 2, 1, 1, 2, 1 ], [ 2, 2, 2, 2, 1, 2, 2, 0, 1, 2 ], 
  [ 1, 2, 1, 2, 1, 1, 0, 2, 1, 1 ], [ 0, 2, 1, 0, 1, 2, 2, 1, 2, 0 ], 
  [ 1, 2, 1, 2, 1, 2, 2, 0, 1, 1 ], [ 1, 1, 2, 1, 2, 0, 2, 1, 0, 1 ] ]
CLASS n=5 order=12 size=2458133774888112921600 fixed=-1 real=false M=
[ [ 1, 0, 2, 0, 2, 1, 2, 1, 2, 0 ], [ 1, 2, 2, 1, 0, 1, 2, 2, 0, 1 ], 
  [ 0, 1, 0, 0, 2, 1, 2, 1, 0, 1 ], [ 2, 0, 2, 0, 2, 2, 2, 1, 2, 2 ], 
  [ 1, 1, 0, 1, 2, 1, 0, 1, 1, 2 ], [ 1, 1, 0, 0, 2, 2, 2, 1, 1, 0 ], 
  [ 0, 0, 0, 1, 1, 2, 1, 1, 1, 0 ], [ 1, 0, 2, 0, 2, 0, 0, 1, 2, 0 ], 
  [ 2, 0, 2, 1, 2, 2, 0, 1, 2, 0 ], [ 1, 2, 1, 1, 0, 1, 0, 0, 1, 0 ] ]
CLASS n=5 order=12 size=2458133774888112921600 fixed=-1 real=false M=
[ [ 2, 1, 0, 2, 2, 0, 1, 2, 0, 1 ], [ 2, 1, 2, 0, 2, 0, 1, 2, 1, 0 ], 
  [ 2, 1, 0, 0, 0, 1, 2, 0, 1, 2 ], [ 2, 1, 1, 0, 2, 2, 0, 1, 0, 1 ], 
  [ 1, 0, 2, 1, 1, 1, 1, 1, 2, 1 ], [ 1, 1, 1, 1, 2, 1, 2, 1, 1, 1 ], 
  [ 2, 0, 1, 0, 0, 0, 0, 2, 1, 0 ], [ 2, 0, 0, 2, 2, 2, 0, 1, 0, 2 ], 
  [ 0, 1, 1, 2, 0, 1, 1, 2, 2, 1 ], [ 0, 2, 1, 1, 2, 2, 2, 1, 0, 2 ] ]
CLASS n=5 order=60 size=53095689537583239106560 fixed=-1 real=true M=
[ [ 2, 1, 2, 2, 1, 0, 2, 2, 1, 2 ], [ 1, 2, 2, 1, 2, 0, 1, 1, 1, 2 ], 
  [ 0, 2, 1, 2, 1, 2, 1, 2, 0, 2 ], [ 2, 2, 1, 1, 1, 2, 0, 2, 1, 0 ], 
  [ 0, 2, 2, 0, 1, 1, 2, 0, 0, 0 ], [ 1, 1, 0, 2, 2, 1, 1, 0, 2, 0 ], 
  [ 0, 1, 2, 2, 0, 0, 0, 1, 1, 1 ], [ 2, 1, 0, 0, 0, 2, 2, 1, 2, 1 ], 
  [ 0, 0, 0, 2, 0, 2, 1, 0, 1, 1 ], [ 2, 0, 0, 1, 2, 2, 1, 1, 0, 1 ] ]
CLASS n=5 order=117 size=326742704846666086809600 fixed=-1 real=false M=
[ [ 1, 0, 2, 1, 2, 1, 1, 0, 1, 1 ], [ 0, 1, 2, 0, 0, 0, 2, 2, 0, 0 ], 
  [ 0, 2, 2, 1, 1, 0, 2, 1, 2, 0 ], [ 1, 2, 0, 0, 2, 2, 0, 2, 0, 0 ], 
  [ 0, 2, 0, 2, 1, 1, 1, 2, 2, 2 ], [ 1, 1, 2, 1, 1, 0, 0, 1, 1, 0 ], 
  [ 1, 2, 1, 0, 2, 1, 2, 1, 0, 1 ], [ 2, 2, 2, 1, 0, 2, 1, 1, 0, 2 ], 
  [ 1, 2, 0, 0, 2, 0, 1, 0, 0, 0 ], [ 1, 2, 0, 2, 2, 1, 2, 2, 1, 2 ] ]
CLASS n=5 order=117 size=326742704846666086809600 fixed=-1 real=false M=
[ [ 0, 1, 2, 1, 1, 0, 0, 0, 2, 2 ], [ 1, 2, 2, 1, 0, 0, 2, 2, 1, 2 ], 
  [ 2, 2, 0, 0, 2, 2, 1, 0, 2, 2 ], [ 1, 2, 2, 2, 2, 1, 2, 0, 0, 2 ], 
  [ 0, 1, 1, 1, 0, 1, 1, 1, 1, 0 ], [ 1, 2, 2, 0, 2, 1, 1, 1, 2, 0 ], 
  [ 1, 2, 0, 2, 2, 0, 1, 2, 0, 0 ], [ 2, 0, 1, 2, 1, 2, 1, 2, 1, 1 ], 
  [ 2, 0, 1, 2, 2, 1, 2, 2, 1, 0 ], [ 2, 1, 0, 2, 0, 2, 0, 2, 0, 1 ] ]
CLASS n=5 order=117 size=326742704846666086809600 fixed=-1 real=false M=
[ [ 2, 2, 0, 2, 2, 1, 2, 0, 2, 2 ], [ 1, 0, 0, 0, 0, 0, 0, 1, 0, 2 ], 
  [ 1, 1, 1, 0, 0, 1, 1, 1, 0, 2 ], [ 2, 0, 0, 2, 0, 1, 2, 1, 2, 2 ], 
  [ 0, 0, 2, 2, 1, 0, 0, 2, 0, 2 ], [ 1, 0, 2, 2, 1, 1, 0, 0, 0, 1 ], 
  [ 2, 1, 0, 1, 0, 0, 1, 1, 0, 0 ], [ 2, 1, 1, 2, 0, 0, 1, 0, 0, 2 ], 
  [ 2, 2, 0, 0, 0, 0, 1, 2, 2, 0 ], [ 0, 1, 1, 0, 0, 1, 1, 0, 0, 2 ] ]
CLASS n=5 order=117 size=326742704846666086809600 fixed=-1 real=false M=
[ [ 0, 1, 0, 2, 0, 2, 0, 0, 1, 1 ], [ 0, 2, 0, 2, 0, 0, 0, 1, 2, 0 ], 
  [ 2, 1, 0, 1, 2, 2, 2, 2, 0, 0 ], [ 2, 0, 1, 0, 0, 2, 0, 0, 2, 0 ], 
  [ 0, 1, 1, 0, 2, 0, 0, 0, 1, 1 ], [ 1, 2, 2, 0, 0, 0, 2, 0, 2, 1 ], 
  [ 2, 1, 1, 2, 0, 1, 2, 0, 0, 1 ], [ 2, 0, 2, 1, 2, 0, 1, 2, 2, 0 ], 
  [ 1, 1, 2, 1, 0, 2, 0, 0, 1, 0 ], [ 2, 2, 1, 0, 2, 0, 0, 0, 1, 0 ] ]
CLASS n=5 order=234 size=326742704846666086809600 fixed=-1 real=false M=
[ [ 1, 2, 2, 0, 0, 0, 0, 2, 1, 0 ], [ 1, 0, 1, 0, 2, 0, 2, 0, 0, 1 ], 
  [ 0, 0, 1, 2, 2, 1, 0, 1, 0, 2 ], [ 2, 0, 1, 2, 2, 1, 1, 2, 2, 2 ], 
  [ 1, 0, 2, 1, 0, 1, 2, 0, 0, 1 ], [ 0, 1, 0, 0, 0, 1, 2, 0, 0, 0 ], 
  [ 0, 0, 2, 2, 1, 1, 1, 2, 2, 1 ], [ 0, 0, 1, 0, 0, 1, 2, 0, 2, 1 ], 
  [ 1, 1, 0, 0, 0, 0, 2, 2, 2, 2 ], [ 0, 2, 0, 1, 2, 1, 2, 1, 1, 0 ] ]
CLASS n=5 order=234 size=326742704846666086809600 fixed=-1 real=false M=
[ [ 1, 0, 1, 1, 1, 0, 0, 0, 2, 2 ], [ 1, 0, 2, 1, 2, 1, 0, 2, 0, 2 ], 
  [ 2, 1, 1, 2, 1, 0, 2, 1, 1, 0 ], [ 0, 1, 0, 2, 2, 0, 0, 0, 0, 0 ], 
  [ 0, 0, 0, 0, 1, 0, 1, 2, 0, 0 ], [ 0, 0, 0, 1, 2, 0, 1, 0, 2, 0 ], 
  [ 1, 1, 1, 2, 1, 0, 0, 0, 0, 2 ], [ 1, 0, 0, 1, 2, 2, 0, 1, 2, 2 ], 
  [ 0, 0, 2, 1, 0, 2, 1, 0, 1, 2 ], [ 0, 1, 1, 0, 1, 1, 2, 0, 0, 1 ] ]
CLASS n=5 order=234 size=326742704846666086809600 fixed=-1 real=false M=
[ [ 0, 1, 1, 1, 0, 1, 0, 1, 0, 0 ], [ 2, 1, 2, 0, 2, 2, 2, 2, 2, 2 ], 
  [ 1, 0, 0, 2, 2, 2, 2, 0, 2, 1 ], [ 2, 2, 2, 0, 2, 1, 0, 0, 2, 2 ], 
  [ 1, 1, 1, 1, 1, 2, 1, 1, 2, 1 ], [ 2, 2, 2, 2, 1, 0, 0, 1, 2, 2 ], 
  [ 2, 2, 0, 0, 2, 0, 2, 2, 2, 0 ], [ 0, 2, 0, 0, 0, 0, 0, 0, 2, 0 ], 
  [ 0, 0, 2, 2, 1, 1, 2, 1, 1, 0 ], [ 0, 2, 2, 1, 1, 2, 1, 0, 0, 0 ] ]
CLASS n=5 order=234 size=326742704846666086809600 fixed=-1 real=false M=
[ [ 0, 0, 2, 0, 2, 1, 0, 0, 2, 1 ], [ 2, 1, 1, 2, 2, 1, 1, 0, 2, 1 ], 
  [ 2, 2, 0, 2, 0, 0, 0, 0, 1, 0 ], [ 1, 1, 0, 0, 2, 2, 1, 2, 1, 1 ], 
  [ 2, 1, 0, 2, 0, 0, 2, 2, 2, 2 ], [ 2, 0, 2, 1, 2, 1, 1, 1, 0, 2 ], 
  [ 1, 1, 1, 0, 2, 1, 0, 1, 1, 2 ], [ 2, 2, 1, 2, 1, 2, 2, 2, 2, 2 ], 
  [ 1, 1, 0, 1, 1, 2, 0, 0, 2, 0 ], [ 0, 0, 1, 2, 2, 2, 1, 1, 1, 2 ] ]
CLASS n=5 order=24 size=14748802649328677529600 fixed=-1 real=false M=
[ [ 1, 0, 0, 1, 0, 1, 2, 0, 2, 1 ], [ 1, 2, 2, 1, 1, 2, 2, 0, 2, 2 ], 
  [ 1, 1, 0, 0, 2, 2, 2, 0, 1, 1 ], [ 1, 2, 1, 0, 1, 0, 0, 2, 0, 1 ], 
  [ 2, 2, 1, 2, 0, 0, 0, 2, 0, 2 ], [ 1, 2, 2, 1, 1, 2, 1, 0, 1, 1 ], 
  [ 0, 2, 1, 2, 2, 2, 1, 1, 1, 0 ], [ 2, 2, 2, 0, 2, 2, 2, 0, 2, 2 ], 
  [ 2, 1, 1, 1, 1, 1, 2, 1, 1, 0 ], [ 2, 1, 2, 0, 2, 0, 0, 2, 0, 1 ] ]
CLASS n=5 order=24 size=14748802649328677529600 fixed=-1 real=false M=
[ [ 2, 1, 1, 1, 2, 0, 2, 2, 0, 2 ], [ 2, 1, 0, 0, 0, 2, 0, 2, 2, 0 ], 
  [ 1, 1, 2, 2, 1, 2, 2, 0, 2, 1 ], [ 1, 0, 2, 1, 1, 0, 2, 2, 2, 2 ], 
  [ 0, 2, 2, 2, 2, 1, 2, 1, 2, 2 ], [ 0, 2, 0, 2, 1, 2, 2, 1, 1, 1 ], 
  [ 1, 0, 1, 1, 0, 1, 2, 1, 1, 1 ], [ 0, 0, 0, 2, 1, 2, 2, 0, 1, 0 ], 
  [ 2, 2, 2, 1, 0, 0, 2, 0, 0, 1 ], [ 2, 0, 0, 0, 0, 1, 0, 2, 2, 1 ] ]
CLASS n=5 order=12 size=204844481240676076800 fixed=-1 real=false M=
[ [ 1, 2, 2, 2, 2, 1, 1, 0, 1, 1 ], [ 2, 1, 1, 1, 2, 1, 2, 1, 2, 2 ], 
  [ 2, 1, 1, 0, 2, 2, 1, 0, 1, 1 ], [ 1, 1, 2, 0, 2, 1, 0, 0, 2, 1 ], 
  [ 1, 1, 1, 2, 2, 0, 2, 2, 0, 2 ], [ 0, 2, 0, 1, 1, 2, 0, 2, 2, 2 ], 
  [ 0, 2, 2, 2, 1, 0, 1, 2, 1, 1 ], [ 2, 0, 2, 1, 2, 1, 0, 0, 0, 0 ], 
  [ 2, 1, 2, 2, 2, 2, 1, 2, 0, 2 ], [ 1, 0, 0, 1, 0, 2, 2, 0, 0, 2 ] ]
CLASS n=5 order=12 size=204844481240676076800 fixed=-1 real=false M=
[ [ 0, 0, 1, 1, 2, 0, 2, 2, 1, 1 ], [ 0, 2, 2, 2, 2, 0, 1, 1, 2, 0 ], 
  [ 1, 0, 0, 2, 2, 0, 2, 0, 1, 0 ], [ 2, 2, 0, 1, 2, 0, 2, 0, 2, 2 ], 
  [ 2, 0, 2, 0, 2, 1, 1, 0, 0, 2 ], [ 0, 2, 0, 1, 1, 2, 0, 2, 2, 2 ], 
  [ 0, 1, 2, 2, 1, 1, 1, 1, 1, 2 ], [ 1, 2, 1, 0, 2, 2, 1, 0, 0, 2 ], 
  [ 1, 1, 1, 1, 2, 2, 2, 0, 0, 0 ], [ 1, 0, 0, 1, 0, 2, 2, 0, 0, 2 ] ]
CLASS n=5 order=18 size=182083983325045401600 fixed=-1 real=false M=
[ [ 2, 2, 2, 0, 2, 1, 2, 0, 1, 0 ], [ 0, 2, 0, 2, 1, 0, 1, 1, 0, 1 ], 
  [ 0, 0, 0, 0, 2, 2, 1, 1, 2, 2 ], [ 0, 0, 1, 1, 1, 0, 0, 1, 2, 0 ], 
  [ 1, 1, 0, 0, 0, 1, 2, 1, 1, 2 ], [ 0, 2, 0, 2, 1, 2, 2, 1, 1, 2 ], 
  [ 0, 1, 2, 0, 1, 0, 2, 0, 0, 2 ], [ 2, 1, 0, 0, 2, 2, 0, 2, 0, 2 ], 
  [ 2, 0, 1, 0, 1, 2, 2, 1, 1, 2 ], [ 2, 0, 0, 0, 2, 1, 2, 1, 2, 2 ] ]
CLASS n=5 order=18 size=182083983325045401600 fixed=-1 real=false M=
[ [ 1, 0, 0, 0, 1, 0, 2, 2, 0, 2 ], [ 0, 1, 0, 0, 0, 2, 2, 0, 2, 1 ], 
  [ 1, 0, 2, 0, 1, 0, 0, 0, 0, 0 ], [ 0, 1, 1, 0, 0, 0, 0, 1, 0, 2 ], 
  [ 0, 0, 0, 2, 1, 2, 1, 2, 2, 0 ], [ 1, 1, 1, 1, 1, 0, 2, 2, 2, 2 ], 
  [ 2, 1, 2, 1, 2, 0, 1, 1, 2, 0 ], [ 1, 1, 0, 2, 2, 1, 0, 1, 2, 1 ], 
  [ 2, 2, 0, 2, 1, 0, 1, 1, 1, 0 ], [ 0, 2, 2, 1, 1, 2, 0, 0, 2, 2 ] ]
CLASS n=5 order=36 size=3277511699850817228800 fixed=-1 real=false M=
[ [ 2, 2, 2, 0, 1, 2, 1, 1, 0, 2 ], [ 1, 0, 2, 0, 0, 2, 0, 0, 1, 0 ], 
  [ 2, 0, 0, 0, 0, 2, 1, 0, 0, 0 ], [ 0, 0, 1, 2, 1, 2, 1, 0, 0, 1 ], 
  [ 0, 1, 2, 0, 2, 0, 0, 2, 0, 0 ], [ 0, 2, 1, 0, 1, 1, 2, 1, 1, 0 ], 
  [ 2, 1, 0, 0, 1, 2, 1, 0, 0, 1 ], [ 1, 1, 0, 0, 1, 2, 0, 0, 0, 1 ], 
  [ 0, 2, 2, 2, 1, 1, 0, 1, 1, 2 ], [ 2, 0, 1, 0, 0, 2, 1, 0, 0, 0 ] ]
CLASS n=5 order=36 size=3277511699850817228800 fixed=-1 real=false M=
[ [ 0, 2, 1, 1, 1, 2, 2, 1, 0, 0 ], [ 0, 0, 2, 1, 1, 1, 1, 2, 0, 2 ], 
  [ 0, 0, 0, 2, 0, 1, 1, 2, 1, 2 ], [ 0, 2, 0, 2, 2, 0, 2, 2, 0, 2 ], 
  [ 1, 1, 2, 2, 0, 2, 0, 0, 2, 2 ], [ 0, 2, 1, 1, 0, 2, 1, 1, 1, 2 ], 
  [ 2, 2, 0, 2, 2, 2, 1, 1, 0, 0 ], [ 0, 1, 1, 1, 0, 2, 1, 1, 1, 2 ], 
  [ 0, 0, 0, 1, 0, 0, 2, 2, 0, 2 ], [ 0, 1, 2, 1, 1, 2, 1, 1, 0, 0 ] ]
CLASS n=5 order=24 size=29497605298657355059200 fixed=-1 real=false M=
[ [ 1, 1, 2, 2, 2, 1, 2, 0, 2, 2 ], [ 2, 1, 2, 0, 0, 1, 0, 0, 2, 1 ], 
  [ 2, 1, 1, 1, 1, 2, 0, 1, 0, 1 ], [ 0, 2, 1, 0, 1, 2, 1, 2, 1, 2 ], 
  [ 0, 0, 2, 0, 0, 2, 2, 2, 1, 2 ], [ 0, 2, 2, 0, 1, 0, 1, 1, 2, 1 ], 
  [ 1, 2, 1, 1, 1, 0, 2, 0, 2, 2 ], [ 2, 2, 0, 2, 2, 0, 2, 0, 1, 0 ], 
  [ 0, 0, 2, 1, 2, 0, 1, 2, 0, 0 ], [ 2, 1, 1, 1, 1, 2, 2, 0, 1, 0 ] ]
CLASS n=5 order=24 size=29497605298657355059200 fixed=-1 real=false M=
[ [ 0, 1, 0, 0, 1, 1, 2, 1, 1, 0 ], [ 2, 2, 0, 2, 2, 2, 1, 1, 2, 2 ], 
  [ 0, 2, 1, 1, 2, 1, 2, 0, 2, 0 ], [ 1, 1, 2, 0, 0, 1, 0, 0, 2, 0 ], 
  [ 2, 0, 0, 2, 1, 1, 1, 1, 2, 1 ], [ 2, 0, 1, 2, 0, 2, 0, 2, 2, 2 ], 
  [ 0, 0, 0, 0, 0, 2, 1, 1, 2, 0 ], [ 0, 2, 2, 0, 1, 1, 0, 1, 0, 1 ], 
  [ 2, 1, 1, 0, 1, 2, 0, 0, 0, 1 ], [ 2, 2, 2, 2, 1, 1, 1, 0, 2, 0 ] ]
CLASS n=5 order=180 size=212382758150332956426240 fixed=-1 real=false M=
[ [ 2, 2, 2, 1, 0, 0, 1, 1, 2, 0 ], [ 2, 0, 0, 2, 1, 1, 0, 1, 2, 0 ], 
  [ 0, 0, 0, 1, 2, 1, 2, 0, 1, 0 ], [ 1, 2, 0, 2, 2, 2, 1, 1, 1, 0 ], 
  [ 0, 0, 1, 1, 1, 0, 2, 2, 1, 1 ], [ 0, 1, 0, 2, 1, 2, 0, 0, 0, 0 ], 
  [ 0, 0, 2, 0, 2, 2, 1, 1, 1, 1 ], [ 1, 0, 2, 1, 1, 1, 0, 1, 1, 2 ], 
  [ 2, 2, 2, 0, 2, 1, 2, 1, 0, 0 ], [ 0, 1, 0, 1, 1, 2, 1, 2, 1, 2 ] ]
CLASS n=5 order=180 size=212382758150332956426240 fixed=-1 real=false M=
[ [ 2, 0, 2, 0, 1, 0, 1, 2, 0, 2 ], [ 0, 0, 0, 0, 1, 0, 2, 2, 0, 0 ], 
  [ 2, 2, 1, 2, 1, 2, 0, 2, 0, 1 ], [ 1, 2, 2, 1, 2, 2, 1, 0, 0, 0 ], 
  [ 1, 0, 1, 2, 1, 2, 1, 0, 2, 1 ], [ 0, 0, 0, 0, 0, 2, 0, 2, 2, 1 ], 
  [ 2, 1, 0, 2, 0, 0, 2, 2, 2, 0 ], [ 0, 0, 2, 0, 1, 2, 1, 0, 0, 2 ], 
  [ 2, 1, 2, 1, 1, 1, 2, 0, 2, 1 ], [ 1, 0, 2, 2, 0, 1, 0, 1, 0, 0 ] ]
CLASS n=5 order=90 size=15732056159283922698240 fixed=-1 real=false M=
[ [ 2, 1, 1, 0, 2, 1, 1, 2, 0, 0 ], [ 0, 2, 2, 1, 1, 0, 2, 1, 0, 2 ], 
  [ 2, 0, 0, 0, 1, 1, 1, 0, 1, 2 ], [ 2, 2, 2, 1, 1, 2, 1, 2, 2, 1 ], 
  [ 1, 1, 2, 1, 2, 2, 1, 1, 2, 1 ], [ 0, 2, 0, 0, 1, 2, 1, 1, 0, 0 ], 
  [ 1, 2, 2, 2, 0, 0, 1, 0, 1, 1 ], [ 0, 0, 1, 2, 0, 2, 1, 2, 1, 1 ], 
  [ 0, 2, 2, 2, 2, 0, 2, 0, 0, 1 ], [ 0, 2, 0, 2, 0, 1, 1, 0, 2, 2 ] ]
CLASS n=5 order=90 size=15732056159283922698240 fixed=-1 real=false M=
[ [ 0, 0, 2, 1, 2, 0, 0, 1, 0, 2 ], [ 0, 2, 1, 1, 0, 0, 1, 0, 1, 0 ], 
  [ 2, 1, 2, 1, 2, 1, 1, 1, 2, 1 ], [ 1, 1, 2, 0, 2, 1, 2, 2, 2, 2 ], 
  [ 2, 0, 1, 1, 2, 1, 2, 0, 2, 1 ], [ 1, 0, 0, 0, 2, 0, 1, 2, 1, 0 ], 
  [ 1, 1, 0, 2, 0, 1, 0, 1, 0, 2 ], [ 0, 2, 2, 2, 2, 1, 2, 0, 1, 0 ], 
  [ 1, 0, 1, 1, 1, 2, 0, 0, 1, 2 ], [ 1, 1, 1, 1, 1, 1, 1, 2, 1, 0 ] ]
CLASS n=5 order=36 size=235980842389258840473600 fixed=-1 real=false M=
[ [ 0, 2, 1, 1, 1, 0, 1, 1, 0, 1 ], [ 2, 2, 2, 1, 0, 1, 2, 0, 2, 0 ], 
  [ 0, 1, 2, 0, 1, 2, 1, 2, 1, 0 ], [ 0, 2, 0, 1, 2, 1, 1, 2, 0, 2 ], 
  [ 1, 2, 0, 0, 0, 0, 2, 2, 1, 0 ], [ 1, 0, 2, 2, 2, 2, 1, 1, 0, 0 ], 
  [ 0, 2, 0, 0, 2, 1, 1, 1, 1, 1 ], [ 2, 0, 0, 2, 0, 0, 1, 0, 0, 0 ], 
  [ 0, 2, 0, 0, 1, 0, 2, 2, 0, 1 ], [ 2, 1, 2, 0, 1, 0, 0, 2, 2, 2 ] ]
CLASS n=5 order=36 size=235980842389258840473600 fixed=-1 real=false M=
[ [ 0, 0, 1, 0, 2, 0, 0, 0, 1, 0 ], [ 1, 1, 0, 1, 0, 1, 0, 0, 2, 1 ], 
  [ 2, 2, 0, 2, 2, 2, 1, 2, 1, 0 ], [ 1, 2, 1, 0, 0, 1, 2, 2, 2, 1 ], 
  [ 1, 2, 0, 0, 0, 2, 1, 0, 2, 2 ], [ 2, 0, 2, 1, 1, 1, 2, 0, 1, 0 ], 
  [ 0, 2, 0, 1, 2, 2, 0, 1, 2, 1 ], [ 2, 2, 1, 1, 0, 1, 0, 0, 2, 0 ], 
  [ 1, 1, 1, 1, 2, 2, 0, 1, 2, 1 ], [ 0, 1, 0, 0, 1, 1, 0, 0, 2, 1 ] ]
CLASS n=5 order=12 size=81937792496270430720 fixed=-1 real=true M=
[ [ 1, 2, 0, 0, 0, 1, 1, 2, 2, 1 ], [ 2, 0, 2, 2, 2, 2, 1, 1, 0, 1 ], 
  [ 1, 1, 0, 1, 2, 0, 1, 1, 0, 2 ], [ 0, 2, 0, 0, 2, 1, 0, 2, 1, 1 ], 
  [ 1, 2, 1, 2, 2, 1, 2, 2, 1, 1 ], [ 1, 0, 0, 2, 0, 0, 1, 1, 1, 2 ], 
  [ 1, 2, 1, 1, 2, 1, 0, 1, 0, 2 ], [ 2, 0, 1, 0, 2, 1, 0, 1, 0, 1 ], 
  [ 0, 0, 0, 0, 0, 1, 2, 0, 0, 2 ], [ 2, 1, 1, 1, 2, 2, 2, 0, 0, 0 ] ]
CLASS n=5 order=18 size=8740031199602179276800 fixed=-1 real=false M=
[ [ 0, 1, 0, 1, 0, 2, 0, 2, 2, 1 ], [ 0, 0, 2, 0, 0, 0, 1, 1, 1, 0 ], 
  [ 0, 0, 0, 0, 0, 2, 0, 1, 1, 2 ], [ 1, 1, 2, 0, 2, 0, 0, 2, 1, 1 ], 
  [ 0, 2, 2, 2, 1, 1, 0, 2, 2, 0 ], [ 1, 2, 1, 1, 1, 2, 1, 0, 1, 2 ], 
  [ 2, 0, 1, 1, 0, 1, 2, 1, 0, 2 ], [ 1, 2, 0, 0, 2, 1, 2, 0, 1, 2 ], 
  [ 0, 1, 0, 0, 0, 1, 2, 2, 2, 0 ], [ 1, 0, 2, 1, 0, 2, 1, 0, 2, 2 ] ]
CLASS n=5 order=18 size=8740031199602179276800 fixed=-1 real=false M=
[ [ 2, 0, 0, 2, 1, 1, 1, 0, 0, 0 ], [ 2, 0, 0, 2, 1, 0, 1, 2, 1, 0 ], 
  [ 0, 2, 0, 1, 2, 0, 1, 1, 2, 0 ], [ 1, 2, 2, 0, 1, 0, 1, 1, 2, 1 ], 
  [ 2, 1, 1, 1, 1, 0, 2, 1, 1, 0 ], [ 0, 0, 2, 0, 1, 2, 2, 0, 0, 0 ], 
  [ 1, 0, 2, 2, 0, 0, 2, 1, 0, 1 ], [ 2, 2, 1, 0, 1, 2, 1, 0, 1, 1 ], 
  [ 0, 2, 1, 1, 1, 1, 0, 1, 1, 2 ], [ 1, 1, 1, 2, 1, 1, 1, 0, 2, 1 ] ]
CLASS n=5 order=12 size=561987602855078400 fixed=-1 real=true M=
[ [ 1, 2, 2, 0, 2, 1, 0, 1, 2, 0 ], [ 2, 0, 0, 2, 1, 0, 1, 1, 2, 0 ], 
  [ 0, 2, 2, 1, 0, 0, 1, 1, 1, 0 ], [ 1, 1, 1, 2, 2, 1, 1, 2, 0, 2 ], 
  [ 1, 2, 0, 0, 0, 2, 0, 1, 0, 1 ], [ 2, 2, 0, 0, 0, 2, 0, 2, 0, 2 ], 
  [ 1, 1, 1, 2, 2, 0, 0, 1, 1, 1 ], [ 2, 2, 0, 0, 1, 2, 2, 1, 0, 2 ], 
  [ 2, 2, 0, 0, 1, 1, 2, 0, 0, 0 ], [ 2, 2, 1, 0, 1, 2, 1, 0, 1, 0 ] ]
CLASS n=5 order=30 size=23598084238925884047360 fixed=-1 real=false M=
[ [ 1, 2, 2, 1, 1, 2, 0, 1, 1, 2 ], [ 1, 1, 0, 2, 1, 0, 0, 2, 1, 2 ], 
  [ 2, 1, 0, 1, 2, 1, 1, 0, 2, 0 ], [ 1, 1, 0, 1, 1, 1, 1, 2, 1, 0 ], 
  [ 1, 0, 0, 2, 2, 1, 1, 1, 2, 0 ], [ 2, 1, 1, 1, 0, 2, 2, 2, 0, 2 ], 
  [ 1, 2, 2, 0, 2, 0, 0, 2, 2, 1 ], [ 2, 1, 2, 1, 2, 2, 2, 2, 2, 2 ], 
  [ 0, 0, 0, 0, 0, 2, 0, 0, 0, 1 ], [ 2, 2, 0, 1, 0, 2, 0, 2, 2, 2 ] ]
CLASS n=5 order=30 size=23598084238925884047360 fixed=-1 real=false M=
[ [ 0, 2, 2, 2, 2, 2, 2, 0, 0, 1 ], [ 1, 1, 0, 1, 1, 0, 1, 2, 1, 2 ], 
  [ 1, 2, 1, 2, 0, 0, 2, 2, 1, 1 ], [ 2, 1, 1, 1, 0, 1, 1, 1, 0, 2 ], 
  [ 2, 1, 1, 2, 1, 2, 0, 0, 0, 0 ], [ 0, 2, 0, 0, 2, 1, 0, 0, 1, 2 ], 
  [ 1, 2, 1, 2, 2, 1, 0, 0, 1, 1 ], [ 2, 0, 0, 2, 0, 0, 0, 1, 2, 2 ], 
  [ 2, 0, 1, 1, 2, 1, 2, 2, 1, 0 ], [ 0, 0, 1, 2, 1, 2, 1, 1, 0, 0 ] ]
CLASS n=5 order=60 size=17698563179194413035520 fixed=-1 real=true M=
[ [ 1, 2, 0, 0, 0, 2, 0, 2, 0, 1 ], [ 0, 2, 1, 2, 2, 0, 2, 2, 2, 1 ], 
  [ 0, 1, 2, 0, 1, 2, 1, 2, 0, 2 ], [ 0, 0, 2, 1, 0, 0, 0, 2, 0, 1 ], 
  [ 0, 1, 2, 2, 1, 2, 1, 1, 0, 2 ], [ 1, 0, 1, 2, 2, 0, 0, 1, 0, 0 ], 
  [ 2, 0, 0, 1, 0, 1, 0, 0, 2, 0 ], [ 2, 1, 1, 0, 2, 0, 2, 0, 1, 1 ], 
  [ 2, 2, 2, 1, 2, 1, 1, 1, 1, 0 ], [ 2, 1, 0, 2, 1, 0, 0, 2, 1, 1 ] ]
CLASS n=5 order=7 size=105348590352347696640 fixed=-1 real=true M=
[ [ 1, 0, 0, 1, 0, 0, 2, 0, 2, 0 ], [ 1, 1, 2, 0, 0, 1, 0, 0, 1, 1 ], 
  [ 2, 0, 2, 2, 2, 2, 2, 0, 1, 1 ], [ 2, 2, 1, 2, 2, 1, 1, 1, 2, 0 ], 
  [ 2, 2, 0, 0, 2, 2, 0, 0, 0, 2 ], [ 2, 0, 2, 1, 2, 1, 0, 1, 1, 0 ], 
  [ 2, 1, 0, 0, 2, 2, 0, 2, 2, 2 ], [ 0, 0, 1, 1, 0, 0, 2, 1, 0, 1 ], 
  [ 0, 1, 1, 2, 1, 1, 0, 0, 1, 0 ], [ 0, 0, 2, 2, 0, 2, 1, 0, 2, 1 ] ]
CLASS n=5 order=14 size=105348590352347696640 fixed=-1 real=true M=
[ [ 0, 1, 0, 2, 0, 1, 1, 1, 0, 2 ], [ 2, 1, 0, 2, 2, 1, 2, 2, 2, 2 ], 
  [ 1, 0, 0, 2, 0, 2, 1, 2, 0, 2 ], [ 2, 1, 0, 0, 2, 1, 0, 0, 1, 1 ], 
  [ 2, 1, 0, 2, 0, 1, 0, 1, 1, 2 ], [ 0, 0, 0, 0, 2, 1, 1, 1, 2, 2 ], 
  [ 0, 0, 2, 2, 1, 1, 2, 0, 1, 0 ], [ 1, 0, 1, 2, 1, 0, 0, 0, 1, 0 ], 
  [ 2, 2, 2, 2, 2, 0, 2, 1, 0, 0 ], [ 2, 0, 0, 1, 1, 2, 1, 0, 1, 0 ] ]
CLASS n=5 order=35 size=546127092386570459381760 fixed=-1 real=true M=
[ [ 2, 0, 1, 2, 1, 0, 1, 0, 1, 1 ], [ 1, 1, 0, 1, 1, 2, 1, 0, 0, 2 ], 
  [ 0, 2, 0, 2, 1, 1, 2, 0, 2, 1 ], [ 1, 2, 1, 0, 1, 2, 1, 0, 0, 2 ], 
  [ 0, 1, 1, 2, 1, 0, 2, 1, 1, 1 ], [ 1, 0, 2, 2, 2, 1, 2, 1, 2, 2 ], 
  [ 2, 2, 0, 2, 2, 0, 1, 1, 0, 2 ], [ 0, 0, 1, 2, 1, 1, 1, 1, 1, 2 ], 
  [ 1, 1, 1, 0, 1, 0, 1, 1, 2, 1 ], [ 1, 0, 1, 0, 0, 1, 2, 0, 1, 2 ] ]
CLASS n=5 order=28 size=105348590352347696640 fixed=-1 real=true M=
[ [ 0, 0, 2, 2, 1, 0, 0, 1, 1, 2 ], [ 2, 2, 2, 0, 1, 1, 2, 0, 0, 0 ], 
  [ 2, 2, 1, 1, 1, 0, 1, 1, 1, 0 ], [ 0, 0, 0, 0, 2, 1, 0, 2, 1, 1 ], 
  [ 2, 1, 0, 2, 1, 2, 2, 0, 2, 0 ], [ 1, 2, 1, 0, 1, 0, 2, 1, 1, 0 ], 
  [ 1, 0, 2, 1, 1, 2, 0, 1, 0, 0 ], [ 1, 0, 1, 1, 0, 2, 2, 2, 0, 0 ], 
  [ 1, 2, 0, 1, 0, 1, 2, 2, 0, 2 ], [ 2, 2, 0, 2, 1, 2, 0, 2, 0, 0 ] ]
CLASS n=5 order=28 size=105348590352347696640 fixed=-1 real=true M=
[ [ 1, 0, 1, 2, 2, 2, 2, 0, 1, 0 ], [ 1, 2, 2, 0, 0, 2, 0, 1, 0, 0 ], 
  [ 1, 0, 0, 2, 1, 1, 0, 2, 2, 0 ], [ 2, 0, 0, 1, 0, 2, 1, 1, 1, 2 ], 
  [ 1, 0, 0, 0, 2, 1, 0, 0, 2, 2 ], [ 1, 1, 0, 2, 2, 0, 2, 0, 0, 1 ], 
  [ 0, 2, 1, 2, 0, 1, 0, 2, 0, 1 ], [ 0, 2, 1, 0, 2, 0, 1, 1, 2, 2 ], 
  [ 2, 2, 0, 2, 1, 0, 0, 0, 0, 1 ], [ 1, 0, 1, 1, 1, 2, 1, 1, 0, 0 ] ]
CLASS n=5 order=70 size=546127092386570459381760 fixed=-1 real=true M=
[ [ 1, 2, 0, 1, 0, 0, 0, 2, 0, 1 ], [ 2, 0, 0, 2, 0, 1, 1, 0, 2, 1 ], 
  [ 0, 1, 1, 2, 0, 1, 1, 0, 1, 2 ], [ 2, 0, 0, 2, 0, 1, 0, 2, 2, 0 ], 
  [ 1, 2, 0, 1, 1, 2, 1, 2, 1, 1 ], [ 0, 1, 0, 0, 2, 1, 0, 1, 1, 0 ], 
  [ 1, 1, 1, 2, 0, 2, 2, 2, 0, 2 ], [ 1, 1, 2, 0, 2, 2, 2, 1, 2, 1 ], 
  [ 0, 0, 2, 0, 1, 0, 2, 2, 0, 0 ], [ 1, 2, 1, 0, 1, 2, 2, 0, 1, 0 ] ]
CLASS n=5 order=140 size=546127092386570459381760 fixed=-1 real=true M=
[ [ 1, 0, 2, 0, 0, 2, 1, 2, 0, 0 ], [ 0, 2, 0, 2, 0, 1, 0, 1, 1, 1 ], 
  [ 2, 0, 2, 0, 0, 0, 2, 1, 2, 0 ], [ 0, 0, 0, 2, 1, 1, 0, 1, 1, 2 ], 
  [ 1, 2, 1, 2, 2, 2, 0, 1, 1, 1 ], [ 0, 1, 0, 1, 0, 1, 0, 0, 1, 1 ], 
  [ 1, 0, 0, 0, 0, 0, 2, 1, 2, 0 ], [ 2, 0, 0, 1, 0, 1, 1, 0, 2, 1 ], 
  [ 1, 2, 1, 2, 0, 1, 1, 2, 0, 2 ], [ 2, 2, 2, 2, 1, 0, 2, 0, 1, 0 ] ]
CLASS n=5 order=140 size=546127092386570459381760 fixed=-1 real=true M=
[ [ 0, 2, 2, 2, 0, 2, 2, 1, 1, 0 ], [ 2, 0, 0, 2, 1, 1, 2, 0, 1, 2 ], 
  [ 2, 0, 0, 0, 2, 2, 0, 2, 1, 1 ], [ 2, 1, 1, 0, 0, 0, 0, 2, 0, 2 ], 
  [ 1, 2, 0, 1, 0, 0, 0, 1, 2, 1 ], [ 2, 1, 0, 2, 0, 0, 2, 2, 2, 1 ], 
  [ 1, 1, 1, 1, 0, 0, 1, 0, 0, 0 ], [ 0, 0, 1, 0, 2, 1, 0, 2, 0, 2 ], 
  [ 1, 2, 1, 0, 1, 2, 2, 0, 1, 2 ], [ 2, 1, 0, 1, 1, 2, 0, 0, 2, 1 ] ]
CLASS n=5 order=14 size=9481373131711292697600 fixed=-1 real=true M=
[ [ 0, 2, 1, 2, 0, 0, 1, 2, 1, 2 ], [ 1, 2, 0, 1, 2, 2, 0, 2, 1, 2 ], 
  [ 2, 2, 1, 1, 1, 1, 1, 2, 1, 1 ], [ 1, 0, 0, 1, 0, 2, 1, 0, 2, 1 ], 
  [ 1, 1, 0, 1, 0, 2, 1, 1, 2, 0 ], [ 2, 0, 1, 1, 1, 2, 1, 2, 1, 1 ], 
  [ 1, 0, 1, 0, 2, 0, 0, 0, 1, 0 ], [ 0, 2, 1, 0, 0, 1, 0, 2, 0, 0 ], 
  [ 2, 0, 0, 1, 1, 1, 1, 2, 0, 0 ], [ 1, 1, 0, 0, 2, 1, 1, 2, 2, 0 ] ]
CLASS n=5 order=21 size=4213943614093907865600 fixed=-1 real=false M=
[ [ 2, 0, 0, 2, 1, 2, 0, 1, 2, 2 ], [ 1, 1, 1, 2, 2, 0, 2, 2, 0, 2 ], 
  [ 2, 1, 2, 2, 0, 2, 1, 1, 2, 1 ], [ 0, 2, 0, 1, 2, 2, 2, 2, 2, 2 ], 
  [ 0, 0, 1, 1, 1, 2, 0, 0, 0, 1 ], [ 1, 2, 0, 0, 2, 1, 1, 0, 2, 2 ], 
  [ 1, 2, 2, 1, 2, 1, 2, 1, 2, 0 ], [ 1, 2, 0, 2, 1, 0, 0, 0, 0, 2 ], 
  [ 1, 1, 0, 0, 1, 0, 2, 0, 1, 2 ], [ 1, 2, 1, 2, 2, 1, 2, 0, 1, 1 ] ]
CLASS n=5 order=21 size=4213943614093907865600 fixed=-1 real=false M=
[ [ 1, 0, 0, 1, 2, 1, 0, 2, 1, 1 ], [ 2, 2, 2, 1, 1, 0, 1, 1, 0, 1 ], 
  [ 1, 2, 1, 1, 0, 1, 2, 2, 1, 2 ], [ 0, 1, 2, 2, 1, 2, 1, 2, 1, 1 ], 
  [ 0, 0, 1, 2, 2, 2, 0, 1, 0, 2 ], [ 2, 1, 0, 0, 1, 2, 2, 0, 1, 1 ], 
  [ 2, 1, 0, 2, 1, 0, 1, 0, 1, 0 ], [ 2, 1, 0, 1, 2, 0, 0, 0, 0, 1 ], 
  [ 2, 2, 0, 0, 2, 0, 1, 0, 2, 1 ], [ 2, 1, 2, 1, 1, 2, 1, 0, 2, 2 ] ]
CLASS n=5 order=28 size=56888238790267756185600 fixed=-1 real=true M=
[ [ 0, 2, 2, 1, 0, 2, 2, 1, 2, 0 ], [ 0, 2, 2, 2, 0, 0, 1, 2, 1, 1 ], 
  [ 2, 0, 1, 0, 1, 0, 2, 1, 2, 2 ], [ 0, 2, 1, 0, 2, 2, 2, 0, 2, 2 ], 
  [ 0, 2, 1, 1, 2, 1, 1, 2, 0, 0 ], [ 2, 0, 0, 0, 2, 1, 1, 1, 0, 2 ], 
  [ 1, 1, 1, 2, 2, 2, 0, 2, 0, 1 ], [ 0, 0, 0, 0, 2, 0, 1, 1, 2, 0 ], 
  [ 1, 1, 1, 1, 2, 2, 0, 0, 2, 1 ], [ 2, 0, 2, 1, 2, 2, 0, 0, 1, 1 ] ]
CLASS n=5 order=28 size=56888238790267756185600 fixed=-1 real=true M=
[ [ 0, 1, 1, 2, 0, 1, 1, 2, 1, 0 ], [ 0, 1, 1, 1, 0, 0, 2, 1, 2, 2 ], 
  [ 1, 0, 0, 0, 2, 2, 1, 1, 1, 1 ], [ 0, 1, 2, 1, 2, 2, 1, 2, 0, 2 ], 
  [ 0, 1, 0, 0, 2, 2, 2, 2, 2, 1 ], [ 1, 0, 2, 0, 1, 0, 2, 0, 0, 1 ], 
  [ 2, 2, 1, 2, 2, 0, 0, 1, 2, 0 ], [ 0, 0, 0, 0, 1, 0, 2, 2, 1, 0 ], 
  [ 2, 2, 0, 2, 1, 0, 0, 2, 1, 2 ], [ 1, 0, 2, 2, 1, 0, 0, 2, 2, 2 ] ]
CLASS n=5 order=42 size=37925492526845170790400 fixed=-1 real=false M=
[ [ 1, 0, 0, 1, 0, 0, 2, 0, 2, 0 ], [ 1, 1, 2, 0, 0, 1, 0, 0, 1, 1 ], 
  [ 2, 0, 0, 2, 2, 1, 2, 2, 1, 1 ], [ 2, 2, 2, 0, 0, 1, 1, 2, 1, 1 ], 
  [ 2, 2, 2, 1, 0, 1, 0, 0, 2, 0 ], [ 2, 0, 1, 1, 2, 2, 0, 2, 1, 0 ], 
  [ 2, 1, 0, 1, 0, 0, 0, 1, 1, 0 ], [ 0, 0, 1, 1, 0, 0, 2, 1, 0, 1 ], 
  [ 0, 1, 2, 2, 1, 0, 0, 2, 1, 0 ], [ 0, 0, 0, 2, 0, 1, 1, 2, 2, 1 ] ]
CLASS n=5 order=42 size=37925492526845170790400 fixed=-1 real=false M=
[ [ 1, 0, 0, 1, 0, 0, 2, 0, 2, 0 ], [ 1, 1, 2, 0, 0, 1, 0, 0, 1, 1 ], 
  [ 2, 0, 0, 2, 2, 1, 2, 2, 1, 1 ], [ 2, 2, 0, 0, 0, 0, 1, 1, 1, 1 ], 
  [ 2, 2, 0, 1, 0, 0, 0, 2, 2, 0 ], [ 2, 0, 1, 1, 2, 2, 0, 2, 1, 0 ], 
  [ 2, 1, 1, 1, 0, 2, 0, 0, 1, 0 ], [ 0, 0, 1, 1, 0, 0, 2, 1, 0, 1 ], 
  [ 0, 1, 2, 2, 1, 0, 0, 2, 1, 0 ], [ 0, 0, 0, 2, 0, 1, 1, 2, 2, 1 ] ]
CLASS n=5 order=84 size=227552955161071024742400 fixed=-1 real=false M=
[ [ 1, 2, 2, 0, 0, 1, 0, 0, 0, 2 ], [ 0, 0, 1, 2, 0, 2, 1, 2, 0, 2 ], 
  [ 0, 2, 2, 1, 2, 1, 0, 0, 1, 0 ], [ 0, 2, 2, 0, 2, 2, 2, 0, 0, 1 ], 
  [ 1, 2, 2, 1, 0, 0, 0, 2, 1, 2 ], [ 2, 0, 2, 2, 2, 1, 2, 2, 2, 2 ], 
  [ 0, 0, 1, 1, 2, 0, 1, 1, 0, 1 ], [ 1, 2, 2, 2, 0, 1, 1, 2, 2, 1 ], 
  [ 1, 2, 1, 1, 0, 1, 2, 1, 1, 2 ], [ 2, 0, 1, 1, 0, 2, 2, 0, 2, 2 ] ]
CLASS n=5 order=84 size=227552955161071024742400 fixed=-1 real=false M=
[ [ 2, 1, 1, 0, 0, 2, 0, 0, 0, 1 ], [ 0, 0, 2, 1, 0, 1, 2, 1, 0, 1 ], 
  [ 0, 1, 2, 2, 1, 1, 0, 2, 2, 0 ], [ 0, 1, 2, 1, 2, 1, 1, 1, 2, 0 ], 
  [ 2, 1, 0, 0, 1, 2, 0, 1, 1, 2 ], [ 1, 0, 0, 1, 1, 0, 1, 2, 1, 1 ], 
  [ 0, 0, 2, 0, 2, 1, 2, 1, 2, 0 ], [ 2, 1, 1, 1, 0, 2, 2, 1, 1, 2 ], 
  [ 2, 1, 0, 2, 0, 1, 1, 1, 2, 1 ], [ 1, 0, 0, 2, 0, 0, 1, 2, 1, 1 ] ]
CLASS n=5 order=84 size=227552955161071024742400 fixed=-1 real=false M=
[ [ 1, 2, 2, 0, 0, 1, 0, 0, 0, 2 ], [ 0, 0, 1, 2, 0, 2, 1, 2, 0, 2 ], 
  [ 0, 2, 2, 1, 2, 1, 0, 0, 1, 0 ], [ 0, 2, 1, 0, 2, 0, 2, 1, 0, 1 ], 
  [ 1, 2, 1, 1, 0, 1, 0, 0, 1, 2 ], [ 2, 0, 2, 2, 2, 1, 2, 2, 2, 2 ], 
  [ 0, 0, 0, 1, 2, 1, 1, 2, 0, 1 ], [ 1, 2, 2, 2, 0, 1, 1, 2, 2, 1 ], 
  [ 1, 2, 1, 1, 0, 1, 2, 1, 1, 2 ], [ 2, 0, 1, 1, 0, 2, 2, 0, 2, 2 ] ]
CLASS n=5 order=84 size=227552955161071024742400 fixed=-1 real=false M=
[ [ 2, 1, 1, 0, 0, 2, 0, 0, 0, 1 ], [ 0, 0, 2, 1, 0, 1, 2, 1, 0, 1 ], 
  [ 0, 1, 2, 2, 1, 1, 0, 2, 2, 0 ], [ 0, 1, 1, 1, 2, 2, 1, 2, 2, 0 ], 
  [ 2, 1, 2, 0, 1, 0, 0, 2, 1, 2 ], [ 1, 0, 0, 1, 1, 0, 1, 2, 1, 1 ], 
  [ 0, 0, 1, 0, 2, 2, 2, 2, 2, 0 ], [ 2, 1, 1, 1, 0, 2, 2, 1, 1, 2 ], 
  [ 2, 1, 0, 2, 0, 1, 1, 1, 2, 1 ], [ 1, 0, 0, 2, 0, 0, 1, 2, 1, 1 ] ]
CLASS n=5 order=28 size=9481373131711292697600 fixed=-1 real=true M=
[ [ 2, 1, 1, 1, 2, 0, 0, 0, 2, 1 ], [ 1, 1, 2, 0, 1, 1, 2, 1, 2, 1 ], 
  [ 2, 1, 0, 0, 1, 0, 2, 2, 2, 1 ], [ 2, 0, 1, 1, 2, 1, 2, 0, 2, 1 ], 
  [ 2, 0, 0, 1, 0, 1, 1, 2, 1, 0 ], [ 1, 1, 1, 1, 0, 1, 2, 1, 0, 0 ], 
  [ 0, 1, 1, 0, 2, 0, 0, 1, 1, 0 ], [ 1, 0, 0, 2, 1, 1, 0, 0, 2, 1 ], 
  [ 2, 0, 1, 2, 1, 1, 0, 1, 0, 1 ], [ 1, 2, 2, 0, 2, 1, 1, 2, 0, 0 ] ]
CLASS n=5 order=14 size=56888238790267756185600 fixed=-1 real=true M=
[ [ 0, 2, 2, 1, 0, 2, 2, 1, 2, 0 ], [ 0, 2, 2, 2, 0, 0, 1, 2, 1, 1 ], 
  [ 2, 0, 2, 1, 2, 0, 2, 2, 1, 0 ], [ 0, 2, 0, 1, 0, 1, 2, 0, 1, 0 ], 
  [ 0, 2, 1, 0, 1, 0, 1, 0, 1, 2 ], [ 2, 0, 2, 2, 1, 1, 1, 0, 1, 1 ], 
  [ 1, 1, 2, 2, 2, 1, 0, 1, 0, 1 ], [ 0, 0, 0, 0, 2, 0, 1, 1, 2, 0 ], 
  [ 1, 1, 2, 2, 0, 2, 0, 1, 1, 2 ], [ 2, 0, 0, 2, 0, 2, 0, 1, 0, 2 ] ]
CLASS n=5 order=28 size=56888238790267756185600 fixed=-1 real=true M=
[ [ 2, 2, 0, 1, 2, 2, 2, 0, 2, 0 ], [ 1, 0, 1, 1, 0, 0, 2, 0, 0, 2 ], 
  [ 1, 2, 1, 1, 2, 0, 1, 2, 0, 1 ], [ 0, 1, 2, 2, 0, 1, 0, 2, 1, 0 ], 
  [ 0, 0, 1, 2, 0, 2, 0, 2, 1, 1 ], [ 0, 2, 1, 1, 1, 2, 1, 2, 0, 0 ], 
  [ 0, 1, 2, 0, 1, 2, 1, 1, 2, 1 ], [ 0, 0, 2, 1, 0, 2, 1, 1, 2, 1 ], 
  [ 2, 2, 1, 2, 0, 1, 2, 0, 0, 1 ], [ 2, 0, 2, 2, 1, 0, 1, 2, 2, 2 ] ]
CLASS n=5 order=42 size=37925492526845170790400 fixed=-1 real=false M=
[ [ 2, 2, 1, 1, 2, 1, 2, 2, 2, 0 ], [ 1, 1, 0, 0, 0, 1, 1, 1, 1, 1 ], 
  [ 1, 0, 2, 0, 2, 2, 0, 1, 1, 0 ], [ 2, 2, 0, 2, 2, 0, 0, 1, 1, 2 ], 
  [ 2, 1, 2, 2, 2, 1, 0, 1, 1, 0 ], [ 0, 0, 0, 0, 1, 0, 0, 0, 1, 2 ], 
  [ 2, 2, 0, 0, 0, 1, 1, 0, 2, 0 ], [ 0, 2, 1, 2, 0, 0, 2, 2, 1, 2 ], 
  [ 2, 2, 0, 2, 0, 2, 2, 1, 0, 1 ], [ 2, 1, 0, 1, 1, 2, 0, 1, 0, 1 ] ]
CLASS n=5 order=42 size=37925492526845170790400 fixed=-1 real=false M=
[ [ 0, 0, 2, 1, 0, 2, 0, 1, 2, 1 ], [ 0, 0, 0, 1, 1, 2, 0, 2, 1, 1 ], 
  [ 1, 2, 1, 2, 0, 1, 2, 2, 0, 1 ], [ 1, 1, 0, 1, 1, 0, 0, 2, 2, 1 ], 
  [ 1, 2, 1, 1, 1, 2, 0, 2, 2, 0 ], [ 1, 1, 0, 1, 0, 0, 1, 0, 1, 0 ], 
  [ 1, 1, 0, 0, 0, 2, 2, 0, 1, 0 ], [ 1, 2, 2, 2, 1, 0, 2, 1, 1, 0 ], 
  [ 2, 2, 0, 2, 1, 1, 2, 2, 2, 1 ], [ 0, 1, 0, 1, 1, 1, 2, 2, 1, 0 ] ]
CLASS n=5 order=84 size=227552955161071024742400 fixed=-1 real=false M=
[ [ 2, 0, 0, 1, 0, 2, 1, 0, 0, 2 ], [ 2, 2, 1, 2, 2, 2, 2, 0, 2, 1 ], 
  [ 1, 1, 1, 2, 2, 2, 0, 2, 1, 0 ], [ 0, 1, 0, 0, 1, 1, 1, 2, 1, 2 ], 
  [ 1, 2, 2, 2, 2, 1, 1, 2, 0, 2 ], [ 1, 1, 2, 0, 1, 0, 2, 1, 1, 1 ], 
  [ 0, 0, 2, 0, 1, 0, 1, 2, 2, 2 ], [ 2, 0, 1, 0, 0, 0, 2, 2, 2, 2 ], 
  [ 1, 1, 1, 0, 1, 0, 0, 1, 0, 1 ], [ 2, 2, 1, 0, 0, 0, 1, 2, 1, 1 ] ]
CLASS n=5 order=84 size=227552955161071024742400 fixed=-1 real=false M=
[ [ 2, 1, 0, 0, 1, 1, 0, 0, 2, 0 ], [ 0, 0, 2, 0, 0, 1, 0, 0, 2, 0 ], 
  [ 0, 0, 2, 2, 2, 1, 1, 1, 1, 2 ], [ 0, 2, 0, 0, 2, 2, 2, 1, 2, 1 ], 
  [ 2, 1, 1, 1, 1, 2, 2, 1, 0, 1 ], [ 1, 1, 1, 2, 1, 0, 0, 2, 0, 0 ], 
  [ 0, 0, 1, 0, 2, 0, 2, 1, 1, 1 ], [ 0, 2, 2, 2, 2, 0, 0, 1, 2, 2 ], 
  [ 1, 1, 2, 2, 1, 0, 2, 2, 1, 0 ], [ 2, 2, 2, 1, 1, 0, 0, 1, 1, 1 ] ]
CLASS n=5 order=28 size=56888238790267756185600 fixed=-1 real=true M=
[ [ 1, 0, 2, 1, 1, 2, 2, 2, 0, 1 ], [ 0, 1, 0, 1, 2, 2, 2, 2, 0, 1 ], 
  [ 0, 1, 0, 2, 0, 2, 1, 1, 1, 2 ], [ 0, 0, 1, 2, 2, 1, 2, 0, 2, 1 ], 
  [ 1, 2, 2, 2, 2, 1, 1, 2, 0, 2 ], [ 2, 2, 2, 1, 2, 0, 0, 1, 0, 0 ], 
  [ 0, 1, 1, 1, 0, 0, 0, 1, 1, 0 ], [ 0, 1, 1, 1, 1, 0, 0, 2, 1, 1 ], 
  [ 2, 2, 1, 1, 2, 0, 1, 1, 2, 0 ], [ 1, 2, 0, 0, 1, 0, 2, 1, 1, 0 ] ]
CLASS n=5 order=24 size=66369611921979048883200 fixed=-1 real=true M=
[ [ 1, 1, 2, 2, 2, 2, 2, 0, 0, 2 ], [ 2, 1, 2, 1, 0, 2, 1, 1, 1, 1 ], 
  [ 0, 2, 2, 2, 0, 1, 2, 2, 1, 1 ], [ 2, 2, 2, 1, 0, 0, 1, 1, 0, 1 ], 
  [ 0, 1, 2, 0, 1, 1, 0, 0, 0, 2 ], [ 1, 2, 0, 1, 1, 2, 0, 1, 2, 1 ], 
  [ 1, 2, 2, 2, 2, 2, 2, 1, 0, 0 ], [ 1, 1, 1, 2, 0, 2, 0, 1, 1, 2 ], 
  [ 1, 0, 1, 0, 2, 0, 2, 2, 0, 0 ], [ 0, 2, 0, 1, 1, 2, 0, 0, 0, 2 ] ]
CLASS n=5 order=24 size=33184805960989524441600 fixed=-1 real=false M=
[ [ 2, 0, 1, 0, 1, 1, 0, 1, 0, 1 ], [ 0, 1, 0, 1, 2, 2, 0, 1, 2, 1 ], 
  [ 2, 0, 0, 1, 1, 0, 2, 0, 1, 2 ], [ 1, 1, 2, 2, 1, 2, 1, 2, 1, 0 ], 
  [ 0, 2, 1, 1, 0, 1, 2, 0, 1, 1 ], [ 0, 2, 2, 1, 2, 1, 0, 2, 1, 1 ], 
  [ 1, 1, 0, 1, 0, 2, 0, 1, 2, 1 ], [ 0, 0, 1, 1, 2, 1, 1, 2, 2, 0 ], 
  [ 2, 2, 0, 1, 1, 1, 2, 1, 0, 2 ], [ 0, 0, 2, 0, 1, 0, 1, 2, 1, 0 ] ]
CLASS n=5 order=24 size=33184805960989524441600 fixed=-1 real=false M=
[ [ 1, 2, 1, 1, 2, 1, 1, 1, 1, 0 ], [ 1, 2, 0, 0, 1, 2, 2, 1, 1, 2 ], 
  [ 0, 1, 0, 0, 0, 0, 1, 0, 0, 0 ], [ 1, 1, 2, 2, 1, 2, 1, 2, 1, 0 ], 
  [ 0, 2, 1, 1, 0, 1, 2, 0, 1, 1 ], [ 2, 1, 2, 2, 0, 1, 1, 2, 2, 0 ], 
  [ 1, 1, 0, 1, 0, 2, 0, 1, 2, 1 ], [ 2, 2, 1, 2, 0, 1, 2, 2, 0, 2 ], 
  [ 1, 1, 0, 2, 2, 1, 0, 1, 1, 1 ], [ 2, 2, 2, 1, 2, 0, 2, 2, 2, 2 ] ]
CLASS n=5 order=12 size=3414074687344601280 fixed=-1 real=true M=
[ [ 0, 2, 1, 1, 1, 0, 1, 0, 0, 1 ], [ 2, 0, 0, 1, 2, 2, 0, 0, 1, 0 ], 
  [ 2, 0, 1, 0, 2, 2, 2, 2, 2, 1 ], [ 1, 0, 0, 2, 1, 1, 1, 2, 0, 0 ], 
  [ 2, 1, 2, 2, 2, 2, 1, 2, 0, 0 ], [ 2, 2, 1, 2, 0, 0, 0, 0, 0, 0 ], 
  [ 0, 1, 0, 1, 0, 0, 1, 1, 2, 1 ], [ 1, 1, 0, 0, 2, 2, 0, 2, 2, 1 ], 
  [ 0, 1, 2, 2, 0, 1, 2, 0, 1, 1 ], [ 2, 0, 0, 1, 1, 1, 0, 0, 1, 0 ] ]
CLASS n=5 order=60 size=17698563179194413035520 fixed=-1 real=true M=
[ [ 0, 1, 2, 1, 1, 2, 2, 2, 2, 2 ], [ 1, 2, 1, 1, 2, 1, 1, 1, 0, 2 ], 
  [ 2, 1, 2, 2, 2, 2, 1, 0, 2, 1 ], [ 0, 2, 0, 0, 0, 0, 0, 2, 2, 0 ], 
  [ 2, 1, 0, 1, 0, 1, 1, 0, 1, 0 ], [ 1, 1, 0, 0, 2, 1, 2, 2, 1, 0 ], 
  [ 2, 1, 1, 0, 2, 1, 1, 0, 2, 0 ], [ 2, 1, 2, 2, 0, 1, 2, 1, 2, 1 ], 
  [ 0, 0, 0, 1, 1, 1, 0, 1, 0, 0 ], [ 2, 2, 2, 0, 1, 2, 1, 1, 1, 0 ] ]
CLASS n=5 order=12 size=87790491960289747200 fixed=-1 real=false M=
[ [ 2, 0, 0, 1, 1, 2, 1, 0, 1, 1 ], [ 2, 0, 0, 0, 0, 0, 1, 2, 0, 2 ], 
  [ 2, 2, 1, 0, 0, 0, 0, 2, 0, 1 ], [ 1, 0, 2, 1, 0, 0, 0, 2, 1, 1 ], 
  [ 2, 0, 2, 2, 0, 2, 1, 0, 2, 2 ], [ 0, 1, 1, 0, 1, 2, 2, 1, 1, 2 ], 
  [ 1, 2, 2, 2, 2, 2, 2, 0, 0, 0 ], [ 0, 1, 2, 2, 2, 1, 1, 1, 2, 1 ], 
  [ 1, 1, 1, 1, 0, 1, 1, 1, 2, 2 ], [ 0, 0, 2, 1, 1, 2, 1, 0, 2, 1 ] ]
CLASS n=5 order=12 size=87790491960289747200 fixed=-1 real=false M=
[ [ 1, 0, 2, 0, 2, 0, 2, 2, 2, 1 ], [ 0, 1, 0, 0, 1, 2, 0, 1, 2, 1 ], 
  [ 2, 1, 2, 1, 1, 0, 0, 1, 0, 2 ], [ 1, 1, 1, 0, 2, 0, 0, 0, 1, 0 ], 
  [ 0, 1, 2, 2, 1, 1, 0, 2, 1, 1 ], [ 1, 0, 0, 2, 1, 1, 1, 1, 0, 0 ], 
  [ 2, 1, 1, 1, 2, 1, 1, 0, 2, 1 ], [ 2, 0, 2, 2, 1, 2, 2, 2, 0, 2 ], 
  [ 2, 1, 2, 2, 2, 0, 0, 2, 1, 2 ], [ 2, 2, 2, 1, 0, 0, 2, 1, 0, 2 ] ]
CLASS n=5 order=6 size=2185007799900544819200 fixed=-1 real=true M=
[ [ 0, 2, 1, 2, 0, 1, 1, 2, 1, 1 ], [ 1, 1, 1, 1, 1, 2, 1, 1, 0, 0 ], 
  [ 2, 0, 2, 2, 0, 0, 0, 2, 2, 0 ], [ 0, 0, 0, 1, 2, 2, 1, 2, 1, 2 ], 
  [ 2, 2, 2, 1, 0, 0, 2, 0, 2, 1 ], [ 2, 1, 0, 1, 1, 2, 2, 2, 0, 0 ], 
  [ 2, 2, 1, 1, 1, 0, 2, 1, 0, 0 ], [ 2, 0, 1, 2, 2, 0, 0, 2, 1, 2 ], 
  [ 2, 2, 0, 0, 2, 0, 1, 2, 2, 2 ], [ 1, 1, 1, 2, 0, 1, 2, 0, 0, 0 ] ]
CLASS n=5 order=12 size=3687200662332169382400 fixed=-1 real=true M=
[ [ 0, 1, 2, 2, 1, 2, 1, 2, 1, 0 ], [ 1, 2, 2, 1, 2, 2, 0, 2, 1, 1 ], 
  [ 2, 1, 1, 2, 0, 2, 1, 2, 0, 1 ], [ 0, 0, 0, 2, 2, 2, 0, 1, 1, 0 ], 
  [ 1, 1, 1, 1, 2, 1, 2, 2, 0, 0 ], [ 2, 1, 0, 2, 0, 1, 0, 2, 1, 1 ], 
  [ 2, 2, 2, 1, 1, 2, 0, 2, 2, 2 ], [ 2, 2, 2, 1, 1, 2, 2, 1, 0, 1 ], 
  [ 1, 0, 1, 2, 2, 2, 0, 2, 0, 2 ], [ 1, 0, 2, 0, 0, 1, 1, 0, 2, 0 ] ]
CLASS n=5 order=6 size=6743851234260940800 fixed=-1 real=false M=
[ [ 2, 2, 1, 0, 0, 2, 2, 2, 1, 0 ], [ 2, 2, 1, 2, 2, 2, 1, 2, 0, 1 ], 
  [ 2, 2, 1, 0, 1, 0, 0, 2, 1, 1 ], [ 0, 2, 1, 2, 0, 1, 0, 1, 1, 1 ], 
  [ 0, 1, 1, 0, 0, 1, 2, 0, 1, 2 ], [ 1, 2, 0, 2, 0, 2, 0, 2, 1, 1 ], 
  [ 2, 2, 2, 0, 1, 1, 1, 2, 2, 0 ], [ 2, 2, 1, 0, 2, 1, 0, 1, 0, 2 ], 
  [ 0, 2, 2, 2, 0, 1, 0, 0, 1, 0 ], [ 1, 2, 1, 0, 1, 0, 1, 1, 0, 0 ] ]
CLASS n=5 order=6 size=6743851234260940800 fixed=-1 real=false M=
[ [ 2, 1, 2, 1, 2, 2, 2, 1, 2, 1 ], [ 1, 2, 0, 2, 2, 0, 1, 2, 2, 0 ], 
  [ 2, 0, 2, 0, 2, 0, 0, 0, 0, 1 ], [ 2, 1, 2, 1, 0, 1, 2, 2, 2, 2 ], 
  [ 2, 1, 1, 0, 2, 2, 1, 2, 0, 2 ], [ 1, 0, 0, 1, 0, 0, 1, 1, 2, 0 ], 
  [ 2, 1, 1, 1, 2, 0, 1, 1, 1, 0 ], [ 2, 2, 0, 0, 0, 2, 0, 1, 2, 0 ], 
  [ 1, 0, 1, 2, 1, 1, 2, 0, 0, 0 ], [ 0, 1, 2, 1, 2, 1, 0, 2, 0, 1 ] ]
CLASS n=5 order=12 size=19665070199104903372800 fixed=-1 real=false M=
[ [ 0, 1, 2, 0, 1, 0, 2, 1, 0, 1 ], [ 0, 1, 1, 0, 1, 1, 0, 0, 0, 0 ], 
  [ 0, 1, 1, 1, 2, 1, 1, 1, 1, 1 ], [ 0, 0, 0, 1, 2, 1, 2, 2, 2, 2 ], 
  [ 2, 1, 1, 0, 1, 0, 2, 1, 1, 0 ], [ 0, 2, 1, 1, 1, 0, 1, 0, 1, 0 ], 
  [ 2, 0, 0, 2, 0, 0, 2, 0, 0, 2 ], [ 0, 1, 1, 0, 1, 1, 1, 1, 2, 2 ], 
  [ 0, 1, 2, 1, 2, 1, 2, 1, 0, 2 ], [ 2, 0, 2, 0, 2, 1, 2, 1, 2, 1 ] ]
CLASS n=5 order=12 size=19665070199104903372800 fixed=-1 real=false M=
[ [ 1, 0, 2, 0, 1, 1, 0, 2, 1, 0 ], [ 2, 2, 0, 1, 2, 1, 2, 2, 1, 2 ], 
  [ 1, 2, 0, 2, 1, 0, 0, 0, 1, 1 ], [ 1, 2, 2, 0, 0, 2, 0, 2, 2, 2 ], 
  [ 0, 1, 2, 2, 0, 0, 1, 1, 0, 0 ], [ 0, 0, 0, 2, 2, 1, 2, 2, 2, 1 ], 
  [ 1, 2, 0, 0, 2, 1, 0, 1, 0, 2 ], [ 1, 1, 0, 1, 2, 2, 2, 1, 2, 1 ], 
  [ 0, 0, 1, 0, 2, 2, 1, 0, 2, 2 ], [ 1, 0, 2, 2, 1, 0, 0, 1, 0, 0 ] ]
CLASS n=5 order=24 size=3687200662332169382400 fixed=-1 real=true M=
[ [ 1, 2, 0, 2, 0, 0, 1, 1, 1, 0 ], [ 2, 1, 2, 0, 2, 1, 1, 2, 1, 1 ], 
  [ 1, 1, 1, 2, 2, 0, 2, 1, 1, 1 ], [ 0, 1, 2, 0, 0, 2, 0, 0, 0, 0 ], 
  [ 0, 2, 2, 0, 0, 2, 0, 0, 1, 2 ], [ 0, 2, 0, 1, 1, 2, 1, 1, 0, 1 ], 
  [ 2, 1, 2, 1, 0, 1, 2, 1, 0, 2 ], [ 1, 2, 0, 1, 2, 1, 0, 1, 2, 2 ], 
  [ 2, 0, 1, 2, 1, 0, 1, 2, 0, 2 ], [ 0, 0, 2, 0, 0, 1, 0, 1, 0, 0 ] ]
CLASS n=5 order=12 size=204844481240676076800 fixed=-1 real=false M=
[ [ 1, 2, 2, 2, 1, 2, 0, 0, 1, 0 ], [ 0, 2, 1, 0, 1, 0, 1, 2, 1, 0 ], 
  [ 1, 1, 1, 1, 2, 1, 2, 0, 0, 1 ], [ 0, 2, 2, 2, 0, 2, 2, 1, 1, 2 ], 
  [ 0, 1, 2, 2, 1, 1, 0, 0, 2, 0 ], [ 1, 2, 0, 1, 1, 2, 1, 0, 2, 1 ], 
  [ 2, 0, 1, 2, 0, 1, 0, 0, 1, 1 ], [ 0, 0, 1, 0, 1, 2, 1, 1, 1, 2 ], 
  [ 0, 2, 0, 0, 2, 2, 2, 2, 2, 0 ], [ 1, 2, 0, 2, 0, 1, 0, 1, 1, 1 ] ]
CLASS n=5 order=12 size=204844481240676076800 fixed=-1 real=false M=
[ [ 1, 1, 0, 0, 0, 2, 2, 2, 1, 1 ], [ 0, 2, 1, 0, 1, 0, 1, 2, 1, 0 ], 
  [ 1, 2, 0, 0, 0, 1, 0, 1, 0, 0 ], [ 0, 1, 0, 0, 2, 2, 1, 0, 1, 0 ], 
  [ 0, 1, 2, 2, 2, 2, 2, 2, 1, 1 ], [ 1, 0, 2, 0, 1, 1, 0, 2, 0, 2 ], 
  [ 2, 2, 2, 0, 1, 0, 0, 0, 2, 1 ], [ 0, 1, 0, 2, 0, 0, 1, 1, 0, 2 ], 
  [ 0, 0, 2, 2, 1, 0, 2, 2, 1, 0 ], [ 1, 2, 0, 2, 1, 2, 2, 0, 0, 2 ] ]
CLASS n=5 order=36 size=1638755849925408614400 fixed=-1 real=false M=
[ [ 0, 0, 2, 0, 0, 1, 1, 2, 2, 2 ], [ 2, 0, 0, 1, 0, 2, 0, 1, 1, 0 ], 
  [ 2, 2, 0, 0, 1, 0, 0, 0, 2, 1 ], [ 0, 1, 2, 0, 2, 0, 1, 1, 2, 2 ], 
  [ 1, 2, 2, 2, 0, 0, 1, 0, 0, 2 ], [ 2, 2, 2, 0, 0, 2, 1, 1, 0, 2 ], 
  [ 2, 1, 1, 2, 0, 1, 0, 1, 0, 2 ], [ 1, 2, 2, 2, 2, 0, 2, 2, 1, 1 ], 
  [ 1, 2, 2, 1, 1, 1, 1, 0, 2, 1 ], [ 1, 0, 1, 0, 2, 2, 1, 1, 0, 0 ] ]
CLASS n=5 order=36 size=1638755849925408614400 fixed=-1 real=false M=
[ [ 0, 2, 1, 1, 2, 2, 2, 1, 0, 0 ], [ 2, 0, 0, 1, 2, 2, 1, 1, 1, 2 ], 
  [ 2, 2, 1, 1, 1, 0, 1, 2, 1, 0 ], [ 0, 2, 2, 2, 2, 2, 1, 2, 2, 1 ], 
  [ 1, 1, 2, 1, 2, 1, 0, 1, 2, 2 ], [ 0, 2, 2, 1, 2, 2, 2, 0, 1, 2 ], 
  [ 2, 2, 2, 0, 2, 0, 1, 1, 2, 0 ], [ 0, 1, 0, 0, 1, 2, 2, 0, 1, 0 ], 
  [ 0, 0, 1, 0, 1, 0, 1, 2, 1, 1 ], [ 1, 1, 0, 0, 2, 2, 1, 0, 2, 0 ] ]
CLASS n=5 order=36 size=14748802649328677529600 fixed=-1 real=false M=
[ [ 0, 0, 0, 2, 2, 0, 2, 2, 0, 0 ], [ 1, 1, 0, 2, 0, 0, 1, 0, 2, 1 ], 
  [ 0, 2, 2, 2, 1, 0, 0, 2, 2, 1 ], [ 1, 1, 1, 1, 1, 1, 0, 0, 1, 0 ], 
  [ 1, 0, 0, 1, 0, 1, 1, 0, 0, 2 ], [ 1, 0, 0, 0, 1, 2, 2, 0, 2, 0 ], 
  [ 0, 0, 1, 0, 2, 2, 1, 0, 0, 1 ], [ 2, 1, 1, 0, 0, 2, 1, 0, 0, 0 ], 
  [ 2, 2, 1, 0, 1, 1, 0, 0, 0, 1 ], [ 1, 1, 1, 1, 2, 2, 0, 2, 0, 0 ] ]
CLASS n=5 order=36 size=14748802649328677529600 fixed=-1 real=false M=
[ [ 2, 0, 1, 1, 0, 1, 2, 0, 0, 0 ], [ 1, 2, 2, 0, 1, 1, 0, 0, 1, 0 ], 
  [ 2, 1, 1, 1, 2, 0, 2, 0, 2, 0 ], [ 0, 0, 1, 2, 0, 0, 1, 1, 2, 2 ], 
  [ 0, 1, 1, 1, 1, 2, 0, 1, 2, 2 ], [ 2, 2, 2, 2, 2, 1, 2, 2, 1, 2 ], 
  [ 0, 1, 0, 1, 0, 0, 0, 0, 2, 0 ], [ 1, 1, 2, 1, 0, 0, 0, 1, 1, 2 ], 
  [ 0, 2, 2, 2, 2, 1, 1, 2, 2, 1 ], [ 0, 1, 2, 1, 1, 0, 1, 0, 2, 1 ] ]
CLASS n=5 order=24 size=22123203973993016294400 fixed=-1 real=true M=
[ [ 0, 0, 1, 0, 0, 0, 2, 0, 1, 1 ], [ 0, 2, 2, 0, 1, 1, 0, 0, 0, 1 ], 
  [ 2, 1, 2, 0, 2, 1, 1, 0, 1, 1 ], [ 0, 0, 1, 0, 0, 1, 1, 1, 1, 2 ], 
  [ 0, 1, 0, 1, 0, 0, 1, 0, 2, 1 ], [ 2, 0, 1, 2, 1, 0, 1, 2, 2, 2 ], 
  [ 1, 0, 1, 2, 0, 1, 0, 0, 0, 1 ], [ 1, 1, 1, 0, 2, 0, 0, 2, 2, 1 ], 
  [ 2, 1, 1, 2, 0, 1, 1, 1, 1, 0 ], [ 0, 1, 2, 2, 2, 1, 0, 1, 0, 2 ] ]
CLASS n=5 order=12 size=43895245980144873600 fixed=-1 real=false M=
[ [ 1, 2, 2, 0, 1, 2, 0, 1, 2, 0 ], [ 0, 1, 2, 2, 2, 0, 1, 2, 1, 2 ], 
  [ 0, 1, 2, 1, 1, 1, 2, 0, 1, 0 ], [ 0, 1, 0, 0, 1, 2, 1, 0, 1, 0 ], 
  [ 2, 0, 0, 0, 1, 2, 2, 2, 0, 0 ], [ 2, 1, 2, 2, 0, 1, 2, 1, 0, 0 ], 
  [ 1, 0, 1, 0, 2, 1, 2, 2, 1, 2 ], [ 0, 2, 0, 0, 2, 0, 1, 1, 1, 0 ], 
  [ 1, 0, 2, 0, 2, 2, 2, 0, 2, 0 ], [ 1, 2, 2, 0, 0, 1, 0, 2, 0, 1 ] ]
CLASS n=5 order=12 size=43895245980144873600 fixed=-1 real=false M=
[ [ 0, 2, 1, 0, 0, 0, 2, 1, 0, 2 ], [ 2, 1, 1, 1, 0, 1, 0, 2, 0, 2 ], 
  [ 0, 2, 1, 2, 2, 2, 1, 0, 2, 0 ], [ 0, 2, 0, 0, 2, 1, 2, 0, 2, 0 ], 
  [ 0, 2, 0, 0, 1, 2, 2, 2, 1, 1 ], [ 0, 1, 1, 1, 2, 0, 2, 0, 1, 1 ], 
  [ 1, 2, 2, 0, 0, 0, 2, 2, 0, 2 ], [ 1, 2, 0, 0, 2, 2, 1, 1, 1, 2 ], 
  [ 1, 2, 1, 0, 0, 2, 2, 1, 2, 1 ], [ 0, 2, 1, 0, 1, 1, 2, 0, 2, 1 ] ]
CLASS n=5 order=42 size=4213943614093907865600 fixed=-1 real=false M=
[ [ 0, 0, 0, 2, 2, 1, 2, 2, 1, 2 ], [ 2, 1, 2, 0, 0, 0, 0, 1, 0, 0 ], 
  [ 1, 1, 1, 1, 1, 1, 0, 2, 0, 0 ], [ 1, 1, 2, 2, 0, 2, 2, 1, 1, 1 ], 
  [ 2, 2, 1, 1, 2, 1, 1, 2, 1, 2 ], [ 0, 2, 0, 1, 2, 2, 0, 1, 2, 0 ], 
  [ 2, 2, 1, 0, 1, 0, 2, 1, 2, 0 ], [ 0, 2, 2, 0, 0, 2, 1, 0, 1, 1 ], 
  [ 0, 1, 2, 2, 2, 1, 0, 0, 2, 2 ], [ 1, 1, 1, 0, 1, 1, 1, 1, 2, 2 ] ]
CLASS n=5 order=42 size=4213943614093907865600 fixed=-1 real=false M=
[ [ 1, 1, 0, 2, 0, 0, 1, 1, 0, 1 ], [ 1, 0, 2, 0, 2, 1, 1, 2, 1, 1 ], 
  [ 1, 1, 1, 1, 1, 1, 0, 2, 0, 0 ], [ 1, 1, 2, 2, 0, 2, 2, 1, 1, 1 ], 
  [ 1, 1, 1, 1, 1, 2, 2, 0, 2, 0 ], [ 2, 1, 0, 1, 1, 0, 1, 2, 0, 1 ], 
  [ 1, 1, 1, 0, 0, 1, 0, 2, 0, 1 ], [ 1, 0, 2, 0, 1, 1, 0, 2, 0, 0 ], 
  [ 2, 0, 2, 2, 1, 2, 1, 1, 0, 0 ], [ 2, 2, 1, 0, 2, 0, 0, 0, 1, 1 ] ]
CLASS n=5 order=84 size=37925492526845170790400 fixed=-1 real=false M=
[ [ 1, 0, 2, 1, 0, 2, 2, 2, 0, 0 ], [ 0, 1, 2, 1, 0, 0, 1, 1, 0, 2 ], 
  [ 1, 1, 1, 0, 0, 2, 2, 2, 2, 1 ], [ 2, 1, 2, 1, 2, 2, 0, 0, 2, 2 ], 
  [ 2, 1, 0, 2, 2, 1, 1, 2, 0, 2 ], [ 1, 2, 1, 2, 0, 0, 1, 0, 2, 2 ], 
  [ 2, 0, 2, 0, 1, 1, 2, 1, 2, 1 ], [ 2, 1, 0, 1, 2, 0, 1, 0, 1, 2 ], 
  [ 2, 2, 1, 1, 1, 0, 0, 1, 0, 1 ], [ 0, 1, 0, 0, 2, 1, 2, 2, 0, 0 ] ]
CLASS n=5 order=84 size=37925492526845170790400 fixed=-1 real=false M=
[ [ 2, 2, 1, 0, 0, 0, 0, 1, 0, 1 ], [ 1, 1, 2, 0, 1, 0, 0, 1, 2, 0 ], 
  [ 0, 1, 0, 0, 0, 0, 2, 1, 0, 2 ], [ 0, 2, 1, 0, 2, 2, 2, 2, 2, 2 ], 
  [ 0, 2, 1, 2, 0, 1, 2, 2, 1, 2 ], [ 0, 0, 1, 1, 1, 0, 1, 2, 0, 1 ], 
  [ 2, 2, 0, 0, 0, 2, 0, 1, 0, 2 ], [ 1, 2, 1, 0, 0, 2, 0, 1, 2, 0 ], 
  [ 2, 2, 0, 2, 1, 0, 0, 0, 2, 1 ], [ 2, 0, 2, 2, 0, 2, 0, 2, 1, 1 ] ]
CLASS n=5 order=84 size=37925492526845170790400 fixed=-1 real=false M=
[ [ 2, 1, 2, 1, 1, 1, 1, 1, 2, 2 ], [ 2, 0, 2, 1, 2, 1, 2, 2, 1, 0 ], 
  [ 1, 1, 1, 0, 0, 2, 2, 2, 2, 1 ], [ 2, 1, 2, 1, 2, 2, 0, 0, 2, 2 ], 
  [ 1, 0, 0, 2, 1, 2, 2, 0, 1, 0 ], [ 0, 1, 1, 2, 2, 1, 2, 1, 0, 0 ], 
  [ 1, 2, 2, 0, 0, 2, 0, 2, 0, 2 ], [ 0, 2, 0, 1, 0, 2, 0, 2, 0, 1 ], 
  [ 1, 1, 1, 1, 0, 1, 1, 2, 1, 2 ], [ 1, 2, 0, 0, 0, 0, 1, 1, 2, 2 ] ]
CLASS n=5 order=84 size=37925492526845170790400 fixed=-1 real=false M=
[ [ 0, 0, 1, 0, 1, 2, 2, 0, 2, 0 ], [ 0, 0, 2, 0, 0, 1, 1, 2, 0, 1 ], 
  [ 0, 1, 0, 0, 0, 0, 2, 1, 0, 2 ], [ 0, 2, 1, 0, 2, 2, 2, 2, 2, 2 ], 
  [ 2, 1, 1, 2, 2, 2, 0, 0, 2, 0 ], [ 2, 2, 1, 1, 0, 1, 2, 0, 1, 2 ], 
  [ 1, 1, 0, 0, 2, 0, 1, 2, 1, 0 ], [ 2, 0, 1, 0, 1, 1, 2, 0, 1, 2 ], 
  [ 1, 1, 0, 2, 0, 1, 1, 1, 0, 2 ], [ 0, 1, 2, 2, 1, 1, 2, 1, 0, 0 ] ]
CLASS n=5 order=16 size=238930602919124575979520 fixed=-1 real=true M=
[ [ 0, 1, 2, 0, 0, 2, 2, 0, 2, 1 ], [ 0, 2, 2, 0, 1, 1, 2, 2, 2, 2 ], 
  [ 2, 2, 2, 1, 2, 1, 1, 0, 2, 0 ], [ 1, 0, 0, 2, 0, 2, 0, 0, 1, 2 ], 
  [ 2, 0, 2, 1, 0, 1, 2, 2, 1, 0 ], [ 1, 1, 2, 1, 1, 2, 0, 0, 2, 0 ], 
  [ 2, 0, 0, 1, 1, 2, 1, 2, 2, 0 ], [ 2, 1, 2, 0, 2, 0, 2, 2, 2, 2 ], 
  [ 1, 2, 0, 2, 1, 0, 0, 1, 0, 0 ], [ 0, 2, 2, 1, 1, 1, 1, 2, 0, 1 ] ]
CLASS n=5 order=80 size=477861205838249151959040 fixed=-1 real=true M=
[ [ 2, 0, 1, 2, 0, 2, 2, 0, 2, 1 ], [ 0, 1, 2, 2, 0, 1, 1, 0, 1, 1 ], 
  [ 2, 0, 2, 0, 2, 2, 0, 2, 1, 1 ], [ 1, 1, 2, 2, 0, 1, 0, 2, 1, 0 ], 
  [ 2, 0, 0, 1, 1, 2, 2, 1, 2, 2 ], [ 1, 2, 0, 2, 2, 1, 1, 0, 0, 2 ], 
  [ 0, 2, 0, 2, 1, 2, 1, 2, 2, 0 ], [ 2, 2, 0, 0, 1, 2, 1, 1, 1, 0 ], 
  [ 2, 2, 2, 1, 0, 2, 0, 2, 0, 2 ], [ 2, 2, 2, 2, 2, 0, 0, 2, 0, 2 ] ]
CLASS n=5 order=80 size=477861205838249151959040 fixed=-1 real=true M=
[ [ 1, 0, 0, 1, 1, 2, 0, 0, 1, 1 ], [ 2, 2, 1, 0, 2, 1, 0, 1, 0, 0 ], 
  [ 0, 1, 0, 0, 0, 1, 1, 2, 1, 2 ], [ 1, 1, 2, 1, 0, 0, 1, 1, 1, 2 ], 
  [ 1, 1, 1, 1, 1, 0, 0, 2, 2, 1 ], [ 1, 2, 2, 0, 2, 2, 1, 1, 1, 0 ], 
  [ 2, 2, 1, 1, 2, 1, 1, 1, 0, 2 ], [ 1, 1, 1, 2, 0, 0, 2, 2, 0, 0 ], 
  [ 1, 2, 0, 0, 2, 1, 2, 0, 0, 1 ], [ 2, 0, 0, 0, 2, 2, 1, 2, 1, 0 ] ]
CLASS n=5 order=8 size=3318480596098952444160 fixed=-1 real=true M=
[ [ 2, 2, 2, 1, 1, 2, 0, 2, 1, 2 ], [ 1, 0, 0, 1, 1, 0, 1, 2, 0, 2 ], 
  [ 0, 1, 2, 1, 1, 2, 2, 2, 1, 1 ], [ 0, 1, 1, 2, 1, 1, 2, 0, 0, 0 ], 
  [ 2, 1, 0, 2, 1, 1, 1, 0, 0, 1 ], [ 0, 0, 1, 2, 2, 2, 2, 0, 0, 0 ], 
  [ 2, 2, 2, 1, 2, 0, 0, 2, 1, 0 ], [ 0, 0, 0, 2, 2, 2, 0, 2, 2, 2 ], 
  [ 0, 1, 0, 1, 2, 2, 2, 1, 0, 2 ], [ 0, 1, 0, 1, 0, 0, 1, 1, 0, 1 ] ]
CLASS n=5 order=40 size=477861205838249151959040 fixed=-1 real=true M=
[ [ 0, 0, 0, 2, 1, 0, 1, 1, 0, 0 ], [ 0, 0, 2, 2, 0, 2, 1, 1, 0, 1 ], 
  [ 2, 2, 0, 2, 2, 2, 2, 0, 1, 0 ], [ 1, 2, 1, 0, 0, 0, 1, 0, 0, 1 ], 
  [ 1, 0, 2, 0, 2, 1, 0, 0, 1, 2 ], [ 1, 1, 2, 1, 0, 2, 1, 0, 0, 0 ], 
  [ 0, 1, 2, 2, 1, 0, 1, 2, 2, 0 ], [ 1, 2, 1, 2, 0, 0, 0, 2, 1, 2 ], 
  [ 2, 2, 0, 0, 0, 2, 2, 0, 1, 2 ], [ 2, 0, 0, 0, 1, 1, 2, 1, 0, 2 ] ]
CLASS n=5 order=18 size=13487702468521881600 fixed=-1 real=false M=
[ [ 0, 1, 2, 0, 1, 2, 1, 1, 2, 2 ], [ 1, 0, 1, 2, 0, 0, 0, 0, 2, 1 ], 
  [ 0, 2, 0, 1, 0, 2, 0, 0, 1, 2 ], [ 0, 1, 1, 0, 0, 1, 1, 2, 0, 2 ], 
  [ 1, 2, 1, 0, 0, 0, 0, 1, 0, 0 ], [ 1, 2, 0, 2, 1, 1, 1, 1, 1, 0 ], 
  [ 2, 1, 2, 1, 2, 2, 1, 0, 2, 2 ], [ 0, 1, 0, 2, 0, 2, 0, 2, 2, 1 ], 
  [ 0, 2, 0, 1, 0, 2, 0, 2, 0, 0 ], [ 0, 0, 2, 0, 0, 2, 0, 0, 0, 2 ] ]
CLASS n=5 order=18 size=13487702468521881600 fixed=-1 real=false M=
[ [ 0, 1, 2, 2, 1, 2, 2, 1, 0, 2 ], [ 0, 0, 0, 0, 1, 0, 0, 0, 0, 1 ], 
  [ 1, 0, 0, 1, 1, 0, 1, 1, 0, 1 ], [ 1, 1, 1, 0, 0, 2, 0, 1, 2, 0 ], 
  [ 2, 2, 2, 2, 2, 1, 1, 1, 1, 0 ], [ 0, 2, 0, 0, 1, 0, 0, 1, 0, 0 ], 
  [ 1, 1, 1, 0, 2, 0, 1, 1, 0, 1 ], [ 0, 2, 1, 0, 1, 0, 0, 2, 0, 0 ], 
  [ 1, 2, 1, 2, 0, 1, 2, 1, 1, 1 ], [ 2, 1, 0, 2, 1, 0, 2, 1, 0, 0 ] ]
CLASS n=5 order=36 size=1638755849925408614400 fixed=-1 real=false M=
[ [ 1, 0, 0, 1, 2, 1, 0, 1, 2, 1 ], [ 0, 0, 1, 1, 2, 2, 2, 2, 1, 0 ], 
  [ 1, 1, 2, 2, 2, 1, 1, 0, 0, 1 ], [ 1, 2, 1, 2, 1, 0, 2, 2, 0, 1 ], 
  [ 0, 1, 0, 1, 2, 1, 0, 0, 0, 1 ], [ 2, 0, 1, 2, 2, 1, 1, 2, 2, 2 ], 
  [ 2, 1, 0, 2, 0, 1, 1, 1, 0, 2 ], [ 0, 1, 1, 2, 2, 2, 0, 2, 1, 1 ], 
  [ 1, 1, 0, 0, 2, 2, 2, 2, 1, 0 ], [ 0, 0, 1, 0, 2, 0, 0, 1, 0, 0 ] ]
CLASS n=5 order=36 size=1638755849925408614400 fixed=-1 real=false M=
[ [ 0, 1, 0, 2, 2, 0, 0, 2, 1, 0 ], [ 0, 2, 2, 1, 0, 1, 1, 1, 0, 2 ], 
  [ 0, 2, 1, 0, 1, 0, 0, 0, 2, 2 ], [ 2, 1, 2, 1, 2, 0, 1, 1, 0, 2 ], 
  [ 0, 0, 0, 0, 2, 2, 2, 0, 1, 0 ], [ 0, 2, 2, 1, 0, 1, 2, 1, 1, 0 ], 
  [ 1, 2, 0, 1, 0, 2, 2, 2, 0, 1 ], [ 0, 2, 2, 0, 1, 2, 1, 1, 0, 2 ], 
  [ 0, 0, 0, 0, 2, 2, 1, 1, 2, 1 ], [ 1, 0, 2, 1, 1, 2, 1, 2, 2, 0 ] ]
CLASS n=5 order=28 size=56888238790267756185600 fixed=-1 real=true M=
[ [ 2, 1, 1, 1, 0, 1, 0, 1, 2, 1 ], [ 2, 1, 2, 0, 2, 2, 0, 0, 2, 2 ], 
  [ 1, 1, 2, 1, 2, 1, 1, 2, 1, 2 ], [ 1, 0, 2, 0, 0, 2, 0, 0, 0, 0 ], 
  [ 0, 2, 0, 2, 0, 2, 2, 2, 2, 2 ], [ 2, 2, 1, 2, 0, 2, 1, 2, 2, 0 ], 
  [ 1, 2, 2, 1, 2, 1, 0, 2, 0, 0 ], [ 1, 1, 2, 1, 0, 1, 0, 1, 2, 1 ], 
  [ 0, 1, 1, 1, 0, 1, 2, 0, 0, 0 ], [ 2, 0, 2, 0, 0, 2, 2, 1, 2, 1 ] ]
CLASS n=5 order=84 size=227552955161071024742400 fixed=-1 real=false M=
[ [ 0, 1, 2, 1, 0, 0, 2, 2, 1, 2 ], [ 2, 0, 2, 0, 0, 2, 1, 2, 0, 0 ], 
  [ 2, 2, 2, 0, 0, 1, 1, 1, 2, 2 ], [ 2, 0, 0, 0, 1, 1, 2, 0, 1, 2 ], 
  [ 1, 1, 2, 0, 0, 0, 2, 2, 0, 0 ], [ 1, 0, 0, 1, 2, 1, 1, 1, 2, 0 ], 
  [ 1, 0, 1, 0, 2, 1, 1, 0, 0, 1 ], [ 2, 0, 0, 2, 2, 0, 2, 1, 0, 0 ], 
  [ 1, 1, 1, 0, 1, 0, 0, 0, 0, 2 ], [ 2, 1, 2, 2, 0, 1, 0, 0, 2, 1 ] ]
CLASS n=5 order=84 size=227552955161071024742400 fixed=-1 real=false M=
[ [ 0, 2, 1, 2, 0, 0, 1, 1, 2, 1 ], [ 0, 0, 1, 0, 0, 2, 2, 0, 0, 1 ], 
  [ 1, 1, 1, 0, 0, 2, 2, 2, 1, 1 ], [ 1, 0, 0, 0, 2, 2, 1, 0, 2, 1 ], 
  [ 1, 2, 1, 0, 0, 1, 1, 0, 0, 1 ], [ 2, 0, 0, 2, 1, 2, 2, 2, 1, 0 ], 
  [ 0, 0, 2, 0, 1, 1, 2, 1, 0, 1 ], [ 1, 0, 0, 1, 1, 0, 1, 2, 0, 0 ], 
  [ 1, 2, 2, 0, 2, 1, 0, 2, 0, 2 ], [ 1, 2, 1, 1, 0, 2, 0, 0, 1, 2 ] ]
CLASS n=5 order=72 size=44246407947986032588800 fixed=-1 real=false M=
[ [ 2, 0, 2, 2, 0, 2, 2, 1, 2, 2 ], [ 2, 1, 0, 2, 2, 2, 2, 2, 1, 1 ], 
  [ 1, 1, 1, 1, 0, 0, 1, 2, 1, 0 ], [ 2, 0, 2, 2, 2, 2, 1, 1, 1, 1 ], 
  [ 1, 2, 2, 0, 1, 1, 2, 0, 0, 2 ], [ 1, 1, 0, 1, 0, 1, 2, 2, 1, 1 ], 
  [ 1, 0, 1, 0, 2, 0, 0, 1, 2, 1 ], [ 1, 1, 1, 1, 2, 1, 2, 2, 2, 2 ], 
  [ 1, 1, 0, 0, 0, 1, 0, 1, 1, 2 ], [ 2, 0, 0, 1, 1, 2, 2, 0, 1, 2 ] ]
CLASS n=5 order=72 size=44246407947986032588800 fixed=-1 real=false M=
[ [ 2, 2, 1, 1, 0, 1, 0, 1, 1, 2 ], [ 2, 1, 0, 2, 2, 2, 2, 2, 1, 1 ], 
  [ 1, 0, 2, 1, 1, 2, 1, 1, 1, 1 ], [ 2, 1, 2, 1, 0, 0, 2, 0, 0, 2 ], 
  [ 1, 1, 1, 2, 1, 2, 0, 0, 2, 1 ], [ 1, 1, 1, 0, 2, 1, 0, 0, 0, 0 ], 
  [ 1, 0, 2, 2, 1, 0, 1, 2, 1, 0 ], [ 1, 0, 2, 1, 0, 0, 2, 1, 2, 0 ], 
  [ 1, 1, 2, 1, 1, 0, 2, 0, 2, 2 ], [ 2, 1, 2, 1, 0, 0, 2, 1, 1, 1 ] ]
CLASS n=5 order=36 size=19665070199104903372800 fixed=-1 real=false M=
[ [ 1, 0, 1, 0, 0, 2, 2, 1, 1, 2 ], [ 1, 1, 0, 1, 1, 1, 0, 1, 0, 2 ], 
  [ 1, 0, 1, 1, 2, 1, 2, 0, 2, 0 ], [ 0, 2, 2, 1, 2, 1, 1, 0, 2, 0 ], 
  [ 1, 2, 1, 0, 0, 1, 1, 2, 0, 1 ], [ 0, 0, 0, 2, 0, 0, 0, 2, 0, 0 ], 
  [ 0, 0, 1, 2, 2, 1, 2, 2, 1, 2 ], [ 2, 0, 1, 0, 2, 0, 2, 2, 1, 1 ], 
  [ 0, 2, 2, 0, 2, 1, 1, 1, 2, 2 ], [ 1, 1, 1, 2, 0, 1, 2, 2, 2, 2 ] ]
CLASS n=5 order=36 size=19665070199104903372800 fixed=-1 real=false M=
[ [ 2, 0, 1, 2, 0, 0, 2, 1, 0, 0 ], [ 1, 2, 0, 2, 0, 2, 2, 0, 1, 0 ], 
  [ 2, 2, 2, 0, 0, 1, 0, 0, 0, 0 ], [ 0, 2, 1, 2, 1, 1, 2, 2, 0, 1 ], 
  [ 2, 0, 0, 2, 0, 1, 2, 0, 1, 1 ], [ 1, 0, 0, 2, 2, 0, 2, 0, 0, 0 ], 
  [ 2, 2, 0, 1, 2, 1, 1, 1, 2, 1 ], [ 0, 2, 2, 1, 0, 0, 0, 1, 2, 0 ], 
  [ 1, 0, 0, 0, 1, 1, 1, 2, 0, 0 ], [ 0, 1, 1, 2, 0, 1, 1, 1, 1, 2 ] ]
CLASS n=5 order=18 size=2185007799900544819200 fixed=-1 real=false M=
[ [ 1, 2, 0, 0, 1, 0, 0, 0, 0, 1 ], [ 1, 2, 0, 2, 1, 1, 1, 1, 0, 2 ], 
  [ 1, 2, 0, 2, 0, 0, 2, 2, 0, 2 ], [ 1, 1, 0, 2, 1, 0, 1, 1, 2, 0 ], 
  [ 2, 1, 1, 2, 2, 1, 2, 1, 1, 0 ], [ 1, 1, 0, 0, 2, 0, 2, 0, 2, 1 ], 
  [ 1, 2, 1, 0, 2, 2, 2, 2, 2, 1 ], [ 2, 2, 0, 1, 1, 0, 1, 0, 1, 2 ], 
  [ 2, 0, 0, 1, 2, 0, 2, 0, 2, 2 ], [ 0, 0, 0, 1, 0, 2, 2, 1, 2, 1 ] ]
CLASS n=5 order=18 size=2185007799900544819200 fixed=-1 real=false M=
[ [ 2, 1, 1, 1, 1, 2, 2, 1, 0, 0 ], [ 2, 1, 2, 0, 2, 0, 2, 0, 1, 0 ], 
  [ 2, 0, 1, 0, 2, 1, 0, 0, 1, 0 ], [ 1, 0, 1, 1, 1, 0, 1, 2, 0, 1 ], 
  [ 0, 0, 0, 2, 0, 1, 1, 2, 0, 2 ], [ 0, 1, 0, 1, 2, 1, 0, 0, 0, 0 ], 
  [ 2, 0, 1, 2, 0, 0, 2, 0, 0, 1 ], [ 1, 0, 0, 0, 2, 0, 0, 1, 1, 2 ], 
  [ 2, 2, 1, 1, 2, 1, 1, 1, 2, 1 ], [ 1, 0, 1, 0, 1, 0, 2, 0, 1, 1 ] ]
CLASS n=5 order=12 size=364167966650090803200 fixed=-1 real=false M=
[ [ 1, 0, 1, 0, 2, 2, 0, 1, 1, 1 ], [ 2, 0, 1, 0, 1, 1, 2, 0, 1, 1 ], 
  [ 2, 1, 0, 1, 0, 0, 2, 0, 1, 1 ], [ 0, 2, 2, 1, 2, 1, 0, 0, 2, 1 ], 
  [ 1, 0, 1, 2, 0, 2, 2, 0, 0, 2 ], [ 0, 0, 1, 2, 0, 0, 1, 1, 2, 1 ], 
  [ 2, 2, 0, 1, 2, 2, 2, 1, 2, 1 ], [ 1, 0, 1, 2, 2, 1, 2, 0, 1, 0 ], 
  [ 2, 1, 1, 1, 0, 2, 2, 1, 1, 0 ], [ 0, 1, 0, 1, 0, 2, 2, 1, 2, 1 ] ]
CLASS n=5 order=12 size=364167966650090803200 fixed=-1 real=false M=
[ [ 2, 1, 2, 2, 2, 2, 2, 2, 1, 1 ], [ 1, 1, 2, 0, 0, 1, 0, 1, 2, 2 ], 
  [ 0, 1, 0, 1, 1, 1, 1, 0, 1, 2 ], [ 1, 0, 2, 0, 2, 1, 0, 2, 0, 0 ], 
  [ 1, 0, 0, 0, 1, 0, 1, 1, 2, 2 ], [ 0, 2, 1, 0, 0, 1, 2, 0, 0, 0 ], 
  [ 1, 1, 0, 2, 0, 0, 1, 0, 2, 2 ], [ 0, 1, 0, 1, 1, 1, 2, 0, 0, 0 ], 
  [ 2, 0, 1, 0, 1, 2, 0, 1, 2, 2 ], [ 0, 2, 0, 1, 1, 1, 1, 0, 2, 1 ] ]
CLASS n=5 order=6 size=561987602855078400 fixed=-1 real=false M=
[ [ 2, 1, 1, 2, 0, 0, 1, 0, 0, 2 ], [ 0, 2, 1, 1, 2, 1, 1, 0, 1, 0 ], 
  [ 1, 0, 0, 1, 2, 0, 2, 0, 0, 0 ], [ 2, 0, 2, 2, 2, 2, 1, 1, 0, 1 ], 
  [ 0, 1, 1, 2, 2, 0, 2, 0, 1, 1 ], [ 0, 1, 0, 1, 2, 0, 2, 1, 2, 0 ], 
  [ 1, 1, 0, 0, 2, 0, 1, 1, 1, 0 ], [ 2, 2, 1, 0, 1, 2, 2, 2, 1, 0 ], 
  [ 0, 0, 2, 2, 2, 0, 2, 1, 1, 1 ], [ 1, 1, 2, 2, 0, 1, 2, 1, 0, 2 ] ]
CLASS n=5 order=6 size=561987602855078400 fixed=-1 real=false M=
[ [ 2, 2, 0, 0, 1, 2, 2, 2, 1, 0 ], [ 0, 2, 1, 1, 0, 0, 1, 1, 2, 0 ], 
  [ 1, 1, 2, 2, 1, 1, 0, 0, 2, 1 ], [ 2, 1, 1, 0, 0, 1, 2, 0, 1, 2 ], 
  [ 1, 0, 2, 0, 0, 0, 2, 0, 1, 0 ], [ 1, 0, 1, 2, 1, 2, 2, 2, 0, 2 ], 
  [ 0, 0, 1, 0, 1, 0, 2, 2, 1, 2 ], [ 2, 1, 2, 2, 1, 2, 1, 1, 1, 2 ], 
  [ 0, 1, 1, 0, 0, 2, 0, 0, 2, 2 ], [ 2, 0, 0, 0, 1, 1, 2, 1, 0, 1 ] ]
CLASS n=5 order=12 size=409688962481352153600 fixed=-1 real=false M=
[ [ 0, 1, 0, 1, 0, 0, 2, 1, 2, 1 ], [ 0, 0, 1, 0, 1, 1, 2, 1, 2, 2 ], 
  [ 0, 1, 0, 2, 2, 2, 1, 1, 2, 2 ], [ 1, 1, 2, 1, 1, 2, 1, 0, 2, 0 ], 
  [ 2, 0, 1, 2, 0, 2, 1, 2, 1, 2 ], [ 1, 0, 2, 0, 2, 0, 2, 2, 1, 1 ], 
  [ 1, 1, 0, 0, 2, 1, 0, 1, 0, 1 ], [ 2, 1, 2, 2, 1, 0, 1, 0, 2, 2 ], 
  [ 2, 2, 1, 0, 1, 1, 1, 2, 0, 0 ], [ 2, 2, 0, 1, 0, 1, 1, 1, 1, 1 ] ]
CLASS n=5 order=12 size=409688962481352153600 fixed=-1 real=false M=
[ [ 0, 2, 2, 1, 1, 2, 1, 0, 1, 0 ], [ 1, 0, 0, 2, 2, 1, 2, 0, 1, 2 ], 
  [ 0, 0, 0, 0, 1, 0, 0, 2, 0, 0 ], [ 1, 1, 1, 2, 1, 1, 0, 1, 2, 2 ], 
  [ 1, 1, 2, 0, 0, 0, 0, 1, 1, 0 ], [ 1, 1, 2, 2, 2, 2, 1, 1, 1, 1 ], 
  [ 2, 1, 1, 2, 0, 1, 2, 1, 1, 2 ], [ 2, 2, 0, 1, 1, 0, 0, 0, 1, 1 ], 
  [ 1, 0, 1, 0, 0, 2, 1, 2, 1, 2 ], [ 1, 1, 2, 1, 1, 1, 2, 0, 2, 0 ] ]
CLASS n=5 order=12 size=3277511699850817228800 fixed=-1 real=false M=
[ [ 2, 2, 2, 2, 1, 2, 1, 0, 1, 1 ], [ 2, 1, 0, 1, 0, 0, 1, 0, 1, 2 ], 
  [ 0, 1, 2, 0, 2, 1, 1, 2, 2, 2 ], [ 0, 2, 1, 0, 0, 1, 2, 0, 0, 0 ], 
  [ 0, 1, 0, 1, 2, 1, 2, 2, 1, 1 ], [ 1, 2, 2, 2, 1, 0, 0, 2, 1, 2 ], 
  [ 2, 0, 0, 0, 2, 2, 0, 0, 1, 1 ], [ 0, 2, 2, 0, 2, 1, 1, 1, 2, 1 ], 
  [ 0, 0, 0, 1, 1, 2, 2, 0, 1, 2 ], [ 0, 0, 2, 1, 2, 0, 2, 2, 1, 2 ] ]
CLASS n=5 order=12 size=3277511699850817228800 fixed=-1 real=false M=
[ [ 2, 2, 1, 2, 1, 2, 2, 1, 0, 2 ], [ 2, 1, 0, 2, 1, 2, 2, 0, 0, 1 ], 
  [ 1, 1, 1, 2, 2, 1, 0, 1, 1, 1 ], [ 0, 1, 1, 2, 2, 1, 0, 1, 2, 2 ], 
  [ 2, 1, 0, 2, 1, 0, 1, 2, 2, 0 ], [ 0, 2, 0, 2, 1, 2, 0, 2, 2, 1 ], 
  [ 2, 2, 1, 2, 2, 0, 0, 2, 0, 2 ], [ 2, 0, 1, 1, 2, 2, 2, 0, 0, 0 ], 
  [ 2, 2, 2, 1, 0, 2, 0, 1, 2, 1 ], [ 1, 2, 0, 0, 1, 1, 1, 1, 1, 0 ] ]
CLASS n=5 order=24 size=353971263583888260710400 fixed=-1 real=false M=
[ [ 0, 1, 1, 2, 1, 1, 1, 2, 1, 1 ], [ 1, 1, 2, 1, 0, 2, 0, 1, 1, 0 ], 
  [ 1, 1, 1, 2, 1, 1, 1, 1, 1, 0 ], [ 1, 1, 1, 2, 0, 2, 2, 2, 1, 2 ], 
  [ 2, 1, 0, 2, 2, 2, 1, 1, 1, 2 ], [ 0, 2, 2, 2, 2, 2, 0, 0, 1, 0 ], 
  [ 2, 1, 1, 2, 0, 0, 1, 0, 1, 2 ], [ 1, 2, 0, 1, 2, 1, 1, 1, 0, 2 ], 
  [ 0, 2, 2, 2, 0, 0, 1, 1, 0, 0 ], [ 1, 0, 1, 0, 1, 1, 0, 2, 0, 1 ] ]
CLASS n=5 order=24 size=353971263583888260710400 fixed=-1 real=false M=
[ [ 2, 2, 0, 1, 2, 1, 2, 1, 0, 1 ], [ 1, 2, 0, 2, 0, 0, 2, 1, 1, 1 ], 
  [ 1, 0, 1, 0, 2, 1, 1, 2, 0, 1 ], [ 2, 1, 1, 2, 1, 2, 2, 0, 1, 2 ], 
  [ 2, 1, 0, 0, 1, 0, 2, 1, 0, 0 ], [ 1, 0, 2, 1, 1, 1, 0, 2, 1, 0 ], 
  [ 1, 1, 2, 1, 1, 0, 1, 0, 2, 2 ], [ 2, 1, 2, 2, 0, 1, 0, 1, 0, 2 ], 
  [ 2, 2, 0, 0, 1, 0, 1, 1, 0, 1 ], [ 0, 0, 1, 1, 0, 2, 1, 1, 1, 2 ] ]
CLASS n=5 order=90 size=15732056159283922698240 fixed=-1 real=false M=
[ [ 2, 2, 2, 0, 2, 0, 2, 1, 2, 0 ], [ 1, 1, 2, 1, 1, 0, 0, 1, 1, 0 ], 
  [ 2, 2, 0, 2, 1, 1, 1, 0, 2, 2 ], [ 1, 2, 2, 2, 0, 1, 1, 1, 1, 0 ], 
  [ 2, 2, 1, 2, 1, 1, 1, 2, 0, 0 ], [ 2, 1, 2, 2, 0, 0, 1, 1, 2, 0 ], 
  [ 2, 1, 1, 2, 0, 1, 0, 1, 2, 0 ], [ 1, 0, 0, 2, 0, 2, 1, 0, 2, 2 ], 
  [ 0, 2, 2, 0, 0, 1, 2, 0, 0, 1 ], [ 2, 0, 0, 0, 0, 1, 0, 0, 1, 1 ] ]
CLASS n=5 order=90 size=15732056159283922698240 fixed=-1 real=false M=
[ [ 2, 2, 1, 1, 0, 2, 0, 1, 2, 2 ], [ 2, 1, 2, 1, 0, 0, 1, 0, 0, 1 ], 
  [ 2, 2, 0, 1, 2, 0, 2, 0, 1, 2 ], [ 0, 1, 2, 1, 0, 1, 2, 2, 1, 0 ], 
  [ 1, 0, 0, 2, 2, 2, 0, 2, 2, 1 ], [ 2, 0, 1, 1, 2, 0, 0, 0, 2, 0 ], 
  [ 0, 1, 2, 1, 2, 0, 1, 0, 2, 1 ], [ 0, 1, 0, 1, 1, 0, 1, 2, 0, 0 ], 
  [ 2, 0, 1, 1, 0, 0, 2, 1, 0, 0 ], [ 2, 2, 2, 0, 1, 0, 2, 2, 2, 2 ] ]
CLASS n=5 order=18 size=337192561713047040 fixed=-1 real=false M=
[ [ 0, 0, 2, 0, 0, 2, 2, 0, 2, 1 ], [ 1, 0, 2, 0, 2, 0, 2, 1, 1, 2 ], 
  [ 2, 2, 2, 0, 1, 0, 2, 2, 2, 0 ], [ 0, 2, 1, 2, 0, 1, 0, 0, 2, 2 ], 
  [ 1, 0, 0, 2, 1, 2, 1, 0, 0, 2 ], [ 0, 2, 0, 1, 2, 1, 0, 2, 0, 2 ], 
  [ 2, 1, 0, 1, 0, 2, 1, 1, 2, 2 ], [ 0, 1, 0, 2, 2, 2, 2, 2, 2, 2 ], 
  [ 1, 1, 2, 2, 2, 1, 1, 0, 0, 0 ], [ 1, 0, 2, 2, 2, 2, 2, 0, 0, 0 ] ]
CLASS n=5 order=18 size=337192561713047040 fixed=-1 real=false M=
[ [ 1, 1, 2, 1, 2, 1, 1, 2, 0, 0 ], [ 1, 2, 0, 2, 0, 0, 0, 2, 2, 0 ], 
  [ 0, 0, 2, 0, 1, 1, 2, 2, 2, 1 ], [ 1, 2, 2, 2, 0, 0, 0, 0, 1, 2 ], 
  [ 1, 2, 1, 0, 1, 2, 2, 1, 2, 0 ], [ 1, 0, 0, 1, 1, 1, 1, 0, 1, 2 ], 
  [ 1, 0, 0, 1, 2, 0, 2, 2, 0, 0 ], [ 1, 2, 0, 2, 0, 1, 1, 1, 1, 1 ], 
  [ 0, 0, 2, 0, 2, 2, 2, 1, 0, 1 ], [ 2, 2, 1, 2, 0, 0, 1, 2, 0, 0 ] ]
CLASS n=5 order=90 size=141588505433555304284160 fixed=-1 real=false M=
[ [ 0, 1, 2, 0, 0, 1, 1, 1, 0, 0 ], [ 1, 2, 1, 0, 1, 0, 1, 1, 1, 2 ], 
  [ 0, 0, 2, 0, 0, 0, 1, 1, 0, 0 ], [ 1, 2, 1, 1, 0, 1, 0, 2, 1, 1 ], 
  [ 1, 1, 2, 1, 2, 1, 0, 1, 0, 1 ], [ 0, 1, 0, 0, 0, 0, 2, 2, 1, 1 ], 
  [ 0, 2, 2, 2, 0, 0, 2, 1, 2, 1 ], [ 0, 0, 1, 2, 0, 0, 0, 2, 0, 2 ], 
  [ 0, 2, 2, 0, 0, 2, 0, 0, 1, 1 ], [ 1, 1, 0, 0, 2, 1, 2, 2, 1, 2 ] ]
CLASS n=5 order=90 size=141588505433555304284160 fixed=-1 real=false M=
[ [ 0, 1, 2, 2, 1, 0, 2, 2, 2, 2 ], [ 0, 2, 0, 1, 0, 2, 0, 0, 0, 0 ], 
  [ 2, 2, 2, 0, 0, 2, 1, 1, 0, 2 ], [ 0, 2, 0, 1, 0, 2, 0, 2, 2, 1 ], 
  [ 2, 0, 1, 0, 2, 2, 2, 0, 1, 1 ], [ 2, 0, 0, 0, 1, 0, 1, 1, 0, 1 ], 
  [ 1, 0, 2, 2, 1, 2, 1, 0, 1, 0 ], [ 2, 2, 1, 2, 2, 1, 1, 0, 1, 0 ], 
  [ 2, 1, 2, 2, 0, 2, 2, 2, 1, 1 ], [ 0, 2, 1, 0, 1, 0, 0, 0, 1, 2 ] ]
CLASS n=5 order=18 size=8740031199602179276800 fixed=-1 real=false M=
[ [ 1, 2, 0, 0, 1, 1, 1, 0, 1, 1 ], [ 1, 0, 2, 1, 1, 0, 1, 1, 2, 2 ], 
  [ 1, 0, 0, 0, 0, 1, 2, 1, 0, 0 ], [ 1, 0, 0, 1, 1, 1, 1, 0, 2, 1 ], 
  [ 2, 2, 0, 1, 0, 0, 1, 1, 1, 2 ], [ 0, 1, 2, 2, 0, 0, 2, 2, 2, 2 ], 
  [ 1, 1, 2, 2, 1, 1, 2, 1, 0, 0 ], [ 0, 1, 1, 0, 2, 0, 0, 2, 2, 1 ], 
  [ 1, 1, 1, 2, 2, 2, 0, 2, 0, 2 ], [ 2, 2, 1, 1, 1, 2, 0, 1, 0, 0 ] ]
CLASS n=5 order=18 size=8740031199602179276800 fixed=-1 real=false M=
[ [ 0, 0, 2, 2, 2, 0, 1, 0, 1, 1 ], [ 2, 0, 2, 2, 1, 2, 0, 0, 0, 0 ], 
  [ 0, 0, 0, 1, 1, 0, 1, 2, 2, 1 ], [ 0, 2, 1, 0, 1, 0, 0, 1, 2, 0 ], 
  [ 1, 1, 0, 1, 2, 0, 2, 1, 0, 0 ], [ 2, 2, 1, 0, 2, 2, 1, 1, 0, 0 ], 
  [ 2, 1, 1, 0, 2, 1, 1, 2, 1, 2 ], [ 2, 2, 2, 1, 0, 1, 0, 0, 1, 1 ], 
  [ 2, 1, 0, 2, 0, 0, 1, 1, 2, 0 ], [ 1, 0, 2, 0, 2, 2, 1, 0, 2, 2 ] ]
CLASS n=5 order=6 size=3371925617130470400 fixed=-1 real=false M=
[ [ 1, 1, 2, 2, 0, 1, 1, 0, 2, 0 ], [ 2, 2, 1, 0, 0, 1, 0, 2, 0, 2 ], 
  [ 1, 1, 2, 0, 0, 2, 0, 2, 0, 1 ], [ 0, 0, 1, 1, 0, 0, 2, 0, 0, 0 ], 
  [ 0, 0, 0, 0, 1, 1, 0, 0, 1, 2 ], [ 1, 2, 0, 1, 2, 2, 0, 1, 2, 2 ], 
  [ 0, 2, 0, 0, 0, 2, 0, 0, 2, 2 ], [ 2, 1, 2, 1, 0, 0, 0, 2, 1, 2 ], 
  [ 0, 2, 2, 0, 1, 0, 0, 1, 0, 1 ], [ 2, 0, 2, 2, 1, 1, 0, 0, 0, 0 ] ]
CLASS n=5 order=6 size=3371925617130470400 fixed=-1 real=false M=
[ [ 2, 2, 0, 2, 2, 0, 1, 1, 0, 1 ], [ 1, 1, 0, 1, 2, 0, 1, 0, 1, 0 ], 
  [ 0, 1, 1, 0, 1, 0, 1, 0, 2, 0 ], [ 2, 2, 2, 2, 0, 0, 1, 0, 1, 2 ], 
  [ 1, 2, 0, 1, 2, 2, 0, 1, 1, 0 ], [ 0, 0, 0, 0, 1, 1, 0, 0, 2, 1 ], 
  [ 2, 0, 0, 1, 1, 0, 2, 0, 0, 2 ], [ 0, 1, 1, 0, 0, 0, 0, 0, 0, 0 ], 
  [ 2, 0, 0, 2, 2, 1, 2, 1, 0, 2 ], [ 0, 2, 0, 0, 1, 1, 2, 2, 0, 0 ] ]
CLASS n=5 order=36 size=13110046799403268915200 fixed=-1 real=false M=
[ [ 2, 1, 1, 1, 0, 1, 1, 0, 1, 2 ], [ 1, 1, 2, 1, 0, 2, 1, 1, 0, 0 ], 
  [ 1, 0, 0, 2, 1, 0, 2, 1, 1, 1 ], [ 1, 0, 1, 1, 2, 2, 2, 0, 0, 0 ], 
  [ 0, 0, 1, 0, 0, 0, 1, 2, 0, 2 ], [ 1, 2, 1, 0, 0, 2, 2, 2, 0, 2 ], 
  [ 1, 2, 2, 1, 0, 1, 1, 0, 1, 0 ], [ 2, 2, 2, 1, 1, 1, 2, 1, 2, 0 ], 
  [ 2, 1, 0, 2, 1, 2, 0, 2, 2, 1 ], [ 0, 1, 1, 2, 2, 1, 0, 0, 1, 1 ] ]
CLASS n=5 order=36 size=13110046799403268915200 fixed=-1 real=false M=
[ [ 2, 0, 1, 2, 1, 0, 1, 2, 0, 1 ], [ 0, 1, 0, 0, 1, 0, 1, 2, 1, 2 ], 
  [ 2, 0, 1, 2, 1, 1, 2, 1, 1, 0 ], [ 2, 1, 1, 0, 0, 1, 1, 2, 1, 0 ], 
  [ 0, 1, 1, 0, 0, 0, 2, 0, 2, 2 ], [ 1, 0, 2, 2, 0, 1, 1, 1, 1, 0 ], 
  [ 0, 0, 1, 1, 1, 2, 1, 2, 1, 0 ], [ 1, 2, 2, 2, 2, 2, 0, 1, 2, 2 ], 
  [ 2, 2, 0, 2, 0, 2, 1, 1, 1, 0 ], [ 2, 1, 1, 0, 2, 0, 1, 2, 0, 2 ] ]
CLASS n=5 order=36 size=4370015599801089638400 fixed=-1 real=true M=
[ [ 1, 2, 2, 1, 2, 0, 0, 2, 2, 2 ], [ 1, 0, 0, 2, 2, 1, 0, 1, 2, 2 ], 
  [ 1, 2, 1, 1, 0, 1, 1, 2, 2, 0 ], [ 1, 2, 1, 1, 1, 2, 2, 0, 2, 0 ], 
  [ 1, 0, 2, 2, 0, 2, 1, 2, 2, 1 ], [ 2, 1, 0, 0, 2, 1, 1, 2, 1, 1 ], 
  [ 0, 2, 1, 2, 2, 0, 1, 0, 2, 2 ], [ 2, 2, 2, 1, 2, 2, 2, 2, 1, 2 ], 
  [ 2, 0, 0, 0, 1, 1, 0, 0, 0, 1 ], [ 0, 0, 1, 2, 2, 2, 1, 1, 2, 1 ] ]
CLASS n=5 order=12 size=409688962481352153600 fixed=-1 real=true M=
[ [ 2, 1, 0, 0, 0, 0, 0, 2, 0, 1 ], [ 0, 1, 1, 0, 2, 0, 1, 2, 2, 0 ], 
  [ 1, 0, 2, 1, 0, 1, 2, 1, 1, 2 ], [ 2, 2, 1, 1, 1, 1, 2, 1, 1, 1 ], 
  [ 2, 0, 1, 0, 1, 0, 0, 2, 1, 0 ], [ 2, 0, 2, 0, 0, 0, 0, 0, 1, 1 ], 
  [ 0, 2, 0, 1, 0, 2, 2, 2, 0, 0 ], [ 2, 0, 1, 0, 2, 1, 2, 1, 0, 0 ], 
  [ 2, 0, 1, 2, 0, 0, 2, 0, 0, 2 ], [ 0, 2, 1, 0, 0, 1, 2, 1, 0, 2 ] ]
CLASS n=5 order=21 size=50567323369126894387200 fixed=-1 real=true M=
[ [ 0, 0, 1, 2, 2, 2, 0, 2, 1, 2 ], [ 2, 2, 2, 2, 0, 2, 0, 0, 1, 1 ], 
  [ 2, 0, 0, 2, 2, 1, 0, 0, 1, 2 ], [ 0, 2, 0, 0, 2, 2, 2, 2, 2, 2 ], 
  [ 1, 0, 2, 1, 2, 2, 1, 0, 0, 2 ], [ 2, 2, 2, 2, 1, 2, 0, 2, 2, 1 ], 
  [ 1, 2, 2, 1, 0, 1, 0, 0, 2, 2 ], [ 1, 0, 0, 2, 0, 0, 1, 1, 1, 2 ], 
  [ 0, 1, 2, 0, 2, 2, 1, 1, 0, 0 ], [ 0, 1, 2, 0, 2, 0, 1, 0, 2, 2 ] ]
CLASS n=5 order=42 size=151701970107380683161600 fixed=-1 real=false M=
[ [ 2, 0, 2, 0, 0, 2, 0, 2, 1, 1 ], [ 0, 2, 0, 1, 2, 0, 2, 1, 0, 0 ], 
  [ 2, 1, 2, 2, 1, 1, 0, 2, 1, 0 ], [ 0, 2, 2, 2, 0, 0, 0, 1, 2, 0 ], 
  [ 0, 0, 1, 0, 2, 0, 1, 1, 0, 0 ], [ 0, 1, 0, 1, 0, 0, 0, 0, 0, 2 ], 
  [ 0, 2, 2, 1, 1, 1, 0, 0, 2, 1 ], [ 2, 2, 1, 1, 1, 0, 1, 0, 0, 1 ], 
  [ 1, 1, 0, 2, 2, 1, 2, 1, 1, 0 ], [ 0, 0, 0, 2, 1, 2, 2, 2, 0, 2 ] ]
CLASS n=5 order=42 size=151701970107380683161600 fixed=-1 real=false M=
[ [ 0, 2, 1, 2, 0, 1, 2, 2, 0, 2 ], [ 2, 1, 0, 1, 1, 1, 0, 2, 1, 1 ], 
  [ 2, 0, 0, 0, 2, 1, 0, 1, 1, 1 ], [ 0, 0, 1, 1, 2, 0, 0, 2, 2, 2 ], 
  [ 2, 2, 1, 0, 1, 1, 2, 2, 1, 1 ], [ 2, 1, 2, 0, 1, 1, 1, 2, 1, 2 ], 
  [ 2, 2, 1, 0, 2, 2, 1, 2, 0, 1 ], [ 0, 0, 1, 1, 2, 2, 0, 2, 2, 0 ], 
  [ 0, 2, 1, 0, 2, 2, 0, 1, 2, 2 ], [ 1, 1, 0, 2, 2, 1, 1, 1, 2, 1 ] ]
CLASS n=5 order=42 size=50567323369126894387200 fixed=-1 real=true M=
[ [ 0, 0, 2, 0, 0, 0, 0, 2, 2, 2 ], [ 1, 1, 0, 0, 1, 2, 2, 2, 2, 0 ], 
  [ 0, 1, 2, 1, 1, 0, 2, 0, 0, 1 ], [ 1, 1, 0, 2, 0, 0, 2, 2, 0, 0 ], 
  [ 0, 1, 0, 1, 0, 1, 0, 1, 2, 1 ], [ 0, 0, 2, 1, 2, 0, 2, 1, 2, 0 ], 
  [ 1, 0, 2, 2, 0, 1, 2, 0, 2, 2 ], [ 0, 0, 2, 0, 1, 1, 2, 1, 1, 0 ], 
  [ 1, 1, 0, 0, 2, 1, 1, 1, 2, 0 ], [ 0, 2, 2, 1, 0, 2, 0, 1, 1, 0 ] ]
CLASS n=5 order=84 size=151701970107380683161600 fixed=-1 real=false M=
[ [ 2, 2, 2, 2, 2, 0, 2, 2, 0, 1 ], [ 0, 1, 2, 2, 2, 2, 0, 0, 2, 2 ], 
  [ 1, 1, 1, 0, 1, 2, 1, 2, 1, 0 ], [ 0, 2, 0, 0, 2, 0, 0, 2, 2, 1 ], 
  [ 2, 0, 2, 1, 2, 0, 2, 2, 0, 1 ], [ 2, 0, 0, 0, 1, 1, 2, 2, 1, 2 ], 
  [ 1, 0, 1, 0, 1, 2, 1, 2, 2, 1 ], [ 0, 2, 0, 1, 2, 0, 0, 2, 1, 2 ], 
  [ 2, 0, 2, 1, 0, 1, 0, 2, 0, 1 ], [ 0, 2, 0, 0, 0, 0, 0, 1, 0, 0 ] ]
CLASS n=5 order=84 size=151701970107380683161600 fixed=-1 real=false M=
[ [ 1, 1, 0, 2, 2, 2, 1, 2, 1, 2 ], [ 2, 1, 2, 2, 2, 2, 2, 0, 0, 1 ], 
  [ 1, 2, 1, 1, 0, 2, 2, 0, 1, 0 ], [ 0, 2, 2, 1, 2, 0, 2, 2, 2, 0 ], 
  [ 0, 2, 2, 1, 1, 1, 2, 0, 2, 1 ], [ 0, 0, 1, 0, 2, 2, 1, 1, 0, 0 ], 
  [ 2, 0, 2, 0, 2, 0, 0, 1, 1, 2 ], [ 0, 0, 1, 2, 2, 1, 2, 2, 1, 2 ], 
  [ 2, 1, 0, 0, 1, 0, 2, 1, 0, 0 ], [ 1, 2, 0, 0, 0, 0, 1, 1, 2, 1 ] ]
CLASS n=5 order=56 size=682658865483213074227200 fixed=-1 real=true M=
[ [ 0, 0, 2, 0, 1, 2, 0, 2, 0, 2 ], [ 2, 0, 2, 1, 0, 2, 2, 2, 1, 0 ], 
  [ 0, 1, 0, 1, 2, 1, 2, 0, 2, 1 ], [ 2, 0, 1, 0, 2, 1, 1, 1, 2, 2 ], 
  [ 2, 2, 2, 2, 2, 2, 2, 0, 2, 2 ], [ 1, 0, 0, 2, 2, 0, 0, 0, 0, 0 ], 
  [ 1, 1, 1, 1, 0, 2, 0, 0, 2, 0 ], [ 0, 0, 2, 0, 0, 2, 0, 1, 1, 0 ], 
  [ 1, 1, 2, 2, 2, 0, 2, 1, 1, 2 ], [ 1, 0, 0, 2, 0, 0, 2, 1, 0, 1 ] ]
CLASS n=5 order=24 size=2458133774888112921600 fixed=-1 real=false M=
[ [ 2, 1, 2, 0, 1, 1, 2, 0, 1, 2 ], [ 2, 2, 2, 0, 2, 1, 0, 0, 2, 1 ], 
  [ 0, 0, 1, 0, 1, 0, 1, 1, 0, 2 ], [ 2, 1, 1, 1, 0, 1, 1, 2, 1, 1 ], 
  [ 0, 2, 1, 1, 2, 2, 1, 2, 2, 0 ], [ 0, 2, 0, 0, 1, 0, 0, 0, 0, 0 ], 
  [ 0, 1, 0, 0, 0, 0, 1, 1, 0, 2 ], [ 0, 2, 1, 2, 2, 0, 1, 0, 2, 1 ], 
  [ 2, 0, 2, 0, 2, 1, 1, 2, 1, 1 ], [ 0, 1, 1, 0, 0, 0, 0, 1, 2, 0 ] ]
CLASS n=5 order=24 size=2458133774888112921600 fixed=-1 real=false M=
[ [ 0, 1, 0, 0, 2, 2, 0, 1, 2, 0 ], [ 0, 2, 1, 1, 0, 1, 1, 2, 1, 0 ], 
  [ 2, 0, 0, 2, 0, 1, 2, 2, 0, 1 ], [ 1, 0, 1, 1, 1, 0, 0, 0, 2, 0 ], 
  [ 1, 1, 1, 0, 0, 0, 2, 1, 1, 0 ], [ 2, 1, 1, 2, 0, 1, 0, 0, 0, 0 ], 
  [ 1, 0, 1, 0, 0, 0, 0, 1, 0, 2 ], [ 1, 2, 0, 1, 1, 0, 0, 2, 1, 0 ], 
  [ 0, 2, 0, 0, 1, 2, 1, 2, 2, 1 ], [ 0, 2, 2, 0, 0, 0, 0, 2, 1, 0 ] ]
CLASS n=5 order=12 size=117990421194629420236800 fixed=-1 real=true M=
[ [ 1, 0, 2, 0, 0, 1, 0, 2, 0, 0 ], [ 0, 2, 1, 1, 1, 0, 1, 2, 0, 0 ], 
  [ 2, 1, 2, 1, 0, 0, 0, 2, 1, 1 ], [ 2, 1, 0, 0, 2, 2, 1, 1, 2, 2 ], 
  [ 2, 0, 2, 0, 2, 0, 2, 1, 2, 1 ], [ 2, 1, 2, 0, 0, 1, 2, 0, 2, 2 ], 
  [ 0, 1, 0, 0, 0, 1, 2, 0, 0, 2 ], [ 2, 0, 0, 2, 0, 0, 2, 0, 0, 2 ], 
  [ 2, 1, 1, 0, 1, 1, 0, 1, 1, 2 ], [ 1, 0, 2, 2, 0, 0, 2, 0, 1, 1 ] ]
CLASS n=5 order=12 size=307266721861014115200 fixed=-1 real=true M=
[ [ 0, 0, 0, 2, 2, 1, 2, 1, 2, 2 ], [ 0, 0, 1, 1, 2, 2, 0, 2, 0, 0 ], 
  [ 0, 1, 1, 1, 2, 0, 1, 1, 1, 1 ], [ 0, 0, 0, 2, 2, 1, 0, 2, 2, 0 ], 
  [ 2, 2, 0, 1, 0, 1, 0, 2, 2, 2 ], [ 1, 1, 0, 0, 0, 2, 2, 1, 2, 0 ], 
  [ 2, 0, 0, 2, 1, 2, 2, 1, 2, 2 ], [ 1, 2, 0, 2, 2, 1, 0, 0, 0, 0 ], 
  [ 1, 0, 2, 2, 1, 2, 1, 2, 1, 0 ], [ 1, 0, 2, 1, 1, 2, 2, 0, 1, 1 ] ]
CLASS n=5 order=63 size=303403940214761366323200 fixed=-1 real=false M=
[ [ 0, 1, 1, 0, 1, 0, 1, 1, 2, 2 ], [ 2, 1, 1, 2, 1, 2, 0, 0, 1, 2 ], 
  [ 1, 0, 1, 1, 0, 2, 0, 1, 0, 0 ], [ 2, 1, 2, 2, 2, 1, 2, 1, 1, 1 ], 
  [ 0, 0, 1, 0, 2, 1, 1, 0, 1, 1 ], [ 2, 2, 2, 1, 0, 1, 1, 1, 0, 0 ], 
  [ 2, 1, 1, 1, 0, 0, 1, 2, 2, 2 ], [ 1, 2, 2, 2, 0, 2, 2, 1, 2, 1 ], 
  [ 1, 0, 0, 2, 1, 0, 0, 2, 2, 2 ], [ 1, 2, 1, 2, 2, 1, 2, 2, 2, 1 ] ]
CLASS n=5 order=63 size=303403940214761366323200 fixed=-1 real=false M=
[ [ 2, 1, 1, 0, 0, 0, 1, 1, 0, 0 ], [ 0, 2, 0, 0, 0, 2, 0, 0, 0, 0 ], 
  [ 0, 0, 0, 2, 0, 0, 1, 2, 1, 0 ], [ 1, 1, 1, 0, 2, 2, 0, 2, 2, 1 ], 
  [ 0, 0, 0, 1, 0, 2, 2, 1, 1, 0 ], [ 1, 0, 2, 1, 2, 0, 0, 0, 1, 1 ], 
  [ 2, 1, 0, 2, 1, 1, 2, 0, 2, 1 ], [ 1, 2, 0, 1, 2, 1, 1, 0, 2, 2 ], 
  [ 0, 1, 0, 2, 0, 2, 2, 1, 0, 0 ], [ 0, 1, 2, 1, 0, 1, 2, 2, 0, 0 ] ]
CLASS n=5 order=36 size=351161967841158988800 fixed=-1 real=false M=
[ [ 0, 2, 2, 1, 2, 1, 0, 1, 0, 2 ], [ 2, 1, 2, 0, 0, 2, 0, 2, 0, 1 ], 
  [ 1, 1, 0, 0, 1, 2, 2, 1, 1, 2 ], [ 0, 1, 1, 0, 0, 1, 0, 2, 2, 2 ], 
  [ 2, 2, 2, 2, 2, 1, 1, 1, 0, 2 ], [ 2, 2, 2, 0, 1, 2, 1, 2, 1, 2 ], 
  [ 0, 0, 1, 1, 0, 0, 1, 1, 0, 2 ], [ 0, 0, 0, 1, 1, 1, 2, 0, 2, 1 ], 
  [ 0, 2, 0, 0, 0, 1, 0, 2, 1, 1 ], [ 1, 0, 0, 1, 1, 1, 1, 0, 0, 0 ] ]
CLASS n=5 order=36 size=351161967841158988800 fixed=-1 real=false M=
[ [ 1, 1, 2, 1, 0, 2, 1, 2, 2, 1 ], [ 1, 0, 1, 1, 0, 1, 2, 1, 1, 1 ], 
  [ 0, 1, 2, 1, 1, 0, 0, 2, 2, 2 ], [ 2, 1, 0, 1, 0, 2, 1, 0, 0, 2 ], 
  [ 0, 0, 1, 0, 1, 1, 1, 1, 2, 0 ], [ 2, 1, 2, 0, 1, 0, 2, 0, 1, 2 ], 
  [ 1, 1, 0, 2, 2, 0, 1, 1, 2, 0 ], [ 2, 2, 1, 0, 2, 1, 2, 0, 0, 0 ], 
  [ 0, 1, 0, 0, 0, 2, 1, 0, 1, 1 ], [ 2, 1, 1, 0, 1, 2, 2, 1, 2, 0 ] ]
CLASS n=5 order=84 size=4213943614093907865600 fixed=-1 real=false M=
[ [ 0, 1, 0, 0, 0, 1, 1, 2, 1, 0 ], [ 1, 1, 1, 2, 2, 1, 1, 2, 0, 1 ], 
  [ 2, 2, 1, 0, 2, 2, 0, 0, 0, 1 ], [ 1, 0, 0, 0, 0, 1, 1, 0, 2, 0 ], 
  [ 1, 2, 1, 0, 0, 2, 1, 2, 0, 1 ], [ 2, 0, 1, 0, 2, 0, 2, 2, 1, 0 ], 
  [ 2, 2, 0, 2, 2, 1, 1, 0, 0, 0 ], [ 0, 1, 0, 0, 1, 1, 2, 1, 2, 1 ], 
  [ 2, 0, 2, 2, 0, 1, 2, 0, 0, 0 ], [ 1, 0, 2, 1, 2, 2, 0, 1, 2, 2 ] ]
CLASS n=5 order=84 size=4213943614093907865600 fixed=-1 real=false M=
[ [ 0, 0, 1, 2, 2, 2, 0, 0, 0, 2 ], [ 1, 0, 0, 0, 2, 1, 0, 1, 0, 0 ], 
  [ 0, 2, 2, 0, 0, 0, 2, 2, 1, 0 ], [ 1, 1, 0, 0, 2, 1, 1, 2, 2, 1 ], 
  [ 2, 2, 1, 1, 1, 2, 2, 0, 2, 0 ], [ 1, 0, 0, 2, 0, 0, 0, 2, 1, 0 ], 
  [ 2, 0, 2, 2, 0, 2, 1, 1, 1, 0 ], [ 1, 2, 1, 2, 2, 0, 0, 2, 1, 0 ], 
  [ 0, 2, 2, 0, 1, 0, 1, 2, 0, 1 ], [ 1, 0, 0, 0, 1, 1, 1, 1, 0, 2 ] ]
CLASS n=5 order=84 size=4213943614093907865600 fixed=-1 real=false M=
[ [ 1, 0, 0, 0, 1, 1, 1, 0, 1, 2 ], [ 1, 1, 2, 1, 0, 0, 0, 2, 1, 0 ], 
  [ 1, 1, 2, 0, 1, 1, 0, 0, 0, 2 ], [ 2, 0, 0, 0, 0, 2, 2, 0, 1, 0 ], 
  [ 1, 0, 2, 0, 2, 2, 0, 2, 1, 0 ], [ 0, 2, 2, 0, 0, 1, 2, 2, 0, 1 ], 
  [ 0, 0, 0, 1, 0, 0, 0, 1, 1, 1 ], [ 1, 0, 0, 0, 0, 1, 0, 1, 0, 1 ], 
  [ 0, 2, 1, 1, 2, 0, 2, 1, 1, 1 ], [ 0, 1, 1, 2, 2, 0, 2, 1, 0, 0 ] ]
CLASS n=5 order=84 size=4213943614093907865600 fixed=-1 real=false M=
[ [ 2, 2, 1, 2, 1, 0, 1, 1, 1, 0 ], [ 2, 1, 0, 0, 0, 0, 2, 0, 2, 2 ], 
  [ 0, 2, 2, 0, 0, 0, 2, 2, 1, 0 ], [ 1, 1, 0, 0, 2, 1, 1, 2, 2, 1 ], 
  [ 0, 0, 1, 1, 2, 1, 1, 2, 1, 2 ], [ 2, 1, 0, 2, 1, 2, 2, 1, 0, 2 ], 
  [ 0, 1, 2, 2, 1, 1, 0, 0, 0, 2 ], [ 0, 1, 1, 2, 1, 1, 1, 0, 2, 1 ], 
  [ 1, 0, 2, 0, 2, 2, 0, 1, 2, 0 ], [ 0, 2, 0, 0, 0, 2, 2, 2, 1, 0 ] ]
CLASS n=5 order=126 size=303403940214761366323200 fixed=-1 real=false M=
[ [ 1, 1, 0, 1, 1, 0, 0, 1, 2, 1 ], [ 2, 0, 2, 0, 0, 1, 1, 2, 1, 0 ], 
  [ 0, 0, 2, 1, 0, 1, 0, 2, 0, 2 ], [ 1, 0, 2, 0, 1, 0, 0, 2, 1, 2 ], 
  [ 0, 0, 2, 2, 0, 2, 1, 2, 0, 2 ], [ 1, 1, 0, 1, 2, 0, 1, 0, 2, 0 ], 
  [ 0, 2, 1, 1, 2, 2, 0, 0, 1, 2 ], [ 0, 2, 2, 0, 0, 2, 0, 2, 2, 0 ], 
  [ 2, 1, 1, 2, 1, 0, 2, 2, 2, 0 ], [ 1, 2, 0, 2, 0, 1, 1, 0, 1, 0 ] ]
CLASS n=5 order=126 size=303403940214761366323200 fixed=-1 real=false M=
[ [ 2, 0, 0, 1, 2, 1, 1, 2, 1, 0 ], [ 1, 2, 1, 1, 0, 0, 0, 1, 2, 0 ], 
  [ 2, 0, 1, 2, 0, 2, 1, 0, 1, 2 ], [ 0, 0, 1, 1, 1, 1, 1, 0, 2, 2 ], 
  [ 1, 1, 1, 0, 2, 2, 1, 2, 2, 0 ], [ 1, 0, 0, 1, 2, 1, 2, 1, 2, 0 ], 
  [ 1, 0, 0, 2, 1, 2, 0, 0, 0, 0 ], [ 2, 1, 0, 2, 1, 2, 0, 2, 0, 2 ], 
  [ 2, 0, 1, 2, 1, 1, 0, 0, 2, 0 ], [ 2, 0, 1, 1, 0, 2, 2, 1, 0, 0 ] ]
CLASS n=5 order=252 size=303403940214761366323200 fixed=-1 real=false M=
[ [ 2, 0, 1, 1, 2, 2, 1, 0, 0, 1 ], [ 2, 2, 2, 1, 2, 2, 1, 2, 1, 0 ], 
  [ 0, 0, 2, 0, 2, 0, 0, 1, 1, 2 ], [ 1, 0, 1, 0, 1, 0, 2, 1, 1, 2 ], 
  [ 2, 0, 0, 0, 2, 2, 1, 1, 1, 2 ], [ 2, 0, 0, 0, 2, 1, 0, 2, 0, 1 ], 
  [ 1, 0, 2, 0, 2, 2, 0, 1, 2, 0 ], [ 2, 0, 1, 0, 0, 0, 2, 0, 2, 0 ], 
  [ 0, 2, 1, 2, 1, 1, 2, 2, 1, 1 ], [ 0, 2, 2, 0, 0, 0, 0, 2, 1, 2 ] ]
CLASS n=5 order=252 size=303403940214761366323200 fixed=-1 real=false M=
[ [ 1, 1, 2, 2, 1, 2, 1, 0, 1, 0 ], [ 2, 0, 1, 2, 2, 0, 0, 1, 0, 1 ], 
  [ 2, 0, 2, 2, 2, 2, 2, 1, 0, 0 ], [ 1, 0, 0, 2, 0, 2, 0, 1, 0, 0 ], 
  [ 1, 0, 1, 2, 0, 1, 1, 0, 1, 1 ], [ 0, 2, 2, 1, 1, 2, 2, 2, 0, 1 ], 
  [ 0, 1, 2, 2, 1, 0, 1, 2, 2, 2 ], [ 2, 1, 1, 1, 2, 2, 1, 1, 1, 2 ], 
  [ 1, 2, 1, 2, 1, 0, 1, 0, 0, 2 ], [ 0, 0, 1, 0, 0, 0, 1, 0, 0, 2 ] ]
CLASS n=5 order=252 size=303403940214761366323200 fixed=-1 real=false M=
[ [ 2, 1, 1, 1, 2, 1, 0, 2, 0, 1 ], [ 2, 2, 1, 2, 0, 0, 2, 0, 1, 2 ], 
  [ 2, 0, 1, 1, 2, 1, 1, 2, 2, 2 ], [ 0, 0, 0, 1, 1, 1, 0, 2, 2, 2 ], 
  [ 1, 2, 2, 1, 2, 1, 0, 0, 2, 2 ], [ 0, 0, 0, 0, 0, 1, 0, 2, 2, 0 ], 
  [ 0, 2, 1, 1, 2, 1, 2, 0, 0, 0 ], [ 0, 1, 2, 2, 0, 1, 0, 1, 1, 0 ], 
  [ 1, 2, 1, 2, 2, 1, 2, 2, 0, 0 ], [ 0, 2, 0, 2, 2, 2, 2, 1, 1, 0 ] ]
CLASS n=5 order=252 size=303403940214761366323200 fixed=-1 real=false M=
[ [ 1, 2, 2, 2, 1, 1, 0, 2, 1, 0 ], [ 2, 0, 0, 0, 0, 1, 1, 2, 0, 0 ], 
  [ 1, 0, 1, 0, 2, 0, 0, 2, 1, 0 ], [ 0, 0, 2, 0, 0, 0, 1, 2, 1, 0 ], 
  [ 0, 2, 0, 0, 0, 0, 0, 2, 2, 1 ], [ 1, 2, 2, 1, 2, 2, 2, 2, 2, 0 ], 
  [ 2, 0, 1, 0, 1, 2, 0, 1, 0, 2 ], [ 0, 2, 2, 0, 2, 0, 2, 2, 0, 2 ], 
  [ 2, 2, 1, 2, 2, 0, 1, 0, 2, 1 ], [ 0, 0, 2, 2, 2, 2, 0, 2, 0, 0 ] ]
CLASS n=5 order=12 size=29497605298657355059200 fixed=-1 real=false M=
[ [ 0, 0, 2, 1, 0, 1, 0, 2, 2, 1 ], [ 0, 0, 0, 1, 2, 2, 1, 1, 0, 0 ], 
  [ 2, 0, 2, 0, 1, 2, 0, 0, 2, 1 ], [ 2, 2, 1, 0, 0, 2, 0, 0, 0, 2 ], 
  [ 2, 2, 0, 0, 0, 0, 1, 1, 0, 1 ], [ 2, 2, 0, 2, 1, 2, 2, 0, 0, 2 ], 
  [ 1, 0, 0, 0, 2, 1, 2, 1, 0, 0 ], [ 1, 1, 0, 2, 1, 1, 2, 2, 0, 2 ], 
  [ 1, 0, 1, 2, 2, 1, 0, 0, 1, 0 ], [ 1, 2, 0, 2, 0, 0, 1, 1, 2, 0 ] ]
CLASS n=5 order=12 size=29497605298657355059200 fixed=-1 real=false M=
[ [ 2, 0, 1, 0, 0, 1, 1, 2, 0, 1 ], [ 1, 2, 2, 0, 0, 0, 2, 2, 1, 0 ], 
  [ 0, 1, 1, 2, 1, 0, 0, 1, 1, 2 ], [ 0, 1, 1, 2, 0, 0, 0, 1, 2, 2 ], 
  [ 1, 2, 1, 1, 1, 2, 2, 0, 0, 2 ], [ 0, 2, 0, 0, 2, 2, 2, 0, 1, 2 ], 
  [ 2, 0, 1, 2, 2, 2, 2, 1, 0, 2 ], [ 2, 2, 0, 0, 0, 1, 0, 2, 0, 1 ], 
  [ 0, 0, 1, 2, 1, 2, 1, 1, 0, 2 ], [ 1, 0, 1, 0, 0, 1, 2, 1, 0, 1 ] ]
CLASS n=5 order=12 size=1638755849925408614400 fixed=-1 real=true M=
[ [ 0, 1, 0, 1, 2, 2, 2, 0, 0, 1 ], [ 1, 1, 0, 1, 2, 1, 0, 1, 1, 0 ], 
  [ 1, 1, 2, 1, 0, 0, 2, 0, 0, 1 ], [ 1, 0, 2, 1, 2, 1, 2, 2, 2, 2 ], 
  [ 2, 2, 0, 0, 0, 1, 1, 0, 0, 2 ], [ 0, 2, 1, 1, 0, 2, 2, 0, 0, 0 ], 
  [ 1, 0, 2, 1, 0, 1, 1, 0, 2, 2 ], [ 1, 1, 1, 1, 1, 1, 1, 2, 2, 1 ], 
  [ 2, 1, 0, 0, 0, 2, 0, 2, 0, 0 ], [ 1, 1, 1, 1, 1, 1, 2, 2, 2, 2 ] ]
CLASS n=5 order=12 size=9832535099552451686400 fixed=-1 real=true M=
[ [ 0, 0, 2, 2, 0, 1, 0, 1, 0, 1 ], [ 0, 1, 0, 2, 1, 2, 2, 1, 0, 1 ], 
  [ 0, 0, 0, 1, 0, 1, 1, 2, 1, 0 ], [ 1, 1, 2, 0, 0, 0, 2, 2, 0, 2 ], 
  [ 1, 1, 1, 2, 2, 2, 1, 1, 2, 1 ], [ 2, 1, 2, 1, 2, 0, 0, 0, 2, 1 ], 
  [ 1, 2, 2, 0, 0, 1, 2, 0, 0, 0 ], [ 0, 0, 1, 2, 2, 1, 0, 1, 0, 2 ], 
  [ 1, 1, 0, 1, 2, 1, 2, 2, 1, 1 ], [ 0, 2, 2, 2, 0, 1, 0, 0, 0, 2 ] ]
CLASS n=5 order=12 size=3793416319271779200 fixed=-1 real=true M=
[ [ 1, 0, 2, 2, 0, 2, 0, 1, 2, 1 ], [ 2, 0, 2, 0, 1, 1, 0, 0, 1, 1 ], 
  [ 1, 2, 1, 2, 2, 2, 2, 2, 0, 1 ], [ 0, 0, 2, 0, 1, 1, 2, 1, 2, 2 ], 
  [ 0, 1, 1, 1, 2, 2, 2, 1, 1, 0 ], [ 0, 1, 1, 1, 0, 0, 1, 2, 2, 1 ], 
  [ 1, 1, 0, 1, 0, 1, 1, 1, 2, 0 ], [ 1, 2, 1, 2, 2, 1, 2, 2, 1, 0 ], 
  [ 1, 2, 0, 1, 0, 2, 1, 2, 1, 2 ], [ 2, 1, 2, 2, 2, 0, 2, 1, 1, 0 ] ]
CLASS n=5 order=24 size=132739223843958097766400 fixed=-1 real=true M=
[ [ 1, 0, 1, 0, 0, 2, 0, 0, 2, 2 ], [ 1, 1, 1, 2, 2, 0, 2, 1, 0, 1 ], 
  [ 0, 0, 2, 0, 1, 2, 0, 2, 1, 2 ], [ 0, 2, 0, 2, 1, 0, 2, 0, 2, 1 ], 
  [ 0, 0, 0, 0, 1, 0, 1, 2, 0, 1 ], [ 0, 2, 1, 0, 0, 0, 2, 0, 1, 0 ], 
  [ 0, 2, 1, 0, 0, 0, 1, 2, 0, 2 ], [ 1, 0, 2, 1, 1, 0, 2, 2, 1, 0 ], 
  [ 1, 1, 0, 0, 1, 1, 2, 0, 0, 2 ], [ 1, 0, 1, 1, 2, 0, 1, 1, 2, 2 ] ]
CLASS n=5 order=21 size=25283661684563447193600 fixed=-1 real=true M=
[ [ 1, 1, 0, 0, 1, 1, 2, 0, 0, 2 ], [ 2, 1, 1, 2, 1, 2, 0, 2, 0, 0 ], 
  [ 0, 2, 2, 1, 1, 0, 1, 0, 2, 1 ], [ 1, 2, 0, 2, 0, 1, 0, 0, 1, 1 ], 
  [ 1, 0, 0, 1, 1, 2, 0, 2, 2, 2 ], [ 0, 2, 0, 2, 0, 2, 1, 1, 0, 1 ], 
  [ 0, 1, 1, 0, 2, 1, 0, 0, 0, 0 ], [ 0, 0, 0, 2, 1, 0, 0, 1, 2, 0 ], 
  [ 1, 0, 0, 2, 0, 1, 1, 1, 1, 0 ], [ 2, 2, 1, 1, 2, 0, 0, 2, 1, 1 ] ]
CLASS n=5 order=42 size=25283661684563447193600 fixed=-1 real=true M=
[ [ 1, 1, 0, 0, 2, 2, 1, 2, 0, 1 ], [ 1, 0, 1, 1, 0, 2, 2, 0, 1, 2 ], 
  [ 2, 1, 0, 1, 0, 1, 2, 1, 1, 1 ], [ 0, 1, 2, 0, 1, 2, 1, 2, 0, 2 ], 
  [ 1, 2, 2, 1, 1, 1, 0, 1, 2, 0 ], [ 1, 1, 2, 0, 2, 0, 1, 2, 2, 2 ], 
  [ 2, 1, 0, 1, 0, 1, 1, 1, 0, 2 ], [ 1, 0, 2, 1, 1, 0, 1, 1, 2, 2 ], 
  [ 2, 1, 1, 1, 2, 1, 0, 0, 0, 0 ], [ 1, 0, 2, 0, 1, 1, 2, 1, 2, 0 ] ]
CLASS n=5 order=84 size=25283661684563447193600 fixed=-1 real=true M=
[ [ 1, 2, 2, 2, 0, 1, 1, 2, 1, 2 ], [ 2, 0, 0, 1, 1, 1, 1, 2, 2, 2 ], 
  [ 0, 2, 0, 1, 0, 2, 2, 1, 1, 1 ], [ 2, 2, 2, 2, 2, 2, 0, 1, 0, 0 ], 
  [ 2, 0, 0, 0, 0, 1, 1, 1, 1, 1 ], [ 1, 0, 0, 2, 2, 2, 2, 0, 1, 0 ], 
  [ 0, 0, 1, 1, 1, 2, 2, 2, 1, 2 ], [ 2, 2, 2, 2, 1, 1, 0, 2, 0, 1 ], 
  [ 0, 2, 2, 0, 0, 0, 0, 0, 0, 2 ], [ 0, 2, 1, 2, 1, 1, 0, 0, 0, 0 ] ]
CLASS n=5 order=84 size=25283661684563447193600 fixed=-1 real=true M=
[ [ 2, 1, 1, 0, 2, 0, 1, 2, 0, 1 ], [ 2, 1, 1, 1, 2, 1, 0, 0, 2, 2 ], 
  [ 0, 1, 1, 1, 2, 0, 0, 1, 1, 1 ], [ 1, 0, 1, 0, 2, 1, 0, 1, 2, 0 ], 
  [ 2, 1, 1, 2, 0, 0, 0, 0, 2, 0 ], [ 0, 1, 2, 1, 0, 2, 2, 2, 2, 1 ], 
  [ 1, 1, 1, 1, 1, 1, 0, 0, 1, 0 ], [ 0, 0, 0, 0, 2, 0, 1, 1, 2, 0 ], 
  [ 0, 0, 2, 0, 1, 1, 2, 2, 0, 2 ], [ 0, 1, 2, 2, 0, 2, 1, 0, 0, 0 ] ]
CLASS n=5 order=12 size=819377924962704307200 fixed=-1 real=true M=
[ [ 0, 0, 0, 1, 0, 1, 0, 2, 0, 2 ], [ 1, 0, 0, 0, 2, 0, 1, 0, 2, 2 ], 
  [ 0, 1, 2, 0, 1, 1, 1, 1, 2, 0 ], [ 1, 1, 0, 0, 2, 2, 0, 1, 2, 2 ], 
  [ 2, 2, 1, 0, 1, 2, 0, 2, 2, 1 ], [ 0, 0, 0, 2, 0, 1, 0, 0, 0, 2 ], 
  [ 0, 1, 1, 0, 2, 0, 2, 0, 1, 2 ], [ 1, 1, 0, 2, 2, 1, 0, 1, 2, 0 ], 
  [ 0, 2, 0, 1, 2, 2, 0, 2, 2, 1 ], [ 0, 2, 0, 1, 0, 0, 0, 0, 0, 2 ] ]
CLASS n=5 order=72 size=4916267549776225843200 fixed=-1 real=false M=
[ [ 2, 2, 1, 2, 2, 1, 2, 0, 2, 0 ], [ 2, 2, 0, 2, 1, 2, 1, 2, 2, 2 ], 
  [ 0, 2, 0, 0, 1, 2, 0, 2, 2, 2 ], [ 2, 1, 2, 0, 0, 0, 2, 1, 2, 2 ], 
  [ 1, 0, 1, 0, 0, 1, 2, 2, 1, 2 ], [ 1, 1, 1, 1, 1, 2, 1, 0, 0, 2 ], 
  [ 1, 2, 1, 1, 1, 1, 2, 1, 2, 1 ], [ 0, 0, 1, 1, 2, 2, 1, 2, 0, 2 ], 
  [ 2, 0, 0, 1, 2, 0, 1, 0, 2, 1 ], [ 2, 2, 2, 0, 1, 1, 2, 0, 0, 0 ] ]
CLASS n=5 order=72 size=4916267549776225843200 fixed=-1 real=false M=
[ [ 2, 2, 1, 1, 2, 0, 1, 1, 2, 0 ], [ 1, 2, 2, 1, 2, 0, 2, 0, 1, 1 ], 
  [ 1, 1, 2, 2, 2, 0, 1, 2, 0, 1 ], [ 1, 1, 1, 1, 1, 0, 2, 0, 1, 1 ], 
  [ 0, 2, 1, 1, 0, 2, 0, 0, 0, 2 ], [ 2, 1, 2, 0, 0, 2, 1, 1, 1, 0 ], 
  [ 0, 0, 2, 1, 0, 2, 0, 2, 1, 2 ], [ 1, 1, 1, 0, 2, 1, 0, 1, 1, 2 ], 
  [ 0, 0, 1, 0, 1, 0, 1, 1, 0, 2 ], [ 1, 2, 1, 2, 2, 2, 0, 1, 2, 2 ] ]
CLASS n=5 order=36 size=3277511699850817228800 fixed=-1 real=false M=
[ [ 0, 2, 2, 2, 0, 2, 0, 1, 1, 0 ], [ 2, 0, 1, 1, 1, 1, 2, 0, 0, 0 ], 
  [ 1, 0, 1, 1, 2, 1, 2, 2, 0, 2 ], [ 0, 1, 2, 1, 1, 2, 2, 2, 1, 0 ], 
  [ 2, 2, 1, 1, 1, 1, 0, 1, 1, 0 ], [ 0, 1, 1, 2, 0, 0, 1, 0, 0, 2 ], 
  [ 1, 0, 2, 0, 0, 1, 2, 2, 0, 2 ], [ 0, 2, 0, 2, 2, 2, 2, 0, 1, 2 ], 
  [ 0, 0, 1, 1, 2, 1, 0, 2, 2, 1 ], [ 0, 1, 0, 0, 1, 0, 2, 1, 2, 1 ] ]
CLASS n=5 order=36 size=3277511699850817228800 fixed=-1 real=false M=
[ [ 1, 2, 1, 2, 2, 2, 0, 2, 1, 1 ], [ 1, 2, 0, 0, 1, 2, 0, 2, 0, 2 ], 
  [ 0, 0, 1, 2, 0, 1, 0, 0, 2, 0 ], [ 2, 2, 2, 0, 0, 2, 2, 2, 1, 1 ], 
  [ 2, 2, 0, 1, 2, 2, 0, 2, 1, 2 ], [ 0, 2, 0, 0, 2, 1, 0, 0, 1, 1 ], 
  [ 0, 1, 1, 0, 2, 1, 0, 1, 2, 2 ], [ 0, 2, 1, 1, 2, 2, 1, 1, 2, 0 ], 
  [ 0, 1, 1, 1, 1, 2, 1, 0, 1, 1 ], [ 0, 1, 0, 1, 2, 0, 0, 2, 0, 2 ] ]
CLASS n=5 order=36 size=409688962481352153600 fixed=-1 real=false M=
[ [ 1, 0, 2, 2, 0, 0, 2, 0, 2, 1 ], [ 1, 2, 2, 2, 1, 1, 2, 2, 0, 2 ], 
  [ 0, 0, 1, 0, 0, 2, 2, 0, 1, 0 ], [ 0, 2, 2, 1, 1, 2, 1, 0, 1, 2 ], 
  [ 2, 1, 0, 1, 1, 1, 2, 0, 2, 1 ], [ 0, 1, 2, 0, 2, 0, 0, 1, 0, 2 ], 
  [ 1, 0, 1, 1, 1, 0, 1, 1, 0, 2 ], [ 1, 2, 0, 2, 2, 2, 1, 2, 0, 1 ], 
  [ 1, 1, 0, 1, 2, 1, 0, 0, 0, 0 ], [ 2, 0, 0, 1, 1, 2, 0, 1, 2, 2 ] ]
CLASS n=5 order=36 size=409688962481352153600 fixed=-1 real=false M=
[ [ 1, 1, 1, 0, 2, 2, 1, 0, 1, 0 ], [ 1, 2, 0, 0, 0, 1, 1, 2, 2, 2 ], 
  [ 1, 2, 2, 1, 1, 2, 1, 0, 2, 2 ], [ 2, 1, 0, 2, 1, 0, 2, 0, 0, 1 ], 
  [ 2, 1, 1, 0, 1, 0, 1, 2, 2, 1 ], [ 1, 0, 0, 2, 2, 1, 0, 2, 1, 2 ], 
  [ 1, 0, 2, 2, 2, 2, 2, 1, 2, 1 ], [ 2, 1, 0, 1, 1, 1, 2, 1, 0, 2 ], 
  [ 1, 0, 0, 1, 0, 1, 0, 0, 0, 1 ], [ 0, 0, 1, 2, 0, 0, 0, 0, 1, 1 ] ]
CLASS n=5 order=12 size=9832535099552451686400 fixed=-1 real=false M=
[ [ 0, 2, 0, 2, 2, 1, 2, 0, 2, 1 ], [ 1, 2, 2, 0, 0, 0, 1, 1, 0, 1 ], 
  [ 1, 2, 1, 0, 2, 0, 2, 2, 0, 1 ], [ 0, 0, 0, 0, 0, 1, 0, 2, 2, 1 ], 
  [ 1, 2, 0, 0, 2, 1, 1, 2, 1, 1 ], [ 2, 1, 0, 0, 0, 1, 0, 1, 1, 2 ], 
  [ 2, 0, 1, 0, 2, 0, 0, 0, 2, 2 ], [ 1, 0, 2, 1, 1, 2, 2, 2, 0, 1 ], 
  [ 0, 1, 2, 2, 1, 1, 2, 2, 2, 2 ], [ 0, 1, 1, 0, 1, 0, 2, 2, 1, 0 ] ]
CLASS n=5 order=12 size=9832535099552451686400 fixed=-1 real=false M=
[ [ 1, 2, 1, 2, 2, 2, 1, 1, 0, 1 ], [ 1, 0, 1, 0, 2, 1, 1, 2, 0, 0 ], 
  [ 1, 1, 1, 0, 1, 1, 1, 0, 2, 1 ], [ 1, 2, 0, 1, 0, 1, 1, 0, 2, 0 ], 
  [ 2, 2, 1, 2, 1, 1, 1, 0, 0, 2 ], [ 0, 1, 0, 2, 0, 0, 2, 1, 2, 2 ], 
  [ 0, 1, 0, 2, 2, 2, 0, 1, 1, 0 ], [ 1, 2, 2, 2, 2, 0, 1, 0, 2, 2 ], 
  [ 2, 1, 0, 1, 1, 1, 0, 0, 1, 2 ], [ 0, 2, 2, 1, 0, 0, 1, 2, 0, 2 ] ]
CLASS n=5 order=18 size=2185007799900544819200 fixed=-1 real=false M=
[ [ 1, 2, 2, 1, 2, 1, 2, 2, 0, 2 ], [ 1, 2, 1, 2, 1, 0, 1, 2, 0, 1 ], 
  [ 0, 2, 0, 1, 0, 0, 1, 2, 0, 2 ], [ 0, 0, 2, 1, 1, 1, 2, 2, 2, 1 ], 
  [ 1, 1, 2, 0, 0, 0, 1, 2, 1, 2 ], [ 0, 0, 1, 0, 1, 2, 2, 0, 2, 0 ], 
  [ 2, 0, 1, 0, 1, 1, 0, 2, 0, 0 ], [ 0, 1, 0, 2, 2, 2, 0, 2, 1, 1 ], 
  [ 0, 1, 0, 2, 1, 2, 1, 1, 1, 1 ], [ 1, 1, 1, 1, 1, 1, 0, 2, 1, 1 ] ]
CLASS n=5 order=18 size=2185007799900544819200 fixed=-1 real=false M=
[ [ 2, 1, 2, 2, 0, 0, 2, 2, 0, 0 ], [ 1, 0, 0, 1, 1, 1, 0, 0, 1, 2 ], 
  [ 0, 2, 1, 2, 2, 0, 0, 0, 2, 2 ], [ 0, 0, 2, 0, 0, 2, 1, 0, 2, 1 ], 
  [ 1, 1, 0, 0, 0, 2, 2, 0, 2, 1 ], [ 1, 0, 2, 0, 2, 0, 1, 2, 2, 2 ], 
  [ 2, 2, 2, 2, 2, 1, 2, 1, 1, 0 ], [ 2, 1, 2, 1, 2, 2, 2, 0, 2, 2 ], 
  [ 0, 2, 0, 2, 2, 1, 0, 2, 2, 0 ], [ 2, 1, 2, 2, 0, 1, 2, 2, 2, 1 ] ]
CLASS n=5 order=18 size=157320561592839226982400 fixed=-1 real=false M=
[ [ 1, 2, 0, 2, 2, 0, 0, 1, 0, 0 ], [ 1, 2, 0, 0, 0, 2, 0, 1, 1, 0 ], 
  [ 1, 1, 2, 1, 0, 0, 1, 0, 2, 2 ], [ 1, 1, 0, 0, 1, 2, 0, 0, 1, 0 ], 
  [ 0, 0, 0, 0, 0, 2, 1, 2, 2, 1 ], [ 1, 2, 2, 0, 1, 2, 0, 1, 2, 2 ], 
  [ 1, 0, 1, 2, 2, 2, 0, 1, 0, 0 ], [ 1, 0, 1, 2, 0, 1, 1, 0, 1, 0 ], 
  [ 2, 1, 1, 2, 0, 0, 1, 1, 1, 1 ], [ 0, 2, 1, 0, 0, 1, 2, 0, 2, 0 ] ]
CLASS n=5 order=18 size=157320561592839226982400 fixed=-1 real=false M=
[ [ 0, 1, 0, 2, 2, 0, 0, 0, 0, 1 ], [ 1, 1, 0, 0, 1, 2, 2, 1, 2, 0 ], 
  [ 2, 2, 0, 2, 0, 0, 2, 2, 1, 2 ], [ 0, 1, 0, 2, 0, 2, 1, 1, 1, 1 ], 
  [ 2, 2, 0, 0, 0, 0, 0, 2, 1, 1 ], [ 1, 1, 0, 1, 0, 2, 2, 1, 0, 2 ], 
  [ 0, 0, 2, 0, 0, 2, 2, 2, 0, 1 ], [ 0, 0, 1, 0, 1, 0, 1, 0, 1, 0 ], 
  [ 1, 2, 2, 2, 0, 2, 1, 0, 2, 2 ], [ 1, 2, 2, 1, 2, 0, 1, 1, 1, 1 ] ]
CLASS n=5 order=24 size=45520995831261350400 fixed=-1 real=true M=
[ [ 0, 0, 0, 1, 0, 1, 0, 1, 0, 2 ], [ 2, 2, 0, 2, 2, 0, 2, 2, 2, 0 ], 
  [ 1, 0, 1, 1, 1, 0, 1, 2, 0, 1 ], [ 2, 0, 2, 1, 2, 1, 1, 2, 2, 2 ], 
  [ 2, 1, 0, 1, 0, 0, 1, 1, 1, 1 ], [ 2, 0, 2, 1, 2, 2, 2, 0, 0, 1 ], 
  [ 1, 0, 1, 2, 2, 0, 0, 2, 0, 0 ], [ 0, 1, 2, 1, 0, 1, 1, 1, 0, 0 ], 
  [ 2, 0, 1, 0, 0, 0, 2, 2, 0, 0 ], [ 0, 1, 0, 1, 1, 1, 2, 1, 0, 2 ] ]
CLASS n=5 order=12 size=58995210597314710118400 fixed=-1 real=false M=
[ [ 0, 1, 1, 0, 0, 2, 2, 0, 1, 2 ], [ 0, 2, 0, 0, 1, 0, 2, 2, 2, 0 ], 
  [ 0, 0, 0, 0, 0, 2, 0, 2, 2, 0 ], [ 1, 1, 2, 1, 2, 1, 1, 1, 0, 2 ], 
  [ 0, 2, 0, 1, 1, 1, 1, 0, 2, 2 ], [ 1, 2, 0, 0, 1, 1, 0, 1, 0, 1 ], 
  [ 1, 2, 0, 1, 2, 2, 0, 1, 0, 2 ], [ 1, 0, 1, 0, 2, 0, 0, 2, 2, 2 ], 
  [ 1, 2, 2, 1, 2, 2, 2, 1, 1, 1 ], [ 2, 0, 0, 1, 2, 0, 2, 0, 1, 1 ] ]
CLASS n=5 order=12 size=58995210597314710118400 fixed=-1 real=false M=
[ [ 2, 0, 1, 0, 1, 1, 0, 2, 0, 1 ], [ 0, 2, 1, 0, 2, 1, 0, 1, 2, 1 ], 
  [ 1, 2, 2, 2, 2, 2, 1, 2, 1, 0 ], [ 0, 2, 2, 2, 0, 1, 0, 0, 1, 0 ], 
  [ 1, 0, 0, 1, 1, 1, 2, 0, 0, 1 ], [ 2, 1, 1, 1, 2, 1, 2, 0, 1, 0 ], 
  [ 2, 1, 1, 0, 0, 2, 1, 0, 2, 0 ], [ 0, 0, 2, 2, 1, 1, 0, 2, 2, 1 ], 
  [ 2, 1, 0, 0, 0, 0, 1, 1, 0, 1 ], [ 0, 0, 0, 2, 0, 1, 1, 0, 1, 2 ] ]
CLASS n=5 order=18 size=1456671866600363212800 fixed=-1 real=false M=
[ [ 2, 2, 2, 2, 0, 2, 2, 1, 0, 1 ], [ 2, 2, 0, 1, 0, 2, 0, 1, 0, 2 ], 
  [ 0, 2, 2, 0, 2, 2, 0, 0, 2, 0 ], [ 0, 0, 0, 1, 1, 2, 2, 0, 1, 0 ], 
  [ 1, 0, 0, 0, 1, 1, 2, 0, 0, 1 ], [ 2, 2, 1, 0, 2, 0, 1, 2, 0, 1 ], 
  [ 1, 0, 2, 2, 2, 2, 0, 1, 2, 2 ], [ 0, 2, 2, 0, 1, 1, 2, 0, 2, 0 ], 
  [ 2, 1, 2, 2, 2, 0, 1, 2, 0, 2 ], [ 1, 2, 0, 2, 2, 2, 0, 0, 2, 2 ] ]
CLASS n=5 order=18 size=1456671866600363212800 fixed=-1 real=false M=
[ [ 1, 2, 0, 2, 1, 0, 1, 0, 1, 1 ], [ 0, 1, 0, 0, 2, 1, 0, 0, 1, 0 ], 
  [ 2, 2, 2, 0, 0, 0, 0, 2, 1, 2 ], [ 0, 1, 0, 1, 1, 0, 2, 1, 0, 1 ], 
  [ 2, 2, 1, 2, 0, 0, 2, 0, 1, 2 ], [ 0, 0, 1, 1, 2, 2, 1, 1, 2, 1 ], 
  [ 1, 1, 0, 0, 1, 1, 0, 0, 0, 0 ], [ 0, 1, 2, 0, 1, 1, 2, 0, 0, 2 ], 
  [ 2, 1, 0, 0, 2, 0, 0, 0, 1, 1 ], [ 0, 0, 1, 1, 0, 0, 2, 1, 2, 0 ] ]
CLASS n=5 order=12 size=3277511699850817228800 fixed=-1 real=false M=
[ [ 2, 0, 0, 0, 0, 1, 0, 1, 2, 2 ], [ 0, 1, 1, 2, 1, 1, 1, 1, 0, 2 ], 
  [ 0, 2, 1, 0, 2, 1, 1, 2, 2, 0 ], [ 0, 1, 2, 1, 2, 2, 0, 2, 1, 1 ], 
  [ 0, 1, 1, 1, 1, 0, 0, 0, 2, 0 ], [ 1, 0, 0, 0, 0, 2, 2, 2, 2, 0 ], 
  [ 2, 0, 2, 0, 0, 2, 1, 0, 2, 1 ], [ 0, 1, 1, 2, 1, 2, 1, 0, 0, 0 ], 
  [ 2, 0, 2, 1, 1, 1, 0, 0, 2, 1 ], [ 1, 2, 1, 0, 2, 2, 1, 2, 2, 0 ] ]
CLASS n=5 order=12 size=3277511699850817228800 fixed=-1 real=false M=
[ [ 1, 2, 0, 1, 2, 0, 2, 2, 2, 1 ], [ 1, 2, 1, 1, 0, 0, 2, 2, 2, 2 ], 
  [ 2, 1, 1, 0, 2, 2, 2, 0, 2, 0 ], [ 0, 1, 2, 1, 1, 1, 0, 0, 2, 2 ], 
  [ 1, 1, 0, 0, 1, 2, 2, 1, 2, 2 ], [ 1, 1, 1, 0, 1, 0, 1, 2, 0, 0 ], 
  [ 0, 2, 0, 2, 0, 1, 1, 0, 0, 2 ], [ 0, 1, 1, 0, 0, 0, 2, 0, 0, 2 ], 
  [ 2, 1, 0, 1, 1, 2, 2, 2, 0, 1 ], [ 2, 2, 0, 0, 1, 2, 1, 0, 2, 1 ] ]
CLASS n=5 order=6 size=26975404937043763200 fixed=-1 real=false M=
[ [ 1, 0, 0, 0, 1, 2, 1, 1, 1, 0 ], [ 0, 2, 0, 1, 1, 1, 2, 0, 2, 2 ], 
  [ 0, 0, 2, 2, 0, 1, 2, 1, 2, 0 ], [ 0, 2, 2, 2, 2, 0, 2, 1, 2, 0 ], 
  [ 2, 2, 2, 1, 2, 1, 2, 0, 1, 0 ], [ 1, 0, 2, 1, 0, 1, 1, 1, 0, 2 ], 
  [ 0, 2, 2, 2, 2, 2, 2, 2, 1, 0 ], [ 1, 0, 2, 0, 0, 1, 0, 0, 2, 2 ], 
  [ 0, 0, 2, 2, 2, 2, 1, 2, 2, 1 ], [ 0, 2, 1, 2, 0, 0, 2, 2, 1, 1 ] ]
CLASS n=5 order=6 size=26975404937043763200 fixed=-1 real=false M=
[ [ 2, 0, 2, 0, 0, 1, 0, 1, 2, 0 ], [ 0, 1, 0, 0, 2, 2, 2, 0, 0, 0 ], 
  [ 1, 0, 2, 1, 1, 2, 0, 1, 2, 1 ], [ 0, 0, 1, 2, 1, 2, 1, 2, 2, 2 ], 
  [ 1, 1, 0, 2, 1, 2, 1, 1, 0, 1 ], [ 2, 1, 1, 0, 0, 2, 0, 2, 0, 2 ], 
  [ 0, 2, 1, 2, 1, 0, 0, 1, 2, 1 ], [ 1, 1, 1, 2, 2, 2, 0, 2, 1, 1 ], 
  [ 2, 0, 0, 0, 2, 0, 2, 0, 1, 2 ], [ 1, 1, 1, 2, 0, 1, 1, 1, 2, 2 ] ]
CLASS n=5 order=12 size=15173665277087116800 fixed=-1 real=false M=
[ [ 0, 1, 0, 2, 0, 0, 1, 2, 1, 2 ], [ 1, 1, 0, 1, 2, 1, 0, 1, 0, 1 ], 
  [ 0, 1, 0, 0, 1, 2, 0, 1, 1, 1 ], [ 1, 1, 2, 0, 0, 0, 2, 1, 2, 0 ], 
  [ 0, 1, 0, 0, 0, 2, 0, 1, 2, 0 ], [ 0, 2, 0, 2, 2, 0, 0, 2, 0, 1 ], 
  [ 2, 2, 0, 1, 1, 2, 0, 0, 0, 2 ], [ 1, 0, 2, 1, 1, 0, 1, 1, 1, 2 ], 
  [ 2, 2, 2, 1, 2, 2, 2, 2, 1, 1 ], [ 1, 2, 2, 1, 1, 0, 2, 0, 2, 1 ] ]
CLASS n=5 order=12 size=15173665277087116800 fixed=-1 real=false M=
[ [ 2, 1, 0, 2, 2, 2, 0, 1, 1, 1 ], [ 0, 2, 1, 0, 0, 0, 2, 2, 1, 2 ], 
  [ 1, 1, 0, 0, 2, 0, 1, 2, 1, 2 ], [ 2, 1, 0, 0, 1, 1, 0, 1, 1, 1 ], 
  [ 1, 0, 2, 1, 2, 0, 1, 0, 1, 2 ], [ 1, 0, 1, 1, 2, 1, 1, 2, 1, 1 ], 
  [ 1, 1, 0, 2, 1, 1, 2, 2, 1, 2 ], [ 0, 1, 0, 0, 2, 2, 0, 2, 2, 0 ], 
  [ 1, 1, 1, 2, 2, 1, 1, 2, 0, 1 ], [ 2, 2, 1, 1, 2, 1, 0, 2, 0, 2 ] ]
CLASS n=5 order=18 size=20231553702782822400 fixed=-1 real=false M=
[ [ 0, 1, 1, 0, 2, 0, 2, 2, 2, 0 ], [ 0, 1, 1, 0, 0, 1, 1, 0, 1, 2 ], 
  [ 0, 1, 2, 2, 0, 1, 0, 0, 0, 1 ], [ 0, 0, 0, 2, 1, 2, 0, 2, 2, 1 ], 
  [ 0, 1, 0, 0, 1, 0, 2, 1, 2, 1 ], [ 2, 2, 0, 1, 1, 0, 1, 0, 2, 0 ], 
  [ 0, 0, 1, 1, 1, 1, 1, 2, 2, 2 ], [ 0, 0, 1, 1, 0, 2, 0, 2, 0, 0 ], 
  [ 0, 0, 0, 0, 1, 0, 2, 1, 2, 1 ], [ 1, 1, 2, 0, 2, 1, 0, 1, 2, 0 ] ]
CLASS n=5 order=18 size=20231553702782822400 fixed=-1 real=false M=
[ [ 0, 2, 1, 2, 1, 0, 2, 0, 2, 1 ], [ 2, 2, 2, 2, 2, 1, 1, 0, 1, 2 ], 
  [ 1, 1, 2, 0, 2, 2, 1, 1, 0, 1 ], [ 0, 1, 2, 0, 0, 1, 2, 2, 2, 2 ], 
  [ 1, 2, 0, 0, 0, 1, 2, 1, 2, 2 ], [ 0, 1, 1, 0, 1, 2, 0, 2, 2, 2 ], 
  [ 0, 2, 1, 0, 0, 1, 1, 2, 2, 1 ], [ 2, 2, 1, 1, 1, 0, 2, 2, 0, 2 ], 
  [ 2, 1, 0, 2, 0, 0, 2, 2, 0, 2 ], [ 1, 1, 2, 0, 2, 1, 0, 1, 2, 1 ] ]
CLASS n=5 order=36 size=19665070199104903372800 fixed=-1 real=false M=
[ [ 0, 1, 2, 1, 0, 2, 1, 2, 2, 0 ], [ 1, 2, 1, 1, 0, 1, 0, 0, 0, 2 ], 
  [ 1, 2, 0, 0, 1, 0, 1, 2, 1, 0 ], [ 0, 0, 1, 1, 0, 1, 2, 2, 0, 2 ], 
  [ 2, 0, 2, 1, 0, 2, 2, 0, 2, 0 ], [ 0, 1, 0, 1, 1, 2, 2, 1, 2, 0 ], 
  [ 1, 0, 0, 0, 2, 2, 1, 0, 1, 2 ], [ 0, 0, 1, 2, 2, 1, 0, 0, 1, 2 ], 
  [ 1, 0, 2, 2, 0, 1, 2, 1, 2, 1 ], [ 0, 0, 0, 2, 2, 2, 1, 1, 0, 2 ] ]
CLASS n=5 order=36 size=19665070199104903372800 fixed=-1 real=false M=
[ [ 0, 2, 2, 2, 1, 2, 2, 2, 0, 0 ], [ 2, 0, 2, 0, 0, 0, 0, 0, 0, 1 ], 
  [ 1, 1, 2, 0, 1, 2, 2, 2, 2, 0 ], [ 0, 0, 2, 0, 0, 2, 1, 2, 0, 0 ], 
  [ 1, 0, 0, 1, 1, 2, 0, 0, 2, 1 ], [ 0, 2, 0, 0, 0, 2, 2, 1, 1, 2 ], 
  [ 1, 1, 0, 1, 0, 2, 1, 0, 1, 2 ], [ 0, 0, 2, 1, 2, 0, 1, 1, 2, 1 ], 
  [ 0, 0, 1, 1, 0, 2, 1, 0, 2, 2 ], [ 0, 2, 0, 1, 1, 2, 2, 1, 0, 2 ] ]
CLASS n=5 order=18 size=242778644433393868800 fixed=-1 real=false M=
[ [ 2, 2, 2, 0, 2, 1, 0, 2, 0, 2 ], [ 0, 1, 0, 1, 2, 2, 0, 2, 1, 0 ], 
  [ 0, 2, 0, 2, 0, 2, 1, 2, 2, 1 ], [ 0, 0, 2, 1, 2, 2, 0, 1, 2, 2 ], 
  [ 1, 0, 0, 1, 1, 1, 0, 1, 2, 1 ], [ 1, 0, 1, 1, 1, 0, 2, 2, 2, 2 ], 
  [ 0, 1, 1, 2, 1, 0, 2, 2, 2, 1 ], [ 1, 1, 2, 0, 0, 0, 1, 0, 2, 2 ], 
  [ 0, 2, 1, 0, 1, 0, 0, 1, 0, 0 ], [ 0, 1, 2, 2, 1, 1, 2, 1, 0, 0 ] ]
CLASS n=5 order=18 size=242778644433393868800 fixed=-1 real=false M=
[ [ 1, 1, 0, 1, 0, 0, 1, 2, 1, 1 ], [ 1, 2, 1, 2, 0, 0, 1, 2, 2, 0 ], 
  [ 2, 0, 2, 0, 2, 1, 2, 0, 1, 0 ], [ 1, 2, 2, 2, 0, 2, 0, 0, 0, 1 ], 
  [ 0, 2, 0, 0, 1, 1, 2, 2, 0, 0 ], [ 2, 2, 2, 2, 0, 0, 2, 0, 1, 1 ], 
  [ 0, 1, 2, 0, 0, 1, 2, 0, 0, 2 ], [ 2, 0, 2, 2, 0, 1, 0, 0, 2, 0 ], 
  [ 0, 1, 2, 2, 2, 2, 2, 2, 0, 0 ], [ 1, 0, 0, 0, 0, 0, 2, 0, 1, 0 ] ]
CLASS n=5 order=36 size=1638755849925408614400 fixed=-1 real=false M=
[ [ 0, 1, 1, 0, 2, 0, 1, 2, 2, 1 ], [ 0, 1, 2, 1, 2, 2, 0, 1, 1, 1 ], 
  [ 1, 2, 1, 0, 1, 1, 0, 0, 1, 0 ], [ 2, 2, 1, 2, 1, 0, 1, 1, 0, 2 ], 
  [ 0, 2, 1, 1, 0, 1, 1, 2, 1, 2 ], [ 0, 2, 0, 2, 0, 0, 0, 0, 0, 2 ], 
  [ 0, 0, 1, 1, 1, 2, 2, 2, 2, 1 ], [ 2, 0, 1, 0, 2, 1, 0, 2, 0, 2 ], 
  [ 0, 0, 2, 1, 0, 1, 2, 0, 1, 1 ], [ 0, 1, 0, 0, 2, 0, 0, 1, 0, 1 ] ]
CLASS n=5 order=36 size=1638755849925408614400 fixed=-1 real=false M=
[ [ 2, 2, 1, 2, 1, 0, 0, 0, 0, 2 ], [ 0, 0, 2, 2, 0, 0, 2, 0, 0, 0 ], 
  [ 2, 0, 1, 1, 2, 2, 0, 0, 0, 2 ], [ 2, 2, 2, 2, 2, 2, 0, 0, 0, 2 ], 
  [ 1, 1, 0, 2, 1, 0, 2, 1, 1, 1 ], [ 2, 1, 0, 1, 0, 2, 0, 2, 2, 1 ], 
  [ 2, 2, 1, 2, 0, 1, 2, 2, 2, 1 ], [ 0, 2, 0, 0, 1, 2, 1, 0, 0, 0 ], 
  [ 2, 0, 0, 1, 0, 2, 2, 2, 1, 2 ], [ 1, 0, 0, 2, 0, 1, 0, 1, 2, 0 ] ]
CLASS n=5 order=12 size=4916267549776225843200 fixed=-1 real=true M=
[ [ 2, 1, 0, 0, 2, 1, 0, 1, 1, 0 ], [ 2, 0, 2, 2, 1, 1, 1, 1, 2, 0 ], 
  [ 1, 1, 0, 1, 0, 0, 2, 2, 2, 1 ], [ 1, 1, 2, 0, 0, 0, 0, 1, 0, 2 ], 
  [ 0, 0, 0, 2, 1, 2, 0, 1, 2, 0 ], [ 0, 1, 1, 0, 2, 2, 1, 1, 0, 0 ], 
  [ 0, 0, 2, 1, 2, 1, 1, 2, 2, 1 ], [ 0, 2, 1, 0, 2, 1, 1, 0, 2, 0 ], 
  [ 2, 1, 0, 1, 0, 1, 0, 2, 2, 1 ], [ 2, 1, 0, 1, 1, 1, 0, 1, 2, 2 ] ]
CLASS n=5 order=72 size=176985631791944130355200 fixed=-1 real=false M=
[ [ 1, 1, 1, 2, 0, 0, 1, 1, 0, 0 ], [ 2, 1, 1, 1, 2, 2, 1, 1, 1, 0 ], 
  [ 0, 2, 1, 1, 1, 0, 2, 1, 0, 2 ], [ 2, 1, 1, 1, 2, 1, 1, 0, 2, 0 ], 
  [ 2, 2, 1, 1, 2, 0, 0, 1, 2, 1 ], [ 2, 2, 0, 2, 1, 1, 1, 2, 1, 1 ], 
  [ 2, 0, 1, 1, 2, 1, 0, 0, 0, 1 ], [ 0, 2, 1, 1, 1, 0, 0, 2, 2, 2 ], 
  [ 0, 2, 0, 1, 0, 2, 0, 0, 0, 0 ], [ 2, 1, 0, 2, 2, 2, 2, 1, 0, 2 ] ]
CLASS n=5 order=72 size=176985631791944130355200 fixed=-1 real=false M=
[ [ 1, 1, 0, 2, 0, 1, 1, 2, 0, 1 ], [ 0, 1, 1, 2, 1, 0, 1, 0, 1, 2 ], 
  [ 2, 2, 1, 0, 2, 2, 2, 2, 0, 0 ], [ 2, 2, 0, 1, 1, 2, 1, 0, 0, 2 ], 
  [ 1, 0, 0, 0, 1, 1, 2, 0, 0, 0 ], [ 1, 2, 2, 1, 1, 2, 0, 2, 1, 2 ], 
  [ 0, 1, 1, 2, 2, 0, 2, 2, 1, 0 ], [ 0, 2, 1, 1, 0, 1, 2, 0, 2, 1 ], 
  [ 1, 0, 1, 2, 2, 1, 1, 2, 1, 0 ], [ 2, 1, 1, 2, 2, 1, 2, 0, 0, 1 ] ]
CLASS n=5 order=72 size=19665070199104903372800 fixed=-1 real=false M=
[ [ 1, 0, 0, 1, 2, 2, 1, 0, 1, 1 ], [ 1, 2, 2, 2, 2, 2, 0, 1, 1, 1 ], 
  [ 0, 2, 2, 2, 1, 0, 0, 2, 1, 1 ], [ 0, 0, 1, 1, 1, 2, 2, 2, 0, 0 ], 
  [ 0, 2, 0, 2, 2, 1, 1, 0, 2, 2 ], [ 0, 1, 2, 0, 1, 0, 1, 0, 0, 0 ], 
  [ 0, 1, 2, 1, 0, 0, 2, 1, 0, 0 ], [ 1, 2, 0, 2, 2, 0, 2, 0, 2, 1 ], 
  [ 0, 0, 2, 1, 0, 2, 1, 2, 1, 0 ], [ 0, 1, 2, 1, 0, 0, 2, 1, 1, 1 ] ]
CLASS n=5 order=72 size=19665070199104903372800 fixed=-1 real=false M=
[ [ 0, 1, 0, 0, 2, 1, 1, 0, 2, 0 ], [ 2, 0, 1, 0, 0, 1, 0, 0, 2, 2 ], 
  [ 2, 1, 0, 1, 0, 1, 0, 0, 0, 0 ], [ 2, 0, 1, 0, 2, 1, 2, 0, 0, 1 ], 
  [ 1, 1, 1, 0, 0, 0, 2, 1, 1, 0 ], [ 1, 1, 0, 1, 1, 2, 2, 0, 0, 2 ], 
  [ 1, 1, 1, 2, 0, 1, 0, 0, 0, 1 ], [ 1, 2, 0, 2, 0, 2, 0, 2, 2, 2 ], 
  [ 2, 2, 1, 0, 1, 0, 0, 0, 0, 0 ], [ 1, 0, 2, 2, 0, 1, 2, 1, 0, 2 ] ]
CLASS n=5 order=90 size=3933014039820980674560 fixed=-1 real=false M=
[ [ 2, 2, 0, 2, 0, 1, 2, 1, 2, 1 ], [ 2, 1, 0, 2, 2, 2, 1, 1, 0, 2 ], 
  [ 0, 1, 1, 2, 1, 1, 0, 1, 2, 2 ], [ 1, 1, 1, 2, 1, 1, 0, 0, 1, 2 ], 
  [ 1, 0, 0, 2, 1, 0, 2, 1, 1, 2 ], [ 2, 2, 2, 1, 2, 1, 0, 2, 2, 2 ], 
  [ 2, 0, 0, 1, 1, 0, 2, 0, 0, 2 ], [ 1, 2, 1, 0, 2, 2, 0, 0, 2, 2 ], 
  [ 2, 1, 0, 1, 0, 0, 1, 0, 1, 2 ], [ 0, 2, 0, 0, 0, 0, 1, 2, 1, 0 ] ]
CLASS n=5 order=90 size=3933014039820980674560 fixed=-1 real=false M=
[ [ 2, 0, 1, 0, 0, 0, 0, 2, 0, 2 ], [ 1, 1, 2, 2, 1, 0, 1, 2, 2, 0 ], 
  [ 2, 1, 2, 0, 0, 1, 0, 2, 1, 1 ], [ 1, 1, 2, 1, 2, 2, 2, 0, 1, 2 ], 
  [ 0, 1, 0, 0, 0, 2, 0, 2, 1, 2 ], [ 1, 1, 1, 1, 2, 1, 1, 1, 2, 0 ], 
  [ 1, 0, 0, 2, 2, 0, 1, 0, 0, 1 ], [ 1, 2, 1, 0, 2, 2, 2, 0, 0, 0 ], 
  [ 2, 2, 2, 2, 1, 1, 0, 0, 0, 1 ], [ 2, 2, 2, 0, 1, 1, 1, 1, 1, 2 ] ]
CLASS n=5 order=45 size=283177010867110608568320 fixed=-1 real=false M=
[ [ 0, 0, 1, 1, 2, 2, 2, 1, 1, 0 ], [ 1, 2, 0, 0, 1, 2, 2, 2, 2, 0 ], 
  [ 0, 1, 1, 1, 2, 0, 2, 1, 2, 1 ], [ 1, 1, 1, 1, 2, 1, 1, 0, 2, 0 ], 
  [ 1, 1, 0, 0, 0, 0, 0, 1, 0, 1 ], [ 0, 1, 1, 1, 1, 0, 1, 0, 2, 0 ], 
  [ 1, 0, 0, 2, 1, 1, 1, 1, 1, 0 ], [ 0, 2, 1, 1, 0, 1, 0, 1, 2, 2 ], 
  [ 0, 2, 0, 0, 0, 1, 0, 1, 2, 2 ], [ 2, 2, 2, 1, 1, 2, 0, 1, 0, 0 ] ]
CLASS n=5 order=45 size=283177010867110608568320 fixed=-1 real=false M=
[ [ 1, 0, 0, 1, 2, 0, 1, 2, 2, 1 ], [ 0, 1, 0, 1, 2, 0, 2, 0, 1, 1 ], 
  [ 0, 2, 0, 2, 0, 1, 2, 0, 1, 2 ], [ 1, 2, 2, 2, 2, 0, 0, 0, 0, 0 ], 
  [ 2, 1, 1, 2, 0, 2, 2, 0, 2, 1 ], [ 2, 2, 1, 1, 0, 1, 0, 0, 1, 2 ], 
  [ 1, 2, 0, 2, 1, 1, 2, 0, 2, 1 ], [ 1, 1, 0, 0, 1, 2, 1, 1, 0, 1 ], 
  [ 0, 1, 0, 2, 1, 2, 2, 2, 1, 2 ], [ 2, 2, 0, 1, 2, 0, 1, 1, 2, 2 ] ]
CLASS n=5 order=90 size=283177010867110608568320 fixed=-1 real=false M=
[ [ 2, 0, 1, 1, 0, 0, 1, 1, 0, 2 ], [ 1, 0, 0, 2, 2, 2, 2, 2, 2, 1 ], 
  [ 1, 0, 1, 2, 0, 2, 2, 1, 0, 0 ], [ 1, 0, 2, 1, 2, 1, 1, 0, 2, 2 ], 
  [ 1, 0, 2, 0, 0, 1, 0, 2, 0, 2 ], [ 1, 0, 0, 0, 1, 2, 2, 2, 0, 2 ], 
  [ 1, 0, 2, 1, 0, 2, 0, 0, 1, 2 ], [ 0, 1, 0, 0, 2, 0, 2, 1, 2, 2 ], 
  [ 1, 1, 1, 1, 2, 1, 2, 0, 0, 2 ], [ 1, 1, 0, 2, 2, 0, 2, 0, 1, 1 ] ]
CLASS n=5 order=90 size=283177010867110608568320 fixed=-1 real=false M=
[ [ 2, 1, 2, 1, 2, 1, 2, 2, 2, 1 ], [ 0, 2, 1, 2, 2, 1, 2, 1, 2, 2 ], 
  [ 2, 0, 1, 1, 2, 2, 0, 0, 2, 2 ], [ 0, 0, 0, 0, 0, 0, 0, 1, 0, 2 ], 
  [ 1, 0, 0, 2, 2, 2, 0, 0, 0, 2 ], [ 1, 2, 2, 2, 1, 0, 2, 0, 2, 1 ], 
  [ 0, 1, 0, 1, 1, 1, 2, 0, 2, 2 ], [ 2, 0, 1, 0, 1, 0, 1, 1, 1, 1 ], 
  [ 0, 0, 1, 2, 1, 1, 2, 1, 2, 0 ], [ 1, 1, 2, 1, 2, 0, 1, 1, 1, 1 ] ]
CLASS n=5 order=18 size=8740031199602179276800 fixed=-1 real=false M=
[ [ 2, 0, 0, 1, 1, 2, 1, 2, 0, 2 ], [ 1, 0, 2, 1, 0, 1, 2, 2, 1, 2 ], 
  [ 2, 2, 2, 0, 2, 0, 2, 0, 0, 0 ], [ 1, 0, 0, 1, 2, 2, 0, 0, 2, 1 ], 
  [ 2, 0, 2, 1, 0, 2, 0, 2, 1, 1 ], [ 2, 2, 1, 0, 0, 0, 1, 0, 2, 2 ], 
  [ 0, 1, 1, 0, 0, 1, 2, 1, 1, 1 ], [ 0, 0, 2, 1, 0, 1, 1, 1, 2, 1 ], 
  [ 2, 2, 1, 0, 0, 1, 1, 2, 2, 1 ], [ 0, 1, 0, 1, 1, 0, 0, 1, 2, 0 ] ]
CLASS n=5 order=18 size=8740031199602179276800 fixed=-1 real=false M=
[ [ 0, 0, 0, 2, 1, 0, 2, 2, 1, 0 ], [ 2, 2, 2, 0, 0, 2, 2, 0, 0, 1 ], 
  [ 0, 0, 1, 1, 2, 1, 0, 2, 2, 0 ], [ 1, 0, 0, 2, 2, 2, 1, 1, 0, 1 ], 
  [ 1, 1, 2, 2, 1, 1, 2, 2, 0, 0 ], [ 2, 2, 1, 0, 2, 2, 2, 2, 0, 0 ], 
  [ 2, 1, 0, 2, 1, 1, 2, 2, 1, 2 ], [ 0, 2, 0, 0, 1, 2, 1, 1, 1, 1 ], 
  [ 0, 0, 1, 0, 2, 0, 1, 0, 2, 1 ], [ 2, 0, 1, 2, 2, 1, 2, 1, 1, 0 ] ]
CLASS n=5 order=24 size=265478447687916195532800 fixed=-1 real=true M=
[ [ 1, 2, 0, 0, 1, 0, 2, 2, 2, 1 ], [ 0, 1, 0, 0, 0, 2, 0, 1, 0, 1 ], 
  [ 2, 1, 2, 0, 1, 0, 0, 0, 2, 1 ], [ 1, 0, 2, 0, 1, 0, 0, 0, 0, 1 ], 
  [ 1, 1, 0, 2, 1, 2, 2, 2, 1, 0 ], [ 0, 1, 2, 2, 0, 1, 0, 1, 0, 1 ], 
  [ 1, 2, 0, 2, 2, 1, 0, 2, 1, 1 ], [ 0, 1, 2, 1, 2, 0, 2, 2, 0, 1 ], 
  [ 2, 0, 2, 0, 1, 2, 0, 1, 2, 1 ], [ 2, 1, 2, 0, 1, 2, 2, 2, 0, 2 ] ]
CLASS n=5 order=84 size=151701970107380683161600 fixed=-1 real=false M=
[ [ 1, 0, 0, 1, 1, 2, 0, 0, 2, 2 ], [ 0, 2, 1, 0, 1, 0, 0, 1, 1, 2 ], 
  [ 2, 0, 2, 2, 0, 0, 2, 2, 0, 1 ], [ 2, 2, 1, 2, 2, 2, 2, 1, 0, 2 ], 
  [ 0, 0, 0, 2, 0, 1, 2, 1, 2, 0 ], [ 0, 2, 0, 2, 1, 2, 0, 2, 0, 2 ], 
  [ 2, 1, 1, 2, 1, 0, 2, 0, 0, 1 ], [ 1, 1, 1, 1, 1, 1, 1, 2, 1, 0 ], 
  [ 0, 2, 1, 0, 2, 2, 2, 2, 2, 1 ], [ 0, 1, 1, 1, 2, 2, 1, 0, 0, 1 ] ]
CLASS n=5 order=84 size=151701970107380683161600 fixed=-1 real=false M=
[ [ 0, 0, 2, 0, 1, 2, 1, 1, 0, 2 ], [ 2, 0, 2, 0, 1, 1, 1, 0, 0, 2 ], 
  [ 1, 1, 2, 0, 2, 1, 2, 2, 0, 0 ], [ 1, 2, 0, 0, 0, 2, 2, 0, 0, 2 ], 
  [ 2, 1, 2, 2, 0, 2, 1, 2, 2, 0 ], [ 2, 2, 2, 2, 2, 1, 0, 1, 1, 1 ], 
  [ 0, 0, 1, 2, 2, 0, 1, 0, 1, 2 ], [ 0, 1, 0, 1, 2, 2, 2, 1, 1, 0 ], 
  [ 2, 2, 1, 1, 1, 1, 1, 1, 2, 2 ], [ 1, 0, 2, 2, 2, 0, 1, 2, 2, 1 ] ]
CLASS n=5 order=12 size=4916267549776225843200 fixed=-1 real=true M=
[ [ 2, 2, 0, 0, 2, 1, 2, 1, 0, 2 ], [ 0, 0, 0, 1, 2, 0, 1, 2, 0, 1 ], 
  [ 2, 1, 0, 2, 0, 2, 1, 2, 1, 1 ], [ 0, 2, 1, 0, 0, 0, 1, 2, 2, 1 ], 
  [ 0, 0, 1, 1, 1, 2, 1, 2, 0, 1 ], [ 0, 1, 2, 1, 2, 2, 1, 0, 0, 2 ], 
  [ 2, 0, 2, 0, 0, 0, 1, 1, 0, 1 ], [ 2, 0, 1, 2, 0, 2, 0, 2, 2, 1 ], 
  [ 0, 0, 0, 0, 2, 2, 1, 2, 1, 2 ], [ 2, 0, 0, 1, 0, 1, 0, 1, 0, 1 ] ]
CLASS n=5 order=36 size=235980842389258840473600 fixed=-1 real=false M=
[ [ 1, 1, 0, 1, 1, 2, 1, 0, 2, 1 ], [ 1, 0, 1, 2, 1, 2, 2, 0, 0, 0 ], 
  [ 0, 0, 0, 0, 1, 0, 1, 1, 2, 0 ], [ 2, 0, 2, 2, 1, 0, 1, 2, 2, 0 ], 
  [ 0, 2, 2, 1, 2, 0, 2, 1, 1, 2 ], [ 1, 2, 2, 1, 0, 2, 2, 1, 1, 1 ], 
  [ 1, 0, 2, 1, 0, 2, 1, 2, 1, 0 ], [ 0, 1, 0, 1, 1, 1, 1, 1, 0, 1 ], 
  [ 1, 1, 2, 1, 1, 2, 0, 1, 2, 0 ], [ 1, 1, 0, 0, 1, 1, 2, 0, 0, 2 ] ]
CLASS n=5 order=36 size=235980842389258840473600 fixed=-1 real=false M=
[ [ 0, 0, 0, 1, 0, 1, 0, 1, 1, 0 ], [ 1, 2, 1, 2, 0, 1, 2, 1, 0, 1 ], 
  [ 1, 1, 2, 2, 0, 2, 1, 1, 1, 0 ], [ 2, 0, 1, 0, 1, 2, 0, 2, 0, 2 ], 
  [ 0, 1, 0, 0, 0, 2, 1, 2, 1, 1 ], [ 1, 2, 2, 2, 2, 1, 2, 2, 1, 0 ], 
  [ 2, 1, 2, 0, 1, 0, 0, 1, 0, 0 ], [ 2, 0, 2, 1, 2, 1, 0, 1, 2, 1 ], 
  [ 0, 1, 0, 1, 1, 2, 0, 1, 0, 1 ], [ 0, 0, 1, 2, 1, 2, 0, 1, 1, 2 ] ]
CLASS n=5 order=42 size=455105910322142049484800 fixed=-1 real=true M=
[ [ 2, 2, 0, 1, 2, 1, 2, 0, 2, 1 ], [ 0, 2, 0, 1, 1, 2, 1, 1, 2, 0 ], 
  [ 2, 2, 0, 1, 0, 0, 2, 0, 0, 0 ], [ 0, 1, 1, 2, 0, 1, 2, 0, 2, 1 ], 
  [ 1, 2, 2, 1, 0, 1, 1, 0, 0, 2 ], [ 0, 0, 0, 2, 1, 1, 2, 0, 1, 0 ], 
  [ 2, 1, 1, 0, 2, 1, 1, 0, 0, 0 ], [ 0, 2, 2, 2, 0, 1, 2, 2, 0, 2 ], 
  [ 0, 1, 2, 1, 0, 0, 0, 0, 2, 1 ], [ 0, 1, 0, 1, 1, 1, 2, 2, 2, 2 ] ]
CLASS n=5 order=12 size=58526994640193164800 fixed=-1 real=true M=
[ [ 1, 1, 0, 1, 2, 0, 0, 2, 0, 1 ], [ 2, 0, 2, 2, 2, 1, 2, 1, 2, 0 ], 
  [ 1, 0, 0, 2, 2, 2, 2, 2, 2, 2 ], [ 1, 0, 1, 1, 2, 2, 2, 1, 1, 2 ], 
  [ 2, 1, 1, 1, 2, 2, 2, 1, 1, 1 ], [ 1, 1, 0, 0, 1, 1, 2, 2, 1, 2 ], 
  [ 0, 1, 2, 2, 2, 1, 1, 2, 2, 2 ], [ 0, 2, 1, 2, 1, 0, 0, 2, 1, 0 ], 
  [ 0, 2, 1, 2, 2, 2, 2, 1, 1, 2 ], [ 2, 2, 2, 1, 0, 0, 2, 1, 0, 2 ] ]
CLASS n=5 order=84 size=50567323369126894387200 fixed=-1 real=true M=
[ [ 2, 0, 0, 1, 2, 2, 0, 0, 2, 1 ], [ 0, 0, 0, 1, 2, 0, 0, 0, 2, 2 ], 
  [ 1, 1, 0, 0, 0, 0, 0, 0, 1, 1 ], [ 1, 2, 1, 1, 2, 2, 2, 1, 0, 0 ], 
  [ 0, 0, 2, 2, 0, 1, 0, 2, 0, 0 ], [ 2, 1, 1, 1, 2, 1, 0, 1, 2, 0 ], 
  [ 1, 2, 0, 0, 1, 1, 1, 2, 1, 0 ], [ 2, 0, 0, 2, 1, 1, 0, 1, 2, 1 ], 
  [ 2, 1, 1, 2, 0, 1, 1, 2, 1, 2 ], [ 1, 1, 2, 2, 2, 1, 2, 1, 2, 2 ] ]
CLASS n=5 order=84 size=50567323369126894387200 fixed=-1 real=true M=
[ [ 1, 0, 0, 0, 2, 0, 1, 2, 0, 2 ], [ 2, 2, 2, 0, 1, 1, 2, 1, 0, 0 ], 
  [ 2, 2, 2, 1, 1, 1, 1, 1, 0, 0 ], [ 2, 2, 2, 0, 0, 1, 1, 0, 1, 0 ], 
  [ 2, 2, 0, 2, 0, 1, 2, 0, 0, 2 ], [ 0, 1, 0, 2, 2, 1, 2, 0, 1, 2 ], 
  [ 1, 0, 1, 1, 0, 2, 0, 2, 0, 1 ], [ 2, 1, 1, 2, 2, 1, 2, 2, 2, 1 ], 
  [ 1, 0, 1, 1, 2, 1, 0, 2, 2, 0 ], [ 2, 2, 1, 0, 0, 2, 0, 2, 1, 1 ] ]
CLASS n=5 order=42 size=151701970107380683161600 fixed=-1 real=false M=
[ [ 2, 1, 2, 0, 0, 1, 0, 0, 0, 2 ], [ 0, 0, 2, 0, 0, 0, 0, 1, 1, 0 ], 
  [ 0, 2, 2, 1, 0, 1, 2, 2, 0, 0 ], [ 0, 0, 2, 2, 2, 0, 1, 0, 1, 0 ], 
  [ 0, 1, 0, 2, 1, 1, 2, 2, 1, 1 ], [ 2, 0, 0, 0, 2, 2, 1, 1, 1, 1 ], 
  [ 0, 1, 0, 0, 1, 1, 1, 0, 2, 1 ], [ 1, 2, 0, 1, 1, 1, 1, 0, 2, 2 ], 
  [ 2, 2, 1, 0, 1, 2, 2, 2, 2, 2 ], [ 1, 0, 0, 2, 2, 1, 2, 2, 2, 1 ] ]
CLASS n=5 order=42 size=151701970107380683161600 fixed=-1 real=false M=
[ [ 1, 2, 1, 0, 0, 2, 0, 0, 0, 1 ], [ 2, 0, 1, 2, 0, 1, 1, 1, 0, 1 ], 
  [ 1, 1, 1, 0, 0, 1, 0, 2, 2, 2 ], [ 0, 0, 2, 1, 1, 2, 2, 2, 2, 0 ], 
  [ 2, 2, 1, 0, 2, 2, 2, 2, 0, 0 ], [ 1, 0, 0, 0, 1, 1, 2, 2, 2, 2 ], 
  [ 1, 2, 1, 1, 2, 0, 1, 0, 0, 1 ], [ 0, 1, 0, 0, 2, 1, 1, 1, 0, 0 ], 
  [ 0, 1, 2, 2, 2, 2, 2, 0, 2, 2 ], [ 0, 0, 0, 2, 1, 1, 0, 2, 0, 1 ] ]
CLASS n=5 order=18 size=161852429622262579200 fixed=-1 real=false M=
[ [ 0, 0, 1, 2, 1, 1, 2, 0, 1, 1 ], [ 1, 1, 0, 0, 0, 0, 2, 1, 0, 2 ], 
  [ 1, 1, 1, 1, 0, 2, 0, 1, 1, 1 ], [ 0, 2, 0, 1, 2, 2, 1, 1, 0, 0 ], 
  [ 1, 2, 1, 0, 1, 2, 1, 2, 2, 2 ], [ 2, 0, 1, 1, 2, 1, 0, 1, 0, 0 ], 
  [ 0, 2, 0, 2, 1, 1, 1, 1, 0, 2 ], [ 0, 1, 0, 0, 2, 2, 1, 1, 1, 2 ], 
  [ 2, 1, 2, 1, 2, 0, 2, 0, 0, 2 ], [ 1, 2, 2, 2, 2, 1, 1, 1, 1, 2 ] ]
CLASS n=5 order=18 size=161852429622262579200 fixed=-1 real=false M=
[ [ 1, 0, 2, 2, 0, 1, 1, 1, 2, 2 ], [ 1, 0, 1, 1, 2, 1, 0, 2, 2, 1 ], 
  [ 0, 1, 1, 2, 1, 0, 0, 1, 2, 2 ], [ 1, 1, 2, 1, 1, 1, 0, 1, 1, 0 ], 
  [ 0, 2, 2, 1, 1, 1, 2, 2, 1, 0 ], [ 1, 1, 0, 0, 0, 1, 1, 2, 1, 0 ], 
  [ 2, 0, 0, 2, 0, 1, 1, 0, 1, 1 ], [ 1, 2, 2, 0, 0, 1, 2, 1, 2, 2 ], 
  [ 0, 2, 2, 2, 2, 1, 2, 2, 2, 2 ], [ 0, 1, 0, 1, 0, 2, 2, 0, 2, 0 ] ]
CLASS n=5 order=10 size=238930602919124575979520 fixed=-1 real=true M=
[ [ 2, 1, 2, 1, 2, 1, 2, 2, 2, 0 ], [ 2, 0, 0, 2, 2, 2, 0, 0, 2, 0 ], 
  [ 0, 0, 1, 0, 0, 1, 2, 0, 1, 0 ], [ 1, 2, 0, 2, 0, 2, 0, 0, 2, 2 ], 
  [ 2, 0, 2, 1, 2, 0, 2, 0, 1, 1 ], [ 1, 1, 0, 2, 0, 1, 0, 0, 2, 1 ], 
  [ 2, 1, 0, 1, 2, 0, 1, 0, 2, 1 ], [ 1, 1, 0, 2, 2, 0, 2, 1, 0, 1 ], 
  [ 0, 0, 2, 2, 0, 0, 1, 1, 0, 2 ], [ 1, 1, 1, 1, 1, 2, 2, 2, 1, 2 ] ]
CLASS n=5 order=18 size=121389322216696934400 fixed=-1 real=false M=
[ [ 0, 1, 2, 1, 2, 0, 2, 1, 2, 2 ], [ 1, 1, 2, 2, 0, 0, 1, 2, 0, 0 ], 
  [ 1, 0, 0, 0, 1, 0, 0, 1, 0, 1 ], [ 0, 1, 1, 2, 2, 0, 0, 0, 0, 0 ], 
  [ 0, 1, 0, 1, 2, 1, 1, 2, 1, 2 ], [ 0, 2, 1, 1, 2, 2, 2, 2, 2, 0 ], 
  [ 2, 1, 2, 0, 0, 0, 0, 2, 1, 1 ], [ 1, 0, 0, 2, 1, 1, 2, 1, 2, 1 ], 
  [ 0, 1, 0, 2, 2, 2, 2, 2, 1, 2 ], [ 1, 1, 2, 0, 0, 1, 1, 0, 1, 2 ] ]
CLASS n=5 order=18 size=121389322216696934400 fixed=-1 real=false M=
[ [ 0, 1, 0, 2, 2, 0, 1, 2, 1, 1 ], [ 0, 1, 1, 2, 0, 2, 1, 2, 2, 1 ], 
  [ 1, 1, 1, 2, 1, 0, 0, 0, 0, 0 ], [ 2, 0, 0, 1, 2, 2, 2, 2, 1, 1 ], 
  [ 1, 1, 1, 1, 2, 1, 0, 0, 1, 2 ], [ 0, 2, 1, 1, 1, 2, 2, 0, 0, 2 ], 
  [ 2, 2, 0, 2, 2, 1, 1, 1, 0, 1 ], [ 1, 1, 2, 2, 1, 2, 2, 0, 2, 1 ], 
  [ 2, 0, 2, 1, 0, 2, 2, 2, 2, 0 ], [ 0, 2, 0, 0, 1, 1, 1, 1, 2, 1 ] ]
CLASS n=5 order=56 size=682658865483213074227200 fixed=-1 real=true M=
[ [ 2, 0, 0, 2, 2, 2, 2, 1, 1, 1 ], [ 0, 2, 1, 2, 2, 0, 2, 1, 0, 0 ], 
  [ 0, 0, 0, 1, 2, 1, 1, 2, 0, 2 ], [ 2, 2, 1, 2, 1, 2, 0, 0, 2, 1 ], 
  [ 0, 0, 0, 0, 0, 0, 2, 1, 0, 0 ], [ 2, 0, 0, 1, 0, 1, 2, 0, 2, 2 ], 
  [ 2, 1, 0, 2, 2, 1, 0, 0, 0, 0 ], [ 0, 0, 1, 1, 1, 2, 2, 1, 1, 1 ], 
  [ 0, 0, 2, 2, 1, 1, 1, 2, 1, 2 ], [ 2, 2, 1, 1, 2, 1, 2, 1, 1, 1 ] ]
CLASS n=5 order=12 size=2458133774888112921600 fixed=-1 real=true M=
[ [ 0, 1, 1, 0, 2, 2, 1, 2, 1, 0 ], [ 0, 0, 1, 1, 2, 2, 2, 1, 2, 0 ], 
  [ 1, 2, 1, 1, 0, 0, 2, 1, 1, 0 ], [ 2, 2, 2, 0, 2, 0, 0, 2, 1, 1 ], 
  [ 0, 2, 2, 2, 2, 0, 1, 1, 0, 0 ], [ 0, 1, 2, 1, 0, 0, 2, 2, 1, 1 ], 
  [ 0, 2, 0, 1, 2, 0, 1, 2, 1, 0 ], [ 0, 1, 2, 2, 1, 2, 2, 1, 2, 2 ], 
  [ 0, 0, 0, 2, 1, 0, 1, 0, 1, 2 ], [ 2, 1, 0, 0, 1, 0, 2, 0, 2, 2 ] ]
CLASS n=5 order=84 size=455105910322142049484800 fixed=-1 real=true M=
[ [ 0, 0, 1, 1, 2, 0, 1, 0, 2, 0 ], [ 1, 1, 1, 0, 1, 2, 2, 2, 0, 1 ], 
  [ 1, 0, 2, 2, 0, 0, 0, 0, 1, 0 ], [ 1, 0, 1, 2, 1, 2, 2, 0, 0, 2 ], 
  [ 2, 0, 1, 2, 2, 2, 2, 2, 1, 1 ], [ 2, 0, 0, 0, 2, 2, 1, 2, 1, 0 ], 
  [ 2, 2, 1, 1, 0, 0, 0, 1, 0, 1 ], [ 0, 2, 2, 1, 2, 2, 2, 0, 0, 0 ], 
  [ 0, 1, 2, 2, 2, 1, 1, 0, 1, 2 ], [ 0, 2, 0, 2, 2, 1, 2, 2, 1, 0 ] ]
CLASS n=5 order=30 size=72833593330018160640 fixed=-1 real=true M=
[ [ 0, 0, 0, 1, 0, 0, 0, 2, 0, 1 ], [ 2, 2, 1, 2, 2, 1, 2, 2, 0, 2 ], 
  [ 2, 0, 0, 1, 1, 0, 1, 1, 1, 2 ], [ 0, 1, 2, 0, 1, 2, 2, 0, 0, 1 ], 
  [ 2, 1, 1, 1, 1, 1, 1, 2, 0, 0 ], [ 1, 0, 1, 0, 2, 0, 1, 1, 0, 1 ], 
  [ 1, 0, 0, 1, 1, 1, 2, 1, 2, 1 ], [ 2, 2, 0, 2, 0, 0, 1, 1, 1, 1 ], 
  [ 2, 0, 2, 2, 1, 2, 1, 0, 2, 2 ], [ 2, 2, 1, 2, 1, 0, 0, 1, 2, 0 ] ]
CLASS n=5 order=24 size=88492815895972065177600 fixed=-1 real=true M=
[ [ 2, 0, 1, 2, 0, 2, 2, 0, 2, 0 ], [ 1, 0, 2, 2, 2, 0, 2, 2, 2, 0 ], 
  [ 2, 2, 2, 0, 0, 1, 0, 0, 0, 0 ], [ 0, 1, 1, 2, 2, 0, 1, 1, 1, 0 ], 
  [ 0, 0, 2, 0, 0, 2, 2, 0, 0, 2 ], [ 1, 2, 1, 0, 2, 0, 1, 2, 1, 2 ], 
  [ 1, 1, 1, 0, 0, 1, 2, 0, 0, 0 ], [ 0, 2, 0, 0, 1, 1, 1, 0, 2, 2 ], 
  [ 0, 1, 1, 0, 2, 0, 0, 2, 0, 0 ], [ 0, 0, 0, 2, 1, 0, 2, 1, 2, 2 ] ]
CLASS n=5 order=15 size=7866028079641961349120 fixed=-1 real=true M=
[ [ 2, 2, 0, 2, 0, 0, 0, 1, 0, 2 ], [ 0, 0, 1, 0, 1, 2, 2, 1, 2, 0 ], 
  [ 2, 2, 1, 1, 0, 1, 2, 1, 1, 2 ], [ 2, 0, 1, 0, 1, 2, 0, 1, 0, 2 ], 
  [ 2, 0, 2, 1, 1, 2, 0, 0, 2, 1 ], [ 0, 0, 1, 1, 1, 2, 2, 0, 1, 2 ], 
  [ 1, 1, 0, 0, 2, 2, 0, 1, 0, 0 ], [ 1, 0, 1, 0, 1, 1, 1, 2, 2, 2 ], 
  [ 1, 1, 1, 0, 1, 1, 0, 1, 2, 1 ], [ 1, 1, 2, 0, 2, 1, 1, 1, 2, 1 ] ]
CLASS n=5 order=30 size=7866028079641961349120 fixed=-1 real=true M=
[ [ 0, 0, 1, 1, 0, 1, 2, 0, 1, 2 ], [ 0, 2, 2, 2, 1, 2, 1, 0, 1, 1 ], 
  [ 1, 2, 0, 0, 0, 2, 2, 2, 2, 0 ], [ 0, 2, 2, 0, 1, 2, 1, 1, 2, 2 ], 
  [ 1, 1, 1, 2, 0, 2, 2, 1, 0, 0 ], [ 2, 2, 1, 1, 2, 1, 0, 0, 2, 0 ], 
  [ 0, 0, 0, 0, 1, 1, 2, 2, 2, 1 ], [ 0, 0, 2, 2, 1, 1, 1, 1, 1, 1 ], 
  [ 2, 0, 1, 1, 1, 1, 2, 2, 0, 0 ], [ 0, 1, 1, 0, 0, 2, 0, 2, 1, 2 ] ]
CLASS n=5 order=60 size=424765516300665912852480 fixed=-1 real=true M=
[ [ 0, 0, 2, 0, 0, 2, 1, 1, 2, 1 ], [ 2, 2, 1, 0, 1, 2, 1, 1, 1, 2 ], 
  [ 0, 1, 0, 1, 0, 0, 0, 2, 1, 0 ], [ 1, 0, 1, 1, 1, 2, 0, 2, 2, 0 ], 
  [ 0, 0, 0, 0, 2, 0, 2, 0, 2, 1 ], [ 0, 2, 1, 0, 2, 0, 2, 1, 2, 2 ], 
  [ 1, 1, 0, 0, 1, 0, 1, 0, 0, 0 ], [ 0, 0, 1, 0, 1, 2, 1, 2, 2, 0 ], 
  [ 1, 0, 2, 2, 2, 0, 2, 1, 1, 1 ], [ 0, 2, 0, 1, 2, 2, 1, 2, 0, 2 ] ]
CLASS n=5 order=12 size=1638755849925408614400 fixed=-1 real=true M=
[ [ 1, 0, 0, 0, 0, 1, 2, 0, 1, 1 ], [ 0, 2, 1, 2, 2, 0, 0, 1, 2, 1 ], 
  [ 0, 1, 0, 2, 0, 2, 0, 2, 1, 2 ], [ 0, 2, 0, 1, 1, 1, 0, 2, 1, 2 ], 
  [ 2, 2, 0, 2, 0, 2, 0, 1, 0, 2 ], [ 2, 2, 0, 0, 1, 1, 2, 2, 2, 0 ], 
  [ 2, 1, 0, 1, 2, 0, 1, 2, 1, 1 ], [ 0, 1, 0, 2, 2, 1, 1, 2, 0, 0 ], 
  [ 2, 0, 2, 0, 1, 2, 1, 2, 2, 2 ], [ 2, 0, 0, 2, 0, 2, 1, 0, 2, 2 ] ]
CLASS n=5 order=36 size=29497605298657355059200 fixed=-1 real=false M=
[ [ 0, 1, 2, 2, 0, 1, 2, 0, 0, 0 ], [ 0, 0, 0, 0, 0, 1, 0, 2, 2, 1 ], 
  [ 1, 1, 2, 2, 2, 2, 2, 0, 1, 2 ], [ 1, 0, 2, 1, 2, 1, 0, 1, 0, 1 ], 
  [ 0, 1, 0, 1, 1, 2, 0, 1, 0, 2 ], [ 0, 1, 2, 2, 1, 2, 0, 2, 0, 2 ], 
  [ 2, 1, 1, 1, 1, 0, 1, 0, 0, 0 ], [ 0, 1, 0, 2, 1, 0, 1, 0, 0, 0 ], 
  [ 0, 0, 0, 0, 1, 1, 0, 2, 1, 1 ], [ 2, 2, 2, 0, 1, 1, 1, 2, 0, 0 ] ]
CLASS n=5 order=36 size=29497605298657355059200 fixed=-1 real=false M=
[ [ 2, 0, 2, 2, 1, 2, 0, 0, 0, 1 ], [ 0, 0, 1, 0, 1, 2, 0, 2, 0, 0 ], 
  [ 2, 0, 0, 2, 2, 1, 1, 2, 1, 2 ], [ 0, 0, 0, 0, 0, 1, 2, 1, 1, 1 ], 
  [ 1, 1, 0, 2, 1, 2, 1, 2, 0, 1 ], [ 1, 2, 0, 0, 0, 1, 2, 2, 2, 0 ], 
  [ 2, 2, 1, 1, 2, 1, 2, 1, 1, 0 ], [ 0, 0, 2, 1, 1, 2, 2, 0, 1, 1 ], 
  [ 0, 1, 0, 1, 2, 1, 2, 1, 1, 0 ], [ 0, 2, 2, 1, 1, 1, 0, 1, 1, 0 ] ]
CLASS n=5 order=27 size=314641123185678453964800 fixed=-1 real=false M=
[ [ 1, 1, 0, 1, 0, 2, 0, 0, 1, 1 ], [ 0, 1, 2, 0, 0, 2, 2, 2, 1, 0 ], 
  [ 1, 0, 2, 2, 2, 2, 2, 2, 0, 1 ], [ 0, 2, 0, 2, 1, 0, 1, 2, 2, 2 ], 
  [ 2, 0, 0, 1, 0, 1, 1, 1, 1, 0 ], [ 1, 1, 0, 1, 2, 2, 1, 0, 1, 2 ], 
  [ 0, 1, 1, 1, 2, 0, 1, 2, 2, 0 ], [ 0, 1, 0, 0, 2, 0, 1, 2, 2, 2 ], 
  [ 1, 2, 1, 1, 2, 0, 2, 0, 0, 1 ], [ 0, 2, 1, 0, 1, 1, 2, 0, 2, 0 ] ]
CLASS n=5 order=27 size=314641123185678453964800 fixed=-1 real=false M=
[ [ 1, 1, 1, 0, 2, 0, 0, 1, 2, 2 ], [ 2, 0, 0, 0, 0, 1, 2, 2, 2, 2 ], 
  [ 0, 1, 1, 0, 1, 1, 1, 0, 1, 0 ], [ 1, 2, 0, 2, 2, 1, 0, 0, 2, 1 ], 
  [ 1, 0, 2, 1, 0, 0, 0, 0, 0, 0 ], [ 2, 1, 0, 0, 2, 0, 2, 2, 2, 2 ], 
  [ 1, 1, 1, 0, 1, 0, 2, 2, 2, 0 ], [ 0, 0, 1, 2, 0, 0, 0, 1, 1, 0 ], 
  [ 0, 0, 0, 0, 2, 2, 1, 2, 1, 1 ], [ 0, 0, 1, 2, 0, 0, 2, 2, 2, 2 ] ]
CLASS n=5 order=36 size=9832535099552451686400 fixed=-1 real=false M=
[ [ 0, 0, 2, 1, 0, 0, 2, 1, 2, 0 ], [ 1, 0, 2, 2, 2, 0, 1, 0, 2, 0 ], 
  [ 2, 1, 0, 0, 2, 2, 0, 2, 2, 1 ], [ 2, 0, 1, 1, 2, 1, 1, 2, 1, 1 ], 
  [ 0, 0, 0, 0, 1, 2, 1, 2, 0, 0 ], [ 1, 0, 1, 0, 1, 0, 2, 1, 0, 2 ], 
  [ 1, 0, 2, 0, 2, 1, 0, 0, 2, 1 ], [ 1, 1, 0, 1, 2, 2, 0, 2, 1, 0 ], 
  [ 1, 0, 1, 2, 0, 0, 2, 1, 1, 0 ], [ 1, 2, 0, 0, 1, 0, 0, 2, 0, 1 ] ]
CLASS n=5 order=36 size=9832535099552451686400 fixed=-1 real=false M=
[ [ 1, 0, 2, 1, 1, 1, 1, 0, 1, 1 ], [ 0, 2, 0, 0, 0, 2, 1, 1, 0, 2 ], 
  [ 2, 1, 0, 1, 0, 0, 2, 1, 2, 1 ], [ 0, 2, 2, 2, 1, 0, 1, 0, 0, 0 ], 
  [ 1, 1, 2, 2, 2, 1, 0, 1, 2, 2 ], [ 1, 2, 2, 1, 2, 0, 0, 1, 2, 1 ], 
  [ 1, 1, 2, 0, 2, 2, 1, 1, 0, 0 ], [ 1, 2, 2, 0, 0, 0, 0, 0, 2, 2 ], 
  [ 0, 1, 1, 0, 0, 2, 2, 0, 2, 0 ], [ 1, 1, 1, 2, 1, 1, 0, 2, 2, 2 ] ]
CLASS n=5 order=12 size=6828149374689202560 fixed=-1 real=true M=
[ [ 1, 2, 0, 2, 0, 0, 2, 2, 1, 2 ], [ 2, 1, 2, 2, 1, 0, 0, 2, 2, 2 ], 
  [ 0, 2, 2, 1, 0, 0, 1, 1, 1, 1 ], [ 0, 2, 2, 2, 1, 0, 0, 1, 1, 2 ], 
  [ 2, 2, 1, 2, 0, 2, 1, 1, 0, 1 ], [ 0, 1, 2, 2, 2, 2, 1, 0, 0, 2 ], 
  [ 0, 0, 1, 1, 1, 0, 2, 2, 0, 2 ], [ 2, 2, 2, 2, 1, 2, 1, 1, 2, 1 ], 
  [ 2, 0, 2, 1, 0, 2, 2, 0, 0, 0 ], [ 2, 1, 0, 1, 0, 0, 2, 0, 0, 1 ] ]
CLASS n=5 order=30 size=5899521059731471011840 fixed=-1 real=true M=
[ [ 1, 0, 2, 0, 1, 1, 2, 0, 1, 1 ], [ 2, 2, 1, 2, 2, 1, 1, 0, 1, 0 ], 
  [ 1, 0, 0, 2, 1, 2, 2, 1, 0, 2 ], [ 2, 2, 2, 0, 2, 0, 2, 2, 2, 1 ], 
  [ 0, 2, 1, 0, 0, 1, 0, 2, 1, 0 ], [ 1, 1, 0, 2, 1, 1, 2, 0, 2, 0 ], 
  [ 0, 1, 2, 1, 1, 1, 2, 2, 2, 1 ], [ 1, 1, 1, 1, 0, 0, 0, 0, 1, 1 ], 
  [ 2, 0, 2, 1, 1, 2, 0, 0, 1, 1 ], [ 1, 0, 0, 2, 1, 0, 2, 2, 0, 2 ] ]
CLASS n=5 order=60 size=35397126358388826071040 fixed=-1 real=true M=
[ [ 0, 2, 1, 1, 1, 1, 1, 1, 2, 0 ], [ 0, 1, 1, 2, 1, 1, 1, 0, 2, 2 ], 
  [ 2, 2, 2, 0, 1, 2, 0, 0, 0, 1 ], [ 2, 2, 0, 0, 2, 0, 0, 0, 1, 0 ], 
  [ 0, 2, 0, 1, 1, 1, 1, 0, 2, 0 ], [ 1, 0, 0, 0, 0, 0, 1, 2, 1, 2 ], 
  [ 2, 0, 1, 1, 0, 0, 1, 0, 1, 1 ], [ 0, 0, 1, 2, 1, 0, 2, 2, 2, 0 ], 
  [ 2, 0, 2, 1, 2, 2, 1, 0, 2, 0 ], [ 2, 0, 0, 1, 2, 0, 1, 1, 0, 1 ] ]
